draw,wine,candidate,mae_minus_baseline
0,red,Ridge,-0.09266843181800355
1,red,Ridge,-0.18236313317406094
2,red,Ridge,-0.12696435968141406
3,red,Ridge,-0.16554999359668954
4,red,Ridge,-0.14488562145134265
5,red,Ridge,-0.16110723682066963
6,red,Ridge,-0.22946537707250902
7,red,Ridge,-0.03638410247627044
8,red,Ridge,-0.1194413402012241
9,red,Ridge,-0.09363226009248571
10,red,Ridge,-0.10102402250191223
11,red,Ridge,-0.19892813367947448
12,red,Ridge,-0.17361698793011948
13,red,Ridge,-0.13042343852905192
14,red,Ridge,-0.12089893623225567
15,red,Ridge,-0.12698880913590627
16,red,Ridge,-0.14656115753437515
17,red,Ridge,-0.10371516157495636
18,red,Ridge,-0.06424548385991047
19,red,Ridge,-0.13674845978591943
20,red,Ridge,-0.12471065870256248
21,red,Ridge,-0.1818993895532146
22,red,Ridge,-0.1847448459539437
23,red,Ridge,-0.17436790995515616
24,red,Ridge,-0.15080286733215675
25,red,Ridge,-0.06149597461033007
26,red,Ridge,-0.08599032493868253
27,red,Ridge,-0.10118120306295975
28,red,Ridge,-0.11596739586140659
29,red,Ridge,-0.05081835403882995
30,red,Ridge,-0.12737434254349012
31,red,Ridge,-0.12386750400359003
32,red,Ridge,-0.07488488971899138
33,red,Ridge,-0.13966666631068492
34,red,Ridge,-0.11377716919619763
35,red,Ridge,-0.12744603001375465
36,red,Ridge,-0.15879611137329996
37,red,Ridge,-0.06281819988155068
38,red,Ridge,-0.10932366669352289
39,red,Ridge,-0.17452008726205015
40,red,Ridge,-0.15741668186348567
41,red,Ridge,-0.08209090770553651
42,red,Ridge,-0.03177023172418031
43,red,Ridge,-0.15646257778821726
44,red,Ridge,-0.18385309646549164
45,red,Ridge,-0.1629325460278479
46,red,Ridge,-0.12445498755750073
47,red,Ridge,-0.15867796740056128
48,red,Ridge,-0.15308510952158094
49,red,Ridge,-0.13289717498118792
50,red,Ridge,-0.16473839875320384
51,red,Ridge,-0.14595911438204268
52,red,Ridge,-0.13346292245158026
53,red,Ridge,-0.13084656008094636
54,red,Ridge,-0.20010986994748486
55,red,Ridge,-0.13531116583775882
56,red,Ridge,-0.08342664245872311
57,red,Ridge,-0.12116630485505997
58,red,Ridge,-0.08435453031075768
59,red,Ridge,-0.12616489056751068
60,red,Ridge,-0.0945571957368001
61,red,Ridge,-0.15008171651402524
62,red,Ridge,-0.10665164181651993
63,red,Ridge,-0.13619988702198216
64,red,Ridge,-0.16439429581883386
65,red,Ridge,-0.1329802030199454
66,red,Ridge,-0.07000035026276252
67,red,Ridge,-0.11918035095399482
68,red,Ridge,-0.11152521164408002
69,red,Ridge,-0.08872442540923442
70,red,Ridge,-0.07146729103935767
71,red,Ridge,-0.1375230570968783
72,red,Ridge,-0.10011217662996297
73,red,Ridge,-0.10647605259256088
74,red,Ridge,-0.09859819496805355
75,red,Ridge,-0.13813505706209617
76,red,Ridge,-0.20618057289924485
77,red,Ridge,-0.10113095789072235
78,red,Ridge,-0.11245876941454991
79,red,Ridge,-0.1247356600115046
80,red,Ridge,-0.068800073019195
81,red,Ridge,-0.12526686049842473
82,red,Ridge,-0.09140386588508925
83,red,Ridge,-0.14874853934952953
84,red,Ridge,-0.14572209796234226
85,red,Ridge,-0.14865674514536653
86,red,Ridge,-0.106882692354065
87,red,Ridge,-0.119323597763066
88,red,Ridge,-0.08416432962854414
89,red,Ridge,-0.12387984801143903
90,red,Ridge,-0.1524127499402521
91,red,Ridge,-0.09471163155567541
92,red,Ridge,-0.12315298228251348
93,red,Ridge,-0.06598736088685919
94,red,Ridge,-0.12194409617049223
95,red,Ridge,-0.05792661696622303
96,red,Ridge,-0.03606741947250214
97,red,Ridge,-0.1374161926876396
98,red,Ridge,-0.1421510588284508
99,red,Ridge,-0.07148795229763683
100,red,Ridge,-0.14239336196844132
101,red,Ridge,-0.09953667695176627
102,red,Ridge,-0.10636978901004285
103,red,Ridge,-0.16944381893222116
104,red,Ridge,-0.10629064066278993
105,red,Ridge,-0.12342482093523344
106,red,Ridge,-0.11650261923026972
107,red,Ridge,-0.17739455088229578
108,red,Ridge,-0.11960376271879003
109,red,Ridge,-0.1960041991250948
110,red,Ridge,-0.05999307458078251
111,red,Ridge,-0.14056982042557442
112,red,Ridge,-0.1667974514884083
113,red,Ridge,-0.16899536005599247
114,red,Ridge,-0.14963171784056895
115,red,Ridge,-0.16397396732297487
116,red,Ridge,-0.17769443235939897
117,red,Ridge,-0.11783629826954395
118,red,Ridge,-0.07488222893634344
119,red,Ridge,-0.09730407074817848
120,red,Ridge,-0.13989320108731096
121,red,Ridge,-0.08544989581257556
122,red,Ridge,-0.09941821343939317
123,red,Ridge,-0.1706046447402053
124,red,Ridge,-0.10848042699829397
125,red,Ridge,-0.15779632835897373
126,red,Ridge,-0.07907905954672967
127,red,Ridge,-0.15927863734974151
128,red,Ridge,-0.13838041225676534
129,red,Ridge,-0.1616282273487889
130,red,Ridge,-0.1034335681212813
131,red,Ridge,-0.07264576400302147
132,red,Ridge,-0.09318649417846281
133,red,Ridge,-0.0762062521458291
134,red,Ridge,-0.12247295766282495
135,red,Ridge,-0.13450951871387862
136,red,Ridge,-0.08537730834196888
137,red,Ridge,-0.1380262989213844
138,red,Ridge,-0.12962897386328553
139,red,Ridge,-0.13525352914202948
140,red,Ridge,-0.08891547475987971
141,red,Ridge,-0.21001736561768874
142,red,Ridge,-0.13653330938480923
143,red,Ridge,-0.133604423528563
144,red,Ridge,-0.14054173642962575
145,red,Ridge,-0.17250370424111167
146,red,Ridge,-0.10048006315191138
147,red,Ridge,-0.11341909574508235
148,red,Ridge,-0.1917297185276427
149,red,Ridge,-0.12964851405077343
150,red,Ridge,-0.15729048265588286
151,red,Ridge,-0.13389891701124068
152,red,Ridge,-0.10112021804536941
153,red,Ridge,-0.20714280794397755
154,red,Ridge,-0.09985082856673277
155,red,Ridge,-0.14467317499268179
156,red,Ridge,-0.13302197025308726
157,red,Ridge,-0.1382992962670644
158,red,Ridge,-0.13986967517743598
159,red,Ridge,-0.15120314394230872
160,red,Ridge,-0.0986635833789663
161,red,Ridge,-0.09001121155309233
162,red,Ridge,-0.15199164431748902
163,red,Ridge,-0.09996701908265726
164,red,Ridge,-0.14687622061180927
165,red,Ridge,-0.1258464768265446
166,red,Ridge,-0.10802846604521243
167,red,Ridge,-0.15428096940577518
168,red,Ridge,-0.16961139808617742
169,red,Ridge,-0.12298539342564174
170,red,Ridge,-0.040166127508540206
171,red,Ridge,-0.04618722005584419
172,red,Ridge,-0.12892283653960057
173,red,Ridge,-0.09495408483235657
174,red,Ridge,-0.11229879226391604
175,red,Ridge,-0.13073387931183522
176,red,Ridge,-0.06001697240656112
177,red,Ridge,-0.10794025307224253
178,red,Ridge,-0.12120622014430332
179,red,Ridge,-0.06393743343327785
180,red,Ridge,-0.14223002010943375
181,red,Ridge,-0.1350534013528597
182,red,Ridge,-0.1553678974054329
183,red,Ridge,-0.12340179620818115
184,red,Ridge,-0.15025376453719475
185,red,Ridge,-0.14562854525617186
186,red,Ridge,-0.17537868172152188
187,red,Ridge,-0.16634678396755276
188,red,Ridge,-0.12694332504951383
189,red,Ridge,-0.0864491976574917
190,red,Ridge,-0.12532464559978407
191,red,Ridge,-0.1746921929384848
192,red,Ridge,-0.10976802156621346
193,red,Ridge,-0.07811626365494895
194,red,Ridge,-0.11621181177580175
195,red,Ridge,-0.15185542585894396
196,red,Ridge,-0.11920842090265749
197,red,Ridge,-0.09576853665475049
198,red,Ridge,-0.12251190505784443
199,red,Ridge,-0.10269115895352676
200,red,Ridge,-0.18416278363534877
201,red,Ridge,-0.09570518747358658
202,red,Ridge,-0.0997870419406861
203,red,Ridge,-0.04279416251900625
204,red,Ridge,-0.10628910757973092
205,red,Ridge,-0.11941467003206774
206,red,Ridge,-0.14538095537658424
207,red,Ridge,-0.11019071533049296
208,red,Ridge,-0.16888898608355662
209,red,Ridge,-0.08980720404082843
210,red,Ridge,-0.1268320109446618
211,red,Ridge,-0.09703274036609955
212,red,Ridge,-0.0939541247789143
213,red,Ridge,-0.1719519980006023
214,red,Ridge,-0.09523474063803838
215,red,Ridge,-0.11626913323492394
216,red,Ridge,-0.10147404823856432
217,red,Ridge,-0.06336839560463903
218,red,Ridge,-0.0818574509268073
219,red,Ridge,-0.10148551185124188
220,red,Ridge,-0.08373280579658493
221,red,Ridge,-0.12853615264015095
222,red,Ridge,-0.10667935406380186
223,red,Ridge,-0.08881045531032572
224,red,Ridge,-0.18818173614381628
225,red,Ridge,-0.16217826992441764
226,red,Ridge,-0.2072084835147654
227,red,Ridge,-0.10573274689435896
228,red,Ridge,-0.15616887083219155
229,red,Ridge,-0.09736080694104798
230,red,Ridge,-0.13194252827527353
231,red,Ridge,-0.19983142182399738
232,red,Ridge,-0.09981709238905856
233,red,Ridge,-0.09783843943839654
234,red,Ridge,-0.1626889501889653
235,red,Ridge,-0.08211593331882872
236,red,Ridge,-0.09884700599613672
237,red,Ridge,-0.12180399066207692
238,red,Ridge,-0.1538754090454475
239,red,Ridge,-0.08108815140948922
240,red,Ridge,-0.09256713033363262
241,red,Ridge,-0.09347637254348495
242,red,Ridge,-0.1429810364192351
243,red,Ridge,-0.1484796283662856
244,red,Ridge,-0.11809480256238591
245,red,Ridge,-0.09577030225840333
246,red,Ridge,-0.06527444419473372
247,red,Ridge,-0.15887851950924503
248,red,Ridge,-0.08824265839562606
249,red,Ridge,-0.11713324287426907
250,red,Ridge,-0.14462592200333557
251,red,Ridge,-0.171489183471626
252,red,Ridge,-0.1745551699403941
253,red,Ridge,-0.16908458618911815
254,red,Ridge,-0.13296881903370533
255,red,Ridge,-0.18834472689330534
256,red,Ridge,-0.12045648031769018
257,red,Ridge,-0.081595289179905
258,red,Ridge,-0.06621178164638919
259,red,Ridge,-0.13463267643831506
260,red,Ridge,-0.10361754527915323
261,red,Ridge,-0.1077331392731884
262,red,Ridge,-0.14333936258279245
263,red,Ridge,-0.15737923797517694
264,red,Ridge,-0.17563294128396395
265,red,Ridge,-0.16477404017229247
266,red,Ridge,-0.1573599464311467
267,red,Ridge,-0.20065014410558968
268,red,Ridge,-0.2012333329400121
269,red,Ridge,-0.15275121068614356
270,red,Ridge,-0.12126594275963587
271,red,Ridge,-0.07350264093419545
272,red,Ridge,-0.18152299864317123
273,red,Ridge,-0.10780288167776741
274,red,Ridge,-0.14683932797831056
275,red,Ridge,-0.12655054826376766
276,red,Ridge,-0.10943244646857331
277,red,Ridge,-0.12364374260184996
278,red,Ridge,-0.08910817650569924
279,red,Ridge,-0.16161205328938677
280,red,Ridge,-0.1579967749614194
281,red,Ridge,-0.1700260144879927
282,red,Ridge,-0.1264307113235631
283,red,Ridge,-0.13124293803317244
284,red,Ridge,-0.1648892542682912
285,red,Ridge,-0.10511812540645288
286,red,Ridge,-0.13551512847007863
287,red,Ridge,-0.05604696923901614
288,red,Ridge,-0.05041323887749749
289,red,Ridge,-0.15761847408681734
290,red,Ridge,-0.1156881146010057
291,red,Ridge,-0.12957374608659622
292,red,Ridge,-0.10371490884678225
293,red,Ridge,-0.0954215947981848
294,red,Ridge,-0.17675045901929498
295,red,Ridge,-0.11329061129938389
296,red,Ridge,-0.16640027445729938
297,red,Ridge,-0.06297563985239174
298,red,Ridge,-0.1381361151660756
299,red,Ridge,-0.16237901917438802
300,red,Ridge,-0.13568277054539046
301,red,Ridge,-0.10708199548362907
302,red,Ridge,-0.08381512536723035
303,red,Ridge,-0.17681604548015828
304,red,Ridge,-0.09461815078622626
305,red,Ridge,-0.08875123077786462
306,red,Ridge,-0.13514770806941157
307,red,Ridge,-0.10458347822369496
308,red,Ridge,-0.15625546769565202
309,red,Ridge,-0.1883618630031424
310,red,Ridge,-0.08237936800119783
311,red,Ridge,-0.25338325729441286
312,red,Ridge,-0.111309625002326
313,red,Ridge,-0.09069649225803422
314,red,Ridge,-0.11797937719387952
315,red,Ridge,-0.0739293603796769
316,red,Ridge,-0.14338045095789376
317,red,Ridge,-0.06989476110965431
318,red,Ridge,-0.14528042353559734
319,red,Ridge,-0.19538517593828442
320,red,Ridge,-0.1018493149298122
321,red,Ridge,-0.06051645507898157
322,red,Ridge,-0.1521150672452216
323,red,Ridge,-0.12240637352977246
324,red,Ridge,-0.08057965850777105
325,red,Ridge,-0.13367791865113898
326,red,Ridge,-0.06834538686442682
327,red,Ridge,-0.12378812430306074
328,red,Ridge,-0.05268217090482097
329,red,Ridge,-0.12048989997760318
330,red,Ridge,-0.11926577656408532
331,red,Ridge,-0.08694623012275327
332,red,Ridge,-0.14397680439827543
333,red,Ridge,-0.09893667307486631
334,red,Ridge,-0.0771431108501015
335,red,Ridge,-0.15147589241753412
336,red,Ridge,-0.14497398596108646
337,red,Ridge,-0.10619739656638261
338,red,Ridge,-0.19435429915778624
339,red,Ridge,-0.09375583380213914
340,red,Ridge,-0.08165765005033254
341,red,Ridge,-0.11885501710980828
342,red,Ridge,-0.047522022321052904
343,red,Ridge,-0.1345528798826955
344,red,Ridge,-0.16998135772060002
345,red,Ridge,-0.14198472496867987
346,red,Ridge,-0.18787004725256584
347,red,Ridge,-0.06410592952488392
348,red,Ridge,-0.13052834160481175
349,red,Ridge,-0.09807024562367028
350,red,Ridge,-0.09284450809327838
351,red,Ridge,-0.12680963499402625
352,red,Ridge,-0.11426325810351368
353,red,Ridge,-0.1480480511078891
354,red,Ridge,-0.09918819019355174
355,red,Ridge,-0.09251927299383567
356,red,Ridge,-0.2037542726086295
357,red,Ridge,-0.12172455960520923
358,red,Ridge,-0.12588419500090275
359,red,Ridge,-0.07227375437045347
360,red,Ridge,-0.12463051926547064
361,red,Ridge,-0.18795553848851776
362,red,Ridge,-0.09879001495753786
363,red,Ridge,-0.16076880193213006
364,red,Ridge,-0.12840550446397747
365,red,Ridge,-0.1090619071462865
366,red,Ridge,-0.11165251213748006
367,red,Ridge,-0.15447762293246436
368,red,Ridge,-0.1318025488743637
369,red,Ridge,-0.04165749887904091
370,red,Ridge,-0.17610728586415336
371,red,Ridge,-0.05950787054675166
372,red,Ridge,-0.2025253486283869
373,red,Ridge,-0.122816575395158
374,red,Ridge,-0.12248477501941157
375,red,Ridge,-0.10895062088952112
376,red,Ridge,-0.10380729606084227
377,red,Ridge,-0.06457621719533035
378,red,Ridge,-0.06561541104121094
379,red,Ridge,-0.0873195677253541
380,red,Ridge,-0.13060400070500688
381,red,Ridge,-0.1403245117089995
382,red,Ridge,-0.07683602890571017
383,red,Ridge,-0.11773988757423431
384,red,Ridge,-0.08003766067155726
385,red,Ridge,-0.16904198300570183
386,red,Ridge,-0.10244786338528444
387,red,Ridge,-0.15408142082203924
388,red,Ridge,-0.19150499131326704
389,red,Ridge,-0.10608032973446213
390,red,Ridge,-0.09000655460606954
391,red,Ridge,-0.14073825532494366
392,red,Ridge,-0.16295232417222527
393,red,Ridge,-0.10549057893338842
394,red,Ridge,-0.10520081575288676
395,red,Ridge,-0.08993097136481976
396,red,Ridge,-0.05771487467286407
397,red,Ridge,-0.12530547814424364
398,red,Ridge,-0.09403312167016276
399,red,Ridge,-0.06161049905765481
400,red,Ridge,-0.1541326343757483
401,red,Ridge,-0.12620089857590566
402,red,Ridge,-0.06089597894815324
403,red,Ridge,-0.12490067517895898
404,red,Ridge,-0.14826490537869874
405,red,Ridge,-0.12694304206478135
406,red,Ridge,-0.0992314108548632
407,red,Ridge,-0.17138543147094654
408,red,Ridge,-0.084039532485498
409,red,Ridge,-0.15024946118719656
410,red,Ridge,-0.15440551556032833
411,red,Ridge,-0.06238887087907574
412,red,Ridge,-0.1266927469138701
413,red,Ridge,-0.10092017908337492
414,red,Ridge,-0.1061267522200825
415,red,Ridge,-0.1701730770209155
416,red,Ridge,-0.1475898683967316
417,red,Ridge,-0.10172692551385787
418,red,Ridge,-0.11119440043332174
419,red,Ridge,-0.10340890114624324
420,red,Ridge,-0.14327911294973605
421,red,Ridge,-0.1149700911790087
422,red,Ridge,-0.15105379512020545
423,red,Ridge,-0.14144506305813387
424,red,Ridge,-0.14031338182068254
425,red,Ridge,-0.13709936498152042
426,red,Ridge,-0.10393152265530703
427,red,Ridge,-0.1245075905815477
428,red,Ridge,-0.10676995168248071
429,red,Ridge,-0.17962423146630146
430,red,Ridge,-0.12883756427563486
431,red,Ridge,-0.1623014868108717
432,red,Ridge,-0.1441198007516437
433,red,Ridge,-0.09456107255485002
434,red,Ridge,-0.11634158481565193
435,red,Ridge,-0.14560625067246713
436,red,Ridge,-0.10100258727230216
437,red,Ridge,-0.11279305318713678
438,red,Ridge,-0.15231517692033314
439,red,Ridge,-0.11018721246084595
440,red,Ridge,-0.060429130575168855
441,red,Ridge,-0.12324563513760178
442,red,Ridge,-0.15477909417046803
443,red,Ridge,-0.09858291193184754
444,red,Ridge,-0.10484005521348999
445,red,Ridge,-0.14886988015928176
446,red,Ridge,-0.16807738667226024
447,red,Ridge,-0.07982850066357172
448,red,Ridge,-0.13371677550634764
449,red,Ridge,-0.10759396496494122
450,red,Ridge,-0.11549544073272011
451,red,Ridge,-0.1000271872499433
452,red,Ridge,-0.1581470359014725
453,red,Ridge,-0.18027111276298335
454,red,Ridge,-0.12399498438144374
455,red,Ridge,-0.12956264599685385
456,red,Ridge,-0.12190480747082283
457,red,Ridge,-0.1780113369066314
458,red,Ridge,-0.0831650265971875
459,red,Ridge,-0.09316980787600582
460,red,Ridge,-0.15989896352798877
461,red,Ridge,-0.1012601846230895
462,red,Ridge,-0.11202579757967657
463,red,Ridge,-0.22486597367565375
464,red,Ridge,-0.1909764107956125
465,red,Ridge,-0.12273297358934099
466,red,Ridge,-0.06245138919057336
467,red,Ridge,-0.13190896600722335
468,red,Ridge,-0.13840823733553076
469,red,Ridge,-0.16922639721680965
470,red,Ridge,-0.10208315821418978
471,red,Ridge,-0.1456299296604916
472,red,Ridge,-0.14904982050741988
473,red,Ridge,-0.19958125533862187
474,red,Ridge,-0.1019979014577862
475,red,Ridge,-0.10059715620563225
476,red,Ridge,-0.042982655280848436
477,red,Ridge,-0.06077425240493761
478,red,Ridge,-0.15073646449048622
479,red,Ridge,-0.08019788898593339
480,red,Ridge,-0.10022036614296581
481,red,Ridge,-0.11780580412355657
482,red,Ridge,-0.15390777033689018
483,red,Ridge,-0.15959271732565322
484,red,Ridge,-0.14585725474338573
485,red,Ridge,-0.05720729824862203
486,red,Ridge,-0.1073376143959307
487,red,Ridge,-0.14135306494248734
488,red,Ridge,-0.08614271668342444
489,red,Ridge,-0.13410560234253777
490,red,Ridge,-0.09648793572937542
491,red,Ridge,-0.16997707070236695
492,red,Ridge,-0.15999059490587997
493,red,Ridge,-0.1239953876977945
494,red,Ridge,-0.11857248129060505
495,red,Ridge,-0.19055090900341187
496,red,Ridge,-0.06311666555671558
497,red,Ridge,-0.11142124489974942
498,red,Ridge,-0.1321192065476987
499,red,Ridge,-0.08728719750496883
500,red,Ridge,-0.07235178479324855
501,red,Ridge,-0.09405403672728696
502,red,Ridge,-0.12422258926089819
503,red,Ridge,-0.14844826976720898
504,red,Ridge,-0.15648645527154426
505,red,Ridge,-0.17637818082913026
506,red,Ridge,-0.0742354999495759
507,red,Ridge,-0.02948746025802973
508,red,Ridge,-0.17231145354572663
509,red,Ridge,-0.09737961733427192
510,red,Ridge,-0.056335261298677164
511,red,Ridge,-0.054810781809293885
512,red,Ridge,-0.20953232462424431
513,red,Ridge,-0.08558026039450428
514,red,Ridge,-0.09374441398113309
515,red,Ridge,-0.17542157982780304
516,red,Ridge,-0.14816183061113575
517,red,Ridge,-0.16779162175242002
518,red,Ridge,-0.1792644251993054
519,red,Ridge,-0.11975353357377416
520,red,Ridge,-0.09026708016638962
521,red,Ridge,-0.08664578975461706
522,red,Ridge,-0.1174252857996777
523,red,Ridge,-0.06450695722389999
524,red,Ridge,-0.12462754595100356
525,red,Ridge,-0.1520303831205998
526,red,Ridge,-0.1413537226523337
527,red,Ridge,-0.08332441773897237
528,red,Ridge,-0.15912264302006174
529,red,Ridge,-0.1260117749855283
530,red,Ridge,-0.13399870035376193
531,red,Ridge,-0.0632767598254022
532,red,Ridge,-0.0928809778000429
533,red,Ridge,-0.0880432515673476
534,red,Ridge,-0.17133628810629953
535,red,Ridge,-0.10057245303801465
536,red,Ridge,-0.16153835267293504
537,red,Ridge,-0.1152099583969779
538,red,Ridge,-0.11568439509372341
539,red,Ridge,-0.11072077735612212
540,red,Ridge,-0.15796337491951096
541,red,Ridge,-0.14071256277677946
542,red,Ridge,-0.16962012509819013
543,red,Ridge,-0.06604886487503236
544,red,Ridge,-0.1646560528870462
545,red,Ridge,-0.08641082702706127
546,red,Ridge,-0.1275932435098902
547,red,Ridge,-0.15161293222736416
548,red,Ridge,-0.10355736846250896
549,red,Ridge,-0.033776692348870485
550,red,Ridge,-0.14336647221896515
551,red,Ridge,-0.12659461610941647
552,red,Ridge,-0.08881712419347254
553,red,Ridge,-0.11335076665327737
554,red,Ridge,-0.13586605010074781
555,red,Ridge,-0.06290135079466475
556,red,Ridge,-0.10565905564513633
557,red,Ridge,-0.04388458756335056
558,red,Ridge,-0.15714148600877187
559,red,Ridge,-0.15889789387331588
560,red,Ridge,-0.14716497308652332
561,red,Ridge,-0.16131165705984873
562,red,Ridge,-0.189816527071673
563,red,Ridge,-0.2083921169725389
564,red,Ridge,-0.15296122575068805
565,red,Ridge,-0.14502750537095532
566,red,Ridge,-0.14923864301581768
567,red,Ridge,-0.13416035887859834
568,red,Ridge,-0.11950433805183647
569,red,Ridge,-0.11649649831933839
570,red,Ridge,-0.13335640366263746
571,red,Ridge,-0.115594629192315
572,red,Ridge,-0.17170085091752962
573,red,Ridge,-0.16403878837990638
574,red,Ridge,-0.15780537857957666
575,red,Ridge,-0.09987128391532596
576,red,Ridge,-0.15595672121883963
577,red,Ridge,-0.12050829538810504
578,red,Ridge,-0.16836084831919984
579,red,Ridge,-0.1802106135318795
580,red,Ridge,-0.15968231738648198
581,red,Ridge,-0.15282908851597193
582,red,Ridge,-0.11742689999479583
583,red,Ridge,-0.14389012790106903
584,red,Ridge,-0.0732182875018792
585,red,Ridge,-0.17085260864944096
586,red,Ridge,-0.11817254408248123
587,red,Ridge,-0.1206428469799069
588,red,Ridge,-0.1558833775758416
589,red,Ridge,-0.11644200322555298
590,red,Ridge,-0.11484810486057906
591,red,Ridge,-0.04228905604555555
592,red,Ridge,-0.08865373876566907
593,red,Ridge,-0.15277779355763876
594,red,Ridge,-0.1073163803336602
595,red,Ridge,-0.1395125558335905
596,red,Ridge,-0.08015974867053399
597,red,Ridge,-0.10338276808091962
598,red,Ridge,-0.16675820415337106
599,red,Ridge,-0.1064703561014354
600,red,Ridge,-0.14648286525721865
601,red,Ridge,-0.1695781806143965
602,red,Ridge,-0.17506552104343664
603,red,Ridge,-0.06985402211195968
604,red,Ridge,-0.1516919966579715
605,red,Ridge,-0.11974384857743425
606,red,Ridge,-0.012893174176971112
607,red,Ridge,-0.06483563514851354
608,red,Ridge,-0.12892476839482092
609,red,Ridge,-0.14447094155509466
610,red,Ridge,-0.07057426336839057
611,red,Ridge,-0.10445289270100111
612,red,Ridge,-0.13869206736883555
613,red,Ridge,-0.1461969751808413
614,red,Ridge,-0.12126906508412538
615,red,Ridge,-0.08430214282223303
616,red,Ridge,-0.12664216306019138
617,red,Ridge,-0.07727409206923819
618,red,Ridge,-0.1288595426261382
619,red,Ridge,-0.14003267381442164
620,red,Ridge,-0.11028036117852247
621,red,Ridge,-0.11292833694618554
622,red,Ridge,-0.11458396673273741
623,red,Ridge,-0.17901040049076022
624,red,Ridge,-0.10850205673308033
625,red,Ridge,-0.12702319188593858
626,red,Ridge,-0.054221684690520466
627,red,Ridge,-0.1261280929701893
628,red,Ridge,-0.15431730385136588
629,red,Ridge,-0.13077403627586326
630,red,Ridge,-0.08093379262525896
631,red,Ridge,-0.14289283307995415
632,red,Ridge,-0.12256586985309803
633,red,Ridge,-0.10435242254883847
634,red,Ridge,-0.10307861482614372
635,red,Ridge,-0.13185809305605117
636,red,Ridge,-0.06546476870365359
637,red,Ridge,-0.11844698466817216
638,red,Ridge,-0.14926862212980208
639,red,Ridge,-0.1230353194360374
640,red,Ridge,-0.15343506963189069
641,red,Ridge,-0.0965648434468716
642,red,Ridge,-0.14034634905572607
643,red,Ridge,-0.14187698037850321
644,red,Ridge,-0.12912870631853324
645,red,Ridge,-0.16258136984808624
646,red,Ridge,-0.1021264305523758
647,red,Ridge,-0.10558088867128224
648,red,Ridge,-0.11470614390496986
649,red,Ridge,-0.11085583724418513
650,red,Ridge,-0.15965077032243125
651,red,Ridge,-0.07895482501786699
652,red,Ridge,-0.08426508425727919
653,red,Ridge,-0.11597690171123431
654,red,Ridge,-0.13298268320571216
655,red,Ridge,-0.14432170332849914
656,red,Ridge,-0.13910318480744832
657,red,Ridge,-0.15076111694368438
658,red,Ridge,-0.15190545275648082
659,red,Ridge,-0.04675629684185667
660,red,Ridge,-0.06936186296814639
661,red,Ridge,-0.11072663335962873
662,red,Ridge,-0.06194938068421085
663,red,Ridge,-0.16292209739220131
664,red,Ridge,-0.173605779285323
665,red,Ridge,-0.15195140351333253
666,red,Ridge,-0.10807901827435484
667,red,Ridge,-0.1437480388223633
668,red,Ridge,-0.1663748687592036
669,red,Ridge,-0.10701620477786289
670,red,Ridge,-0.15151060964656138
671,red,Ridge,-0.21140895571941665
672,red,Ridge,-0.14477723692765848
673,red,Ridge,-0.0635124144437661
674,red,Ridge,-0.11382576936823119
675,red,Ridge,-0.12184367745398361
676,red,Ridge,-0.1420376445969035
677,red,Ridge,-0.07138521304524659
678,red,Ridge,-0.07841743958725655
679,red,Ridge,-0.0846371515314418
680,red,Ridge,-0.17844204201351144
681,red,Ridge,-0.028096873386775134
682,red,Ridge,-0.1510778691080754
683,red,Ridge,-0.15729551591902902
684,red,Ridge,-0.1699442792971696
685,red,Ridge,-0.23625282388420854
686,red,Ridge,-0.14512110878908668
687,red,Ridge,-0.1050362049984167
688,red,Ridge,-0.11760582486136939
689,red,Ridge,-0.0798831971971512
690,red,Ridge,-0.10128367106193148
691,red,Ridge,-0.08627303527969077
692,red,Ridge,-0.11727407721112793
693,red,Ridge,-0.13475302403792078
694,red,Ridge,-0.14820751717039948
695,red,Ridge,-0.18639271279320402
696,red,Ridge,-0.16562127343783217
697,red,Ridge,-0.08694961674947965
698,red,Ridge,-0.17198444404506996
699,red,Ridge,-0.11800148738552763
700,red,Ridge,-0.1895435673241584
701,red,Ridge,-0.13576561796004927
702,red,Ridge,-0.16232227095018048
703,red,Ridge,-0.13646274432913608
704,red,Ridge,-0.0739022050243221
705,red,Ridge,-0.10300406626944159
706,red,Ridge,-0.1243987160911949
707,red,Ridge,-0.07441181741608971
708,red,Ridge,-0.17472685110306074
709,red,Ridge,-0.13260017605349605
710,red,Ridge,-0.14313774463572881
711,red,Ridge,-0.09979511999484847
712,red,Ridge,-0.17778017929255452
713,red,Ridge,-0.12184029720358802
714,red,Ridge,-0.07954953287517841
715,red,Ridge,-0.09692290032887096
716,red,Ridge,-0.10163189134929157
717,red,Ridge,-0.16003472973322208
718,red,Ridge,-0.10783308177952078
719,red,Ridge,-0.08938319704050235
720,red,Ridge,-0.08933156723118219
721,red,Ridge,-0.13246845367654903
722,red,Ridge,-0.09948086091324781
723,red,Ridge,-0.1489213724608901
724,red,Ridge,-0.13009079178957772
725,red,Ridge,-0.10040451597116418
726,red,Ridge,-0.18723557189564372
727,red,Ridge,-0.12363416548290629
728,red,Ridge,-0.09713755753891007
729,red,Ridge,-0.11840823529539568
730,red,Ridge,-0.12084523232286892
731,red,Ridge,-0.09352285741785937
732,red,Ridge,-0.17586885721516743
733,red,Ridge,-0.11016244785170148
734,red,Ridge,-0.10691754580441604
735,red,Ridge,-0.1553338383251388
736,red,Ridge,-0.13742828213694935
737,red,Ridge,-0.18204957262346932
738,red,Ridge,-0.2095530086451609
739,red,Ridge,-0.09152790450178916
740,red,Ridge,-0.1297564869503417
741,red,Ridge,-0.12448925240914077
742,red,Ridge,-0.02996116471288035
743,red,Ridge,-0.15862481413379936
744,red,Ridge,-0.08699189169980859
745,red,Ridge,-0.1776931265478522
746,red,Ridge,-0.1863856084845414
747,red,Ridge,-0.1622982774629479
748,red,Ridge,-0.06864800396363457
749,red,Ridge,-0.10173679881159003
750,red,Ridge,-0.19047384397040712
751,red,Ridge,-0.1270927250083697
752,red,Ridge,-0.15092511441822243
753,red,Ridge,-0.10141686835396002
754,red,Ridge,-0.11246168757040798
755,red,Ridge,-0.015702306500430252
756,red,Ridge,-0.12092766882752737
757,red,Ridge,-0.1142014235618587
758,red,Ridge,-0.11293754784519688
759,red,Ridge,-0.12280990648340817
760,red,Ridge,-0.12540575208793364
761,red,Ridge,-0.12470873623064016
762,red,Ridge,-0.1362430467775596
763,red,Ridge,-0.24394213689282362
764,red,Ridge,-0.13104238493543607
765,red,Ridge,-0.12634980674784912
766,red,Ridge,-0.1671320175055746
767,red,Ridge,-0.14487782982466124
768,red,Ridge,-0.11924441009433684
769,red,Ridge,-0.1556985008773723
770,red,Ridge,-0.1601833007092846
771,red,Ridge,-0.15420931228442258
772,red,Ridge,-0.10173383909508837
773,red,Ridge,-0.08879195163610765
774,red,Ridge,-0.12727858482353493
775,red,Ridge,-0.11917730281197292
776,red,Ridge,-0.07895999772056717
777,red,Ridge,-0.16036884239839355
778,red,Ridge,-0.15339036616551183
779,red,Ridge,-0.14259074311091868
780,red,Ridge,-0.11973894907439642
781,red,Ridge,-0.09784829967602515
782,red,Ridge,-0.13052559530111496
783,red,Ridge,-0.05796489193136167
784,red,Ridge,-0.11708542585861548
785,red,Ridge,-0.04302756122670359
786,red,Ridge,-0.14570996172828365
787,red,Ridge,-0.17938297565493688
788,red,Ridge,-0.14578383538219697
789,red,Ridge,-0.09629199602727889
790,red,Ridge,-0.2380737797227036
791,red,Ridge,-0.08736240823021346
792,red,Ridge,-0.11159166446594115
793,red,Ridge,-0.10622905860372434
794,red,Ridge,-0.12395579336352402
795,red,Ridge,-0.11255103839194136
796,red,Ridge,-0.12425833954876309
797,red,Ridge,-0.06775045698819532
798,red,Ridge,-0.1484004925128648
799,red,Ridge,-0.10001354814073926
800,red,Ridge,-0.09986020227048187
801,red,Ridge,-0.12578433976368397
802,red,Ridge,-0.12239348997992405
803,red,Ridge,-0.08623313207755756
804,red,Ridge,-0.15443413753431057
805,red,Ridge,-0.1668594773483833
806,red,Ridge,-0.19047664274322867
807,red,Ridge,-0.15611054611819958
808,red,Ridge,-0.08553471790286393
809,red,Ridge,-0.06655323083880538
810,red,Ridge,-0.10671601679332521
811,red,Ridge,-0.18136645154095044
812,red,Ridge,-0.13375202914993933
813,red,Ridge,-0.10257537532367428
814,red,Ridge,-0.1407294697273615
815,red,Ridge,-0.09558154973538757
816,red,Ridge,-0.119686678274052
817,red,Ridge,-0.10515626041368864
818,red,Ridge,-0.15628513073840117
819,red,Ridge,-0.15480120326367325
820,red,Ridge,-0.17830592312037152
821,red,Ridge,-0.12330384502704661
822,red,Ridge,-0.12167207597115282
823,red,Ridge,-0.08763523348323554
824,red,Ridge,-0.15224132954836922
825,red,Ridge,-0.15467195413838875
826,red,Ridge,-0.16081604356088686
827,red,Ridge,-0.1033074074843674
828,red,Ridge,-0.13388304847810228
829,red,Ridge,-0.13066169070152833
830,red,Ridge,-0.12426941807672709
831,red,Ridge,-0.03799952126162465
832,red,Ridge,-0.1749540332773174
833,red,Ridge,-0.13630044271749497
834,red,Ridge,-0.08385990401064813
835,red,Ridge,-0.15001910732555168
836,red,Ridge,-0.10990603094771945
837,red,Ridge,-0.11885763239586422
838,red,Ridge,-0.12043936825656665
839,red,Ridge,-0.1324048066071285
840,red,Ridge,-0.09122111143970058
841,red,Ridge,-0.1606993422807289
842,red,Ridge,-0.17549549071391957
843,red,Ridge,-0.14218843765921962
844,red,Ridge,-0.10267652995998022
845,red,Ridge,-0.19165180194877413
846,red,Ridge,-0.10568002848313085
847,red,Ridge,-0.11557069122011421
848,red,Ridge,-0.150052145628655
849,red,Ridge,-0.12042022837766875
850,red,Ridge,-0.13149018205878593
851,red,Ridge,-0.14898509139362015
852,red,Ridge,-0.10586736418585307
853,red,Ridge,-0.12277980295191526
854,red,Ridge,-0.11747292359723194
855,red,Ridge,-0.10915125751851501
856,red,Ridge,-0.1739430512978335
857,red,Ridge,-0.1346068793811388
858,red,Ridge,-0.11783725785511256
859,red,Ridge,-0.11885714772667194
860,red,Ridge,-0.12460607565169557
861,red,Ridge,-0.1972464341337684
862,red,Ridge,-0.13262657339800066
863,red,Ridge,-0.12143396355410963
864,red,Ridge,-0.08583555505088047
865,red,Ridge,-0.1812947176508003
866,red,Ridge,-0.13051912270548527
867,red,Ridge,-0.14307750842248668
868,red,Ridge,-0.0957867059546531
869,red,Ridge,-0.11141959215590452
870,red,Ridge,-0.17120455760596087
871,red,Ridge,-0.13012276209528895
872,red,Ridge,-0.13876980994162846
873,red,Ridge,-0.1566043761167194
874,red,Ridge,-0.055019493869250424
875,red,Ridge,-0.21392617462272434
876,red,Ridge,-0.19037194593663498
877,red,Ridge,-0.14335845888594184
878,red,Ridge,-0.07567196940687915
879,red,Ridge,-0.10271047631688435
880,red,Ridge,-0.09744200158946537
881,red,Ridge,-0.0924803588069999
882,red,Ridge,-0.10506365094377057
883,red,Ridge,-0.12203273582625251
884,red,Ridge,-0.10366191171642491
885,red,Ridge,-0.08604267017776324
886,red,Ridge,-0.1425834186049555
887,red,Ridge,-0.17482363302231296
888,red,Ridge,-0.11498729573446198
889,red,Ridge,-0.1583253376934156
890,red,Ridge,-0.09622677574721117
891,red,Ridge,-0.10897254235065246
892,red,Ridge,-0.07415847588244295
893,red,Ridge,-0.05406209123195116
894,red,Ridge,-0.13102045816746
895,red,Ridge,-0.049983330087355116
896,red,Ridge,-0.07880352184736572
897,red,Ridge,-0.12675329769531352
898,red,Ridge,-0.11408956359962896
899,red,Ridge,-0.10979382709090224
900,red,Ridge,-0.20785172577129518
901,red,Ridge,-0.10736990248890865
902,red,Ridge,-0.1752264011055088
903,red,Ridge,-0.22461789245858477
904,red,Ridge,-0.10249644975345318
905,red,Ridge,-0.07292063856256281
906,red,Ridge,-0.16919918286105995
907,red,Ridge,-0.14531020858946997
908,red,Ridge,-0.1231962382636459
909,red,Ridge,-0.13695927650354245
910,red,Ridge,-0.09879425901868266
911,red,Ridge,-0.161646245572986
912,red,Ridge,-0.1772704363578973
913,red,Ridge,-0.10412864607939187
914,red,Ridge,-0.16294212352810422
915,red,Ridge,-0.06178590154488883
916,red,Ridge,-0.10924582132741112
917,red,Ridge,-0.11112991593382215
918,red,Ridge,-0.18288731522179857
919,red,Ridge,-0.12026322042350035
920,red,Ridge,-0.16185009392967398
921,red,Ridge,-0.12363074564131227
922,red,Ridge,-0.15238266493439823
923,red,Ridge,-0.1469753498287702
924,red,Ridge,-0.10490055046129709
925,red,Ridge,-0.1067324520438524
926,red,Ridge,-0.21409044701962987
927,red,Ridge,-0.18059709233612264
928,red,Ridge,-0.10412072633915698
929,red,Ridge,-0.13493798354730413
930,red,Ridge,-0.10748370988350187
931,red,Ridge,-0.14189371356268698
932,red,Ridge,-0.07285167732450748
933,red,Ridge,-0.19366231344576013
934,red,Ridge,-0.14703299485373
935,red,Ridge,-0.1203848133464539
936,red,Ridge,-0.15861036825746533
937,red,Ridge,-0.13536200153879274
938,red,Ridge,-0.15007399120203424
939,red,Ridge,-0.11037341441666837
940,red,Ridge,-0.10447190247479748
941,red,Ridge,-0.1494323582570659
942,red,Ridge,-0.12502308127135875
943,red,Ridge,-0.10493375382242764
944,red,Ridge,-0.08854713745504406
945,red,Ridge,-0.04010736796447212
946,red,Ridge,-0.11767781680886874
947,red,Ridge,-0.13668891318929421
948,red,Ridge,-0.07947117648592372
949,red,Ridge,-0.11838304675323141
950,red,Ridge,-0.17533145466287153
951,red,Ridge,-0.07043013454747926
952,red,Ridge,-0.12352356274798348
953,red,Ridge,-0.20622808399291725
954,red,Ridge,-0.12025246058643846
955,red,Ridge,-0.16659185347896222
956,red,Ridge,-0.10670737716275369
957,red,Ridge,-0.06854926710480835
958,red,Ridge,-0.0716294590622224
959,red,Ridge,-0.07382177615800878
960,red,Ridge,-0.14094862960399962
961,red,Ridge,-0.15116089219319906
962,red,Ridge,-0.15822995026817166
963,red,Ridge,-0.1461961151707707
964,red,Ridge,-0.07207686190059315
965,red,Ridge,-0.11067812117031095
966,red,Ridge,-0.14542968966992653
967,red,Ridge,-0.03307758310818665
968,red,Ridge,-0.18820009841054486
969,red,Ridge,-0.12281994139404118
970,red,Ridge,-0.11867342919494084
971,red,Ridge,-0.15208913008722103
972,red,Ridge,-0.09431271126044738
973,red,Ridge,-0.10766210867474102
974,red,Ridge,-0.07420173391897333
975,red,Ridge,-0.06953587096989666
976,red,Ridge,-0.14825034073599508
977,red,Ridge,-0.16985483442935145
978,red,Ridge,-0.07635241213673571
979,red,Ridge,-0.14128188732627256
980,red,Ridge,-0.07563884678519406
981,red,Ridge,-0.13442195111894628
982,red,Ridge,-0.09086013829227324
983,red,Ridge,-0.0637859340971777
984,red,Ridge,-0.11394911748499059
985,red,Ridge,-0.118839396899175
986,red,Ridge,-0.16538922198003203
987,red,Ridge,-0.09333173823733554
988,red,Ridge,-0.12976430402461503
989,red,Ridge,-0.12208962844769033
990,red,Ridge,-0.16644009901941775
991,red,Ridge,-0.14874217084236485
992,red,Ridge,-0.1470913239443553
993,red,Ridge,-0.1728970155022015
994,red,Ridge,-0.149029998510969
995,red,Ridge,-0.1252147267372915
996,red,Ridge,-0.03765661319900959
997,red,Ridge,-0.1681868907259646
998,red,Ridge,-0.12350917111425974
999,red,Ridge,-0.12622971003815342
1000,red,Ridge,-0.14162261137993853
1001,red,Ridge,-0.03330799074904223
1002,red,Ridge,-0.11454853465524584
1003,red,Ridge,-0.08102180025499611
1004,red,Ridge,-0.13093922505365618
1005,red,Ridge,-0.09887423571401688
1006,red,Ridge,-0.10732173678266332
1007,red,Ridge,-0.11801554659786823
1008,red,Ridge,-0.09890433187811598
1009,red,Ridge,-0.06661278335033172
1010,red,Ridge,-0.1413102513355513
1011,red,Ridge,-0.11327683563573016
1012,red,Ridge,-0.061968032444889354
1013,red,Ridge,-0.1235529049891464
1014,red,Ridge,-0.17513938599505174
1015,red,Ridge,-0.10434563127809704
1016,red,Ridge,-0.06588690357133986
1017,red,Ridge,-0.13241265032470828
1018,red,Ridge,-0.09361358656993157
1019,red,Ridge,-0.11996027428862066
1020,red,Ridge,-0.07883904121982521
1021,red,Ridge,-0.10844076423885374
1022,red,Ridge,-0.11359896889694798
1023,red,Ridge,-0.1651568294319763
1024,red,Ridge,-0.07869156009763345
1025,red,Ridge,-0.07326278648848705
1026,red,Ridge,-0.13913444711148715
1027,red,Ridge,-0.17433231004049954
1028,red,Ridge,-0.09527743749990525
1029,red,Ridge,-0.17767576545137098
1030,red,Ridge,-0.14202955162867703
1031,red,Ridge,-0.13569704225494972
1032,red,Ridge,-0.09060234796564504
1033,red,Ridge,-0.08370850333920976
1034,red,Ridge,-0.15657359392393005
1035,red,Ridge,-0.12425529843269767
1036,red,Ridge,-0.1603581732259326
1037,red,Ridge,-0.13307255886464653
1038,red,Ridge,-0.13608390587353636
1039,red,Ridge,-0.021176090015487037
1040,red,Ridge,-0.15500244456734608
1041,red,Ridge,-0.10588670315449944
1042,red,Ridge,-0.17188614465252605
1043,red,Ridge,-0.15363966786665495
1044,red,Ridge,-0.091598590068933
1045,red,Ridge,-0.14114629222019381
1046,red,Ridge,-0.13066109682628346
1047,red,Ridge,-0.1323935609023349
1048,red,Ridge,-0.14567734730602
1049,red,Ridge,-0.19124723382956144
1050,red,Ridge,-0.08726357655646866
1051,red,Ridge,-0.07488998757483323
1052,red,Ridge,-0.09124028167232145
1053,red,Ridge,-0.1275219121804434
1054,red,Ridge,-0.04418495180238391
1055,red,Ridge,-0.1032836655787579
1056,red,Ridge,-0.1301736454987228
1057,red,Ridge,-0.10745821180297788
1058,red,Ridge,-0.15080307696382939
1059,red,Ridge,-0.11917821425830188
1060,red,Ridge,-0.17163128949749962
1061,red,Ridge,-0.049403696824463994
1062,red,Ridge,-0.1345902302096471
1063,red,Ridge,-0.12446490691619505
1064,red,Ridge,-0.15975078296811573
1065,red,Ridge,-0.1248394535901255
1066,red,Ridge,-0.12177250063824907
1067,red,Ridge,-0.14954469622802596
1068,red,Ridge,-0.14389725105833456
1069,red,Ridge,-0.07457861940927513
1070,red,Ridge,-0.15893105753476866
1071,red,Ridge,-0.15092587933090773
1072,red,Ridge,-0.11484007323499079
1073,red,Ridge,-0.1404337050102898
1074,red,Ridge,-0.12817567121586748
1075,red,Ridge,-0.0809951489212839
1076,red,Ridge,-0.10180604339176214
1077,red,Ridge,-0.12680347975835815
1078,red,Ridge,-0.1339031891231916
1079,red,Ridge,-0.11331547775628065
1080,red,Ridge,-0.1233366629319741
1081,red,Ridge,-0.1685276867831963
1082,red,Ridge,-0.06926698261594622
1083,red,Ridge,-0.049773021056191524
1084,red,Ridge,-0.1166880734400354
1085,red,Ridge,-0.11537796958900526
1086,red,Ridge,-0.1581252417006127
1087,red,Ridge,-0.19350124128860446
1088,red,Ridge,-0.16859530155108382
1089,red,Ridge,-0.1161918697879285
1090,red,Ridge,-0.17833498450890595
1091,red,Ridge,-0.1272087385796199
1092,red,Ridge,-0.10861556542052864
1093,red,Ridge,-0.10335496485291029
1094,red,Ridge,-0.1546330301871578
1095,red,Ridge,-0.13489001446823046
1096,red,Ridge,-0.1251692345646057
1097,red,Ridge,-0.1528618640427295
1098,red,Ridge,-0.0983664234507502
1099,red,Ridge,-0.07655730909150504
1100,red,Ridge,-0.18657128115007404
1101,red,Ridge,-0.12144528269203592
1102,red,Ridge,-0.09531333146314369
1103,red,Ridge,-0.12029375531913189
1104,red,Ridge,-0.13689114284544335
1105,red,Ridge,-0.08786948502546144
1106,red,Ridge,-0.11529921931496079
1107,red,Ridge,-0.10493078709038939
1108,red,Ridge,-0.10580667062254467
1109,red,Ridge,-0.1856115869273176
1110,red,Ridge,-0.1774423704125086
1111,red,Ridge,-0.08857386292936942
1112,red,Ridge,-0.16723239867213058
1113,red,Ridge,-0.08844299500370412
1114,red,Ridge,-0.17470657369466602
1115,red,Ridge,-0.18936681242875497
1116,red,Ridge,-0.11611638017061565
1117,red,Ridge,-0.12963664729004076
1118,red,Ridge,-0.14270722961409665
1119,red,Ridge,-0.09819954429323352
1120,red,Ridge,-0.12409639933795369
1121,red,Ridge,-0.13124210311964968
1122,red,Ridge,-0.17919370671368373
1123,red,Ridge,-0.06716369884113715
1124,red,Ridge,-0.11640799167319255
1125,red,Ridge,-0.10033197709345609
1126,red,Ridge,-0.13372973066787142
1127,red,Ridge,-0.11070654173307559
1128,red,Ridge,-0.144027653468353
1129,red,Ridge,-0.12028162107597495
1130,red,Ridge,-0.07549792046530945
1131,red,Ridge,-0.18538061864543737
1132,red,Ridge,-0.1335731867805291
1133,red,Ridge,-0.18272592680218225
1134,red,Ridge,-0.1369569460251564
1135,red,Ridge,-0.16661377974706226
1136,red,Ridge,-0.10523495616971457
1137,red,Ridge,-0.1666953424559674
1138,red,Ridge,-0.20134444452424372
1139,red,Ridge,-0.0983366546981288
1140,red,Ridge,-0.07303382835843986
1141,red,Ridge,-0.0912310418546799
1142,red,Ridge,-0.11831091844485875
1143,red,Ridge,-0.14239900267405403
1144,red,Ridge,-0.1220098420857777
1145,red,Ridge,-0.13098001872621978
1146,red,Ridge,-0.155335643391249
1147,red,Ridge,-0.08537652507942572
1148,red,Ridge,-0.18573839145166232
1149,red,Ridge,-0.15789814728145546
1150,red,Ridge,-0.0991842119438292
1151,red,Ridge,-0.1347959982022056
1152,red,Ridge,-0.1584491717674602
1153,red,Ridge,-0.17986203706241372
1154,red,Ridge,-0.13895396361981238
1155,red,Ridge,-0.1336376984290104
1156,red,Ridge,-0.07818795069981233
1157,red,Ridge,-0.23390967132865437
1158,red,Ridge,-0.11058766067414211
1159,red,Ridge,-0.21089792623289128
1160,red,Ridge,-0.07073818779010416
1161,red,Ridge,-0.22444983146326902
1162,red,Ridge,-0.17731403845987181
1163,red,Ridge,-0.10041125490559133
1164,red,Ridge,-0.13011604159630896
1165,red,Ridge,-0.06672961944936606
1166,red,Ridge,-0.06705987568233596
1167,red,Ridge,-0.11076080173299052
1168,red,Ridge,-0.11544328758745159
1169,red,Ridge,-0.11676500407224555
1170,red,Ridge,-0.15381431627277597
1171,red,Ridge,-0.11575389439437123
1172,red,Ridge,-0.15007833633172685
1173,red,Ridge,-0.06319062496118699
1174,red,Ridge,-0.14669565997446465
1175,red,Ridge,-0.0933215376510318
1176,red,Ridge,-0.1294962916681286
1177,red,Ridge,-0.16437582998433098
1178,red,Ridge,-0.13986734547523705
1179,red,Ridge,-0.08027336855836398
1180,red,Ridge,-0.1602059799308404
1181,red,Ridge,-0.16152939374948727
1182,red,Ridge,-0.15960423935136614
1183,red,Ridge,-0.1537618810578062
1184,red,Ridge,-0.11296003104289853
1185,red,Ridge,-0.10448653124548224
1186,red,Ridge,-0.12446370388006017
1187,red,Ridge,-0.13043188783090431
1188,red,Ridge,-0.20148686678963446
1189,red,Ridge,-0.11811857748351406
1190,red,Ridge,-0.12376378256676313
1191,red,Ridge,-0.14901113146240547
1192,red,Ridge,-0.10274101646077494
1193,red,Ridge,-0.10207297338695154
1194,red,Ridge,-0.16556587797950106
1195,red,Ridge,-0.11513066616042827
1196,red,Ridge,-0.13094949662071198
1197,red,Ridge,-0.14487648567943578
1198,red,Ridge,-0.011191150288614837
1199,red,Ridge,-0.05840698181296533
1200,red,Ridge,-0.12421855236079238
1201,red,Ridge,-0.16274120881727627
1202,red,Ridge,-0.1251492406927005
1203,red,Ridge,-0.14939025730776634
1204,red,Ridge,-0.09971857339394163
1205,red,Ridge,-0.1567129445377995
1206,red,Ridge,-0.142594726137517
1207,red,Ridge,-0.1364416179320116
1208,red,Ridge,-0.11986683471265491
1209,red,Ridge,-0.15809228307905987
1210,red,Ridge,-0.13480988875728928
1211,red,Ridge,-0.12644786850318857
1212,red,Ridge,-0.14295472218055183
1213,red,Ridge,-0.14531659734758223
1214,red,Ridge,-0.1315005425397896
1215,red,Ridge,-0.14132488036633084
1216,red,Ridge,-0.0644942689303466
1217,red,Ridge,-0.1931251145767519
1218,red,Ridge,-0.10164450766865452
1219,red,Ridge,-0.13891652798774357
1220,red,Ridge,-0.18115816775339166
1221,red,Ridge,-0.17946788130290453
1222,red,Ridge,-0.13941517444657525
1223,red,Ridge,-0.11489204191553049
1224,red,Ridge,-0.11932099374988081
1225,red,Ridge,-0.10409668937543848
1226,red,Ridge,-0.19838818400285207
1227,red,Ridge,-0.12146173998246501
1228,red,Ridge,-0.0826506154545118
1229,red,Ridge,-0.04176182937727424
1230,red,Ridge,-0.0948809917761716
1231,red,Ridge,-0.11387616163114295
1232,red,Ridge,-0.08889877174085908
1233,red,Ridge,-0.09763336584982257
1234,red,Ridge,-0.11428372559697408
1235,red,Ridge,-0.16561211714669954
1236,red,Ridge,-0.09395292654037779
1237,red,Ridge,-0.07063837588729882
1238,red,Ridge,-0.13971620086485437
1239,red,Ridge,-0.1415184962446976
1240,red,Ridge,-0.09121647823766077
1241,red,Ridge,-0.13456516880623182
1242,red,Ridge,-0.1930501788584159
1243,red,Ridge,-0.062430246266534595
1244,red,Ridge,-0.14564959216837542
1245,red,Ridge,-0.07675977408924062
1246,red,Ridge,-0.07721830611730762
1247,red,Ridge,-0.1867625319902022
1248,red,Ridge,-0.08170403026923068
1249,red,Ridge,-0.15564685989499571
1250,red,Ridge,-0.16343719285865066
1251,red,Ridge,-0.12451602832396247
1252,red,Ridge,-0.12838341180704527
1253,red,Ridge,-0.16551284195309945
1254,red,Ridge,-0.16145526065735505
1255,red,Ridge,-0.10448145377673457
1256,red,Ridge,-0.07507897186817658
1257,red,Ridge,-0.08157492120576804
1258,red,Ridge,-0.1474442001965401
1259,red,Ridge,-0.060319957550183156
1260,red,Ridge,-0.0980311969522959
1261,red,Ridge,-0.08363005007545776
1262,red,Ridge,-0.15103436855583108
1263,red,Ridge,-0.15863658393429403
1264,red,Ridge,-0.08489092804790355
1265,red,Ridge,-0.07162230883824905
1266,red,Ridge,-0.14400263482834896
1267,red,Ridge,-0.12039911377134305
1268,red,Ridge,-0.14700730364220083
1269,red,Ridge,-0.1544645546525505
1270,red,Ridge,-0.1930566687222794
1271,red,Ridge,-0.20346181967559784
1272,red,Ridge,-0.05134218017351955
1273,red,Ridge,-0.1348067131871991
1274,red,Ridge,-0.16793226896614588
1275,red,Ridge,-0.14971502207190596
1276,red,Ridge,-0.0805704127760497
1277,red,Ridge,-0.1639928220222096
1278,red,Ridge,-0.13665584300441003
1279,red,Ridge,-0.11409387960042217
1280,red,Ridge,-0.10764291608568477
1281,red,Ridge,-0.12131156950823918
1282,red,Ridge,-0.17116649107626614
1283,red,Ridge,-0.10843271011934386
1284,red,Ridge,-0.12364783125639223
1285,red,Ridge,-0.15010566736223618
1286,red,Ridge,-0.22616822972037431
1287,red,Ridge,-0.11979902558156119
1288,red,Ridge,-0.13595988398445297
1289,red,Ridge,-0.1429299704667702
1290,red,Ridge,-0.15263047298548765
1291,red,Ridge,-0.19004897811617966
1292,red,Ridge,-0.15405518733179135
1293,red,Ridge,-0.2198930344550027
1294,red,Ridge,-0.15782408842855333
1295,red,Ridge,-0.19528318185612747
1296,red,Ridge,-0.0859392391858882
1297,red,Ridge,-0.13961207634828932
1298,red,Ridge,-0.14344995047155928
1299,red,Ridge,-0.15831719211958917
1300,red,Ridge,-0.1570044528408051
1301,red,Ridge,-0.1217211444881981
1302,red,Ridge,-0.12282022288992311
1303,red,Ridge,-0.08048906851792181
1304,red,Ridge,-0.13769786164181363
1305,red,Ridge,-0.15694904237164298
1306,red,Ridge,-0.09236376551352826
1307,red,Ridge,-0.10419535951031056
1308,red,Ridge,-0.13402744926205867
1309,red,Ridge,-0.16334979626105162
1310,red,Ridge,-0.08150662475087966
1311,red,Ridge,-0.15304692227759686
1312,red,Ridge,-0.11815917862245473
1313,red,Ridge,-0.1694842873186797
1314,red,Ridge,-0.09589723055620936
1315,red,Ridge,-0.12615255618564336
1316,red,Ridge,-0.11153657745451967
1317,red,Ridge,-0.15535869125933943
1318,red,Ridge,-0.18197462430965428
1319,red,Ridge,-0.1119536008858587
1320,red,Ridge,-0.1423552222874892
1321,red,Ridge,-0.1681531146376854
1322,red,Ridge,-0.14933391706806926
1323,red,Ridge,-0.14052351765730142
1324,red,Ridge,-0.08625864943371819
1325,red,Ridge,-0.11353220071206704
1326,red,Ridge,-0.1454365669260389
1327,red,Ridge,-0.1300005405989435
1328,red,Ridge,-0.11689193059323533
1329,red,Ridge,-0.08695712273299694
1330,red,Ridge,-0.07111718836808312
1331,red,Ridge,-0.11075754484629152
1332,red,Ridge,-0.07917459171631513
1333,red,Ridge,-0.08039761890009955
1334,red,Ridge,-0.1509981140395868
1335,red,Ridge,-0.1289901066585939
1336,red,Ridge,-0.11809706851968427
1337,red,Ridge,-0.0988552437464747
1338,red,Ridge,-0.11225721616356621
1339,red,Ridge,-0.10576987319687414
1340,red,Ridge,-0.07892739232441837
1341,red,Ridge,-0.1758109504651606
1342,red,Ridge,-0.1348183047325342
1343,red,Ridge,-0.1668508748719208
1344,red,Ridge,-0.15951252469224053
1345,red,Ridge,-0.07308041423064393
1346,red,Ridge,-0.1524644985138741
1347,red,Ridge,-0.15256719006184993
1348,red,Ridge,-0.16098548037341665
1349,red,Ridge,-0.13084065922823618
1350,red,Ridge,-0.09061054862889928
1351,red,Ridge,-0.12508151546866064
1352,red,Ridge,-0.16442458535491655
1353,red,Ridge,-0.10802933958498495
1354,red,Ridge,-0.18041930173122972
1355,red,Ridge,-0.09742201868385758
1356,red,Ridge,-0.11138597012188578
1357,red,Ridge,-0.10417950024415323
1358,red,Ridge,-0.1257669603900219
1359,red,Ridge,-0.1094564920131108
1360,red,Ridge,-0.16878908363851042
1361,red,Ridge,-0.10676830770769719
1362,red,Ridge,-0.08763737921622428
1363,red,Ridge,-0.08653895043866044
1364,red,Ridge,-0.09073673437948371
1365,red,Ridge,-0.12079919869619138
1366,red,Ridge,-0.09419123879953883
1367,red,Ridge,-0.13537948863563065
1368,red,Ridge,-0.13966993559051877
1369,red,Ridge,-0.1485984142178437
1370,red,Ridge,-0.11626854913250517
1371,red,Ridge,-0.1803786241785248
1372,red,Ridge,-0.20962579746317478
1373,red,Ridge,-0.06712841641304701
1374,red,Ridge,-0.21086127572025437
1375,red,Ridge,-0.14459834655018733
1376,red,Ridge,-0.1000001591434665
1377,red,Ridge,-0.21666696769130922
1378,red,Ridge,-0.13085733142244993
1379,red,Ridge,-0.1148343595054605
1380,red,Ridge,-0.12301570276948492
1381,red,Ridge,-0.13976371215028316
1382,red,Ridge,-0.11757243682529672
1383,red,Ridge,-0.1058616987840646
1384,red,Ridge,-0.13067092011491255
1385,red,Ridge,-0.12223693606740216
1386,red,Ridge,-0.16166372260011752
1387,red,Ridge,-0.13108827944848822
1388,red,Ridge,-0.15296640472740342
1389,red,Ridge,-0.13723182039067938
1390,red,Ridge,-0.10892497691235914
1391,red,Ridge,-0.14500636256082766
1392,red,Ridge,-0.10613979562158227
1393,red,Ridge,-0.16888991515749746
1394,red,Ridge,-0.21116567954505078
1395,red,Ridge,-0.11222440352955732
1396,red,Ridge,-0.12535649083167522
1397,red,Ridge,-0.17504908232602867
1398,red,Ridge,-0.1671823455472088
1399,red,Ridge,-0.07165767385630317
1400,red,Ridge,-0.10144295280598925
1401,red,Ridge,-0.0949604097905089
1402,red,Ridge,-0.15626254859704447
1403,red,Ridge,-0.19926191673708527
1404,red,Ridge,-0.11541238629229122
1405,red,Ridge,-0.09926640295192024
1406,red,Ridge,-0.14500485453625866
1407,red,Ridge,-0.16410003607979828
1408,red,Ridge,-0.10256343901989473
1409,red,Ridge,-0.16911910998659585
1410,red,Ridge,-0.1411448094706259
1411,red,Ridge,-0.1687938762329117
1412,red,Ridge,-0.14925047153269944
1413,red,Ridge,-0.17404069276217426
1414,red,Ridge,-0.11122943499202931
1415,red,Ridge,-0.12567761057614324
1416,red,Ridge,-0.12389101533003732
1417,red,Ridge,-0.14937910592430226
1418,red,Ridge,-0.16502655245311543
1419,red,Ridge,-0.07663479155546771
1420,red,Ridge,-0.15038006710600205
1421,red,Ridge,-0.12903398021810908
1422,red,Ridge,-0.15681421634314507
1423,red,Ridge,-0.07386784012670788
1424,red,Ridge,-0.1243727398185206
1425,red,Ridge,-0.10165570361914367
1426,red,Ridge,-0.06958664384887892
1427,red,Ridge,-0.12056993577774833
1428,red,Ridge,-0.16244612061137664
1429,red,Ridge,-0.17630450231928502
1430,red,Ridge,-0.1132605006937647
1431,red,Ridge,-0.14794238533508042
1432,red,Ridge,-0.043674967303139356
1433,red,Ridge,-0.10463672956499159
1434,red,Ridge,-0.14611314782512308
1435,red,Ridge,-0.08591586142302332
1436,red,Ridge,-0.14067264944001856
1437,red,Ridge,-0.11191785770153917
1438,red,Ridge,-0.14214742353684767
1439,red,Ridge,-0.11528334219698921
1440,red,Ridge,-0.14241474271162813
1441,red,Ridge,-0.06706551265884142
1442,red,Ridge,-0.140589725179588
1443,red,Ridge,-0.10814764244376684
1444,red,Ridge,-0.1748039241512961
1445,red,Ridge,-0.10025581755029872
1446,red,Ridge,-0.09578524393817389
1447,red,Ridge,-0.06117889540074384
1448,red,Ridge,-0.0802122757410565
1449,red,Ridge,-0.14008440492295782
1450,red,Ridge,-0.13562015699249053
1451,red,Ridge,-0.17969724869332254
1452,red,Ridge,-0.16058279552223065
1453,red,Ridge,-0.10958536210554026
1454,red,Ridge,-0.15884918924438085
1455,red,Ridge,-0.1203855099409652
1456,red,Ridge,-0.15535220091724689
1457,red,Ridge,-0.14284056819178037
1458,red,Ridge,-0.15543532581568448
1459,red,Ridge,-0.10724012829815988
1460,red,Ridge,-0.1060450795863992
1461,red,Ridge,-0.14174980347992194
1462,red,Ridge,-0.062276612946884025
1463,red,Ridge,-0.18633360868737248
1464,red,Ridge,-0.09484439526237731
1465,red,Ridge,-0.10055846316731065
1466,red,Ridge,-0.16891917952427282
1467,red,Ridge,-0.10239315530969584
1468,red,Ridge,-0.132624341699196
1469,red,Ridge,-0.12026220431655432
1470,red,Ridge,-0.12235230840974459
1471,red,Ridge,-0.12153439997936533
1472,red,Ridge,-0.09620864586353228
1473,red,Ridge,-0.1465915710390786
1474,red,Ridge,-0.09926267118764243
1475,red,Ridge,-0.14275154204287654
1476,red,Ridge,-0.11222303697398561
1477,red,Ridge,-0.1544187868399457
1478,red,Ridge,-0.12255757805655731
1479,red,Ridge,-0.14242149999706744
1480,red,Ridge,-0.17897282496670164
1481,red,Ridge,-0.0968565366997437
1482,red,Ridge,-0.12404594723989726
1483,red,Ridge,-0.10795384839918498
1484,red,Ridge,-0.11592308615800828
1485,red,Ridge,-0.13536116515847074
1486,red,Ridge,-0.13559099303583122
1487,red,Ridge,-0.1545511565968073
1488,red,Ridge,-0.17306152277285036
1489,red,Ridge,-0.14647544927239364
1490,red,Ridge,-0.13240400137652675
1491,red,Ridge,-0.17399037977766252
1492,red,Ridge,-0.1481586080759053
1493,red,Ridge,-0.14327984205626776
1494,red,Ridge,-0.10321717856773527
1495,red,Ridge,-0.11909093584301056
1496,red,Ridge,-0.13758027747480184
1497,red,Ridge,-0.09582925842294021
1498,red,Ridge,-0.16231737853674633
1499,red,Ridge,-0.1611121993888076
1500,red,Ridge,-0.11398035324394995
1501,red,Ridge,-0.1051302344108681
1502,red,Ridge,-0.14036115605963062
1503,red,Ridge,-0.17858821113316387
1504,red,Ridge,-0.1070383604489118
1505,red,Ridge,-0.13577252222600178
1506,red,Ridge,-0.09471401850956584
1507,red,Ridge,-0.1448177110542056
1508,red,Ridge,-0.13292629307472803
1509,red,Ridge,-0.049920307582645096
1510,red,Ridge,-0.12929606374801883
1511,red,Ridge,-0.09160914480627347
1512,red,Ridge,-0.09803034465085825
1513,red,Ridge,-0.09254427672265886
1514,red,Ridge,-0.11592432949501186
1515,red,Ridge,-0.15003073832133274
1516,red,Ridge,-0.14276065124602594
1517,red,Ridge,-0.07801221588229601
1518,red,Ridge,-0.10687590702841743
1519,red,Ridge,-0.15244469696181862
1520,red,Ridge,-0.16230291506680206
1521,red,Ridge,-0.03175149114909437
1522,red,Ridge,-0.037704256440195816
1523,red,Ridge,-0.09975025321656283
1524,red,Ridge,-0.14867012254268241
1525,red,Ridge,-0.11414159570333593
1526,red,Ridge,-0.12605906790878219
1527,red,Ridge,-0.1161515390709218
1528,red,Ridge,-0.1487770006066531
1529,red,Ridge,-0.14548970097192115
1530,red,Ridge,-0.10696201640538971
1531,red,Ridge,-0.15713749434055868
1532,red,Ridge,-0.1250026780918374
1533,red,Ridge,-0.16983139935529873
1534,red,Ridge,-0.15880003022971545
1535,red,Ridge,-0.15984328385973695
1536,red,Ridge,-0.1632381099996454
1537,red,Ridge,-0.08096798320527065
1538,red,Ridge,-0.13422368388607953
1539,red,Ridge,-0.1115826166280467
1540,red,Ridge,-0.13000579315195454
1541,red,Ridge,-0.1598694541504131
1542,red,Ridge,-0.1445418700622142
1543,red,Ridge,-0.14719810961820323
1544,red,Ridge,-0.13389577335424774
1545,red,Ridge,-0.09135130071433517
1546,red,Ridge,-0.14109343680827935
1547,red,Ridge,-0.1361122028205255
1548,red,Ridge,-0.10372955665034966
1549,red,Ridge,-0.19396559099500477
1550,red,Ridge,-0.14829851994280185
1551,red,Ridge,-0.20491852052774262
1552,red,Ridge,-0.15373762394669416
1553,red,Ridge,-0.08423894005194033
1554,red,Ridge,-0.13087156561646107
1555,red,Ridge,-0.08188598679911308
1556,red,Ridge,-0.12801792565410497
1557,red,Ridge,-0.16495299098528116
1558,red,Ridge,-0.14995582136343344
1559,red,Ridge,-0.1695963531588054
1560,red,Ridge,-0.1372801753540288
1561,red,Ridge,-0.08909025279010596
1562,red,Ridge,-0.0880647845400283
1563,red,Ridge,-0.13194650873581848
1564,red,Ridge,-0.08517191580278471
1565,red,Ridge,-0.08755029397454461
1566,red,Ridge,-0.11819408198938497
1567,red,Ridge,-0.1678765693892431
1568,red,Ridge,-0.194108140912297
1569,red,Ridge,-0.1106906238190597
1570,red,Ridge,-0.12546605055878474
1571,red,Ridge,-0.13435754374036601
1572,red,Ridge,-0.17791728868387158
1573,red,Ridge,-0.07985651689443674
1574,red,Ridge,-0.11423903114989309
1575,red,Ridge,-0.1889367910119381
1576,red,Ridge,-0.17620684027509947
1577,red,Ridge,-0.13074252193052593
1578,red,Ridge,-0.05835937459136342
1579,red,Ridge,-0.10279982777683239
1580,red,Ridge,-0.12390925269411968
1581,red,Ridge,-0.10209314183615803
1582,red,Ridge,-0.09990718154390443
1583,red,Ridge,-0.17170073683418974
1584,red,Ridge,-0.20793473721555622
1585,red,Ridge,-0.16232244310462285
1586,red,Ridge,-0.18637343254454458
1587,red,Ridge,-0.039064173802765445
1588,red,Ridge,-0.18762139226986457
1589,red,Ridge,-0.09990039080791763
1590,red,Ridge,-0.17183585959723724
1591,red,Ridge,-0.18087808706543573
1592,red,Ridge,-0.05475670070971228
1593,red,Ridge,-0.14900934800164
1594,red,Ridge,-0.1796615014685906
1595,red,Ridge,-0.16140637061992413
1596,red,Ridge,-0.1106227904055439
1597,red,Ridge,-0.17834016124902785
1598,red,Ridge,-0.09524205633514721
1599,red,Ridge,-0.07551689956370666
1600,red,Ridge,-0.12069235391374611
1601,red,Ridge,-0.12463625211874407
1602,red,Ridge,-0.12023455812928296
1603,red,Ridge,-0.13714132202509954
1604,red,Ridge,-0.059580851416325964
1605,red,Ridge,-0.14561280927488524
1606,red,Ridge,-0.07907523473688904
1607,red,Ridge,-0.07066828343117382
1608,red,Ridge,-0.06853094216421995
1609,red,Ridge,-0.05753712868419392
1610,red,Ridge,-0.04531619469703818
1611,red,Ridge,-0.1538686659602002
1612,red,Ridge,-0.1020140874115163
1613,red,Ridge,-0.20489553974026553
1614,red,Ridge,-0.12284407802728209
1615,red,Ridge,-0.14253019507001663
1616,red,Ridge,-0.09014669617922644
1617,red,Ridge,-0.0776831379661781
1618,red,Ridge,-0.14277117747461632
1619,red,Ridge,-0.1221831336399139
1620,red,Ridge,-0.15879091039135373
1621,red,Ridge,-0.15903257238235646
1622,red,Ridge,-0.12707507876455892
1623,red,Ridge,-0.12619840474684457
1624,red,Ridge,-0.12464592292275356
1625,red,Ridge,-0.13782674940449635
1626,red,Ridge,-0.16683367350949108
1627,red,Ridge,-0.17445828899406968
1628,red,Ridge,-0.15630361625165362
1629,red,Ridge,-0.16893334923039133
1630,red,Ridge,-0.05773880139342058
1631,red,Ridge,-0.08256163334231892
1632,red,Ridge,-0.1270589469800677
1633,red,Ridge,-0.06736069758469432
1634,red,Ridge,-0.12495213596381993
1635,red,Ridge,-0.09991329146338923
1636,red,Ridge,-0.11937029329115745
1637,red,Ridge,-0.10988613242509149
1638,red,Ridge,-0.14513982557049038
1639,red,Ridge,-0.0599785524999632
1640,red,Ridge,-0.08759762313118707
1641,red,Ridge,-0.16243900444586867
1642,red,Ridge,-0.09796874400088551
1643,red,Ridge,-0.059522175445924974
1644,red,Ridge,-0.11096502132115349
1645,red,Ridge,-0.10959181711341559
1646,red,Ridge,-0.11442443104598654
1647,red,Ridge,-0.15001370186727359
1648,red,Ridge,-0.15245700450887667
1649,red,Ridge,-0.15359792858949362
1650,red,Ridge,-0.15543201343672242
1651,red,Ridge,-0.11710456280471404
1652,red,Ridge,-0.13716053217597646
1653,red,Ridge,-0.04585077771860102
1654,red,Ridge,-0.10468080248500133
1655,red,Ridge,-0.16882365429801388
1656,red,Ridge,-0.14285629451832293
1657,red,Ridge,-0.11461342782527822
1658,red,Ridge,-0.13429497503857157
1659,red,Ridge,-0.13955694788082806
1660,red,Ridge,-0.16221889143525925
1661,red,Ridge,-0.13521343630057092
1662,red,Ridge,-0.00011985727218777331
1663,red,Ridge,-0.09073205973278009
1664,red,Ridge,-0.17246703192350954
1665,red,Ridge,-0.12534558504398496
1666,red,Ridge,-0.16077450170113183
1667,red,Ridge,-0.13600632109561062
1668,red,Ridge,-0.2603318729101409
1669,red,Ridge,-0.11921720229933619
1670,red,Ridge,-0.10351522860691187
1671,red,Ridge,-0.18058711060903365
1672,red,Ridge,-0.15274479776192446
1673,red,Ridge,-0.1263679836984387
1674,red,Ridge,-0.13608456817373338
1675,red,Ridge,-0.05691704336468795
1676,red,Ridge,-0.11507389790544931
1677,red,Ridge,-0.12834444025327296
1678,red,Ridge,-0.07095534773338241
1679,red,Ridge,-0.13058414186143674
1680,red,Ridge,-0.09406792526379437
1681,red,Ridge,-0.11942915419731948
1682,red,Ridge,-0.1449808940099384
1683,red,Ridge,-0.13347738358046923
1684,red,Ridge,-0.138013124523922
1685,red,Ridge,-0.1106216418460142
1686,red,Ridge,-0.10363486056777138
1687,red,Ridge,-0.047872141249860944
1688,red,Ridge,-0.09664975686882915
1689,red,Ridge,-0.05732433384012425
1690,red,Ridge,-0.18025737880446968
1691,red,Ridge,-0.1795160833079743
1692,red,Ridge,-0.12362629944503956
1693,red,Ridge,-0.10571999163962109
1694,red,Ridge,-0.12304342785152489
1695,red,Ridge,-0.12334530482808076
1696,red,Ridge,-0.09009226597909359
1697,red,Ridge,-0.1232642353074127
1698,red,Ridge,-0.1107128803484625
1699,red,Ridge,-0.07024308488152842
1700,red,Ridge,-0.13346732281953022
1701,red,Ridge,-0.17820716824797356
1702,red,Ridge,-0.10751541644158746
1703,red,Ridge,-0.145683226486104
1704,red,Ridge,-0.16980128118661136
1705,red,Ridge,-0.10576105323302132
1706,red,Ridge,-0.10130250783484351
1707,red,Ridge,-0.1714639898440829
1708,red,Ridge,-0.1640272601487811
1709,red,Ridge,-0.1529510607662815
1710,red,Ridge,-0.15524633665374477
1711,red,Ridge,-0.1660920295457602
1712,red,Ridge,-0.14136295573376534
1713,red,Ridge,-0.11841976274570198
1714,red,Ridge,-0.10373541224894062
1715,red,Ridge,-0.10583535807869449
1716,red,Ridge,-0.09964114186896778
1717,red,Ridge,-0.12952039252520142
1718,red,Ridge,-0.10845104895919033
1719,red,Ridge,-0.10699171168279187
1720,red,Ridge,-0.12152357913978029
1721,red,Ridge,-0.20261253256657674
1722,red,Ridge,-0.08335933547003105
1723,red,Ridge,-0.11130304136771785
1724,red,Ridge,-0.1341932144650283
1725,red,Ridge,-0.12290953859635112
1726,red,Ridge,-0.0937701287563164
1727,red,Ridge,-0.10603529107788467
1728,red,Ridge,-0.1371657262509678
1729,red,Ridge,-0.19023253507744475
1730,red,Ridge,-0.12325149822815762
1731,red,Ridge,-0.10476359104085797
1732,red,Ridge,-0.12514393045153638
1733,red,Ridge,-0.08013226260732709
1734,red,Ridge,-0.07672012697722619
1735,red,Ridge,-0.13415076960444428
1736,red,Ridge,-0.0608268285249427
1737,red,Ridge,-0.074028041849867
1738,red,Ridge,-0.12718750759982866
1739,red,Ridge,-0.07260348307284203
1740,red,Ridge,-0.13628020831288612
1741,red,Ridge,-0.13618800772337902
1742,red,Ridge,-0.08681987497764687
1743,red,Ridge,-0.10825241672904173
1744,red,Ridge,-0.2177216669994727
1745,red,Ridge,-0.16524206307672684
1746,red,Ridge,-0.10849892016023377
1747,red,Ridge,-0.13599135593280925
1748,red,Ridge,-0.1369541840042619
1749,red,Ridge,-0.15232534029964107
1750,red,Ridge,-0.16256792029793132
1751,red,Ridge,-0.055615622655517116
1752,red,Ridge,-0.11993664113241309
1753,red,Ridge,-0.0921315784706177
1754,red,Ridge,-0.15146149375006568
1755,red,Ridge,-0.16694218322618215
1756,red,Ridge,-0.0959873737699728
1757,red,Ridge,-0.10508462427807796
1758,red,Ridge,-0.09373030364164642
1759,red,Ridge,-0.14158706818623062
1760,red,Ridge,-0.1293668341058598
1761,red,Ridge,-0.16835274155544788
1762,red,Ridge,-0.12024294371961952
1763,red,Ridge,-0.14983049351665745
1764,red,Ridge,-0.1515246827936032
1765,red,Ridge,-0.08089348077054337
1766,red,Ridge,-0.06883923320840413
1767,red,Ridge,-0.12274939470736762
1768,red,Ridge,-0.0696796844762243
1769,red,Ridge,-0.10697262958848497
1770,red,Ridge,-0.17573388599316075
1771,red,Ridge,-0.1121347606888965
1772,red,Ridge,-0.08126163583347834
1773,red,Ridge,-0.13055841908893595
1774,red,Ridge,-0.1066197209049764
1775,red,Ridge,-0.0740389694005838
1776,red,Ridge,-0.15152382278089727
1777,red,Ridge,-0.16471071048329233
1778,red,Ridge,-0.14061981328440593
1779,red,Ridge,-0.11520935616399697
1780,red,Ridge,-0.12791294240415996
1781,red,Ridge,-0.13007746447079538
1782,red,Ridge,-0.1104877905653735
1783,red,Ridge,-0.17696272324921725
1784,red,Ridge,-0.09502873732262329
1785,red,Ridge,-0.09187497487231489
1786,red,Ridge,-0.10365224587718425
1787,red,Ridge,-0.15590127392179276
1788,red,Ridge,-0.04054148675353064
1789,red,Ridge,-0.07712279486003559
1790,red,Ridge,-0.11490861418396547
1791,red,Ridge,-0.14773145605000715
1792,red,Ridge,-0.09126812627314651
1793,red,Ridge,-0.18285448021883366
1794,red,Ridge,-0.14528859118328047
1795,red,Ridge,-0.058555800060250185
1796,red,Ridge,-0.09542797923622681
1797,red,Ridge,-0.12769598304673346
1798,red,Ridge,-0.19524478975716242
1799,red,Ridge,-0.1195986335372422
1800,red,Ridge,-0.15417667090997866
1801,red,Ridge,-0.0839949955023861
1802,red,Ridge,-0.1850402890777948
1803,red,Ridge,-0.13664658621262604
1804,red,Ridge,-0.1624536199720824
1805,red,Ridge,-0.17480326557441073
1806,red,Ridge,-0.11249287827979615
1807,red,Ridge,-0.20142507003456595
1808,red,Ridge,-0.134337002427107
1809,red,Ridge,-0.14787884088004588
1810,red,Ridge,-0.15980114759205033
1811,red,Ridge,-0.16417707682460758
1812,red,Ridge,-0.1648878112708641
1813,red,Ridge,-0.0473415740457106
1814,red,Ridge,-0.1133612851672885
1815,red,Ridge,-0.10361534504064429
1816,red,Ridge,-0.14181771283887673
1817,red,Ridge,-0.13259647367557448
1818,red,Ridge,-0.09923345355807256
1819,red,Ridge,-0.1145013605377625
1820,red,Ridge,-0.07512136746694165
1821,red,Ridge,-0.07501850945105354
1822,red,Ridge,-0.12995533159033312
1823,red,Ridge,-0.09465894850909562
1824,red,Ridge,-0.1005374217172752
1825,red,Ridge,-0.1460901999791825
1826,red,Ridge,-0.15531254181215676
1827,red,Ridge,-0.07060576892933845
1828,red,Ridge,-0.16696658982283108
1829,red,Ridge,-0.09907995548204773
1830,red,Ridge,-0.13643350087459016
1831,red,Ridge,-0.08656939453923768
1832,red,Ridge,-0.16900284231686086
1833,red,Ridge,-0.16555392691280268
1834,red,Ridge,-0.1483607123454579
1835,red,Ridge,-0.11868758382001499
1836,red,Ridge,-0.07281297430899536
1837,red,Ridge,-0.0982429792986319
1838,red,Ridge,-0.09412045342826592
1839,red,Ridge,-0.13265456952844756
1840,red,Ridge,-0.117582139394665
1841,red,Ridge,-0.09437626675763766
1842,red,Ridge,-0.08923259503386272
1843,red,Ridge,-0.1531414357846178
1844,red,Ridge,-0.07385493695440826
1845,red,Ridge,-0.09523447920112782
1846,red,Ridge,-0.09123096004580666
1847,red,Ridge,-0.10725106322955902
1848,red,Ridge,-0.13181424385434204
1849,red,Ridge,-0.16733567272962457
1850,red,Ridge,-0.1251725359725432
1851,red,Ridge,-0.1291163310063933
1852,red,Ridge,-0.13005990605233986
1853,red,Ridge,-0.11031149506055138
1854,red,Ridge,-0.1444498213502753
1855,red,Ridge,-0.0678977562935279
1856,red,Ridge,-0.14541925101674763
1857,red,Ridge,-0.07775488217870097
1858,red,Ridge,-0.17249164407704148
1859,red,Ridge,-0.18591848571494562
1860,red,Ridge,-0.13971710856481712
1861,red,Ridge,-0.16155410455628816
1862,red,Ridge,-0.12785650426412165
1863,red,Ridge,-0.09913574213746901
1864,red,Ridge,-0.1376224654511251
1865,red,Ridge,-0.13736568014694228
1866,red,Ridge,-0.16939512160871617
1867,red,Ridge,-0.1002166456842799
1868,red,Ridge,-0.09860571755259273
1869,red,Ridge,-0.18828746607818292
1870,red,Ridge,-0.07461224691116641
1871,red,Ridge,-0.12381678482706548
1872,red,Ridge,-0.13564480503005516
1873,red,Ridge,-0.09595570433772255
1874,red,Ridge,-0.11051474886336388
1875,red,Ridge,-0.10894363943939389
1876,red,Ridge,-0.14762995077187485
1877,red,Ridge,-0.20428483231107764
1878,red,Ridge,-0.10217079405027962
1879,red,Ridge,-0.10599105520799196
1880,red,Ridge,-0.11123636221219702
1881,red,Ridge,-0.11965839204712492
1882,red,Ridge,-0.08557837070571983
1883,red,Ridge,-0.08842141104373302
1884,red,Ridge,-0.09991193069016857
1885,red,Ridge,-0.1070090074284118
1886,red,Ridge,-0.11029034667100457
1887,red,Ridge,-0.13879510227438252
1888,red,Ridge,-0.035483980963425976
1889,red,Ridge,-0.12678507249405624
1890,red,Ridge,-0.10157066126381242
1891,red,Ridge,-0.14018427976352937
1892,red,Ridge,-0.16829321012463194
1893,red,Ridge,-0.12794500266580178
1894,red,Ridge,-0.14214321674858
1895,red,Ridge,-0.13494691488636912
1896,red,Ridge,-0.0848130178215798
1897,red,Ridge,-0.0355161791345604
1898,red,Ridge,-0.08287085097237745
1899,red,Ridge,-0.11532727277855753
1900,red,Ridge,-0.14992240020974856
1901,red,Ridge,-0.09687301246719993
1902,red,Ridge,-0.16762100715799577
1903,red,Ridge,-0.17990709293857177
1904,red,Ridge,-0.06411178176567955
1905,red,Ridge,-0.09108700530007485
1906,red,Ridge,-0.12323064629606917
1907,red,Ridge,-0.1442929616605021
1908,red,Ridge,-0.1408623700770536
1909,red,Ridge,-0.15653518041076986
1910,red,Ridge,-0.10157872992825656
1911,red,Ridge,-0.11868312330710706
1912,red,Ridge,-0.11279075708675934
1913,red,Ridge,-0.14044242172717658
1914,red,Ridge,-0.08166755039416607
1915,red,Ridge,-0.11732778494865836
1916,red,Ridge,-0.10981285751393066
1917,red,Ridge,-0.1494976469463335
1918,red,Ridge,-0.08192573366218903
1919,red,Ridge,-0.1209439433095415
1920,red,Ridge,-0.11747221142533137
1921,red,Ridge,-0.10684517805433907
1922,red,Ridge,-0.14307685925927383
1923,red,Ridge,-0.1795944067721275
1924,red,Ridge,-0.09521836310646281
1925,red,Ridge,-0.1884123579223208
1926,red,Ridge,-0.1263565734683728
1927,red,Ridge,-0.1255800532271666
1928,red,Ridge,-0.1064638735630209
1929,red,Ridge,-0.19699942700208334
1930,red,Ridge,-0.15739193316987937
1931,red,Ridge,-0.1201880208018331
1932,red,Ridge,-0.08976266042535025
1933,red,Ridge,-0.11698438653913723
1934,red,Ridge,-0.20831635207525145
1935,red,Ridge,-0.08028899595929939
1936,red,Ridge,-0.1651120105474515
1937,red,Ridge,-0.09629603184994195
1938,red,Ridge,-0.1511256061523173
1939,red,Ridge,-0.14297523603205908
1940,red,Ridge,-0.06328095289210212
1941,red,Ridge,-0.07254571610868721
1942,red,Ridge,-0.10871467689946346
1943,red,Ridge,-0.14685591360904765
1944,red,Ridge,-0.08500075034616106
1945,red,Ridge,-0.15173481330501448
1946,red,Ridge,-0.09388344293410272
1947,red,Ridge,-0.1505661927486287
1948,red,Ridge,-0.16432672555285122
1949,red,Ridge,-0.1231046600755652
1950,red,Ridge,-0.12861278138873355
1951,red,Ridge,-0.151853252640821
1952,red,Ridge,-0.1542946002108364
1953,red,Ridge,-0.13909571032363877
1954,red,Ridge,-0.11428792913623786
1955,red,Ridge,-0.13763799955897182
1956,red,Ridge,-0.006576651822007729
1957,red,Ridge,-0.14343913648035456
1958,red,Ridge,-0.1353730780021205
1959,red,Ridge,-0.18114398187468506
1960,red,Ridge,-0.1782006002713591
1961,red,Ridge,-0.13184311858644282
1962,red,Ridge,-0.1227040045222334
1963,red,Ridge,-0.12459652592961701
1964,red,Ridge,-0.1056824528278828
1965,red,Ridge,-0.0689789175762413
1966,red,Ridge,-0.11118048790025131
1967,red,Ridge,-0.10258491383636192
1968,red,Ridge,-0.1208976334096662
1969,red,Ridge,-0.06779676247815114
1970,red,Ridge,-0.10038489153806873
1971,red,Ridge,-0.1542677578795808
1972,red,Ridge,-0.19553048682340268
1973,red,Ridge,-0.19245479770936624
1974,red,Ridge,-0.14976676655556542
1975,red,Ridge,-0.14854138101075165
1976,red,Ridge,-0.11141547099056703
1977,red,Ridge,-0.11790624347242573
1978,red,Ridge,-0.09479849274260677
1979,red,Ridge,-0.16751561649264224
1980,red,Ridge,-0.16820956203329818
1981,red,Ridge,-0.1324436331179577
1982,red,Ridge,-0.13458645318988538
1983,red,Ridge,-0.09535003009397469
1984,red,Ridge,-0.05725744929084364
1985,red,Ridge,-0.14582458286685407
1986,red,Ridge,-0.11865067788910727
1987,red,Ridge,-0.10922270832668768
1988,red,Ridge,-0.059084014455496825
1989,red,Ridge,-0.1363096030512997
1990,red,Ridge,-0.18736599692957778
1991,red,Ridge,-0.18265370461284747
1992,red,Ridge,-0.15121607326893116
1993,red,Ridge,-0.0874028143046306
1994,red,Ridge,-0.17633288788802026
1995,red,Ridge,-0.14951568290922634
1996,red,Ridge,-0.11430869747101458
1997,red,Ridge,-0.11925895920733975
1998,red,Ridge,-0.1266357115566803
1999,red,Ridge,-0.15116964721545023
0,red,随机森林,-0.131651354639037
1,red,随机森林,-0.20425774264113794
2,red,随机森林,-0.15941943011179638
3,red,随机森林,-0.15698163540731636
4,red,随机森林,-0.15445704495226603
5,red,随机森林,-0.1806318667785286
6,red,随机森林,-0.24046825665500082
7,red,随机森林,-0.045891685640424784
8,red,随机森林,-0.1492165632965094
9,red,随机森林,-0.1156113705234752
10,red,随机森林,-0.13245056773216768
11,red,随机森林,-0.2018946459327714
12,red,随机森林,-0.21112853445775115
13,red,随机森林,-0.1432671189110657
14,red,随机森林,-0.14598453541703738
15,red,随机森林,-0.12936431103847024
16,red,随机森林,-0.1667088431540546
17,red,随机森林,-0.1278820474255612
18,red,随机森林,-0.06321536850157272
19,red,随机森林,-0.17219050918829037
20,red,随机森林,-0.14753559275850225
21,red,随机森林,-0.18747023693273712
22,red,随机森林,-0.19828376196960995
23,red,随机森林,-0.1646519618961908
24,red,随机森林,-0.15876764092004425
25,red,随机森林,-0.07839747056679303
26,red,随机森林,-0.08605264318566463
27,red,随机森林,-0.11698842816603505
28,red,随机森林,-0.11600675850125564
29,red,随机森林,-0.08770023657935266
30,red,随机森林,-0.1383896802502067
31,red,随机森林,-0.1608745240646069
32,red,随机森林,-0.07443042959518875
33,red,随机森林,-0.1381420628490616
34,red,随机森林,-0.1304706205202773
35,red,随机森林,-0.12422661189993245
36,red,随机森林,-0.1981811974674647
37,red,随机森林,-0.081355553155804
38,red,随机森林,-0.14446448744406648
39,red,随机森林,-0.20773374655618132
40,red,随机森林,-0.15855991582941842
41,red,随机森林,-0.09098621476164759
42,red,随机森林,-0.04977521901599341
43,red,随机森林,-0.18852427275574218
44,red,随机森林,-0.18844482848046407
45,red,随机森林,-0.1868316335375404
46,red,随机森林,-0.15076917315493538
47,red,随机森林,-0.1870169212813239
48,red,随机森林,-0.15062804420475562
49,red,随机森林,-0.17233397945227935
50,red,随机森林,-0.18401190587611904
51,red,随机森林,-0.17590381055500665
52,red,随机森林,-0.134906536826291
53,red,随机森林,-0.12069430336352788
54,red,随机森林,-0.20597451452866428
55,red,随机森林,-0.15559167737256063
56,red,随机森林,-0.10563148096139258
57,red,随机森林,-0.12959555511992826
58,red,随机森林,-0.09496248039033195
59,red,随机森林,-0.11850315703259506
60,red,随机森林,-0.11255622833279483
61,red,随机森林,-0.1600446588947434
62,red,随机森林,-0.10845512090923792
63,red,随机森林,-0.14723252118222152
64,red,随机森林,-0.172543973030159
65,red,随机森林,-0.1570494514726707
66,red,随机森林,-0.07036122231468689
67,red,随机森林,-0.14178077809906564
68,red,随机森林,-0.14452460854023852
69,red,随机森林,-0.0887768137920516
70,red,随机森林,-0.08102484810148325
71,red,随机森林,-0.14482978015064374
72,red,随机森林,-0.08972895897351152
73,red,随机森林,-0.11816666299743472
74,red,随机森林,-0.10871384629327274
75,red,随机森林,-0.13822558278317743
76,red,随机森林,-0.20020693717041083
77,red,随机森林,-0.12343587948253487
78,red,随机森林,-0.13872197402879172
79,red,随机森林,-0.13285992736931507
80,red,随机森林,-0.09092440472503804
81,red,随机森林,-0.13908062153603096
82,red,随机森林,-0.11466256723810353
83,red,随机森林,-0.17576412246876366
84,red,随机森林,-0.15289550877172053
85,red,随机森林,-0.16281694582469203
86,red,随机森林,-0.12848977054323896
87,red,随机森林,-0.14097955214568014
88,red,随机森林,-0.09320723965805078
89,red,随机森林,-0.1314948726018801
90,red,随机森林,-0.1407381275180586
91,red,随机森林,-0.0954253530009117
92,red,随机森林,-0.14116290258570802
93,red,随机森林,-0.07057691755283035
94,red,随机森林,-0.13512770522142392
95,red,随机森林,-0.07807517689485488
96,red,随机森林,-0.06607519260670536
97,red,随机森林,-0.1594760228607055
98,red,随机森林,-0.16388192955139103
99,red,随机森林,-0.09457438065348156
100,red,随机森林,-0.15132006600643094
101,red,随机森林,-0.11340222633370323
102,red,随机森林,-0.10775896900154769
103,red,随机森林,-0.1821281334355026
104,red,随机森林,-0.10775408187665747
105,red,随机森林,-0.12576070794932748
106,red,随机森林,-0.1441446092767007
107,red,随机森林,-0.1753324933817642
108,red,随机森林,-0.13865752783286767
109,red,随机森林,-0.2063665579074972
110,red,随机森林,-0.06805835715493391
111,red,随机森林,-0.14525054548948335
112,red,随机森林,-0.1694836243425918
113,red,随机森林,-0.17077966327206962
114,red,随机森林,-0.17378203786862323
115,red,随机森林,-0.2105089739066417
116,red,随机森林,-0.1728484961636188
117,red,随机森林,-0.11711846694882927
118,red,随机森林,-0.09705979441438262
119,red,随机森林,-0.11093023862497675
120,red,随机森林,-0.1625790519687721
121,red,随机森林,-0.1065728850812937
122,red,随机森林,-0.12811034080256167
123,red,随机森林,-0.18051820197443713
124,red,随机森林,-0.10716778848572472
125,red,随机森林,-0.19891030156965728
126,red,随机森林,-0.09959108353127277
127,red,随机森林,-0.16054030265950037
128,red,随机森林,-0.13829144647648284
129,red,随机森林,-0.16574848131302466
130,red,随机森林,-0.11964812947747194
131,red,随机森林,-0.09482026443100411
132,red,随机森林,-0.10462467859657654
133,red,随机森林,-0.08706223601708252
134,red,随机森林,-0.1355070157218951
135,red,随机森林,-0.15736759022149988
136,red,随机森林,-0.08606835930019396
137,red,随机森林,-0.1547956895651375
138,red,随机森林,-0.15180244964570971
139,red,随机森林,-0.1650782924416797
140,red,随机森林,-0.12285486191962086
141,red,随机森林,-0.23047030159014986
142,red,随机森林,-0.13767656057252425
143,red,随机森林,-0.13332054192723292
144,red,随机森林,-0.16229147875141336
145,red,随机森林,-0.18210776108532728
146,red,随机森林,-0.11553575619899947
147,red,随机森林,-0.12122224464065623
148,red,随机森林,-0.21215121223328248
149,red,随机森林,-0.12203423207841324
150,red,随机森林,-0.15863164018969333
151,red,随机森林,-0.13820427066989227
152,red,随机森林,-0.12462742574640584
153,red,随机森林,-0.20653055299041578
154,red,随机森林,-0.12069567284259197
155,red,随机森林,-0.1619525933054647
156,red,随机森林,-0.15972085263608538
157,red,随机森林,-0.13342009999066495
158,red,随机森林,-0.15923795119249645
159,red,随机森林,-0.15718455416015936
160,red,随机森林,-0.14049551333918486
161,red,随机森林,-0.10697998349441329
162,red,随机森林,-0.17621932502686055
163,red,随机森林,-0.13439988904493372
164,red,随机森林,-0.15580374962268217
165,red,随机森林,-0.11355679986296141
166,red,随机森林,-0.13687307329320797
167,red,随机森林,-0.15883724892660034
168,red,随机森林,-0.18727275341230415
169,red,随机森林,-0.14544056449871495
170,red,随机森林,-0.04971271316730186
171,red,随机森林,-0.08757666704713407
172,red,随机森林,-0.126176521163687
173,red,随机森林,-0.09782286771018567
174,red,随机森林,-0.1383076600237445
175,red,随机森林,-0.13772863310568295
176,red,随机森林,-0.09403865386509491
177,red,随机森林,-0.16118498976040885
178,red,随机森林,-0.11867758781535337
179,red,随机森林,-0.06726502127094253
180,red,随机森林,-0.14286205308274957
181,red,随机森林,-0.13966414048105247
182,red,随机森林,-0.17910465255628905
183,red,随机森林,-0.16534772300195333
184,red,随机森林,-0.1676109039518044
185,red,随机森林,-0.1663399959294698
186,red,随机森林,-0.18770543648709748
187,red,随机森林,-0.16036692871881975
188,red,随机森林,-0.13680060151934986
189,red,随机森林,-0.09586263768742981
190,red,随机森林,-0.16167274940097298
191,red,随机森林,-0.17858443094096044
192,red,随机森林,-0.10471330180559357
193,red,随机森林,-0.09348166379061351
194,red,随机森林,-0.13193012953436434
195,red,随机森林,-0.1624793604395251
196,red,随机森林,-0.11647156952177351
197,red,随机森林,-0.11270112542467403
198,red,随机森林,-0.1500351025521824
199,red,随机森林,-0.12317438865618757
200,red,随机森林,-0.17746724649529888
201,red,随机森林,-0.11336693450124041
202,red,随机森林,-0.10533547639745144
203,red,随机森林,-0.04529841632009379
204,red,随机森林,-0.11721550279400506
205,red,随机森林,-0.14768152570139642
206,red,随机森林,-0.15650157275909804
207,red,随机森林,-0.12125698915204519
208,red,随机森林,-0.196399665626803
209,red,随机森林,-0.1011885885180469
210,red,随机森林,-0.1647088475464713
211,red,随机森林,-0.12099870054818018
212,red,随机森林,-0.11885727775500554
213,red,随机森林,-0.1933016093550784
214,red,随机森林,-0.11977962341787829
215,red,随机森林,-0.12563129195935097
216,red,随机森林,-0.12189451638530036
217,red,随机森林,-0.07959078952413412
218,red,随机森林,-0.08617766334644672
219,red,随机森林,-0.10941088799427634
220,red,随机森林,-0.08776909958514151
221,red,随机森林,-0.1410856030652431
222,red,随机森林,-0.11558091131998804
223,red,随机森林,-0.10038061595010028
224,red,随机森林,-0.2280138781839024
225,red,随机森林,-0.1999979735918086
226,red,随机森林,-0.21797715553706581
227,red,随机森林,-0.10825486778818616
228,red,随机森林,-0.143318455690369
229,red,随机森林,-0.08823306724652125
230,red,随机森林,-0.15547258102229689
231,red,随机森林,-0.19754166821630215
232,red,随机森林,-0.13921553029676814
233,red,随机森林,-0.11851229672819241
234,red,随机森林,-0.16316317017208803
235,red,随机森林,-0.10231037305192725
236,red,随机森林,-0.09745533319953448
237,red,随机森林,-0.15258700281931514
238,red,随机森林,-0.1656264107711835
239,red,随机森林,-0.12822386681650205
240,red,随机森林,-0.11969093362999783
241,red,随机森林,-0.10858463317091205
242,red,随机森林,-0.14634232284943072
243,red,随机森林,-0.17805957788657573
244,red,随机森林,-0.1564187143984695
245,red,随机森林,-0.1218761200601639
246,red,随机森林,-0.08131334832932735
247,red,随机森林,-0.1826442780945431
248,red,随机森林,-0.09676305814113384
249,red,随机森林,-0.14627257303813707
250,red,随机森林,-0.17107829832343607
251,red,随机森林,-0.18703700573443827
252,red,随机森林,-0.1895932812928135
253,red,随机森林,-0.17698048149244378
254,red,随机森林,-0.1362080502955178
255,red,随机森林,-0.22112685550830874
256,red,随机森林,-0.14844098406163841
257,red,随机森林,-0.10915650374816788
258,red,随机森林,-0.08731134636859517
259,red,随机森林,-0.12053172866857054
260,red,随机森林,-0.12415057403494856
261,red,随机森林,-0.09877728655820317
262,red,随机森林,-0.1544176035957181
263,red,随机森林,-0.16472876253932334
264,red,随机森林,-0.17101892567252458
265,red,随机森林,-0.16586476090569297
266,red,随机森林,-0.17139497180503216
267,red,随机森林,-0.2533051999148043
268,red,随机森林,-0.2377892813754593
269,red,随机森林,-0.17888683282948292
270,red,随机森林,-0.1438774023504391
271,red,随机森林,-0.08616254297851811
272,red,随机森林,-0.17429170733852561
273,red,随机森林,-0.10283423227415223
274,red,随机森林,-0.1841965418843053
275,red,随机森林,-0.14540910953554587
276,red,随机森林,-0.1028633072079923
277,red,随机森林,-0.16012675915124114
278,red,随机森林,-0.10032062933882124
279,red,随机森林,-0.1933807007208358
280,red,随机森林,-0.17773402462685262
281,red,随机森林,-0.15881405884550065
282,red,随机森林,-0.1192353376924512
283,red,随机森林,-0.12868628000075355
284,red,随机森林,-0.16130979347425428
285,red,随机森林,-0.13988547614760438
286,red,随机森林,-0.13834373762252195
287,red,随机森林,-0.06820254863815517
288,red,随机森林,-0.06404043749493848
289,red,随机森林,-0.17221211846857593
290,red,随机森林,-0.13769488091297621
291,red,随机森林,-0.1418823853159049
292,red,随机森林,-0.11814712252149873
293,red,随机森林,-0.11707056469066379
294,red,随机森林,-0.19438554676949726
295,red,随机森林,-0.11654316492008532
296,red,随机森林,-0.16200571395997054
297,red,随机森林,-0.0620003598006158
298,red,随机森林,-0.15229334614838969
299,red,随机森林,-0.17845228709720767
300,red,随机森林,-0.1463105448534614
301,red,随机森林,-0.12110868546280762
302,red,随机森林,-0.10210123777038049
303,red,随机森林,-0.1742026251552471
304,red,随机森林,-0.11942041002435866
305,red,随机森林,-0.08860267476140693
306,red,随机森林,-0.16538988405504235
307,red,随机森林,-0.12280022255617845
308,red,随机森林,-0.20626266797045323
309,red,随机森林,-0.21500160933485002
310,red,随机森林,-0.10873155320440964
311,red,随机森林,-0.2511575610712809
312,red,随机森林,-0.11555850336736395
313,red,随机森林,-0.12074770123653078
314,red,随机森林,-0.13519078092042514
315,red,随机森林,-0.08195866448414357
316,red,随机森林,-0.17986956612466565
317,red,随机森林,-0.06662289616160544
318,red,随机森林,-0.17972485922325565
319,red,随机森林,-0.20656716501275435
320,red,随机森林,-0.10501703138550689
321,red,随机森林,-0.07052449232733399
322,red,随机森林,-0.1602254238071863
323,red,随机森林,-0.15234028654462495
324,red,随机森林,-0.08487293538520502
325,red,随机森林,-0.1461526328462489
326,red,随机森林,-0.09818767203252377
327,red,随机森林,-0.11704689167276983
328,red,随机森林,-0.05491956517380059
329,red,随机森林,-0.1288625141045996
330,red,随机森林,-0.13064902857135924
331,red,随机森林,-0.08706033518237044
332,red,随机森林,-0.17590480794917374
333,red,随机森林,-0.10830927540695257
334,red,随机森林,-0.10002167095937464
335,red,随机森林,-0.1640798139317743
336,red,随机森林,-0.17010541104239918
337,red,随机森林,-0.12031706713737378
338,red,随机森林,-0.21633589922095653
339,red,随机森林,-0.10659418191236292
340,red,随机森林,-0.11129184090985139
341,red,随机森林,-0.14007837663997147
342,red,随机森林,-0.046346278186497
343,red,随机森林,-0.1613645211682576
344,red,随机森林,-0.1885264759055349
345,red,随机森林,-0.17296692776381434
346,red,随机森林,-0.2133931532577859
347,red,随机森林,-0.06349555060566836
348,red,随机森林,-0.16340539783844
349,red,随机森林,-0.12784972771382414
350,red,随机森林,-0.10021561582752248
351,red,随机森林,-0.15429717592810221
352,red,随机森林,-0.1221742372445268
353,red,随机森林,-0.1486857091525577
354,red,随机森林,-0.13617881377285979
355,red,随机森林,-0.08975603512576158
356,red,随机森林,-0.19600797858422753
357,red,随机森林,-0.14173992805152613
358,red,随机森林,-0.13990435475120888
359,red,随机森林,-0.0992281776957421
360,red,随机森林,-0.1629547104536631
361,red,随机森林,-0.20100842961111143
362,red,随机森林,-0.09859012696590408
363,red,随机森林,-0.17349129239713434
364,red,随机森林,-0.14519150466437808
365,red,随机森林,-0.1338875211574096
366,red,随机森林,-0.14025705126152832
367,red,随机森林,-0.18142235812558322
368,red,随机森林,-0.1294563655304622
369,red,随机森林,-0.06204573002497282
370,red,随机森林,-0.1812654038537031
371,red,随机森林,-0.07430220387203668
372,red,随机森林,-0.2348061546104912
373,red,随机森林,-0.132160154219077
374,red,随机森林,-0.13787112313997607
375,red,随机森林,-0.12360479918006911
376,red,随机森林,-0.10856872925890793
377,red,随机森林,-0.07419665881676307
378,red,随机森林,-0.06486121297997327
379,red,随机森林,-0.09065817361529094
380,red,随机森林,-0.16262348622313716
381,red,随机森林,-0.1679244660886262
382,red,随机森林,-0.10916740657910601
383,red,随机森林,-0.1401196094613777
384,red,随机森林,-0.09509674415366132
385,red,随机森林,-0.1804541814920555
386,red,随机森林,-0.1030150296238661
387,red,随机森林,-0.16421828323898657
388,red,随机森林,-0.21553341545109533
389,red,随机森林,-0.12040861951767301
390,red,随机森林,-0.08500339264087386
391,red,随机森林,-0.14749526738396546
392,red,随机森林,-0.1712502113667308
393,red,随机森林,-0.1151993552941758
394,red,随机森林,-0.13351721714445364
395,red,随机森林,-0.10255701192324806
396,red,随机森林,-0.09878578370785496
397,red,随机森林,-0.12662364100614526
398,red,随机森林,-0.12820695629216694
399,red,随机森林,-0.0853438493392652
400,red,随机森林,-0.15856443751780636
401,red,随机森林,-0.1474228646532053
402,red,随机森林,-0.07075163655670713
403,red,随机森林,-0.14924895181182274
404,red,随机森林,-0.14607370987984714
405,red,随机森林,-0.13594643809150386
406,red,随机森林,-0.11338916251148945
407,red,随机森林,-0.20949099943414856
408,red,随机森林,-0.10164308692070517
409,red,随机森林,-0.15955640234840696
410,red,随机森林,-0.16868065636700702
411,red,随机森林,-0.08084966431784102
412,red,随机森林,-0.13871868413703214
413,red,随机森林,-0.11195239594532325
414,red,随机森林,-0.11620127370873834
415,red,随机森林,-0.1964975469060803
416,red,随机森林,-0.1760021714324106
417,red,随机森林,-0.12016623115557146
418,red,随机森林,-0.12537143578319987
419,red,随机森林,-0.15235527146345407
420,red,随机森林,-0.15021234568822972
421,red,随机森林,-0.12087018612043221
422,red,随机森林,-0.15691909846929608
423,red,随机森林,-0.14946261325090882
424,red,随机森林,-0.14294538374947752
425,red,随机森林,-0.14427772353379986
426,red,随机森林,-0.12641763375018267
427,red,随机森林,-0.14375162208717152
428,red,随机森林,-0.11624017513055318
429,red,随机森林,-0.19699782933480625
430,red,随机森林,-0.17029438964843024
431,red,随机森林,-0.15216165326698422
432,red,随机森林,-0.158074786567382
433,red,随机森林,-0.11610973361769172
434,red,随机森林,-0.1513126694107666
435,red,随机森林,-0.14679547943321658
436,red,随机森林,-0.12323869181000491
437,red,随机森林,-0.10798432707091965
438,red,随机森林,-0.1606551369356073
439,red,随机森林,-0.1518123188396861
440,red,随机森林,-0.06719411050127777
441,red,随机森林,-0.1351870679336823
442,red,随机森林,-0.16828791997117198
443,red,随机森林,-0.09253320007683996
444,red,随机森林,-0.13958468648760025
445,red,随机森林,-0.13943087921795155
446,red,随机森林,-0.1973453608743747
447,red,随机森林,-0.09753162881397548
448,red,随机森林,-0.15552124550669472
449,red,随机森林,-0.11249066734540458
450,red,随机森林,-0.08783855524192352
451,red,随机森林,-0.120666687202444
452,red,随机森林,-0.1762155194897197
453,red,随机森林,-0.19298865894567385
454,red,随机森林,-0.129328041206062
455,red,随机森林,-0.13691851811518818
456,red,随机森林,-0.11990717558296637
457,red,随机森林,-0.17693097439569572
458,red,随机森林,-0.08609102932543683
459,red,随机森林,-0.10105627207887136
460,red,随机森林,-0.1629893567607275
461,red,随机森林,-0.11556948203837691
462,red,随机森林,-0.14085987718094295
463,red,随机森林,-0.23634066912321466
464,red,随机森林,-0.19635302626889406
465,red,随机森林,-0.12693039585605115
466,red,随机森林,-0.09686629241844036
467,red,随机森林,-0.15969710584340369
468,red,随机森林,-0.18201961682887136
469,red,随机森林,-0.20577395650840524
470,red,随机森林,-0.11833084711248176
471,red,随机森林,-0.1665631673618293
472,red,随机森林,-0.15133028791020364
473,red,随机森林,-0.1923187383271942
474,red,随机森林,-0.1080247879191335
475,red,随机森林,-0.11667692523222373
476,red,随机森林,-0.06766674418811391
477,red,随机森林,-0.08621851490013255
478,red,随机森林,-0.1520061721978715
479,red,随机森林,-0.13215390541550415
480,red,随机森林,-0.10328839533129042
481,red,随机森林,-0.14852225654554096
482,red,随机森林,-0.15295489419320252
483,red,随机森林,-0.17654552445736788
484,red,随机森林,-0.1535870398104946
485,red,随机森林,-0.08627029757378679
486,red,随机森林,-0.12936964935145345
487,red,随机森林,-0.14134308704927634
488,red,随机森林,-0.08361647563141605
489,red,随机森林,-0.14781358889269985
490,red,随机森林,-0.08737106087956303
491,red,随机森林,-0.17600352779639894
492,red,随机森林,-0.159444500825493
493,red,随机森林,-0.155133779063642
494,red,随机森林,-0.15205679678325712
495,red,随机森林,-0.21116416998082255
496,red,随机森林,-0.09012678710146083
497,red,随机森林,-0.1121255809070637
498,red,随机森林,-0.13539567189040047
499,red,随机森林,-0.10829968852968408
500,red,随机森林,-0.07126543132443908
501,red,随机森林,-0.11038193712114286
502,red,随机森林,-0.14343236576709734
503,red,随机森林,-0.16503627564506312
504,red,随机森林,-0.19740412153902004
505,red,随机森林,-0.20750283417823068
506,red,随机森林,-0.09533344909035385
507,red,随机森林,-0.04597855591574407
508,red,随机森林,-0.2019548413333494
509,red,随机森林,-0.11446233543588114
510,red,随机森林,-0.08509237672564063
511,red,随机森林,-0.06932543764243754
512,red,随机森林,-0.22770777077129994
513,red,随机森林,-0.10843983923068146
514,red,随机森林,-0.09366725085815764
515,red,随机森林,-0.20552345033607278
516,red,随机森林,-0.15910592314109961
517,red,随机森林,-0.19264720121929513
518,red,随机森林,-0.17421127621827326
519,red,随机森林,-0.15052175721260352
520,red,随机森林,-0.12013547169935279
521,red,随机森林,-0.06986273280350452
522,red,随机森林,-0.1302835295102831
523,red,随机森林,-0.07567566373357343
524,red,随机森林,-0.11768960728107392
525,red,随机森林,-0.1548569597896925
526,red,随机森林,-0.16163879393503622
527,red,随机森林,-0.11672539965603446
528,red,随机森林,-0.1717021773063963
529,red,随机森林,-0.14920991071691392
530,red,随机森林,-0.1457133725680777
531,red,随机森林,-0.08080920564967548
532,red,随机森林,-0.10076770970494908
533,red,随机森林,-0.08965006782076534
534,red,随机森林,-0.20762298494450748
535,red,随机森林,-0.12690791899828857
536,red,随机森林,-0.1857789413141414
537,red,随机森林,-0.14398710099461332
538,red,随机森林,-0.15289656558297016
539,red,随机森林,-0.11783389615251405
540,red,随机森林,-0.18688576195657292
541,red,随机森林,-0.13040179586090572
542,red,随机森林,-0.17963247837445417
543,red,随机森林,-0.08879106594361252
544,red,随机森林,-0.18643736986694176
545,red,随机森林,-0.09408084078555168
546,red,随机森林,-0.13783137086240216
547,red,随机森林,-0.15489698831100052
548,red,随机森林,-0.10137376510194407
549,red,随机森林,-0.05106995827314309
550,red,随机森林,-0.1650445581368613
551,red,随机森林,-0.15058257880430365
552,red,随机森林,-0.0991635062500279
553,red,随机森林,-0.12103278667557749
554,red,随机森林,-0.16202733741947695
555,red,随机森林,-0.09899219272867521
556,red,随机森林,-0.12687244578956486
557,red,随机森林,-0.07246841380149016
558,red,随机森林,-0.18308029861145148
559,red,随机森林,-0.17345621334818206
560,red,随机森林,-0.15802478150058585
561,red,随机森林,-0.16259703372677126
562,red,随机森林,-0.17554410867597003
563,red,随机森林,-0.23343680182577486
564,red,随机森林,-0.1758255696307739
565,red,随机森林,-0.1598283592063129
566,red,随机森林,-0.15175310353994464
567,red,随机森林,-0.14958370019663625
568,red,随机森林,-0.148082671545537
569,red,随机森林,-0.12414470305381808
570,red,随机森林,-0.14301481596701338
571,red,随机森林,-0.12896663977140155
572,red,随机森林,-0.18510117897111122
573,red,随机森林,-0.15794934072662126
574,red,随机森林,-0.16853042152427
575,red,随机森林,-0.11246900898356949
576,red,随机森林,-0.16006510913120497
577,red,随机森林,-0.13173797984594582
578,red,随机森林,-0.18664588813432492
579,red,随机森林,-0.19978819668203485
580,red,随机森林,-0.16007114355268515
581,red,随机森林,-0.1375796382796618
582,red,随机森林,-0.1250859624040258
583,red,随机森林,-0.16514290702984258
584,red,随机森林,-0.07680513705628755
585,red,随机森林,-0.19353283983079894
586,red,随机森林,-0.1367284727537551
587,red,随机森林,-0.1390903690963069
588,red,随机森林,-0.1688621135087574
589,red,随机森林,-0.13687888230492806
590,red,随机森林,-0.12784655833293923
591,red,随机森林,-0.06353710120584571
592,red,随机森林,-0.09819603913560926
593,red,随机森林,-0.15431028892664378
594,red,随机森林,-0.12462801606477869
595,red,随机森林,-0.1635539383100139
596,red,随机森林,-0.0931394785894688
597,red,随机森林,-0.09693493702001033
598,red,随机森林,-0.17436813036357424
599,red,随机森林,-0.11725742515301141
600,red,随机森林,-0.17164803065822665
601,red,随机森林,-0.17301089164622835
602,red,随机森林,-0.1841765373081723
603,red,随机森林,-0.10270034016833673
604,red,随机森林,-0.16446055216732552
605,red,随机森林,-0.11110487766520682
606,red,随机森林,-0.04322527067441129
607,red,随机森林,-0.0927064783428081
608,red,随机森林,-0.12516922415822573
609,red,随机森林,-0.174515365335063
610,red,随机森林,-0.10331241628539273
611,red,随机森林,-0.11041318095208474
612,red,随机森林,-0.18087199249433433
613,red,随机森林,-0.16555137807584297
614,red,随机森林,-0.12683706329787225
615,red,随机森林,-0.09518535648830484
616,red,随机森林,-0.13834889669803974
617,red,随机森林,-0.08773590633064399
618,red,随机森林,-0.13762103391721192
619,red,随机森林,-0.16380516913105725
620,red,随机森林,-0.11383454247892799
621,red,随机森林,-0.15649124516466478
622,red,随机森林,-0.12768256274829726
623,red,随机森林,-0.1868420599000321
624,red,随机森林,-0.11955666079225524
625,red,随机森林,-0.14082510035881912
626,red,随机森林,-0.08957060424154151
627,red,随机森林,-0.16212935713144255
628,red,随机森林,-0.1629073140775983
629,red,随机森林,-0.12779692968854617
630,red,随机森林,-0.10069555148838855
631,red,随机森林,-0.17158440814412768
632,red,随机森林,-0.14240676812588765
633,red,随机森林,-0.13883726769766247
634,red,随机森林,-0.11352931643714004
635,red,随机森林,-0.12397735255895309
636,red,随机森林,-0.07850241166840954
637,red,随机森林,-0.13524270288703633
638,red,随机森林,-0.17299518683156745
639,red,随机森林,-0.14001964030165925
640,red,随机森林,-0.1767968839440741
641,red,随机森林,-0.09334708259276514
642,red,随机森林,-0.12950784103196578
643,red,随机森林,-0.15231441698554538
644,red,随机森林,-0.14368502875785494
645,red,随机森林,-0.16932316672729542
646,red,随机森林,-0.09751247041524747
647,red,随机森林,-0.1070772591479704
648,red,随机森林,-0.1058515900452015
649,red,随机森林,-0.12294394857722096
650,red,随机森林,-0.15437019380740608
651,red,随机森林,-0.10746783185986075
652,red,随机森林,-0.09128857344100694
653,red,随机森林,-0.1199615069717157
654,red,随机森林,-0.1508293666744841
655,red,随机森林,-0.14063041282702127
656,red,随机森林,-0.1710077175348521
657,red,随机森林,-0.13789160381857368
658,red,随机森林,-0.16489014267314223
659,red,随机森林,-0.053839474202865056
660,red,随机森林,-0.084662803255105
661,red,随机森林,-0.13818671473098842
662,red,随机森林,-0.06851392201812712
663,red,随机森林,-0.17612373529328784
664,red,随机森林,-0.19514163117840805
665,red,随机森林,-0.16716121699647668
666,red,随机森林,-0.12910239040526678
667,red,随机森林,-0.165212914182589
668,red,随机森林,-0.19491062028146044
669,red,随机森林,-0.1105759488699476
670,red,随机森林,-0.17860049723087584
671,red,随机森林,-0.2236144167856236
672,red,随机森林,-0.16310059741438626
673,red,随机森林,-0.06912935310527757
674,red,随机森林,-0.12918373679720463
675,red,随机森林,-0.09834105108054614
676,red,随机森林,-0.15589169662715707
677,red,随机森林,-0.0869862001603584
678,red,随机森林,-0.09704389952544246
679,red,随机森林,-0.11638740277003112
680,red,随机森林,-0.18638931479894844
681,red,随机森林,-0.037130866491348
682,red,随机森林,-0.16225746231779092
683,red,随机森林,-0.1779642865992388
684,red,随机森林,-0.17221131211094876
685,red,随机森林,-0.26265404122366265
686,red,随机森林,-0.1487002260746142
687,red,随机森林,-0.096886893796442
688,red,随机森林,-0.14276213598360288
689,red,随机森林,-0.09624785675183023
690,red,随机森林,-0.11522983588991409
691,red,随机森林,-0.08922079085333079
692,red,随机森林,-0.12535417186008013
693,red,随机森林,-0.15041219116452942
694,red,随机森林,-0.1570596000026332
695,red,随机森林,-0.1882167217748596
696,red,随机森林,-0.17988956734456624
697,red,随机森林,-0.08253010491232737
698,red,随机森林,-0.19095397351828342
699,red,随机森林,-0.12462515998610846
700,red,随机森林,-0.22933388479062433
701,red,随机森林,-0.13180087209303815
702,red,随机森林,-0.1777792995580872
703,red,随机森林,-0.16984045001337444
704,red,随机森林,-0.09478656495189192
705,red,随机森林,-0.1227002389201961
706,red,随机森林,-0.16769192037960967
707,red,随机森林,-0.08253248192375895
708,red,随机森林,-0.18299072602832295
709,red,随机森林,-0.1640755041698051
710,red,随机森林,-0.17294274706304263
711,red,随机森林,-0.10634437599458368
712,red,随机森林,-0.1947478840679595
713,red,随机森林,-0.17033446843720723
714,red,随机森林,-0.08741519727100255
715,red,随机森林,-0.13626758752655255
716,red,随机森林,-0.119178934571874
717,red,随机森林,-0.1692544981495715
718,red,随机森林,-0.11758118186274152
719,red,随机森林,-0.09382438879497917
720,red,随机森林,-0.08746066598290336
721,red,随机森林,-0.1422892894965806
722,red,随机森林,-0.10552949803862577
723,red,随机森林,-0.19027815291264222
724,red,随机森林,-0.1372737966864871
725,red,随机森林,-0.12089242546984313
726,red,随机森林,-0.16577778167169754
727,red,随机森林,-0.159653731960895
728,red,随机森林,-0.10949569842818374
729,red,随机森林,-0.12697452552791877
730,red,随机森林,-0.13908518797400699
731,red,随机森林,-0.1171782172077962
732,red,随机森林,-0.17884400353805996
733,red,随机森林,-0.10656314626172303
734,red,随机森林,-0.09834017543298357
735,red,随机森林,-0.1685774256652809
736,red,随机森林,-0.13641976297099423
737,red,随机森林,-0.19999763437617957
738,red,随机森林,-0.23140135134014134
739,red,随机森林,-0.09850975496821557
740,red,随机森林,-0.13722590450205674
741,red,随机森林,-0.15547720872127885
742,red,随机森林,-0.052372679997157334
743,red,随机森林,-0.17928319364391032
744,red,随机森林,-0.148060566739451
745,red,随机森林,-0.20851131938096235
746,red,随机森林,-0.20388874165070825
747,red,随机森林,-0.17766057803847152
748,red,随机森林,-0.0673593220083909
749,red,随机森林,-0.12116596781994848
750,red,随机森林,-0.2103960201556413
751,red,随机森林,-0.13954546079901364
752,red,随机森林,-0.15862440339553208
753,red,随机森林,-0.09201844857052988
754,red,随机森林,-0.1250679112830974
755,red,随机森林,-0.050791474685316196
756,red,随机森林,-0.10939988244001642
757,red,随机森林,-0.1295466454135601
758,red,随机森林,-0.11941090895301876
759,red,随机森林,-0.18431257602456064
760,red,随机森林,-0.13513382414878328
761,red,随机森林,-0.13599356848339567
762,red,随机森林,-0.1516971936023731
763,red,随机森林,-0.25689778806487273
764,red,随机森林,-0.14086443878426447
765,red,随机森林,-0.1416131830020788
766,red,随机森林,-0.19529408273030457
767,red,随机森林,-0.16880250862837554
768,red,随机森林,-0.11933525656296684
769,red,随机森林,-0.18653051268013998
770,red,随机森林,-0.1674881280270099
771,red,随机森林,-0.16829180690315582
772,red,随机森林,-0.11752226296897489
773,red,随机森林,-0.10277301002502937
774,red,随机森林,-0.14249304915800287
775,red,随机森林,-0.17090328199253824
776,red,随机森林,-0.09069611391467836
777,red,随机森林,-0.1567150450771717
778,red,随机森林,-0.1580998520294319
779,red,随机森林,-0.1645255123526036
780,red,随机森林,-0.13895986927487003
781,red,随机森林,-0.11009980121832025
782,red,随机森林,-0.12275694624870481
783,red,随机森林,-0.07468463145554616
784,red,随机森林,-0.13886986619975872
785,red,随机森林,-0.05016141803427687
786,red,随机森林,-0.1752884160094736
787,red,随机森林,-0.18239859689860138
788,red,随机森林,-0.1395220113076217
789,red,随机森林,-0.091087628755116
790,red,随机森林,-0.2274553701802552
791,red,随机森林,-0.1277660310200776
792,red,随机森林,-0.13892727151575246
793,red,随机森林,-0.144286332640449
794,red,随机森林,-0.16376156907776912
795,red,随机森林,-0.10625916478377762
796,red,随机森林,-0.13768178364962924
797,red,随机森林,-0.06053208688915207
798,red,随机森林,-0.16314052623688524
799,red,随机森林,-0.13194572978795466
800,red,随机森林,-0.14994738362082982
801,red,随机森林,-0.14098476997834214
802,red,随机森林,-0.1393099027782142
803,red,随机森林,-0.07807609786322967
804,red,随机森林,-0.15936340735716525
805,red,随机森林,-0.1788665108024266
806,red,随机森林,-0.20284582178301291
807,red,随机森林,-0.15289583167226278
808,red,随机森林,-0.08568221499967976
809,red,随机森林,-0.06154512113469224
810,red,随机森林,-0.11388781905425205
811,red,随机森林,-0.20376561298031015
812,red,随机森林,-0.13007969253888818
813,red,随机森林,-0.11229752527135556
814,red,随机森林,-0.12277428854342043
815,red,随机森林,-0.0911635250594589
816,red,随机森林,-0.14531329015732214
817,red,随机森林,-0.13497961922722856
818,red,随机森林,-0.1627393447669681
819,red,随机森林,-0.16680767686524367
820,red,随机森林,-0.18859656283589465
821,red,随机森林,-0.13968273976900614
822,red,随机森林,-0.13283771595144223
823,red,随机森林,-0.15329939224715272
824,red,随机森林,-0.1629489507774845
825,red,随机森林,-0.19569342314617144
826,red,随机森林,-0.1726056832989319
827,red,随机森林,-0.09379277485632309
828,red,随机森林,-0.16848060623011912
829,red,随机森林,-0.12812061008447928
830,red,随机森林,-0.15034836950935676
831,red,随机森林,-0.06892232470907733
832,red,随机森林,-0.1813740309415684
833,red,随机森林,-0.14721516549002922
834,red,随机森林,-0.09881378700258736
835,red,随机森林,-0.16794198384769654
836,red,随机森林,-0.10708495690579245
837,red,随机森林,-0.14057069456475935
838,red,随机森林,-0.1409145362132358
839,red,随机森林,-0.1636804099283461
840,red,随机森林,-0.12200770071364508
841,red,随机森林,-0.1706619002751243
842,red,随机森林,-0.20702289263890672
843,red,随机森林,-0.16764297463966749
844,red,随机森林,-0.09532457294769658
845,red,随机森林,-0.17909784258871997
846,red,随机森林,-0.12430197587341818
847,red,随机森林,-0.1366726506376137
848,red,随机森林,-0.16377546018562683
849,red,随机森林,-0.1383644003862995
850,red,随机森林,-0.15328564509648746
851,red,随机森林,-0.17513596002644727
852,red,随机森林,-0.13274805965868774
853,red,随机森林,-0.14664350830143325
854,red,随机森林,-0.12069011633835858
855,red,随机森林,-0.12704560329026487
856,red,随机森林,-0.20558425832444072
857,red,随机森林,-0.14748307956427753
858,red,随机森林,-0.1300243564254112
859,red,随机森林,-0.14466852273487796
860,red,随机森林,-0.15037576365011557
861,red,随机森林,-0.230255544576984
862,red,随机森林,-0.14177950162507935
863,red,随机森林,-0.14422054732804324
864,red,随机森林,-0.10287700430877122
865,red,随机森林,-0.18809348006119486
866,red,随机森林,-0.12820932703017762
867,red,随机森林,-0.12092588003056481
868,red,随机森林,-0.08705777076196353
869,red,随机森林,-0.12307289771129343
870,red,随机森林,-0.1771462872026493
871,red,随机森林,-0.17484985161199446
872,red,随机森林,-0.20461735288407656
873,red,随机森林,-0.17254082020558337
874,red,随机森林,-0.060162561591082575
875,red,随机森林,-0.20938144598086578
876,red,随机森林,-0.1982763477233389
877,red,随机森林,-0.14453871190470358
878,red,随机森林,-0.10762621065478317
879,red,随机森林,-0.08698274374859705
880,red,随机森林,-0.10258769640210719
881,red,随机森林,-0.1036249778240026
882,red,随机森林,-0.141055387643163
883,red,随机森林,-0.15365709360571594
884,red,随机森林,-0.12032406290856024
885,red,随机森林,-0.10108157289569164
886,red,随机森林,-0.17822510100988997
887,red,随机森林,-0.1957863373482483
888,red,随机森林,-0.13862046471770428
889,red,随机森林,-0.1694719982045083
890,red,随机森林,-0.10077421181857982
891,red,随机森林,-0.12410453753546302
892,red,随机森林,-0.07929774286590663
893,red,随机森林,-0.10114292825718207
894,red,随机森林,-0.1525268575325326
895,red,随机森林,-0.07041229981163344
896,red,随机森林,-0.08497474410129324
897,red,随机森林,-0.12133658012522675
898,red,随机森林,-0.11306727693428431
899,red,随机森林,-0.12875228294816887
900,red,随机森林,-0.22522136052037228
901,red,随机森林,-0.11187116408106901
902,red,随机森林,-0.18168172961621987
903,red,随机森林,-0.22543139623651276
904,red,随机森林,-0.1197376241475624
905,red,随机森林,-0.10236741485117284
906,red,随机森林,-0.17560594546364294
907,red,随机森林,-0.14577192416023166
908,red,随机森林,-0.11811021084121465
909,red,随机森林,-0.1502000328380374
910,red,随机森林,-0.11864910126278339
911,red,随机森林,-0.14767415130635853
912,red,随机森林,-0.18832462761104962
913,red,随机森林,-0.1052160887542698
914,red,随机森林,-0.1826463089964639
915,red,随机森林,-0.06529890906977298
916,red,随机森林,-0.12086021676757686
917,red,随机森林,-0.11473166617162206
918,red,随机森林,-0.22100751916847033
919,red,随机森林,-0.1309282645976279
920,red,随机森林,-0.192382788053291
921,red,随机森林,-0.14660953653383513
922,red,随机森林,-0.1912178649336122
923,red,随机森林,-0.1628341654167712
924,red,随机森林,-0.11666079854003164
925,red,随机森林,-0.11518770382897114
926,red,随机森林,-0.23716229629654895
927,red,随机森林,-0.19768154770510915
928,red,随机森林,-0.14715071768204907
929,red,随机森林,-0.16892475430484744
930,red,随机森林,-0.11469681727273962
931,red,随机森林,-0.17104473901314288
932,red,随机森林,-0.08319817749764491
933,red,随机森林,-0.220854017111843
934,red,随机森林,-0.16529723743766606
935,red,随机森林,-0.14260443793106925
936,red,随机森林,-0.15320905580592104
937,red,随机森林,-0.15538359428666842
938,red,随机森林,-0.17256566469774703
939,red,随机森林,-0.11572096241267932
940,red,随机森林,-0.1169926253442094
941,red,随机森林,-0.15408852127587142
942,red,随机森林,-0.15185751870763636
943,red,随机森林,-0.10883802875896498
944,red,随机森林,-0.11122408106150405
945,red,随机森林,-0.048221004972890724
946,red,随机森林,-0.10954870099265646
947,red,随机森林,-0.14191349612295157
948,red,随机森林,-0.09332601471716773
949,red,随机森林,-0.1532770106332837
950,red,随机森林,-0.18102627803503996
951,red,随机森林,-0.08639459088160634
952,red,随机森林,-0.14907026366219034
953,red,随机森林,-0.22440753684897613
954,red,随机森林,-0.14052140445867067
955,red,随机森林,-0.17767915557935232
956,red,随机森林,-0.10314415286016615
957,red,随机森林,-0.09987176165611311
958,red,随机森林,-0.11597872762608852
959,red,随机森林,-0.09758445440265107
960,red,随机森林,-0.1328665645669886
961,red,随机森林,-0.16460994251618055
962,red,随机森林,-0.176194285797382
963,red,随机森林,-0.1634636162957055
964,red,随机森林,-0.08999550698383085
965,red,随机森林,-0.1290239203658909
966,red,随机森林,-0.16054550007662405
967,red,随机森林,-0.046392019641453563
968,red,随机森林,-0.1595716177899908
969,red,随机森林,-0.11653613850792843
970,red,随机森林,-0.14858564077593583
971,red,随机森林,-0.1758287554736822
972,red,随机森林,-0.1219040916976245
973,red,随机森林,-0.13620791927808862
974,red,随机森林,-0.0874534306761292
975,red,随机森林,-0.08160598735603242
976,red,随机森林,-0.14132300446896506
977,red,随机森林,-0.17671494842793067
978,red,随机森林,-0.08220130265162329
979,red,随机森林,-0.17763581139088885
980,red,随机森林,-0.1076333947199607
981,red,随机森林,-0.13421856651081143
982,red,随机森林,-0.10965417435474334
983,red,随机森林,-0.08131413298417356
984,red,随机森林,-0.1583660184991687
985,red,随机森林,-0.14106807314631087
986,red,随机森林,-0.16702938987819937
987,red,随机森林,-0.10507532828180777
988,red,随机森林,-0.1585916784555807
989,red,随机森林,-0.12940159915992666
990,red,随机森林,-0.17431164129938714
991,red,随机森林,-0.18331039980488623
992,red,随机森林,-0.16217844442123924
993,red,随机森林,-0.20682911650230507
994,red,随机森林,-0.16919664084091013
995,red,随机森林,-0.14570786112537426
996,red,随机森林,-0.06838764298906957
997,red,随机森林,-0.1862176024928896
998,red,随机森林,-0.1254260956837756
999,red,随机森林,-0.13377267390124314
1000,red,随机森林,-0.14303300684127634
1001,red,随机森林,-0.06967336755625064
1002,red,随机森林,-0.1373041051329411
1003,red,随机森林,-0.09100098018886177
1004,red,随机森林,-0.16748491855935055
1005,red,随机森林,-0.09922210038549911
1006,red,随机森林,-0.10992902146633443
1007,red,随机森林,-0.12494815749741794
1008,red,随机森林,-0.12364260573328067
1009,red,随机森林,-0.07516331399634446
1010,red,随机森林,-0.1474109367198635
1011,red,随机森林,-0.12193071705010056
1012,red,随机森林,-0.08380767803617117
1013,red,随机森林,-0.14478848904133101
1014,red,随机森林,-0.16664058342549337
1015,red,随机森林,-0.13549147372527287
1016,red,随机森林,-0.08737089576323198
1017,red,随机森林,-0.15081071803609059
1018,red,随机森林,-0.1284149604829561
1019,red,随机森林,-0.12007105408659713
1020,red,随机森林,-0.08901775794898292
1021,red,随机森林,-0.12795172317667236
1022,red,随机森林,-0.15813944057616774
1023,red,随机森林,-0.16741684080683117
1024,red,随机森林,-0.10963163760357719
1025,red,随机森林,-0.08651951963625237
1026,red,随机森林,-0.16544535726865128
1027,red,随机森林,-0.19309236843662375
1028,red,随机森林,-0.09858338326022964
1029,red,随机森林,-0.17435775177502666
1030,red,随机森林,-0.1602977082213204
1031,red,随机森林,-0.1598462009982009
1032,red,随机森林,-0.10325402586726729
1033,red,随机森林,-0.06558523185906129
1034,red,随机森林,-0.15529956347321872
1035,red,随机森林,-0.1318751917680595
1036,red,随机森林,-0.15772980163695438
1037,red,随机森林,-0.14875787026151743
1038,red,随机森林,-0.17437927496650785
1039,red,随机森林,-0.06633980628331848
1040,red,随机森林,-0.16251354342286217
1041,red,随机森林,-0.1139610450385683
1042,red,随机森林,-0.18917647611642485
1043,red,随机森林,-0.16677842641996787
1044,red,随机森林,-0.1546228323335047
1045,red,随机森林,-0.15606600194648335
1046,red,随机森林,-0.15927260514215058
1047,red,随机森林,-0.12878741557841855
1048,red,随机森林,-0.15810795140032952
1049,red,随机森林,-0.20018469040972425
1050,red,随机森林,-0.09034569139960869
1051,red,随机森林,-0.12210961153479294
1052,red,随机森林,-0.10021683223806332
1053,red,随机森林,-0.1584028723787274
1054,red,随机森林,-0.047249338367416405
1055,red,随机森林,-0.12913170011447495
1056,red,随机森林,-0.12810436631916
1057,red,随机森林,-0.11482512984576065
1058,red,随机森林,-0.1719136339461928
1059,red,随机森林,-0.10976857262242495
1060,red,随机森林,-0.18682852099994035
1061,red,随机森林,-0.06357321823881901
1062,red,随机森林,-0.1761299009612602
1063,red,随机森林,-0.1409133899825289
1064,red,随机森林,-0.15051660275084422
1065,red,随机森林,-0.14004748920499832
1066,red,随机森林,-0.13692594805024683
1067,red,随机森林,-0.16811376156345154
1068,red,随机森林,-0.15934331052473305
1069,red,随机森林,-0.07900587465370013
1070,red,随机森林,-0.1919654031626058
1071,red,随机森林,-0.1700355355873776
1072,red,随机森林,-0.13799942984035196
1073,red,随机森林,-0.15456304999364368
1074,red,随机森林,-0.16132794092163205
1075,red,随机森林,-0.06640974824933621
1076,red,随机森林,-0.10472671298214109
1077,red,随机森林,-0.13017769283159586
1078,red,随机森林,-0.12529392088821445
1079,red,随机森林,-0.1151436968544498
1080,red,随机森林,-0.13351471326026748
1081,red,随机森林,-0.19512165029920037
1082,red,随机森林,-0.0921561952470511
1083,red,随机森林,-0.06663488221899205
1084,red,随机森林,-0.1553174186298532
1085,red,随机森林,-0.15176907174595206
1086,red,随机森林,-0.16808707547188817
1087,red,随机森林,-0.2073449095426989
1088,red,随机森林,-0.14781423353258316
1089,red,随机森林,-0.13337268718007655
1090,red,随机森林,-0.2051773238999638
1091,red,随机森林,-0.1344853853762209
1092,red,随机森林,-0.1054250698945488
1093,red,随机森林,-0.12218722247207014
1094,red,随机森林,-0.17062898112994973
1095,red,随机森林,-0.14347069412809765
1096,red,随机森林,-0.12360803214326987
1097,red,随机森林,-0.16980909878732864
1098,red,随机森林,-0.12142052895862065
1099,red,随机森林,-0.12971228419193503
1100,red,随机森林,-0.1987478055879235
1101,red,随机森林,-0.13095824007660684
1102,red,随机森林,-0.13485445144154062
1103,red,随机森林,-0.13388726022998876
1104,red,随机森林,-0.13609954031627403
1105,red,随机森林,-0.12019979917308593
1106,red,随机森林,-0.11390630015531028
1107,red,随机森林,-0.09921134381481755
1108,red,随机森林,-0.11849927429489882
1109,red,随机森林,-0.18008411355701248
1110,red,随机森林,-0.20850411071696262
1111,red,随机森林,-0.10539413398881653
1112,red,随机森林,-0.19483934094123195
1113,red,随机森林,-0.12816164065052194
1114,red,随机森林,-0.19509373774355232
1115,red,随机森林,-0.2100168154387972
1116,red,随机森林,-0.12911855420128393
1117,red,随机森林,-0.15278091370193048
1118,red,随机森林,-0.17511513105305454
1119,red,随机森林,-0.10598039690895888
1120,red,随机森林,-0.15439821952551092
1121,red,随机森林,-0.16224513854498884
1122,red,随机森林,-0.16301213164368267
1123,red,随机森林,-0.1112310016861151
1124,red,随机森林,-0.11182131036383519
1125,red,随机森林,-0.11105803827340888
1126,red,随机森林,-0.14780357899748464
1127,red,随机森林,-0.12324611384899431
1128,red,随机森林,-0.13721930235156354
1129,red,随机森林,-0.1294003206571912
1130,red,随机森林,-0.08255965793288356
1131,red,随机森林,-0.1730050452687898
1132,red,随机森林,-0.1290400666833762
1133,red,随机森林,-0.19318820345727827
1134,red,随机森林,-0.14461582264842582
1135,red,随机森林,-0.183437123985001
1136,red,随机森林,-0.11159857134768097
1137,red,随机森林,-0.16735243479460316
1138,red,随机森林,-0.24335735102820577
1139,red,随机森林,-0.1276206913062204
1140,red,随机森林,-0.07554647101043976
1141,red,随机森林,-0.1017518762280728
1142,red,随机森林,-0.14139539902579834
1143,red,随机森林,-0.1539533022724206
1144,red,随机森林,-0.1421807010808056
1145,red,随机森林,-0.1316357851885891
1146,red,随机森林,-0.15206022223868831
1147,red,随机森林,-0.09157342660665613
1148,red,随机森林,-0.19490614349312052
1149,red,随机森林,-0.17552638548046945
1150,red,随机森林,-0.13046750329183687
1151,red,随机森林,-0.12825385389441568
1152,red,随机森林,-0.16893742169071163
1153,red,随机森林,-0.18046006921983326
1154,red,随机森林,-0.17240793049265685
1155,red,随机森林,-0.13961115702730142
1156,red,随机森林,-0.09507634792577724
1157,red,随机森林,-0.23857044735723043
1158,red,随机森林,-0.12862765004908222
1159,red,随机森林,-0.20842523424910564
1160,red,随机森林,-0.0693856660940782
1161,red,随机森林,-0.2269117357669619
1162,red,随机森林,-0.18584976309221657
1163,red,随机森林,-0.10085997184227813
1164,red,随机森林,-0.13718559128687235
1165,red,随机森林,-0.06926889752405385
1166,red,随机森林,-0.084984481670904
1167,red,随机森林,-0.09756045799669855
1168,red,随机森林,-0.12972673750182306
1169,red,随机森林,-0.11730918061348705
1170,red,随机森林,-0.15962458803514545
1171,red,随机森林,-0.13238742621103505
1172,red,随机森林,-0.15504773423160645
1173,red,随机森林,-0.07396932647964338
1174,red,随机森林,-0.16364690310975727
1175,red,随机森林,-0.10103912454119246
1176,red,随机森林,-0.15557042718745884
1177,red,随机森林,-0.1835651995583104
1178,red,随机森林,-0.1488571747385723
1179,red,随机森林,-0.09036929325529419
1180,red,随机森林,-0.1671560471131217
1181,red,随机森林,-0.20299869694250033
1182,red,随机森林,-0.15609714971692978
1183,red,随机森林,-0.19242914278707113
1184,red,随机森林,-0.1319469596719648
1185,red,随机森林,-0.12366466098939388
1186,red,随机森林,-0.13258794849953465
1187,red,随机森林,-0.12888264990638093
1188,red,随机森林,-0.21123106919916723
1189,red,随机森林,-0.13842340697303224
1190,red,随机森林,-0.11283556818010587
1191,red,随机森林,-0.16450598962660168
1192,red,随机森林,-0.12400487497684398
1193,red,随机森林,-0.1267612071623051
1194,red,随机森林,-0.1908698647304613
1195,red,随机森林,-0.12014086819665382
1196,red,随机森林,-0.16081824973116554
1197,red,随机森林,-0.17921959381321773
1198,red,随机森林,-0.033930417547443414
1199,red,随机森林,-0.057874705718449215
1200,red,随机森林,-0.12782342625063553
1201,red,随机森林,-0.16353400716883393
1202,red,随机森林,-0.1420135615109933
1203,red,随机森林,-0.16677423404620983
1204,red,随机森林,-0.12344894192278788
1205,red,随机森林,-0.20781871507905436
1206,red,随机森林,-0.14716143375911084
1207,red,随机森林,-0.13567766680875482
1208,red,随机森林,-0.12297414333419843
1209,red,随机森林,-0.17917339837412027
1210,red,随机森林,-0.13362129462347883
1211,red,随机森林,-0.1662548675300598
1212,red,随机森林,-0.1482284010538234
1213,red,随机森林,-0.13906761017287184
1214,red,随机森林,-0.11828728511019171
1215,red,随机森林,-0.16635522959004356
1216,red,随机森林,-0.09303098116892805
1217,red,随机森林,-0.21733628747051031
1218,red,随机森林,-0.1410146574711948
1219,red,随机森林,-0.18487858928791112
1220,red,随机森林,-0.19146303404072273
1221,red,随机森林,-0.18375556877242483
1222,red,随机森林,-0.16719395185856534
1223,red,随机森林,-0.14890710428704745
1224,red,随机森林,-0.1342205556983565
1225,red,随机森林,-0.1291437835156221
1226,red,随机森林,-0.19254880217671944
1227,red,随机森林,-0.16627048051669102
1228,red,随机森林,-0.0986760175920075
1229,red,随机森林,-0.04459217858497555
1230,red,随机森林,-0.13974246647782118
1231,red,随机森林,-0.12714532194186434
1232,red,随机森林,-0.1033187615758111
1233,red,随机森林,-0.1113917167176382
1234,red,随机森林,-0.13538872384161832
1235,red,随机森林,-0.18473678221813383
1236,red,随机森林,-0.09235542245429673
1237,red,随机森林,-0.0850784000730499
1238,red,随机森林,-0.14894110650219844
1239,red,随机森林,-0.16148380222215292
1240,red,随机森林,-0.07335469007930273
1241,red,随机森林,-0.13965784160734418
1242,red,随机森林,-0.17978051812291573
1243,red,随机森林,-0.06766347373911485
1244,red,随机森林,-0.16118279075481162
1245,red,随机森林,-0.10734275865461407
1246,red,随机森林,-0.11090106252015969
1247,red,随机森林,-0.20450603010535445
1248,red,随机森林,-0.09156186663172738
1249,red,随机森林,-0.16079869907135597
1250,red,随机森林,-0.16507765743563174
1251,red,随机森林,-0.1451885238943359
1252,red,随机森林,-0.14055737759391684
1253,red,随机森林,-0.18860679759857713
1254,red,随机森林,-0.15164157712496162
1255,red,随机森林,-0.10809767074022014
1256,red,随机森林,-0.08774552445648165
1257,red,随机森林,-0.12297402985428318
1258,red,随机森林,-0.1523262092548115
1259,red,随机森林,-0.06832926963416053
1260,red,随机森林,-0.11534954839778555
1261,red,随机森林,-0.09312230153900763
1262,red,随机森林,-0.1417801213679316
1263,red,随机森林,-0.16780985037699409
1264,red,随机森林,-0.11004265793724527
1265,red,随机森林,-0.10108795690509181
1266,red,随机森林,-0.16219370278729506
1267,red,随机森林,-0.12547412273423864
1268,red,随机森林,-0.15803725090331366
1269,red,随机森林,-0.1696429397580645
1270,red,随机森林,-0.20513405294536263
1271,red,随机森林,-0.2100605835562107
1272,red,随机森林,-0.07312231505836109
1273,red,随机森林,-0.172425616243449
1274,red,随机森林,-0.16985946573957134
1275,red,随机森林,-0.16592476095657271
1276,red,随机森林,-0.08086266956260002
1277,red,随机森林,-0.19462950520585953
1278,red,随机森林,-0.16167986473474727
1279,red,随机森林,-0.13377361363493967
1280,red,随机森林,-0.13316328248084208
1281,red,随机森林,-0.14266053794674416
1282,red,随机森林,-0.1859116288832155
1283,red,随机森林,-0.12359295079963295
1284,red,随机森林,-0.12604923351468705
1285,red,随机森林,-0.13863485310092238
1286,red,随机森林,-0.22135118500357898
1287,red,随机森林,-0.13758869673580937
1288,red,随机森林,-0.14532713944002162
1289,red,随机森林,-0.1533755606355724
1290,red,随机森林,-0.15308908489822137
1291,red,随机森林,-0.18327872165092046
1292,red,随机森林,-0.16509891013225225
1293,red,随机森林,-0.22486799125864831
1294,red,随机森林,-0.16416919823865833
1295,red,随机森林,-0.21225870622014742
1296,red,随机森林,-0.11424533247220514
1297,red,随机森林,-0.1501095582683581
1298,red,随机森林,-0.16567477429915722
1299,red,随机森林,-0.14542146303831277
1300,red,随机森林,-0.17708161032665382
1301,red,随机森林,-0.13562794547272178
1302,red,随机森林,-0.10818124268392004
1303,red,随机森林,-0.10692943860297688
1304,red,随机森林,-0.14961240482407334
1305,red,随机森林,-0.16332014309391663
1306,red,随机森林,-0.10363587536848778
1307,red,随机森林,-0.12549534575615828
1308,red,随机森林,-0.1468005231427828
1309,red,随机森林,-0.18517356605828383
1310,red,随机森林,-0.10822766987956389
1311,red,随机森林,-0.16096335210747603
1312,red,随机森林,-0.14856958817303273
1313,red,随机森林,-0.17564758892289756
1314,red,随机森林,-0.1360000148690496
1315,red,随机森林,-0.14492950276875083
1316,red,随机森林,-0.09597551057136866
1317,red,随机森林,-0.17094346301889368
1318,red,随机森林,-0.19253276946904913
1319,red,随机森林,-0.12021107462963976
1320,red,随机森林,-0.17318392510245717
1321,red,随机森林,-0.16187894684024728
1322,red,随机森林,-0.15698125918138922
1323,red,随机森林,-0.14776245279752293
1324,red,随机森林,-0.09798980719605244
1325,red,随机森林,-0.139628419319637
1326,red,随机森林,-0.1416123617323517
1327,red,随机森林,-0.14572808528715409
1328,red,随机森林,-0.1340709975564216
1329,red,随机森林,-0.08598802496269076
1330,red,随机森林,-0.07573231467185326
1331,red,随机森林,-0.11329001150892848
1332,red,随机森林,-0.10984023277113786
1333,red,随机森林,-0.11277633197417225
1334,red,随机森林,-0.15275809930831707
1335,red,随机森林,-0.12474408704848461
1336,red,随机森林,-0.1383772510775486
1337,red,随机森林,-0.11382566694571516
1338,red,随机森林,-0.1302947935847949
1339,red,随机森林,-0.09379836070990877
1340,red,随机森林,-0.08143415694992157
1341,red,随机森林,-0.18465404012256514
1342,red,随机森林,-0.13593771893915607
1343,red,随机森林,-0.17972503887043328
1344,red,随机森林,-0.17670919507399363
1345,red,随机森林,-0.10143446154063063
1346,red,随机森林,-0.16875204907566538
1347,red,随机森林,-0.17319023385046323
1348,red,随机森林,-0.17622496817691163
1349,red,随机森林,-0.1702429256648867
1350,red,随机森林,-0.10045138358640382
1351,red,随机森林,-0.13721202744508215
1352,red,随机森林,-0.16730674067726814
1353,red,随机森林,-0.11898029834547619
1354,red,随机森林,-0.20110745917033013
1355,red,随机森林,-0.1164315714223168
1356,red,随机森林,-0.11672238413864178
1357,red,随机森林,-0.12830327980549927
1358,red,随机森林,-0.1612291376499943
1359,red,随机森林,-0.10360792221015303
1360,red,随机森林,-0.17432346653088826
1361,red,随机森林,-0.12060967509674914
1362,red,随机森林,-0.09880342292746458
1363,red,随机森林,-0.10286267102294933
1364,red,随机森林,-0.127248450369978
1365,red,随机森林,-0.11890087633467206
1366,red,随机森林,-0.11829801116121424
1367,red,随机森林,-0.1471320135350479
1368,red,随机森林,-0.14510797014078203
1369,red,随机森林,-0.1301136873244476
1370,red,随机森林,-0.11558201395238887
1371,red,随机森林,-0.20020354696798626
1372,red,随机森林,-0.20631047920452117
1373,red,随机森林,-0.07572716337215102
1374,red,随机森林,-0.1829605675371052
1375,red,随机森林,-0.15497098408715387
1376,red,随机森林,-0.09353496453263677
1377,red,随机森林,-0.24740335353130316
1378,red,随机森林,-0.1403221749885501
1379,red,随机森林,-0.13193328718464115
1380,red,随机森林,-0.14198749015812018
1381,red,随机森林,-0.1533374724878408
1382,red,随机森林,-0.13412278048372783
1383,red,随机森林,-0.11121097498847449
1384,red,随机森林,-0.16468097096593148
1385,red,随机森林,-0.10258589975376231
1386,red,随机森林,-0.15219676594868936
1387,red,随机森林,-0.16067829056265925
1388,red,随机森林,-0.1525865403216573
1389,red,随机森林,-0.1482349144193481
1390,red,随机森林,-0.14951885535506804
1391,red,随机森林,-0.15964608772352207
1392,red,随机森林,-0.12244689186863289
1393,red,随机森林,-0.18547692615533656
1394,red,随机森林,-0.21828329945159353
1395,red,随机森林,-0.13341370861508423
1396,red,随机森林,-0.14954084029110404
1397,red,随机森林,-0.18275142661010557
1398,red,随机森林,-0.18828105247283689
1399,red,随机森林,-0.08930041351926288
1400,red,随机森林,-0.11393521160220088
1401,red,随机森林,-0.08923387753719236
1402,red,随机森林,-0.19658265689720583
1403,red,随机森林,-0.22256105538416637
1404,red,随机森林,-0.12053231707198364
1405,red,随机森林,-0.11549298450300194
1406,red,随机森林,-0.1528910784380797
1407,red,随机森林,-0.1579865153296317
1408,red,随机森林,-0.11755717818387024
1409,red,随机森林,-0.1728206895704404
1410,red,随机森林,-0.16726504732918235
1411,red,随机森林,-0.17826666104610966
1412,red,随机森林,-0.16373751085834132
1413,red,随机森林,-0.1833654853891865
1414,red,随机森林,-0.14394608388503805
1415,red,随机森林,-0.14271809372105704
1416,red,随机森林,-0.1386753833963238
1417,red,随机森林,-0.1618323553179567
1418,red,随机森林,-0.17606139781211322
1419,red,随机森林,-0.08488264935367995
1420,red,随机森林,-0.18053349266800206
1421,red,随机森林,-0.13975496710362734
1422,red,随机森林,-0.1648435867473922
1423,red,随机森林,-0.049385206795329206
1424,red,随机森林,-0.1271724694618237
1425,red,随机森林,-0.1272684231590132
1426,red,随机森林,-0.09446533765047238
1427,red,随机森林,-0.1093615184211012
1428,red,随机森林,-0.18399021615984595
1429,red,随机森林,-0.17782326236650225
1430,red,随机森林,-0.10542688802550737
1431,red,随机森林,-0.16053084041628696
1432,red,随机森林,-0.07352568107672652
1433,red,随机森林,-0.1000433328396566
1434,red,随机森林,-0.17712997467452435
1435,red,随机森林,-0.1263134276737239
1436,red,随机森林,-0.1442527165655466
1437,red,随机森林,-0.11558417598058723
1438,red,随机森林,-0.1311937070893865
1439,red,随机森林,-0.13031864053591657
1440,red,随机森林,-0.1614884471529523
1441,red,随机森林,-0.06765540794690805
1442,red,随机森林,-0.134189749517871
1443,red,随机森林,-0.13739530351007723
1444,red,随机森林,-0.1909139263633982
1445,red,随机森林,-0.10018292973678744
1446,red,随机森林,-0.1363206871787238
1447,red,随机森林,-0.0541794761950144
1448,red,随机森林,-0.07959986655821794
1449,red,随机森林,-0.15363108347613574
1450,red,随机森林,-0.1687884887160156
1451,red,随机森林,-0.21345660904875835
1452,red,随机森林,-0.1955549507423056
1453,red,随机森林,-0.1247959915178184
1454,red,随机森林,-0.16745291629167652
1455,red,随机森林,-0.14708343404622226
1456,red,随机森林,-0.15821796557107398
1457,red,随机森林,-0.15596654390262543
1458,red,随机森林,-0.17106736924845778
1459,red,随机森林,-0.1380656757963603
1460,red,随机森林,-0.12712202888900864
1461,red,随机森林,-0.14565052796519717
1462,red,随机森林,-0.0764842058045484
1463,red,随机森林,-0.19932933010370002
1464,red,随机森林,-0.1303548451922386
1465,red,随机森林,-0.12709659288665542
1466,red,随机森林,-0.19972842796351215
1467,red,随机森林,-0.09907500935600178
1468,red,随机森林,-0.14640478755275144
1469,red,随机森林,-0.1360778096740642
1470,red,随机森林,-0.15023533919650772
1471,red,随机森林,-0.12689906556349984
1472,red,随机森林,-0.11963103326990648
1473,red,随机森林,-0.17247590687671344
1474,red,随机森林,-0.10466887568423267
1475,red,随机森林,-0.1452168514801333
1476,red,随机森林,-0.15158668011222454
1477,red,随机森林,-0.16470697954723645
1478,red,随机森林,-0.14016169455052052
1479,red,随机森林,-0.1677530593359225
1480,red,随机森林,-0.18115983769443134
1481,red,随机森林,-0.09506008276417066
1482,red,随机森林,-0.14218043993320872
1483,red,随机森林,-0.14229806106617693
1484,red,随机森林,-0.14112097384560285
1485,red,随机森林,-0.15051251890081752
1486,red,随机森林,-0.12134310656889236
1487,red,随机森林,-0.15245277781540323
1488,red,随机森林,-0.19403720652069145
1489,red,随机森林,-0.16726118509670596
1490,red,随机森林,-0.14684995946002044
1491,red,随机森林,-0.1827048699353473
1492,red,随机森林,-0.17584628788645662
1493,red,随机森林,-0.17140395260695857
1494,red,随机森林,-0.13691477076831138
1495,red,随机森林,-0.12352048893280188
1496,red,随机森林,-0.13588958859739353
1497,red,随机森林,-0.09564871977406841
1498,red,随机森林,-0.1562311387305706
1499,red,随机森林,-0.13252979454239422
1500,red,随机森林,-0.10543591815833775
1501,red,随机森林,-0.13081493714309833
1502,red,随机森林,-0.16286019120616668
1503,red,随机森林,-0.1882722714195822
1504,red,随机森林,-0.13266478813901073
1505,red,随机森林,-0.16434516913780717
1506,red,随机森林,-0.09107190996795422
1507,red,随机森林,-0.15578087611776043
1508,red,随机森林,-0.13928576094386524
1509,red,随机森林,-0.06773385493790174
1510,red,随机森林,-0.13586783226979882
1511,red,随机森林,-0.14616886304512122
1512,red,随机森林,-0.10091021207890416
1513,red,随机森林,-0.12337045146346748
1514,red,随机森林,-0.11920927742909743
1515,red,随机森林,-0.1807131706941052
1516,red,随机森林,-0.15521109390766835
1517,red,随机森林,-0.08425791371644065
1518,red,随机森林,-0.12843912398234492
1519,red,随机森林,-0.17412838555990096
1520,red,随机森林,-0.1883626338957407
1521,red,随机森林,-0.042420288823950214
1522,red,随机森林,-0.07821461454518186
1523,red,随机森林,-0.098345855355217
1524,red,随机森林,-0.15470715916760336
1525,red,随机森林,-0.10391563184141739
1526,red,随机森林,-0.12467251952664604
1527,red,随机森林,-0.13289519591026666
1528,red,随机森林,-0.17098340530878098
1529,red,随机森林,-0.15924514386238847
1530,red,随机森林,-0.12387448086022046
1531,red,随机森林,-0.17788372277226722
1532,red,随机森林,-0.16739600747648636
1533,red,随机森林,-0.19281743953989539
1534,red,随机森林,-0.17744200032158625
1535,red,随机森林,-0.13835722504250536
1536,red,随机森林,-0.17817896537608752
1537,red,随机森林,-0.11312219692073266
1538,red,随机森林,-0.15287084178783972
1539,red,随机森林,-0.1188246381849476
1540,red,随机森林,-0.12543466920267465
1541,red,随机森林,-0.17244816541115343
1542,red,随机森林,-0.15698671497190986
1543,red,随机森林,-0.1653788894435338
1544,red,随机森林,-0.14480716221584466
1545,red,随机森林,-0.08516224678583129
1546,red,随机森林,-0.15981510411037347
1547,red,随机森林,-0.1715111906687119
1548,red,随机森林,-0.13371277243431634
1549,red,随机森林,-0.19911517914643384
1550,red,随机森林,-0.1605610833858595
1551,red,随机森林,-0.21627455887584623
1552,red,随机森林,-0.1557512887263952
1553,red,随机森林,-0.08364961716243108
1554,red,随机森林,-0.14289135398094455
1555,red,随机森林,-0.12220106519286134
1556,red,随机森林,-0.12082405417687092
1557,red,随机森林,-0.17420540558633402
1558,red,随机森林,-0.1764214251004934
1559,red,随机森林,-0.17032583013702518
1560,red,随机森林,-0.15001338532027397
1561,red,随机森林,-0.09799754984824416
1562,red,随机森林,-0.09209411557090419
1563,red,随机森林,-0.17385434530155486
1564,red,随机森林,-0.09590384111286043
1565,red,随机森林,-0.10352631318754568
1566,red,随机森林,-0.1135097770536676
1567,red,随机森林,-0.19676195387834272
1568,red,随机森林,-0.19086176051559112
1569,red,随机森林,-0.15174511254388912
1570,red,随机森林,-0.136123023848283
1571,red,随机森林,-0.14494578106582134
1572,red,随机森林,-0.21707207627199637
1573,red,随机森林,-0.0874671524740589
1574,red,随机森林,-0.14559271960758202
1575,red,随机森林,-0.19982619890829323
1576,red,随机森林,-0.19883882549389115
1577,red,随机森林,-0.12820384961745435
1578,red,随机森林,-0.0869134853473762
1579,red,随机森林,-0.09958316390262056
1580,red,随机森林,-0.1363155658336428
1581,red,随机森林,-0.1090199190414276
1582,red,随机森林,-0.11848377464059434
1583,red,随机森林,-0.17740298340608168
1584,red,随机森林,-0.241380327124815
1585,red,随机森林,-0.16288212649145795
1586,red,随机森林,-0.17901040247232602
1587,red,随机森林,-0.04725303328012126
1588,red,随机森林,-0.19444230651015698
1589,red,随机森林,-0.0964681376630328
1590,red,随机森林,-0.1731110096402203
1591,red,随机森林,-0.20168704037007024
1592,red,随机森林,-0.0475479623167524
1593,red,随机森林,-0.15972652526334796
1594,red,随机森林,-0.19318545729249803
1595,red,随机森林,-0.14890997090886482
1596,red,随机森林,-0.1155460474471719
1597,red,随机森林,-0.1857462913538973
1598,red,随机森林,-0.0849398867846688
1599,red,随机森林,-0.10193358518907025
1600,red,随机森林,-0.14655874419815562
1601,red,随机森林,-0.1295306572349726
1602,red,随机森林,-0.11803637679776535
1603,red,随机森林,-0.13558437375774657
1604,red,随机森林,-0.09068586855150174
1605,red,随机森林,-0.14781436270005255
1606,red,随机森林,-0.09245104606980636
1607,red,随机森林,-0.10359186920319385
1608,red,随机森林,-0.08202266306810035
1609,red,随机森林,-0.07832229660349094
1610,red,随机森林,-0.06616277362921597
1611,red,随机森林,-0.1750977319554452
1612,red,随机森林,-0.0997388757656813
1613,red,随机森林,-0.20960744593458802
1614,red,随机森林,-0.13044800942686202
1615,red,随机森林,-0.1698232280721661
1616,red,随机森林,-0.09914074551491903
1617,red,随机森林,-0.09956492313354248
1618,red,随机森林,-0.16418419863296507
1619,red,随机森林,-0.13184642083057924
1620,red,随机森林,-0.15587559787771899
1621,red,随机森林,-0.1648827931404736
1622,red,随机森林,-0.1350385153033027
1623,red,随机森林,-0.11735196305961437
1624,red,随机森林,-0.15201387116930132
1625,red,随机森林,-0.14573595525881716
1626,red,随机森林,-0.1819865592447234
1627,red,随机森林,-0.19360973494289213
1628,red,随机森林,-0.17122370918023533
1629,red,随机森林,-0.17203287199139655
1630,red,随机森林,-0.07927188928515616
1631,red,随机森林,-0.09039834674188063
1632,red,随机森林,-0.1415716329232588
1633,red,随机森林,-0.07403369027526824
1634,red,随机森林,-0.13018733119152293
1635,red,随机森林,-0.13069132082515844
1636,red,随机森林,-0.12395676079512152
1637,red,随机森林,-0.11879121030294981
1638,red,随机森林,-0.14507453713585172
1639,red,随机森林,-0.08141647774306915
1640,red,随机森林,-0.1095309159998919
1641,red,随机森林,-0.15307928178385533
1642,red,随机森林,-0.09420672224226401
1643,red,随机森林,-0.07525130751338183
1644,red,随机森林,-0.13262594182495013
1645,red,随机森林,-0.12684495747017044
1646,red,随机森林,-0.1104773022649298
1647,red,随机森林,-0.18491539277929037
1648,red,随机森林,-0.16119910941851823
1649,red,随机森林,-0.1857023135304745
1650,red,随机森林,-0.17306299971159644
1651,red,随机森林,-0.12329946183021334
1652,red,随机森林,-0.16611943282668118
1653,red,随机森林,-0.07453981558849088
1654,red,随机森林,-0.1331800495978699
1655,red,随机森林,-0.15545011632439137
1656,red,随机森林,-0.15795180151634403
1657,red,随机森林,-0.11167756806243734
1658,red,随机森林,-0.1651112808577916
1659,red,随机森林,-0.16576047712796116
1660,red,随机森林,-0.18085373453958786
1661,red,随机森林,-0.14817320830182734
1662,red,随机森林,-0.029880912213717248
1663,red,随机森林,-0.10204307415297886
1664,red,随机森林,-0.16800614687469873
1665,red,随机森林,-0.12694488282338634
1666,red,随机森林,-0.1674312183996614
1667,red,随机森林,-0.15177546734546915
1668,red,随机森林,-0.2751342370694181
1669,red,随机森林,-0.1430321411837302
1670,red,随机森林,-0.12187815762447113
1671,red,随机森林,-0.19415807439157895
1672,red,随机森林,-0.17509446279203283
1673,red,随机森林,-0.14038896210810053
1674,red,随机森林,-0.14710776405742831
1675,red,随机森林,-0.09076920452880322
1676,red,随机森林,-0.11663211853501276
1677,red,随机森林,-0.14832331730194603
1678,red,随机森林,-0.08959054493965418
1679,red,随机森林,-0.17111574305340782
1680,red,随机森林,-0.13107780744370479
1681,red,随机森林,-0.12963297086953962
1682,red,随机森林,-0.17023178111163928
1683,red,随机森林,-0.135336920095238
1684,red,随机森林,-0.16255019184473812
1685,red,随机森林,-0.11189754120026851
1686,red,随机森林,-0.11114111023225798
1687,red,随机森林,-0.07114621502325236
1688,red,随机森林,-0.13734530813507784
1689,red,随机森林,-0.09327502791402165
1690,red,随机森林,-0.21161534376422098
1691,red,随机森林,-0.1950582961177576
1692,red,随机森林,-0.1435748737427372
1693,red,随机森林,-0.12096807078066779
1694,red,随机森林,-0.1411090966091909
1695,red,随机森林,-0.10204267485318608
1696,red,随机森林,-0.08509544795352286
1697,red,随机森林,-0.15056748435254474
1698,red,随机森林,-0.13834516284014864
1699,red,随机森林,-0.114410793811346
1700,red,随机森林,-0.15227377146165733
1701,red,随机森林,-0.17828166514776733
1702,red,随机森林,-0.14093885450497623
1703,red,随机森林,-0.18438081050132282
1704,red,随机森林,-0.1803841520955251
1705,red,随机森林,-0.12058253770638128
1706,red,随机森林,-0.13228632828904097
1707,red,随机森林,-0.1631088416597568
1708,red,随机森林,-0.18167190547277046
1709,red,随机森林,-0.18077064720336544
1710,red,随机森林,-0.14795491321000392
1711,red,随机森林,-0.13760541987661723
1712,red,随机森林,-0.1337617573875471
1713,red,随机森林,-0.13837853404199274
1714,red,随机森林,-0.10003338856448801
1715,red,随机森林,-0.12190563492663853
1716,red,随机森林,-0.10225409524331924
1717,red,随机森林,-0.1648093395677449
1718,red,随机森林,-0.1091058243946933
1719,red,随机森林,-0.132443840752152
1720,red,随机森林,-0.16101444263847098
1721,red,随机森林,-0.2130208428774516
1722,red,随机森林,-0.09697799184114331
1723,red,随机森林,-0.12508557913209062
1724,red,随机森林,-0.16040491498806886
1725,red,随机森林,-0.13072390108634024
1726,red,随机森林,-0.10536549381812443
1727,red,随机森林,-0.10420771804678475
1728,red,随机森林,-0.1397719736670484
1729,red,随机森林,-0.21565572906750446
1730,red,随机森林,-0.1409869634874633
1731,red,随机森林,-0.14070997395709717
1732,red,随机森林,-0.13361824070166162
1733,red,随机森林,-0.11134502742861563
1734,red,随机森林,-0.10281463102160865
1735,red,随机森林,-0.14904831382910794
1736,red,随机森林,-0.07018702978201619
1737,red,随机森林,-0.0876199852836056
1738,red,随机森林,-0.15537525341643116
1739,red,随机森林,-0.07164706636834806
1740,red,随机森林,-0.1292414465052839
1741,red,随机森林,-0.14391376145619628
1742,red,随机森林,-0.07786167024278307
1743,red,随机森林,-0.12076408922229698
1744,red,随机森林,-0.22882885839239486
1745,red,随机森林,-0.20085326915209412
1746,red,随机森林,-0.11636381114492178
1747,red,随机森林,-0.13897161850986922
1748,red,随机森林,-0.15090510084232373
1749,red,随机森林,-0.166057264615804
1750,red,随机森林,-0.1820381754483743
1751,red,随机森林,-0.0634855895470422
1752,red,随机森林,-0.13153312458011723
1753,red,随机森林,-0.09884503048512672
1754,red,随机森林,-0.15781810902796412
1755,red,随机森林,-0.17943091137484674
1756,red,随机森林,-0.11838433505228807
1757,red,随机森林,-0.11783825376489965
1758,red,随机森林,-0.11835519921307874
1759,red,随机森林,-0.14958802523997033
1760,red,随机森林,-0.15250904947317923
1761,red,随机森林,-0.16160528883642789
1762,red,随机森林,-0.14561229781702523
1763,red,随机森林,-0.1701947510362442
1764,red,随机森林,-0.1722921152004112
1765,red,随机森林,-0.10608654244029936
1766,red,随机森林,-0.10557251466699202
1767,red,随机森林,-0.13534359269510093
1768,red,随机森林,-0.0850331546382479
1769,red,随机森林,-0.10925290022186496
1770,red,随机森林,-0.15661836003874918
1771,red,随机森林,-0.12433136501920306
1772,red,随机森林,-0.057441060246444686
1773,red,随机森林,-0.13716980503946996
1774,red,随机森林,-0.10939498584367635
1775,red,随机森林,-0.09417090244887732
1776,red,随机森林,-0.17276421015437882
1777,red,随机森林,-0.1706334633255137
1778,red,随机森林,-0.14846955719718496
1779,red,随机森林,-0.14113508159219623
1780,red,随机森林,-0.12449946780988153
1781,red,随机森林,-0.12719268314818244
1782,red,随机森林,-0.13947183743023023
1783,red,随机森林,-0.19711787300140676
1784,red,随机森林,-0.11274760000733475
1785,red,随机森林,-0.10966184277737034
1786,red,随机森林,-0.10563098409140426
1787,red,随机森林,-0.1672991349647025
1788,red,随机森林,-0.06424985173414971
1789,red,随机森林,-0.0943170883795959
1790,red,随机森林,-0.11250855468706888
1791,red,随机森林,-0.1545204394430637
1792,red,随机森林,-0.1086845664199575
1793,red,随机森林,-0.20459595432276428
1794,red,随机森林,-0.13941254981969947
1795,red,随机森林,-0.09768648940792202
1796,red,随机森林,-0.10578804313759838
1797,red,随机森林,-0.12798824259156805
1798,red,随机森林,-0.20315970529154598
1799,red,随机森林,-0.13530468373264493
1800,red,随机森林,-0.16392030678898983
1801,red,随机森林,-0.12763669668972655
1802,red,随机森林,-0.18553887921297824
1803,red,随机森林,-0.16678705722352805
1804,red,随机森林,-0.17091118447329334
1805,red,随机森林,-0.19726383905313133
1806,red,随机森林,-0.11535003506403019
1807,red,随机森林,-0.21485988064952144
1808,red,随机森林,-0.1444577727726558
1809,red,随机森林,-0.18446080280521004
1810,red,随机森林,-0.18894946169018034
1811,red,随机森林,-0.19895441231645522
1812,red,随机森林,-0.17588421395600412
1813,red,随机森林,-0.0661895205693443
1814,red,随机森林,-0.11889372651728458
1815,red,随机森林,-0.11346874204383683
1816,red,随机森林,-0.152256750859887
1817,red,随机森林,-0.1402269490696222
1818,red,随机森林,-0.1392074420836108
1819,red,随机森林,-0.14487653738791878
1820,red,随机森林,-0.06889862678823189
1821,red,随机森林,-0.07719450925187882
1822,red,随机森林,-0.13719285489489252
1823,red,随机森林,-0.11319486362654163
1824,red,随机森林,-0.1272717708700657
1825,red,随机森林,-0.14503658312993006
1826,red,随机森林,-0.16506262871220612
1827,red,随机森林,-0.08631789176154137
1828,red,随机森林,-0.18026289762927705
1829,red,随机森林,-0.13327821519730665
1830,red,随机森林,-0.160876874256
1831,red,随机森林,-0.07708363161412168
1832,red,随机森林,-0.17962029960087805
1833,red,随机森林,-0.1642145320184109
1834,red,随机森林,-0.1460231535167083
1835,red,随机森林,-0.13781622166342056
1836,red,随机森林,-0.0965435861679087
1837,red,随机森林,-0.13088925647657745
1838,red,随机森林,-0.10853208243632329
1839,red,随机森林,-0.13106851232440453
1840,red,随机森林,-0.11818254215215507
1841,red,随机森林,-0.09003634779373071
1842,red,随机森林,-0.11545542903551942
1843,red,随机森林,-0.13828561649644833
1844,red,随机森林,-0.08577338646864258
1845,red,随机森林,-0.11813950771051684
1846,red,随机森林,-0.1019358199569359
1847,red,随机森林,-0.11494881802488832
1848,red,随机森林,-0.147322257085313
1849,red,随机森林,-0.17118746955488162
1850,red,随机森林,-0.1353025536193484
1851,red,随机森林,-0.1452868332142535
1852,red,随机森林,-0.18072605250631707
1853,red,随机森林,-0.13839980452823397
1854,red,随机森林,-0.16531725232010563
1855,red,随机森林,-0.07786763974147126
1856,red,随机森林,-0.15135636296871918
1857,red,随机森林,-0.09133544079664169
1858,red,随机森林,-0.1855495585461036
1859,red,随机森林,-0.17801674916063492
1860,red,随机森林,-0.1329157888803515
1861,red,随机森林,-0.18669169480399234
1862,red,随机森林,-0.13574844265900798
1863,red,随机森林,-0.12142467683695413
1864,red,随机森林,-0.15707688138234288
1865,red,随机森林,-0.1463209700718961
1866,red,随机森林,-0.20049230411386965
1867,red,随机森林,-0.10490943161879018
1868,red,随机森林,-0.11771791995106345
1869,red,随机森林,-0.1803213676164892
1870,red,随机森林,-0.1085327676442438
1871,red,随机森林,-0.1475355237615647
1872,red,随机森林,-0.14730037030300375
1873,red,随机森林,-0.11692877985373568
1874,red,随机森林,-0.14856689837436532
1875,red,随机森林,-0.13320121271237473
1876,red,随机森林,-0.16434591756039485
1877,red,随机森林,-0.1942473680089749
1878,red,随机森林,-0.14059089937953428
1879,red,随机森林,-0.11829813516791249
1880,red,随机森林,-0.12708996641239156
1881,red,随机森林,-0.1424529483135012
1882,red,随机森林,-0.13773952472624862
1883,red,随机森林,-0.10969297479884238
1884,red,随机森林,-0.12434790121055517
1885,red,随机森林,-0.11771881684881813
1886,red,随机森林,-0.11728143741461389
1887,red,随机森林,-0.12258587489589223
1888,red,随机森林,-0.03454368488642756
1889,red,随机森林,-0.11397914425124289
1890,red,随机森林,-0.10047342526678316
1891,red,随机森林,-0.12933775468834224
1892,red,随机森林,-0.17475610176621748
1893,red,随机森林,-0.13233177856180267
1894,red,随机森林,-0.18077606650937417
1895,red,随机森林,-0.1374760048539071
1896,red,随机森林,-0.11128740034682738
1897,red,随机森林,-0.05586172644034526
1898,red,随机森林,-0.09805735084853295
1899,red,随机森林,-0.1481937296707972
1900,red,随机森林,-0.18378554416053167
1901,red,随机森林,-0.10216948584010122
1902,red,随机森林,-0.1858722967838639
1903,red,随机森林,-0.20248719512177082
1904,red,随机森林,-0.061045144292375175
1905,red,随机森林,-0.12214833703478878
1906,red,随机森林,-0.14927734076749632
1907,red,随机森林,-0.15427457610872197
1908,red,随机森林,-0.17033367719698012
1909,red,随机森林,-0.16182563161134078
1910,red,随机森林,-0.11824190105515142
1911,red,随机森林,-0.14394666638624742
1912,red,随机森林,-0.09262531808543051
1913,red,随机森林,-0.16286342532937503
1914,red,随机森林,-0.07557954856121074
1915,red,随机森林,-0.12525678549866165
1916,red,随机森林,-0.10961495712732594
1917,red,随机森林,-0.1587828008079466
1918,red,随机森林,-0.0967654696250464
1919,red,随机森林,-0.12872248880621556
1920,red,随机森林,-0.14629238754798157
1921,red,随机森林,-0.11791975280585487
1922,red,随机森林,-0.15733462102634
1923,red,随机森林,-0.17251560997097648
1924,red,随机森林,-0.12058099863614491
1925,red,随机森林,-0.18612546881566583
1926,red,随机森林,-0.14920522812486026
1927,red,随机森林,-0.13708322994799893
1928,red,随机森林,-0.12656897414072266
1929,red,随机森林,-0.19226899126163322
1930,red,随机森林,-0.14259460030907262
1931,red,随机森林,-0.16092771323228267
1932,red,随机森林,-0.10659967631630113
1933,red,随机森林,-0.12993483396215488
1934,red,随机森林,-0.21210388943155362
1935,red,随机森林,-0.0910907045832598
1936,red,随机森林,-0.1517043224212603
1937,red,随机森林,-0.09760878114715155
1938,red,随机森林,-0.1615651540562243
1939,red,随机森林,-0.15254036143878646
1940,red,随机森林,-0.0894171203701064
1941,red,随机森林,-0.0793473404003826
1942,red,随机森林,-0.1273800376977623
1943,red,随机森林,-0.15731568236532206
1944,red,随机森林,-0.10264644146383817
1945,red,随机森林,-0.17826085205839914
1946,red,随机森林,-0.11322444090146117
1947,red,随机森林,-0.1885797218936482
1948,red,随机森林,-0.17474597937499586
1949,red,随机森林,-0.14199233128088157
1950,red,随机森林,-0.1325124291145106
1951,red,随机森林,-0.16925270877076448
1952,red,随机森林,-0.169933715597838
1953,red,随机森林,-0.13274518718067818
1954,red,随机森林,-0.17819701431548002
1955,red,随机森林,-0.16495196104739168
1956,red,随机森林,-0.022928322920992672
1957,red,随机森林,-0.1748234211480143
1958,red,随机森林,-0.12587591879150872
1959,red,随机森林,-0.20355452007384578
1960,red,随机森林,-0.16835930689089995
1961,red,随机森林,-0.15436948534371975
1962,red,随机森林,-0.1458681566690586
1963,red,随机森林,-0.1576149283608223
1964,red,随机森林,-0.1127940936903078
1965,red,随机森林,-0.11327330744747877
1966,red,随机森林,-0.11840681471593523
1967,red,随机森林,-0.1087511073492694
1968,red,随机森林,-0.1365617287436358
1969,red,随机森林,-0.1009836056394734
1970,red,随机森林,-0.12121847059429558
1971,red,随机森林,-0.15565088802151117
1972,red,随机森林,-0.21758857133066078
1973,red,随机森林,-0.22612942258922736
1974,red,随机森林,-0.15352014364037248
1975,red,随机森林,-0.1711556086931299
1976,red,随机森林,-0.1099122332736
1977,red,随机森林,-0.15242806173797685
1978,red,随机森林,-0.11437019010075233
1979,red,随机森林,-0.16547833944803436
1980,red,随机森林,-0.18424817612758226
1981,red,随机森林,-0.13015182540075998
1982,red,随机森林,-0.17388179283666638
1983,red,随机森林,-0.10343155294345902
1984,red,随机森林,-0.06617755835793837
1985,red,随机森林,-0.15380395855818257
1986,red,随机森林,-0.11013512662646485
1987,red,随机森林,-0.11996905915536371
1988,red,随机森林,-0.08545234280764147
1989,red,随机森林,-0.16281777479351356
1990,red,随机森林,-0.22880830352874337
1991,red,随机森林,-0.22042221551192231
1992,red,随机森林,-0.17011900290949633
1993,red,随机森林,-0.10897094639214033
1994,red,随机森林,-0.18360385368837068
1995,red,随机森林,-0.18904868489960736
1996,red,随机森林,-0.12538493326971978
1997,red,随机森林,-0.1420052264236077
1998,red,随机森林,-0.14351398507354352
1999,red,随机森林,-0.1626855404574979
0,white,Ridge,-0.04807987865498464
1,white,Ridge,-0.07731808323748635
2,white,Ridge,-0.05977448569519883
3,white,Ridge,-0.04421081243188085
4,white,Ridge,-0.06277749234139884
5,white,Ridge,-0.03797512760537325
6,white,Ridge,-0.039134051051083696
7,white,Ridge,-0.06850587323134028
8,white,Ridge,-0.062145483924782474
9,white,Ridge,-0.02223621980477275
10,white,Ridge,-0.0564234384728618
11,white,Ridge,-0.03495391795066649
12,white,Ridge,-0.06867591258797323
13,white,Ridge,-0.04078521366070864
14,white,Ridge,-0.07552016006794993
15,white,Ridge,-0.06573985736500709
16,white,Ridge,-0.08203233248732755
17,white,Ridge,-0.04856579338699718
18,white,Ridge,-0.03477555312839775
19,white,Ridge,-0.05440919403250233
20,white,Ridge,-0.038223508347774326
21,white,Ridge,-0.07355001827158703
22,white,Ridge,-0.04433407445203419
23,white,Ridge,-0.03575003735314408
24,white,Ridge,-0.07068619517841312
25,white,Ridge,-0.05330258770656915
26,white,Ridge,-0.050128117252115745
27,white,Ridge,-0.08587277003376548
28,white,Ridge,-0.04449515871049159
29,white,Ridge,-0.03837785627219881
30,white,Ridge,-0.0609141467891684
31,white,Ridge,-0.030585895764781323
32,white,Ridge,-0.07672695695273679
33,white,Ridge,-0.040040560952560145
34,white,Ridge,-0.06693867370917228
35,white,Ridge,-0.06542024723352868
36,white,Ridge,-0.06837644829769707
37,white,Ridge,-0.06083946560850617
38,white,Ridge,-0.07243011024851376
39,white,Ridge,-0.050748684595612215
40,white,Ridge,-0.045591537463486986
41,white,Ridge,-0.04880715643944045
42,white,Ridge,-0.06046813578643029
43,white,Ridge,-0.05555714139814072
44,white,Ridge,-0.07324053586032198
45,white,Ridge,-0.03762656123860231
46,white,Ridge,-0.041540203590449964
47,white,Ridge,-0.10395148307113844
48,white,Ridge,-0.04644615734395796
49,white,Ridge,-0.052871286073189805
50,white,Ridge,-0.0579906328152614
51,white,Ridge,-0.06672077444936797
52,white,Ridge,-0.055448255139647906
53,white,Ridge,-0.046487305431148984
54,white,Ridge,-0.05095381879581484
55,white,Ridge,-0.07674903800090083
56,white,Ridge,-0.048641623848984294
57,white,Ridge,-0.06091696697197779
58,white,Ridge,-0.01503330949424575
59,white,Ridge,-0.07492099676352826
60,white,Ridge,-0.059951958771908176
61,white,Ridge,-0.043775105418483506
62,white,Ridge,-0.054871695521647834
63,white,Ridge,-0.044639659865212566
64,white,Ridge,-0.038833029842999744
65,white,Ridge,-0.054016913523894816
66,white,Ridge,-0.07053239237070075
67,white,Ridge,-0.0703003844968576
68,white,Ridge,-0.034758181792568066
69,white,Ridge,-0.04478854389151021
70,white,Ridge,-0.06463598788298552
71,white,Ridge,-0.04870529606103846
72,white,Ridge,-0.07561499144549744
73,white,Ridge,-0.04730975487959865
74,white,Ridge,-0.06665840729010808
75,white,Ridge,-0.06812952234260783
76,white,Ridge,-0.04886655284373431
77,white,Ridge,-0.02550705924574781
78,white,Ridge,-0.06027995937739261
79,white,Ridge,-0.0761481973353283
80,white,Ridge,-0.039482056143398614
81,white,Ridge,-0.04554522656346838
82,white,Ridge,-0.005375574873055733
83,white,Ridge,-0.06146231469788299
84,white,Ridge,-0.025683287738669347
85,white,Ridge,-0.05315808282268697
86,white,Ridge,-0.07240389844777795
87,white,Ridge,-0.05720114057141468
88,white,Ridge,-0.050809816843317535
89,white,Ridge,-0.046655958474438375
90,white,Ridge,-0.08095638010241879
91,white,Ridge,-0.060518872710016325
92,white,Ridge,-0.03535430659863137
93,white,Ridge,-0.04131943317543996
94,white,Ridge,-0.07286745645446391
95,white,Ridge,-0.06971374298646948
96,white,Ridge,-0.061803054960485215
97,white,Ridge,-0.08794381238091864
98,white,Ridge,-0.06976029685513241
99,white,Ridge,-0.02344748605318958
100,white,Ridge,-0.0792168947932762
101,white,Ridge,-0.09239763979784366
102,white,Ridge,-0.05543962283793824
103,white,Ridge,-0.07369300704415038
104,white,Ridge,-0.06957033942786806
105,white,Ridge,-0.11039336542323497
106,white,Ridge,-0.060361726277851524
107,white,Ridge,-0.06997525108816283
108,white,Ridge,-0.0582727456143185
109,white,Ridge,-0.07450706699124632
110,white,Ridge,-0.06725767511188474
111,white,Ridge,-0.0577532454211771
112,white,Ridge,-0.06258741182456218
113,white,Ridge,-0.055253723458629334
114,white,Ridge,-0.07076853021277674
115,white,Ridge,-0.03127536573402789
116,white,Ridge,-0.05780038724376346
117,white,Ridge,-0.06866475659927418
118,white,Ridge,-0.06640574215540562
119,white,Ridge,-0.04343868479672608
120,white,Ridge,-0.07669864007051297
121,white,Ridge,-0.06200171958411371
122,white,Ridge,-0.05326199274086507
123,white,Ridge,-0.04860047909132159
124,white,Ridge,-0.045864899625558175
125,white,Ridge,-0.0761256914130074
126,white,Ridge,-0.08035855758882438
127,white,Ridge,-0.06456378846791377
128,white,Ridge,-0.05574060619596233
129,white,Ridge,-0.061125863070492614
130,white,Ridge,-0.06541936162491213
131,white,Ridge,-0.04612878658919939
132,white,Ridge,-0.03884501800328699
133,white,Ridge,-0.017844062063565924
134,white,Ridge,-0.09555812101512595
135,white,Ridge,-0.055624407557038125
136,white,Ridge,-0.0670537408241535
137,white,Ridge,-0.04191588068644858
138,white,Ridge,-0.05172330087858412
139,white,Ridge,-0.06022461788949929
140,white,Ridge,-0.004123909955217497
141,white,Ridge,-0.019932816171840173
142,white,Ridge,-0.06047334296029594
143,white,Ridge,-0.04324261537937535
144,white,Ridge,-0.050909222033627466
145,white,Ridge,-0.05919871439794844
146,white,Ridge,-0.04286455135903222
147,white,Ridge,-0.021438419724223112
148,white,Ridge,-0.08486236781802725
149,white,Ridge,-0.07632205611970311
150,white,Ridge,-0.06857354898937773
151,white,Ridge,-0.054059522138513616
152,white,Ridge,-0.07258763605586493
153,white,Ridge,-0.05914128737159208
154,white,Ridge,-0.08573428656814164
155,white,Ridge,-0.0476787982642527
156,white,Ridge,-0.030343659547191093
157,white,Ridge,-0.04825203972058445
158,white,Ridge,-0.054721344843613684
159,white,Ridge,-0.03796538272123906
160,white,Ridge,-0.037475611681583865
161,white,Ridge,-0.06709030327398602
162,white,Ridge,-0.04571164959613516
163,white,Ridge,-0.037350741388861186
164,white,Ridge,-0.07637350886788952
165,white,Ridge,-0.07290230086850846
166,white,Ridge,-0.04860608139745026
167,white,Ridge,-0.05105851770781722
168,white,Ridge,-0.06190789176285105
169,white,Ridge,-0.06717047329063475
170,white,Ridge,-0.058973815449770206
171,white,Ridge,-0.07502811187256309
172,white,Ridge,-0.03304112111422586
173,white,Ridge,-0.03995295188150816
174,white,Ridge,-0.041320350235035
175,white,Ridge,-0.07951710417662705
176,white,Ridge,-0.03833123667880678
177,white,Ridge,-0.02327936041994083
178,white,Ridge,-0.10807412437499908
179,white,Ridge,-0.05130725538937564
180,white,Ridge,-0.07690789210010673
181,white,Ridge,-0.06533591578496334
182,white,Ridge,-0.05348024991507927
183,white,Ridge,-0.051395362924022026
184,white,Ridge,-0.052829775652280864
185,white,Ridge,-0.033197460832141146
186,white,Ridge,-0.06206255641474823
187,white,Ridge,-0.08325211905295049
188,white,Ridge,-0.054678267547811576
189,white,Ridge,-0.04159923055488868
190,white,Ridge,-0.06479942686638152
191,white,Ridge,-0.045088799195511786
192,white,Ridge,-0.02959710802522053
193,white,Ridge,-0.047054298294534225
194,white,Ridge,-0.0611467731372225
195,white,Ridge,-0.05671385098035997
196,white,Ridge,-0.03460728669691204
197,white,Ridge,-0.07669439518669541
198,white,Ridge,-0.039099499428284834
199,white,Ridge,-0.0408648474191764
200,white,Ridge,-0.06735906986065032
201,white,Ridge,-0.04669480664054293
202,white,Ridge,-0.05906484182070881
203,white,Ridge,-0.06598945801034384
204,white,Ridge,-0.054431024125666916
205,white,Ridge,-0.029303006617220517
206,white,Ridge,-0.08269223727888186
207,white,Ridge,-0.019069108945964586
208,white,Ridge,-0.09887998557693634
209,white,Ridge,-0.05537618452044646
210,white,Ridge,-0.06021870460182688
211,white,Ridge,-0.08337149442957315
212,white,Ridge,-0.06897611461499187
213,white,Ridge,-0.08599278448120173
214,white,Ridge,-0.04528810774217473
215,white,Ridge,-0.0663092444256731
216,white,Ridge,-0.055712937757904535
217,white,Ridge,-0.07740758041871398
218,white,Ridge,-0.060963610899539944
219,white,Ridge,-0.007309869830438465
220,white,Ridge,-0.08984993512437989
221,white,Ridge,-0.05819799137531789
222,white,Ridge,-0.036632177036098446
223,white,Ridge,-0.027379701436420434
224,white,Ridge,-0.08395337000140468
225,white,Ridge,-0.03198832728927348
226,white,Ridge,-0.031042269227251396
227,white,Ridge,-0.046721776689236494
228,white,Ridge,-0.0404285732187708
229,white,Ridge,-0.03991076045543773
230,white,Ridge,-0.07588468622610645
231,white,Ridge,-0.027847076293110562
232,white,Ridge,-0.06356418713888001
233,white,Ridge,-0.04346357684610069
234,white,Ridge,-0.04466360917325929
235,white,Ridge,-0.05541681254108988
236,white,Ridge,-0.034615193349949114
237,white,Ridge,-0.06412171354949403
238,white,Ridge,-0.0899486799075303
239,white,Ridge,-0.05658470911721192
240,white,Ridge,-0.04492144248133756
241,white,Ridge,-0.06914179597500236
242,white,Ridge,-0.05750426655513119
243,white,Ridge,-0.06054061736613148
244,white,Ridge,-0.05054504973220242
245,white,Ridge,-0.0848409398184714
246,white,Ridge,-0.05992953360455222
247,white,Ridge,-0.042185495220208646
248,white,Ridge,-0.043805939772547764
249,white,Ridge,-0.05301965401225239
250,white,Ridge,-0.08484406767144226
251,white,Ridge,-0.04820456006297791
252,white,Ridge,-0.04856633250896569
253,white,Ridge,-0.044718841837935286
254,white,Ridge,-0.07547652983599762
255,white,Ridge,-0.02228476321142281
256,white,Ridge,-0.04658515492055337
257,white,Ridge,-0.03414325268825236
258,white,Ridge,-0.10197525832519605
259,white,Ridge,-0.06581412455524371
260,white,Ridge,-0.014010421978054022
261,white,Ridge,-0.04836235798782906
262,white,Ridge,-0.028950791528199682
263,white,Ridge,-0.0557296610663337
264,white,Ridge,-0.06030980748170667
265,white,Ridge,-0.06625614906691857
266,white,Ridge,-0.0409291311353468
267,white,Ridge,-0.07230121480435359
268,white,Ridge,-0.08415326891966168
269,white,Ridge,-0.05155175162947412
270,white,Ridge,-0.051688007667823554
271,white,Ridge,-0.06423678788728504
272,white,Ridge,-0.01725777123024841
273,white,Ridge,-0.04653830446699836
274,white,Ridge,-0.06585918697151427
275,white,Ridge,-0.04817371826969463
276,white,Ridge,-0.06021355594945044
277,white,Ridge,-0.07910737280869207
278,white,Ridge,-0.05551794115702979
279,white,Ridge,-0.059879247536132385
280,white,Ridge,-0.05058463194686991
281,white,Ridge,-0.026376838618468623
282,white,Ridge,-0.05585214216555723
283,white,Ridge,-0.03686083288077091
284,white,Ridge,-0.0724691966673563
285,white,Ridge,-0.08009824252049513
286,white,Ridge,-0.03172960996181684
287,white,Ridge,-0.06034641454649292
288,white,Ridge,-0.06710056051895674
289,white,Ridge,-0.03962431779221798
290,white,Ridge,-0.051436775628613596
291,white,Ridge,-0.045126278645406415
292,white,Ridge,-0.06235695596296764
293,white,Ridge,-0.053391660315909806
294,white,Ridge,-0.05942737002148435
295,white,Ridge,-0.06539237667759712
296,white,Ridge,-0.026629359398534724
297,white,Ridge,-0.09641598964444598
298,white,Ridge,-0.036988640776497106
299,white,Ridge,-0.037694564854099166
300,white,Ridge,-0.05451799350436137
301,white,Ridge,-0.03218244130516312
302,white,Ridge,-0.05657375945194365
303,white,Ridge,-0.019389165443098322
304,white,Ridge,-0.025061775880984904
305,white,Ridge,-0.054092569086038766
306,white,Ridge,-0.05950853468083195
307,white,Ridge,-0.06314988404843747
308,white,Ridge,-0.05893544135097395
309,white,Ridge,-0.021698701231137263
310,white,Ridge,-0.03255423471817742
311,white,Ridge,-0.032273857244315085
312,white,Ridge,-0.06897904801072163
313,white,Ridge,-0.09909788171872558
314,white,Ridge,-0.02573085014824572
315,white,Ridge,-0.05558401679424696
316,white,Ridge,-0.04483828757337316
317,white,Ridge,-0.04074217801459035
318,white,Ridge,-0.0923210641290303
319,white,Ridge,-0.0452691426732903
320,white,Ridge,-0.06120331309925142
321,white,Ridge,-0.07107063081625498
322,white,Ridge,-0.07383367447807954
323,white,Ridge,-0.04470577886880589
324,white,Ridge,-0.04838449485937524
325,white,Ridge,-0.07738398308967698
326,white,Ridge,-0.06546421480004039
327,white,Ridge,-0.0669355240192816
328,white,Ridge,-0.05451649634653721
329,white,Ridge,-0.0600055257203691
330,white,Ridge,0.0006466183896906008
331,white,Ridge,-0.08555519604386208
332,white,Ridge,-0.05728471223403209
333,white,Ridge,-0.03083119449389149
334,white,Ridge,-0.06911024106945252
335,white,Ridge,-0.04854973347446834
336,white,Ridge,-0.0418102071188714
337,white,Ridge,-0.043749969968560065
338,white,Ridge,-0.07820284015379231
339,white,Ridge,-0.07708139927706448
340,white,Ridge,-0.06835049042273722
341,white,Ridge,-0.05763655834632653
342,white,Ridge,-0.08105855308970555
343,white,Ridge,-0.08556177965562117
344,white,Ridge,-0.046061707639852734
345,white,Ridge,-0.06779920102777937
346,white,Ridge,-0.09545736114248138
347,white,Ridge,-0.05978888618097866
348,white,Ridge,-0.0897929818741604
349,white,Ridge,-0.03657790814218642
350,white,Ridge,-0.040335430203225275
351,white,Ridge,-0.036996898628446684
352,white,Ridge,-0.032134959912639816
353,white,Ridge,-0.04030872514497308
354,white,Ridge,-0.07342045087371496
355,white,Ridge,-0.06822736891658132
356,white,Ridge,-0.07909170711017344
357,white,Ridge,-0.0439571485339707
358,white,Ridge,-0.04037326049678547
359,white,Ridge,-0.073196561602338
360,white,Ridge,-0.058010553841390755
361,white,Ridge,-0.06437873031571795
362,white,Ridge,-0.06705167762391961
363,white,Ridge,-0.06841921270470819
364,white,Ridge,-0.009998668678296796
365,white,Ridge,-0.07814870198905088
366,white,Ridge,-0.06447694537122184
367,white,Ridge,-0.032234910914428094
368,white,Ridge,-0.07632491046320988
369,white,Ridge,-0.033839111529310406
370,white,Ridge,-0.019117137678598684
371,white,Ridge,-0.05275725141943155
372,white,Ridge,-0.09658306755390289
373,white,Ridge,-0.052299129383166165
374,white,Ridge,-0.06622535063464374
375,white,Ridge,-0.07338248415578386
376,white,Ridge,-0.08050020768728006
377,white,Ridge,-0.048721113252987
378,white,Ridge,-0.01714845277779542
379,white,Ridge,-0.04807665218359514
380,white,Ridge,-0.08639253252989787
381,white,Ridge,-0.05519917116592998
382,white,Ridge,-0.06547393140738766
383,white,Ridge,-0.0653632980088551
384,white,Ridge,-0.06457633516526662
385,white,Ridge,-0.052783702077449646
386,white,Ridge,-0.05047758836551919
387,white,Ridge,-0.06678830693126503
388,white,Ridge,-0.06113088137287814
389,white,Ridge,-0.06113269852567094
390,white,Ridge,-0.07641530207269298
391,white,Ridge,-0.053161424366193644
392,white,Ridge,-0.054834386304487226
393,white,Ridge,-0.03219358932044858
394,white,Ridge,-0.07778423683206237
395,white,Ridge,-0.06709011749308624
396,white,Ridge,-0.03999902483994444
397,white,Ridge,-0.051339924963990535
398,white,Ridge,-0.09557830500648912
399,white,Ridge,-0.06286288682911678
400,white,Ridge,-0.048427267505335325
401,white,Ridge,-0.04340823998633303
402,white,Ridge,-0.041911690802787005
403,white,Ridge,-0.03596667593731517
404,white,Ridge,-0.015571517927816081
405,white,Ridge,-0.04680663448520295
406,white,Ridge,-0.06606784513752983
407,white,Ridge,-0.046797232222741014
408,white,Ridge,-0.05562310587616892
409,white,Ridge,-0.06546480001807131
410,white,Ridge,-0.0673796637016042
411,white,Ridge,-0.031356042989695077
412,white,Ridge,-0.03295942113504202
413,white,Ridge,-0.0477246538932834
414,white,Ridge,-0.07160162300324835
415,white,Ridge,-0.022650159797365732
416,white,Ridge,-0.027793357604774527
417,white,Ridge,-0.05298951655275863
418,white,Ridge,-0.057426279512818534
419,white,Ridge,-0.05493184945652663
420,white,Ridge,-0.0644708407555552
421,white,Ridge,-0.0500905402000541
422,white,Ridge,-0.04670665685531539
423,white,Ridge,-0.06396842826243943
424,white,Ridge,-0.030655802509214958
425,white,Ridge,-0.055823229863710244
426,white,Ridge,-0.0630600588199407
427,white,Ridge,-0.02525181453064207
428,white,Ridge,-0.05567147528507177
429,white,Ridge,-0.05212071205727686
430,white,Ridge,-0.04956440120672523
431,white,Ridge,-0.022514476045181864
432,white,Ridge,-0.07287447236499633
433,white,Ridge,-0.07533011644464149
434,white,Ridge,-0.0783831599256386
435,white,Ridge,-0.05705135867315381
436,white,Ridge,-0.0683215833187033
437,white,Ridge,-0.03846385101291405
438,white,Ridge,0.003199177976887846
439,white,Ridge,-0.09881432725463823
440,white,Ridge,-0.11493704649833625
441,white,Ridge,-0.04720306228940352
442,white,Ridge,-0.045120736309134046
443,white,Ridge,-0.05145458571288153
444,white,Ridge,-0.052151205799592204
445,white,Ridge,-0.05685410389840562
446,white,Ridge,-0.05349168494323475
447,white,Ridge,-0.05146076874470362
448,white,Ridge,-0.0668871592514172
449,white,Ridge,-0.04218720336146964
450,white,Ridge,-0.0852393344427319
451,white,Ridge,-0.06274153310067554
452,white,Ridge,-0.06636024667739371
453,white,Ridge,-0.06369235768317838
454,white,Ridge,-0.02857402380331142
455,white,Ridge,-0.03227512612504946
456,white,Ridge,-0.06280057473051015
457,white,Ridge,-0.04747964168414098
458,white,Ridge,-0.0596912004267619
459,white,Ridge,-0.05922513174877275
460,white,Ridge,-0.03601212494555894
461,white,Ridge,-0.05131310212067541
462,white,Ridge,-0.05286803212257685
463,white,Ridge,-0.06311333362998695
464,white,Ridge,-0.06092673825265871
465,white,Ridge,-0.0740590813561064
466,white,Ridge,-0.0638482056221894
467,white,Ridge,-0.06541149269623492
468,white,Ridge,-0.06219836897345332
469,white,Ridge,-0.08524309985490919
470,white,Ridge,-0.0411942389202703
471,white,Ridge,-0.04914367664730812
472,white,Ridge,-0.05637913288279073
473,white,Ridge,-0.08225409741523315
474,white,Ridge,-0.0248142808091657
475,white,Ridge,-0.04278560778740115
476,white,Ridge,-0.02474485327385656
477,white,Ridge,-0.08353678489595429
478,white,Ridge,-0.033958561377102514
479,white,Ridge,-0.09460153309551811
480,white,Ridge,-0.05301623740692285
481,white,Ridge,-0.07295998423939098
482,white,Ridge,-0.05073955764943727
483,white,Ridge,-0.05341456699101843
484,white,Ridge,-0.06524295329320462
485,white,Ridge,-0.08850016100528468
486,white,Ridge,-0.10006484762995749
487,white,Ridge,-0.04374142758887223
488,white,Ridge,-0.08912068021830111
489,white,Ridge,-0.08678165273627247
490,white,Ridge,-0.06297515061043202
491,white,Ridge,-0.0678026312389518
492,white,Ridge,-0.07706101806466059
493,white,Ridge,-0.093837253612715
494,white,Ridge,-0.05465825385198997
495,white,Ridge,-0.05786838554748075
496,white,Ridge,-0.07144889749197858
497,white,Ridge,-0.04960869692878789
498,white,Ridge,-0.04986072936182262
499,white,Ridge,-0.04679823618445378
500,white,Ridge,-0.09867452619815387
501,white,Ridge,-0.055785317245863775
502,white,Ridge,-0.057566678706433394
503,white,Ridge,-0.03987399576040984
504,white,Ridge,-0.05397886063443169
505,white,Ridge,-0.06762238457425063
506,white,Ridge,-0.06384004760857787
507,white,Ridge,-0.01511677056588534
508,white,Ridge,-0.039634130940663814
509,white,Ridge,-0.058389638926510834
510,white,Ridge,-0.06671089798019059
511,white,Ridge,-0.04497881155576089
512,white,Ridge,-0.05652862998699115
513,white,Ridge,-0.06243881988312272
514,white,Ridge,-0.05494455683518451
515,white,Ridge,-0.07995018844734125
516,white,Ridge,-0.05688949327680348
517,white,Ridge,-0.03858778536498697
518,white,Ridge,-0.07935893908419045
519,white,Ridge,-0.034230163588773954
520,white,Ridge,-0.07005907433553593
521,white,Ridge,-0.09584630015873297
522,white,Ridge,-0.05274871828823191
523,white,Ridge,-0.06090546969257249
524,white,Ridge,-0.06370498502066135
525,white,Ridge,-0.06137730122969165
526,white,Ridge,-0.07995039401626092
527,white,Ridge,-0.02759322148926957
528,white,Ridge,-0.04833100501045562
529,white,Ridge,-0.07031961583350099
530,white,Ridge,-0.04262613546681082
531,white,Ridge,-0.04358618495693245
532,white,Ridge,-0.04505582771083616
533,white,Ridge,-0.05530971224176984
534,white,Ridge,-0.029867586941015656
535,white,Ridge,-0.06736207916313763
536,white,Ridge,-0.06032933028740928
537,white,Ridge,-0.0781835588075448
538,white,Ridge,-0.062067912478806275
539,white,Ridge,-0.036014143815124355
540,white,Ridge,-0.0354027235501122
541,white,Ridge,-0.014369460550463287
542,white,Ridge,-0.05768383421860279
543,white,Ridge,-0.06367621946685575
544,white,Ridge,-0.07901336901514233
545,white,Ridge,-0.0450033341882653
546,white,Ridge,-0.054311737757329115
547,white,Ridge,-0.06095345998844004
548,white,Ridge,-0.046279801035136736
549,white,Ridge,-0.041509038338997106
550,white,Ridge,-0.050000576851578105
551,white,Ridge,-0.05413276513336562
552,white,Ridge,-0.055350124449106475
553,white,Ridge,-0.052922856192056056
554,white,Ridge,-0.07549869551695398
555,white,Ridge,-0.041844672053322096
556,white,Ridge,-0.050438551842061474
557,white,Ridge,-0.036605295475584776
558,white,Ridge,-0.05145371684297595
559,white,Ridge,-0.06773580294704606
560,white,Ridge,-0.006052548282752146
561,white,Ridge,-0.07930910173781947
562,white,Ridge,-0.08156950525631457
563,white,Ridge,-0.052196067518733624
564,white,Ridge,-0.06555321043895501
565,white,Ridge,-0.05676909848883971
566,white,Ridge,-0.04902601275792673
567,white,Ridge,-0.044144709856662634
568,white,Ridge,-0.046994197480119126
569,white,Ridge,-0.08877871053357467
570,white,Ridge,-0.014543267955985262
571,white,Ridge,-0.06004465569708439
572,white,Ridge,-0.03306144656463139
573,white,Ridge,-0.06115286263588926
574,white,Ridge,-0.046593363570279434
575,white,Ridge,-0.02862223092675742
576,white,Ridge,-0.039525258450872514
577,white,Ridge,-0.0407691359269341
578,white,Ridge,-0.028283999616269484
579,white,Ridge,-0.021003445672050702
580,white,Ridge,-0.06278522484086002
581,white,Ridge,-0.04820913856320641
582,white,Ridge,-0.04933153410753177
583,white,Ridge,-0.05268341053249437
584,white,Ridge,-0.07395645971002107
585,white,Ridge,-0.03813709865691073
586,white,Ridge,-0.06288291306522231
587,white,Ridge,-0.06595934143935023
588,white,Ridge,-0.09245303781368286
589,white,Ridge,-0.06972805090044609
590,white,Ridge,-0.0763662088123076
591,white,Ridge,-0.03402145097594178
592,white,Ridge,-0.06881574106461352
593,white,Ridge,-0.07436641886440243
594,white,Ridge,-0.054708306217469804
595,white,Ridge,-0.09614401380095428
596,white,Ridge,-0.03905924955790707
597,white,Ridge,-0.0469695320256589
598,white,Ridge,-0.057607522141272294
599,white,Ridge,-0.04179183605913295
600,white,Ridge,-0.07062819192886016
601,white,Ridge,-0.046630278094870636
602,white,Ridge,-0.02481889667091175
603,white,Ridge,-0.07493923910752331
604,white,Ridge,-0.0451562790120793
605,white,Ridge,-0.04859583280030022
606,white,Ridge,-0.09171962443297499
607,white,Ridge,0.005677807538959967
608,white,Ridge,-0.07764695479845063
609,white,Ridge,-0.04950714764147812
610,white,Ridge,-0.04067349413888843
611,white,Ridge,-0.049051854397999084
612,white,Ridge,-0.06053370934668445
613,white,Ridge,-0.05484077044531732
614,white,Ridge,-0.07875727457348403
615,white,Ridge,-0.02945890987713229
616,white,Ridge,-0.06246265978954957
617,white,Ridge,-0.056715746394845445
618,white,Ridge,-0.1039961856849354
619,white,Ridge,-0.0512574875743016
620,white,Ridge,-0.06593190412813288
621,white,Ridge,-0.057684925429372313
622,white,Ridge,-0.04550220619470524
623,white,Ridge,-0.060962668973052025
624,white,Ridge,-0.07068917287161991
625,white,Ridge,-0.07072851782809886
626,white,Ridge,-0.03152754698734317
627,white,Ridge,-0.08045136926271701
628,white,Ridge,-0.07645315877457304
629,white,Ridge,-0.06147722253262922
630,white,Ridge,-0.06664810086496342
631,white,Ridge,-0.07311955781393564
632,white,Ridge,-0.045002611494814104
633,white,Ridge,-0.03663991743266526
634,white,Ridge,-0.03341671025548398
635,white,Ridge,-0.03254862078178933
636,white,Ridge,-0.05032791630362998
637,white,Ridge,-0.063661748718562
638,white,Ridge,-0.054945675469598165
639,white,Ridge,-0.0643055837655272
640,white,Ridge,-0.05160559218451666
641,white,Ridge,-0.07359924854460531
642,white,Ridge,-0.05051799713626992
643,white,Ridge,-0.11042878330264227
644,white,Ridge,-0.07469940894145011
645,white,Ridge,-0.03746752687268373
646,white,Ridge,-0.0449627650946679
647,white,Ridge,-0.044753998332929146
648,white,Ridge,-0.06555600622040691
649,white,Ridge,-0.039570504289370034
650,white,Ridge,-0.054008572407444166
651,white,Ridge,-0.06018904290258131
652,white,Ridge,-0.07831211515400704
653,white,Ridge,-0.057804739177886866
654,white,Ridge,-0.07909074235489588
655,white,Ridge,-0.09039243698868193
656,white,Ridge,-0.06600613449126136
657,white,Ridge,-0.021052295514860653
658,white,Ridge,-0.08256752591284655
659,white,Ridge,-0.04878975520814577
660,white,Ridge,-0.03859871151478522
661,white,Ridge,-0.03294453037602052
662,white,Ridge,-0.07560718985939363
663,white,Ridge,-0.08392142376186318
664,white,Ridge,-0.041610504783231694
665,white,Ridge,-0.04207290946624209
666,white,Ridge,-0.08188801389912226
667,white,Ridge,-0.042444145483823914
668,white,Ridge,-0.07491932246959743
669,white,Ridge,-0.038716131756501015
670,white,Ridge,-0.0683790978458233
671,white,Ridge,-0.06208994682260793
672,white,Ridge,-0.04593668091080294
673,white,Ridge,-0.07397345866193872
674,white,Ridge,-0.06254024567225247
675,white,Ridge,-0.06431284200974852
676,white,Ridge,-0.06960005173382744
677,white,Ridge,-0.054157564620854526
678,white,Ridge,-0.052604073364811654
679,white,Ridge,-0.06104548506005325
680,white,Ridge,-0.06589500084102373
681,white,Ridge,-0.050141407439051155
682,white,Ridge,-0.03895635612594972
683,white,Ridge,-0.03888600651117691
684,white,Ridge,-0.009791925090789966
685,white,Ridge,-0.0503835294966517
686,white,Ridge,-0.04338952667552931
687,white,Ridge,-0.06326206785903288
688,white,Ridge,-0.0714159977974469
689,white,Ridge,-0.053767291340530377
690,white,Ridge,-0.043165103962420015
691,white,Ridge,-0.022316985258654776
692,white,Ridge,-0.039344065557712415
693,white,Ridge,-0.0637664901845284
694,white,Ridge,-0.042534149810726896
695,white,Ridge,-0.024994922695981026
696,white,Ridge,-0.07114294984835157
697,white,Ridge,-0.06903692908845505
698,white,Ridge,-0.05046654460479727
699,white,Ridge,-0.02345573638228271
700,white,Ridge,-0.04975986658574483
701,white,Ridge,-0.05903306020695076
702,white,Ridge,-0.048157779740953144
703,white,Ridge,-0.04314866692654595
704,white,Ridge,-0.029444966431017794
705,white,Ridge,-0.0764892054369487
706,white,Ridge,-0.034046693016919316
707,white,Ridge,-0.08601722305092008
708,white,Ridge,-0.06281167393502418
709,white,Ridge,-0.04580484578427102
710,white,Ridge,-0.057229378155827404
711,white,Ridge,-0.07486525160379165
712,white,Ridge,-0.01785609039135516
713,white,Ridge,-0.047628056423478116
714,white,Ridge,-0.05248985376516202
715,white,Ridge,-0.05343189900066925
716,white,Ridge,-0.047982273183216684
717,white,Ridge,-0.0697774717888272
718,white,Ridge,-0.10228508983995566
719,white,Ridge,-0.06321467916918266
720,white,Ridge,-0.05214390826614801
721,white,Ridge,-0.0666606557020456
722,white,Ridge,-0.04964144380396107
723,white,Ridge,-0.03127469081423917
724,white,Ridge,-0.04076098710827014
725,white,Ridge,-0.046958532992996016
726,white,Ridge,-0.04256207853180061
727,white,Ridge,-0.07738440371179955
728,white,Ridge,-0.02631719557895351
729,white,Ridge,-0.062138529848876134
730,white,Ridge,-0.04675052864820528
731,white,Ridge,-0.07511468683126898
732,white,Ridge,-0.06336838410645462
733,white,Ridge,-0.05077701316341743
734,white,Ridge,-0.039772442602499014
735,white,Ridge,-0.06877678537390552
736,white,Ridge,-0.04716647270218344
737,white,Ridge,-0.10683984636239974
738,white,Ridge,-0.0824211531396708
739,white,Ridge,-0.07171508612680033
740,white,Ridge,-0.03712599301677133
741,white,Ridge,-0.05232024413615943
742,white,Ridge,-0.06895858586699644
743,white,Ridge,-0.029683636656138268
744,white,Ridge,-0.03681603062754857
745,white,Ridge,-0.05554405392288697
746,white,Ridge,-0.04430114991597711
747,white,Ridge,-0.028450419792419024
748,white,Ridge,-0.06966692033744426
749,white,Ridge,-0.03415849206257937
750,white,Ridge,-0.05566890483457654
751,white,Ridge,-0.08645565726042315
752,white,Ridge,-0.028755279625562014
753,white,Ridge,-0.07008956046442671
754,white,Ridge,-0.06693307768340007
755,white,Ridge,-0.04523118609140342
756,white,Ridge,-0.05890300726907172
757,white,Ridge,-0.04505466261369884
758,white,Ridge,-0.051618389688487754
759,white,Ridge,-0.06987443667252768
760,white,Ridge,-0.02837986454537489
761,white,Ridge,-0.034759408211112786
762,white,Ridge,-0.07212170884161384
763,white,Ridge,-0.09040556397664723
764,white,Ridge,-0.04582206745631279
765,white,Ridge,-0.03276829872075426
766,white,Ridge,-0.0653981748634388
767,white,Ridge,-0.08673738631833994
768,white,Ridge,-0.05348033682198139
769,white,Ridge,-0.05618306578627075
770,white,Ridge,-0.053024098145515675
771,white,Ridge,-0.08303095074973499
772,white,Ridge,-0.06226648371101562
773,white,Ridge,-0.03193177429608007
774,white,Ridge,-0.023461884574996095
775,white,Ridge,-0.029040554225657544
776,white,Ridge,-0.042853523698740625
777,white,Ridge,-0.04091014819844596
778,white,Ridge,-0.08468049201719785
779,white,Ridge,-0.07625877839021056
780,white,Ridge,-0.045108011274400894
781,white,Ridge,-0.06424576366900026
782,white,Ridge,-0.029277880757809682
783,white,Ridge,-0.03562123381568982
784,white,Ridge,-0.040766293422820565
785,white,Ridge,-0.07301924027680229
786,white,Ridge,-0.09249053864364787
787,white,Ridge,-0.030316550696495415
788,white,Ridge,-0.08031449958441494
789,white,Ridge,-0.044686965634178955
790,white,Ridge,-0.061544650752682784
791,white,Ridge,-0.05124336905358129
792,white,Ridge,-0.04538520400065138
793,white,Ridge,-0.04750423007912585
794,white,Ridge,-0.05442049541529281
795,white,Ridge,-0.0675529733691349
796,white,Ridge,-0.05867335580709665
797,white,Ridge,-0.08124801617020494
798,white,Ridge,-0.03400307433193628
799,white,Ridge,-0.06132297962393274
800,white,Ridge,-0.0707628883693967
801,white,Ridge,-0.07029826731667144
802,white,Ridge,-0.027209833543444972
803,white,Ridge,-0.08110765975136713
804,white,Ridge,-0.037546353674601685
805,white,Ridge,-0.042782529166394356
806,white,Ridge,-0.04503837738470873
807,white,Ridge,-0.03427497633432297
808,white,Ridge,-0.06039568569090337
809,white,Ridge,-0.022850686651963437
810,white,Ridge,-0.08208770094572071
811,white,Ridge,-0.04436121947023619
812,white,Ridge,-0.06550010119723015
813,white,Ridge,-0.025424964143259787
814,white,Ridge,-0.03380732018462429
815,white,Ridge,-0.08154176418557135
816,white,Ridge,-0.024973074467419143
817,white,Ridge,-0.04345043385633285
818,white,Ridge,-0.05258495133244978
819,white,Ridge,-0.04333414743731445
820,white,Ridge,-0.054883895529106
821,white,Ridge,-0.052660433132979634
822,white,Ridge,-0.06995113216399129
823,white,Ridge,-0.038788166371843014
824,white,Ridge,-0.08365080180623519
825,white,Ridge,-0.04867868201548753
826,white,Ridge,-0.044559260765135944
827,white,Ridge,-0.04879134962656928
828,white,Ridge,-0.03184654650760188
829,white,Ridge,-0.05000753554256021
830,white,Ridge,-0.05483930255038072
831,white,Ridge,-0.09307476537183834
832,white,Ridge,-0.024630123072092447
833,white,Ridge,-0.07222394965572398
834,white,Ridge,-0.06363128269392093
835,white,Ridge,-0.03666853910779022
836,white,Ridge,-0.0417435548726548
837,white,Ridge,-0.06922011790832638
838,white,Ridge,-0.06389554751737059
839,white,Ridge,-0.05268330277112321
840,white,Ridge,-0.06961137844926324
841,white,Ridge,-0.051216291298952776
842,white,Ridge,-0.06200286710991598
843,white,Ridge,-0.053938225349068336
844,white,Ridge,-0.09455618689058554
845,white,Ridge,-0.027202339868563352
846,white,Ridge,-0.04741789610365377
847,white,Ridge,-0.019243392085003697
848,white,Ridge,-0.07027962437924373
849,white,Ridge,-0.05276203781779354
850,white,Ridge,-0.05121689802691509
851,white,Ridge,-0.07730689531191559
852,white,Ridge,-0.07190499173964304
853,white,Ridge,-0.06355155321881878
854,white,Ridge,-0.05180009422133747
855,white,Ridge,-0.04372945156417318
856,white,Ridge,-0.04548923868199395
857,white,Ridge,-0.04606597791997513
858,white,Ridge,-0.04127132677696299
859,white,Ridge,-0.04273161943858583
860,white,Ridge,-0.05790240633207566
861,white,Ridge,-0.04817668246787521
862,white,Ridge,-0.07747362435282201
863,white,Ridge,-0.0748402178588925
864,white,Ridge,-0.05639721156345523
865,white,Ridge,-0.04647960244492899
866,white,Ridge,-0.055181991789352236
867,white,Ridge,-0.04937437138961287
868,white,Ridge,-0.04074260026478449
869,white,Ridge,-0.07238220577126742
870,white,Ridge,-0.048395327853144154
871,white,Ridge,-0.05770323300107483
872,white,Ridge,-0.021881466659319337
873,white,Ridge,-0.06591688936965812
874,white,Ridge,-0.05555654206319249
875,white,Ridge,-0.037275497669472024
876,white,Ridge,-0.03719261387710382
877,white,Ridge,-0.04828562586479812
878,white,Ridge,-0.037702348230100435
879,white,Ridge,-0.058809120772943646
880,white,Ridge,-0.06121532241636818
881,white,Ridge,-0.03946655526915133
882,white,Ridge,-0.07170044234011808
883,white,Ridge,-0.08211457861483085
884,white,Ridge,-0.060826910304423
885,white,Ridge,-0.06502390527030799
886,white,Ridge,-0.07476055416431449
887,white,Ridge,-0.029354136972246758
888,white,Ridge,-0.06264283828272466
889,white,Ridge,-0.09271007070162118
890,white,Ridge,-0.042468356545327546
891,white,Ridge,-0.059602510648598006
892,white,Ridge,-0.06709950092222994
893,white,Ridge,-0.07137949070279648
894,white,Ridge,-0.064760058090786
895,white,Ridge,-0.039537134226090065
896,white,Ridge,-0.060878199533130006
897,white,Ridge,-0.08462726005064303
898,white,Ridge,-0.04955194358084092
899,white,Ridge,-0.07803401791575526
900,white,Ridge,-0.06315165017723756
901,white,Ridge,-0.08578772408012603
902,white,Ridge,-0.06250464916911214
903,white,Ridge,-0.028940750080154065
904,white,Ridge,-0.05977677607785148
905,white,Ridge,-0.05161411234403013
906,white,Ridge,-0.0714930985178347
907,white,Ridge,-0.035657793824175776
908,white,Ridge,-0.07584776083928879
909,white,Ridge,-0.05139096343448257
910,white,Ridge,-0.052866178175144496
911,white,Ridge,-0.0643862757863175
912,white,Ridge,-0.1021192398520433
913,white,Ridge,-0.10215575127474275
914,white,Ridge,-0.05796676257611122
915,white,Ridge,-0.09671617544158662
916,white,Ridge,-0.03174635538530679
917,white,Ridge,-0.0567713326693805
918,white,Ridge,-0.025047406942544814
919,white,Ridge,-0.052564767502883636
920,white,Ridge,-0.06459828705863635
921,white,Ridge,-0.04507499726401165
922,white,Ridge,-0.034735569547639567
923,white,Ridge,-0.06248520419034864
924,white,Ridge,-0.054305905958876854
925,white,Ridge,-0.0593377688770923
926,white,Ridge,-0.057981788658381994
927,white,Ridge,-0.04691508707597836
928,white,Ridge,-0.059510182005497736
929,white,Ridge,-0.0448912337065992
930,white,Ridge,-0.039014801526771725
931,white,Ridge,-0.04649245117796241
932,white,Ridge,-0.054103735039337186
933,white,Ridge,-0.0712984032156071
934,white,Ridge,-0.05792864657420316
935,white,Ridge,-0.07652575077846147
936,white,Ridge,-0.05516119643116779
937,white,Ridge,-0.03018629151281238
938,white,Ridge,-0.07661553245792385
939,white,Ridge,-0.05803497565340199
940,white,Ridge,-0.0688881986640607
941,white,Ridge,-0.06098569128995435
942,white,Ridge,-0.09264719688319967
943,white,Ridge,-0.05552374371375324
944,white,Ridge,-0.07780731640201821
945,white,Ridge,-0.07945476498198634
946,white,Ridge,-0.05047025017492868
947,white,Ridge,-0.040167311658946714
948,white,Ridge,-0.045666107733499106
949,white,Ridge,-0.05543940401676384
950,white,Ridge,-0.08820921544292493
951,white,Ridge,-0.04584903090747372
952,white,Ridge,-0.06081321526838479
953,white,Ridge,-0.05374254593299066
954,white,Ridge,-0.06834262160489513
955,white,Ridge,-0.09520555566048206
956,white,Ridge,-0.08538711347779215
957,white,Ridge,-0.0675744726497658
958,white,Ridge,-0.029615054925392625
959,white,Ridge,-0.08089643866010554
960,white,Ridge,-0.02281283174039539
961,white,Ridge,-0.07366594556861439
962,white,Ridge,-0.051068988449067376
963,white,Ridge,-0.043410405772608796
964,white,Ridge,-0.029781037063572158
965,white,Ridge,-0.03850336852807257
966,white,Ridge,-0.08056722124354732
967,white,Ridge,-0.07249164181936085
968,white,Ridge,-0.06544839153221138
969,white,Ridge,-0.04224969747214824
970,white,Ridge,-0.04235759271157025
971,white,Ridge,-0.054548107049300354
972,white,Ridge,-0.07792655879908594
973,white,Ridge,-0.053124412208500504
974,white,Ridge,-0.03691181862636195
975,white,Ridge,0.003385518742770266
976,white,Ridge,-0.06034393055502796
977,white,Ridge,-0.04807829806407238
978,white,Ridge,-0.07651678717633392
979,white,Ridge,-0.05794619130818979
980,white,Ridge,-0.05052334218913768
981,white,Ridge,-0.04852301888648558
982,white,Ridge,-0.06953966904670394
983,white,Ridge,-0.04673782207073762
984,white,Ridge,-0.07387555531106837
985,white,Ridge,-0.06648421756425527
986,white,Ridge,-0.03664415231661999
987,white,Ridge,-0.029265551102381382
988,white,Ridge,-0.05782853551323308
989,white,Ridge,-0.022736957657078172
990,white,Ridge,-0.05124745743305581
991,white,Ridge,-0.04738166835885682
992,white,Ridge,-0.030754303588576337
993,white,Ridge,-0.07702191398284197
994,white,Ridge,-0.058824286156845984
995,white,Ridge,-0.1029620216570386
996,white,Ridge,-0.040872635832808535
997,white,Ridge,-0.033331235289747574
998,white,Ridge,-0.06492542138552815
999,white,Ridge,-0.0194560058561698
1000,white,Ridge,-0.0266804962381596
1001,white,Ridge,-0.053526541590027565
1002,white,Ridge,-0.08680091381778487
1003,white,Ridge,-0.03268928891577583
1004,white,Ridge,-0.03686004170299495
1005,white,Ridge,-0.07499036953631955
1006,white,Ridge,-0.025826790553574175
1007,white,Ridge,-0.05437869441131449
1008,white,Ridge,-0.07076913313949729
1009,white,Ridge,-0.01993303848543082
1010,white,Ridge,-0.03431413038932496
1011,white,Ridge,-0.0711343805669461
1012,white,Ridge,-0.07549949744093354
1013,white,Ridge,-0.0841331877553897
1014,white,Ridge,-0.032998302865773765
1015,white,Ridge,-0.05518924424617733
1016,white,Ridge,-0.07582131696123096
1017,white,Ridge,-0.05876028346144768
1018,white,Ridge,-0.0786974459206129
1019,white,Ridge,-0.05347718031024551
1020,white,Ridge,-0.06262378084024045
1021,white,Ridge,-0.06273381874388351
1022,white,Ridge,-0.07162342894898288
1023,white,Ridge,-0.06083250027612919
1024,white,Ridge,-0.027345213470786
1025,white,Ridge,-0.03963553556269939
1026,white,Ridge,-0.04327572391758583
1027,white,Ridge,-0.0540731435179318
1028,white,Ridge,-0.05296245900530416
1029,white,Ridge,-0.07732964591115232
1030,white,Ridge,0.006202291240520075
1031,white,Ridge,-0.10313718375198411
1032,white,Ridge,-0.05684402071329753
1033,white,Ridge,-0.04571624661070617
1034,white,Ridge,-0.056422689958343764
1035,white,Ridge,-0.06414776150086954
1036,white,Ridge,-0.059796686238417496
1037,white,Ridge,-0.09700718231217198
1038,white,Ridge,-0.08619554073509472
1039,white,Ridge,-0.037003658401975836
1040,white,Ridge,-0.04687646719801919
1041,white,Ridge,-0.053714771193503985
1042,white,Ridge,-0.022833096633610994
1043,white,Ridge,-0.05844370773298335
1044,white,Ridge,-0.06765281023126202
1045,white,Ridge,-0.060511033251025914
1046,white,Ridge,-0.07808420555808415
1047,white,Ridge,-0.053266896897815164
1048,white,Ridge,-0.07166884090445758
1049,white,Ridge,-0.06456598564450078
1050,white,Ridge,-0.09162052621431938
1051,white,Ridge,-0.05635216041251834
1052,white,Ridge,-0.09338835130125256
1053,white,Ridge,-0.044699860997165386
1054,white,Ridge,-0.06506832626431125
1055,white,Ridge,-0.0875989362734586
1056,white,Ridge,-0.07128931423409413
1057,white,Ridge,-0.07324130796867534
1058,white,Ridge,-0.0769488631894788
1059,white,Ridge,-0.07964874193630922
1060,white,Ridge,-0.07872117038359394
1061,white,Ridge,-0.058186415681656056
1062,white,Ridge,-0.057172477252500076
1063,white,Ridge,-0.01324836314391098
1064,white,Ridge,-0.064733259949176
1065,white,Ridge,-0.0028221556805267944
1066,white,Ridge,-0.041269510335309456
1067,white,Ridge,-0.06112299559756118
1068,white,Ridge,-0.0640816631762745
1069,white,Ridge,-0.05005041727762494
1070,white,Ridge,-0.07168885547014514
1071,white,Ridge,-0.05980309718348753
1072,white,Ridge,-0.08418404284974257
1073,white,Ridge,-0.1146935792908278
1074,white,Ridge,-0.06255970759662255
1075,white,Ridge,-0.047441248487154364
1076,white,Ridge,-0.06504555527562128
1077,white,Ridge,-0.061142907525321144
1078,white,Ridge,-0.06616801555826357
1079,white,Ridge,-0.07143770965865781
1080,white,Ridge,-0.0594445070408397
1081,white,Ridge,-0.059729331009256925
1082,white,Ridge,-0.0786149564033567
1083,white,Ridge,-0.06245623279821266
1084,white,Ridge,-0.038721698792190895
1085,white,Ridge,-0.07494042280092605
1086,white,Ridge,-0.05657507827191621
1087,white,Ridge,-0.04169412437635611
1088,white,Ridge,-0.05428611184865728
1089,white,Ridge,-0.06187596394829942
1090,white,Ridge,-0.0711703097465658
1091,white,Ridge,-0.048889165469021
1092,white,Ridge,-0.04072303467155536
1093,white,Ridge,-0.0828366819828088
1094,white,Ridge,-0.028483202723441292
1095,white,Ridge,-0.04680119722394427
1096,white,Ridge,-0.06320080789402793
1097,white,Ridge,-0.04854921971769599
1098,white,Ridge,-0.07233525346979952
1099,white,Ridge,-0.04707073436947107
1100,white,Ridge,-0.055147504668575875
1101,white,Ridge,-0.08919871800425339
1102,white,Ridge,-0.06972988236760536
1103,white,Ridge,-0.07662613397790119
1104,white,Ridge,-0.029571704155130996
1105,white,Ridge,-0.05913726151171761
1106,white,Ridge,-0.05728463034625775
1107,white,Ridge,-0.05609289836202447
1108,white,Ridge,-0.039500792365266935
1109,white,Ridge,-0.044406848825447875
1110,white,Ridge,-0.008153903339210955
1111,white,Ridge,-0.039508409518243304
1112,white,Ridge,-0.04109228972240575
1113,white,Ridge,-0.09780201015371803
1114,white,Ridge,-0.06639834149835389
1115,white,Ridge,-0.03385063754037965
1116,white,Ridge,-0.051588279191374986
1117,white,Ridge,-0.04545879368195027
1118,white,Ridge,-0.025976677137629633
1119,white,Ridge,-0.0440229817651977
1120,white,Ridge,-0.036147928651232175
1121,white,Ridge,-0.08006303787628455
1122,white,Ridge,-0.04213975700748673
1123,white,Ridge,-0.05792871632081076
1124,white,Ridge,-0.04629123458169948
1125,white,Ridge,-0.06817190559584807
1126,white,Ridge,-0.04015706588141177
1127,white,Ridge,-0.037224888017913904
1128,white,Ridge,-0.031212290733107162
1129,white,Ridge,-0.020949915664093433
1130,white,Ridge,-0.059733685773568856
1131,white,Ridge,-0.04438875421593669
1132,white,Ridge,-0.06559885499841889
1133,white,Ridge,-0.05414151458679073
1134,white,Ridge,-0.055279840544651626
1135,white,Ridge,-0.05365288057647444
1136,white,Ridge,-0.03521192343929347
1137,white,Ridge,-0.038509419415235335
1138,white,Ridge,-0.01677529320832505
1139,white,Ridge,-0.06610132248448164
1140,white,Ridge,-0.0324815885714177
1141,white,Ridge,-0.02126410603093687
1142,white,Ridge,-0.05291205051601566
1143,white,Ridge,-0.014844635921021587
1144,white,Ridge,-0.08083975129740528
1145,white,Ridge,-0.06676426335792818
1146,white,Ridge,-0.07382581276412103
1147,white,Ridge,-0.06439295768620779
1148,white,Ridge,-0.049520713195918664
1149,white,Ridge,-0.07304163659230944
1150,white,Ridge,-0.053264617292613003
1151,white,Ridge,-0.0702310380632507
1152,white,Ridge,-0.07288163825448157
1153,white,Ridge,-0.04229493856631816
1154,white,Ridge,-0.06055654493452889
1155,white,Ridge,-0.039411305395509966
1156,white,Ridge,-0.04978527393442034
1157,white,Ridge,-0.05351550178141673
1158,white,Ridge,-0.045896074925588115
1159,white,Ridge,-0.03382183043032738
1160,white,Ridge,-0.05967654970820857
1161,white,Ridge,-0.09019466734286241
1162,white,Ridge,-0.0332675812325246
1163,white,Ridge,-0.04923843786926996
1164,white,Ridge,-0.05739631263853262
1165,white,Ridge,-0.0519609433957402
1166,white,Ridge,-0.052753929135265
1167,white,Ridge,-0.06857323867445053
1168,white,Ridge,-0.03988250294519213
1169,white,Ridge,-0.050690291895417516
1170,white,Ridge,-0.06947058904490366
1171,white,Ridge,-0.08369401975091062
1172,white,Ridge,-0.04730318639629372
1173,white,Ridge,-0.028078384730751638
1174,white,Ridge,-0.09056559079870363
1175,white,Ridge,-0.03470894840697414
1176,white,Ridge,-0.06684724626790528
1177,white,Ridge,-0.047333730755663495
1178,white,Ridge,-0.016528408866800737
1179,white,Ridge,-0.05545539328151383
1180,white,Ridge,-0.05914972853195133
1181,white,Ridge,-0.04369707907353548
1182,white,Ridge,-0.0484513572074573
1183,white,Ridge,-0.0771511291361211
1184,white,Ridge,-0.07914140272345649
1185,white,Ridge,-0.06157748358560877
1186,white,Ridge,-0.03515665169017579
1187,white,Ridge,-0.045112694728099534
1188,white,Ridge,-0.04287235132324718
1189,white,Ridge,-0.052788821025097965
1190,white,Ridge,-0.062010771339687576
1191,white,Ridge,-0.056756921675021
1192,white,Ridge,-0.04556682752545249
1193,white,Ridge,-0.024766872139564744
1194,white,Ridge,-0.06210955806702545
1195,white,Ridge,-0.07248903007348206
1196,white,Ridge,-0.07035511101910297
1197,white,Ridge,-0.07870098081024435
1198,white,Ridge,-0.04566986285391672
1199,white,Ridge,-0.07790319589707295
1200,white,Ridge,-0.0422674912552965
1201,white,Ridge,-0.07903342871609131
1202,white,Ridge,-0.05955135398105749
1203,white,Ridge,-0.035599057264457
1204,white,Ridge,-0.06619979566556922
1205,white,Ridge,-0.048505620709190844
1206,white,Ridge,-0.06615383099754624
1207,white,Ridge,-0.0644589731343288
1208,white,Ridge,-0.03406713494462166
1209,white,Ridge,-0.04378482800959882
1210,white,Ridge,-0.039101582736512985
1211,white,Ridge,-0.052697538836661506
1212,white,Ridge,-0.07742667466614406
1213,white,Ridge,-0.0679102809831248
1214,white,Ridge,-0.04609292039539836
1215,white,Ridge,-0.047421816431497454
1216,white,Ridge,-0.0683009124581695
1217,white,Ridge,-0.06717500455470538
1218,white,Ridge,-0.04641172095994639
1219,white,Ridge,-0.06305958499310627
1220,white,Ridge,-0.053822304525280806
1221,white,Ridge,-0.017293054305365096
1222,white,Ridge,-0.09777310955822038
1223,white,Ridge,-0.1042209271462945
1224,white,Ridge,-0.048709093706509
1225,white,Ridge,-0.08607668998247175
1226,white,Ridge,-0.06164678457970685
1227,white,Ridge,-0.08513466131934466
1228,white,Ridge,-0.06466262404894363
1229,white,Ridge,-0.10561676340301851
1230,white,Ridge,-0.08627782713136578
1231,white,Ridge,-0.03687298983971721
1232,white,Ridge,-0.06483289233837386
1233,white,Ridge,-0.056415284404251254
1234,white,Ridge,-0.03524200096219665
1235,white,Ridge,-0.056142679163661224
1236,white,Ridge,-0.05106473547432089
1237,white,Ridge,-0.03241241306464426
1238,white,Ridge,-0.019463722364458813
1239,white,Ridge,-0.07287823571934049
1240,white,Ridge,-0.020959497465220522
1241,white,Ridge,-0.06044117775729019
1242,white,Ridge,-0.10383596073885959
1243,white,Ridge,-0.05737146102540158
1244,white,Ridge,-0.04896356405783009
1245,white,Ridge,-0.025964944018873837
1246,white,Ridge,-0.04100423596649849
1247,white,Ridge,-0.07454770005198597
1248,white,Ridge,-0.08036523144196239
1249,white,Ridge,-0.0822447563922627
1250,white,Ridge,-0.04376261469307352
1251,white,Ridge,-0.0190669671357121
1252,white,Ridge,-0.0768747907109848
1253,white,Ridge,-0.05496663928150225
1254,white,Ridge,-0.06453300481514279
1255,white,Ridge,-0.05518209944629282
1256,white,Ridge,-0.035679030649755306
1257,white,Ridge,-0.0539560919957619
1258,white,Ridge,-0.056607753402214245
1259,white,Ridge,-0.06574911763951685
1260,white,Ridge,-0.10257363725272961
1261,white,Ridge,-0.05763838454959336
1262,white,Ridge,-0.06657919723936523
1263,white,Ridge,-0.06768923089976364
1264,white,Ridge,-0.02523756847885983
1265,white,Ridge,-0.051529202858358825
1266,white,Ridge,-0.05665069919934662
1267,white,Ridge,-0.06933922557600847
1268,white,Ridge,-0.07759031043362785
1269,white,Ridge,-0.05281937838163975
1270,white,Ridge,-0.04603648096652735
1271,white,Ridge,-0.06746709787344296
1272,white,Ridge,-0.04410761405203123
1273,white,Ridge,-0.018387944303019266
1274,white,Ridge,-0.0330268909553022
1275,white,Ridge,-0.06073389154072373
1276,white,Ridge,-0.05571686633847006
1277,white,Ridge,-0.09370233104971237
1278,white,Ridge,-0.058989733411874745
1279,white,Ridge,-0.053690410418666845
1280,white,Ridge,-0.043526012776148204
1281,white,Ridge,-0.04615269056821392
1282,white,Ridge,-0.0532301092966726
1283,white,Ridge,-0.0500811093970388
1284,white,Ridge,-0.06389974137266563
1285,white,Ridge,-0.04642914240881468
1286,white,Ridge,-0.06014311982901677
1287,white,Ridge,-0.055547486935096035
1288,white,Ridge,-0.06109368055709319
1289,white,Ridge,-0.06959087128706909
1290,white,Ridge,-0.03271629304981083
1291,white,Ridge,-0.06978231015239789
1292,white,Ridge,-0.0431282998100847
1293,white,Ridge,-0.05115436815589969
1294,white,Ridge,-0.05166462638275027
1295,white,Ridge,-0.05166828057194606
1296,white,Ridge,-0.060306441511495
1297,white,Ridge,-0.031012135935620355
1298,white,Ridge,-0.040662344811214446
1299,white,Ridge,-0.07660216997644986
1300,white,Ridge,-0.04900915722130206
1301,white,Ridge,-0.05678832658205524
1302,white,Ridge,-0.04938872862602206
1303,white,Ridge,-0.05297362358504665
1304,white,Ridge,-0.08335712801064876
1305,white,Ridge,-0.05567447904962175
1306,white,Ridge,-0.036620885845183526
1307,white,Ridge,-0.08347360478098287
1308,white,Ridge,-0.04875987425833461
1309,white,Ridge,-0.0056529800433182675
1310,white,Ridge,-0.06592679195600015
1311,white,Ridge,-0.06714469913070176
1312,white,Ridge,-0.03256279002142859
1313,white,Ridge,-0.06619473920800945
1314,white,Ridge,-0.06934518998059702
1315,white,Ridge,-0.06855687840439906
1316,white,Ridge,-0.06854340057074071
1317,white,Ridge,-0.036736351468666495
1318,white,Ridge,-0.026155530314965536
1319,white,Ridge,-0.06220648954489005
1320,white,Ridge,-0.05886457526362798
1321,white,Ridge,-0.044985530510299854
1322,white,Ridge,-0.025556810189700796
1323,white,Ridge,-0.023436635926287863
1324,white,Ridge,-0.09573052037873087
1325,white,Ridge,-0.04486479428110357
1326,white,Ridge,-0.035849354049453
1327,white,Ridge,-0.06118684647674344
1328,white,Ridge,-0.03944443299382128
1329,white,Ridge,-0.0066142426974399315
1330,white,Ridge,-0.020742363211159964
1331,white,Ridge,-0.07534155648064467
1332,white,Ridge,-0.0252762617478155
1333,white,Ridge,-0.03427332718183085
1334,white,Ridge,-0.038984693146337346
1335,white,Ridge,-0.07085288526115585
1336,white,Ridge,-0.029909306360668686
1337,white,Ridge,-0.05221134329469734
1338,white,Ridge,-0.036915915421273815
1339,white,Ridge,-0.06516051078063423
1340,white,Ridge,-0.03315225824428125
1341,white,Ridge,-0.06673501725366981
1342,white,Ridge,-0.0448205917926755
1343,white,Ridge,-0.0827009865669811
1344,white,Ridge,-0.059772043900481076
1345,white,Ridge,-0.0567718077356274
1346,white,Ridge,-0.0570499862998215
1347,white,Ridge,-0.04276728778339889
1348,white,Ridge,-0.08164048096916932
1349,white,Ridge,-0.05091216177423652
1350,white,Ridge,-0.04241828279227877
1351,white,Ridge,-0.05803355764463658
1352,white,Ridge,-0.05618989000589447
1353,white,Ridge,-0.09236905623342162
1354,white,Ridge,-0.053859196852512725
1355,white,Ridge,-0.02649373752733586
1356,white,Ridge,-0.03238629340767418
1357,white,Ridge,-0.045906404059094075
1358,white,Ridge,-0.04879157623404817
1359,white,Ridge,-0.07440202410895613
1360,white,Ridge,-0.049228538364950225
1361,white,Ridge,-0.04177131873587803
1362,white,Ridge,-0.09093141191868359
1363,white,Ridge,-0.08591969436205049
1364,white,Ridge,-0.03565874513193412
1365,white,Ridge,-0.045242597013542274
1366,white,Ridge,-0.06840540964161035
1367,white,Ridge,-0.07639437001117
1368,white,Ridge,-0.07276109977959444
1369,white,Ridge,-0.032852292227743884
1370,white,Ridge,-0.06593832475724715
1371,white,Ridge,-0.055902228980658775
1372,white,Ridge,-0.026755689448232367
1373,white,Ridge,-0.03972489735939699
1374,white,Ridge,-0.07780937155279333
1375,white,Ridge,-0.07225487553562138
1376,white,Ridge,-0.05426884126884768
1377,white,Ridge,-0.02541119894799093
1378,white,Ridge,-0.05732447522768025
1379,white,Ridge,-0.07792325771458031
1380,white,Ridge,-0.10699740404034674
1381,white,Ridge,-0.07965351119551178
1382,white,Ridge,-0.031997312969425096
1383,white,Ridge,-0.02587453622122804
1384,white,Ridge,-0.05975977708614433
1385,white,Ridge,-0.06882998532967866
1386,white,Ridge,-0.07309313636560288
1387,white,Ridge,-0.030891427960797357
1388,white,Ridge,-0.03901374679973191
1389,white,Ridge,-0.05816726763350388
1390,white,Ridge,-0.031564336245315516
1391,white,Ridge,-0.04975644211727581
1392,white,Ridge,-0.02358275911899832
1393,white,Ridge,-0.04962677339799848
1394,white,Ridge,-0.02659313059247892
1395,white,Ridge,-0.05917831062457013
1396,white,Ridge,-0.05325884961114091
1397,white,Ridge,-0.036917470132390884
1398,white,Ridge,-0.043502630414315235
1399,white,Ridge,-0.04713304724387046
1400,white,Ridge,-0.043118432675575025
1401,white,Ridge,-0.0470562552073458
1402,white,Ridge,-0.06870422673513388
1403,white,Ridge,-0.07558243689223487
1404,white,Ridge,-0.061033729094163824
1405,white,Ridge,-0.03321614022440167
1406,white,Ridge,-0.03276606328186449
1407,white,Ridge,-0.08700023978233618
1408,white,Ridge,-0.04091716296580916
1409,white,Ridge,-0.06864024629803389
1410,white,Ridge,-0.047490934875434765
1411,white,Ridge,-0.04130721066739107
1412,white,Ridge,-0.044025067604141155
1413,white,Ridge,-0.03965128079823799
1414,white,Ridge,-0.07588952262874382
1415,white,Ridge,-0.05563010667645596
1416,white,Ridge,-0.019193667932539515
1417,white,Ridge,-0.04449688901340343
1418,white,Ridge,-0.006690021246995692
1419,white,Ridge,-0.03872020138552079
1420,white,Ridge,-0.0865384530065656
1421,white,Ridge,-0.061429560867746424
1422,white,Ridge,-0.08303949470860916
1423,white,Ridge,-0.029305199617644995
1424,white,Ridge,-0.026122654347258578
1425,white,Ridge,-0.04646630113274708
1426,white,Ridge,-0.06652026889852891
1427,white,Ridge,-0.05438561189923308
1428,white,Ridge,-0.08447910542899051
1429,white,Ridge,-0.0845516611155247
1430,white,Ridge,-0.07327755424140148
1431,white,Ridge,-0.027553364784303036
1432,white,Ridge,-0.03988195563809904
1433,white,Ridge,-0.04209758582115819
1434,white,Ridge,-0.07165217659236967
1435,white,Ridge,-0.07016910838526069
1436,white,Ridge,-0.04386846307193515
1437,white,Ridge,-0.0543501330170284
1438,white,Ridge,-0.05135930972302416
1439,white,Ridge,-0.047559228253963304
1440,white,Ridge,-0.05646908013188179
1441,white,Ridge,-0.05196792054872046
1442,white,Ridge,-0.05358870445842723
1443,white,Ridge,-0.07699616010962629
1444,white,Ridge,-0.04953444350076275
1445,white,Ridge,-0.06297250431814316
1446,white,Ridge,-0.07115398049673671
1447,white,Ridge,-0.06087973729330265
1448,white,Ridge,-0.05799463681683792
1449,white,Ridge,-0.048904705093737344
1450,white,Ridge,-0.06242910628005993
1451,white,Ridge,-0.061333632409653505
1452,white,Ridge,-0.038048066195582764
1453,white,Ridge,-0.0733748086180257
1454,white,Ridge,-0.03169360394518084
1455,white,Ridge,-0.04337630328529485
1456,white,Ridge,-0.07819538469116827
1457,white,Ridge,-0.057536615294522475
1458,white,Ridge,-0.0417206682270953
1459,white,Ridge,-0.02104803091877494
1460,white,Ridge,-0.05301122951614279
1461,white,Ridge,-0.06611405597995013
1462,white,Ridge,-0.07276413261028514
1463,white,Ridge,-0.07843867248452085
1464,white,Ridge,-0.05295572441304364
1465,white,Ridge,-0.01740426748960533
1466,white,Ridge,-0.07936413691861932
1467,white,Ridge,-0.05972448232201111
1468,white,Ridge,-0.05455511321583406
1469,white,Ridge,-0.06543969232473623
1470,white,Ridge,-0.06869285198841579
1471,white,Ridge,-0.07663654805255016
1472,white,Ridge,-0.05360088930831952
1473,white,Ridge,-0.07375657897304622
1474,white,Ridge,-0.07864722610713792
1475,white,Ridge,-0.04586620765080862
1476,white,Ridge,-0.05426022451579737
1477,white,Ridge,-0.08900025214396212
1478,white,Ridge,-0.035643595233329384
1479,white,Ridge,-0.08479088029459059
1480,white,Ridge,-0.07028334990693552
1481,white,Ridge,-0.028380277557012445
1482,white,Ridge,-0.03894249023154317
1483,white,Ridge,-0.052035276933055874
1484,white,Ridge,-0.08740657940854324
1485,white,Ridge,-0.04351437638689115
1486,white,Ridge,-0.07607419733600329
1487,white,Ridge,-0.04672408088199076
1488,white,Ridge,-0.03289723901794217
1489,white,Ridge,-0.05394276077319771
1490,white,Ridge,-0.06781850187000593
1491,white,Ridge,-0.05411964649131851
1492,white,Ridge,-0.029414585374270663
1493,white,Ridge,-0.07036500355685638
1494,white,Ridge,-0.06359212469922071
1495,white,Ridge,-0.05388249178419591
1496,white,Ridge,-0.0360854483829941
1497,white,Ridge,-0.02327930139312384
1498,white,Ridge,-0.06083009123587235
1499,white,Ridge,-0.022003616852872665
1500,white,Ridge,-0.04904419113181557
1501,white,Ridge,-0.03401837685090314
1502,white,Ridge,-0.010851781889860135
1503,white,Ridge,-0.04427739693463717
1504,white,Ridge,-0.043922032686900314
1505,white,Ridge,-0.06062251935687035
1506,white,Ridge,-0.05275583527581118
1507,white,Ridge,-0.04215601881026865
1508,white,Ridge,-0.05113209724962853
1509,white,Ridge,-0.04183311019021829
1510,white,Ridge,-0.07251770138561764
1511,white,Ridge,-0.07713044690608606
1512,white,Ridge,-0.037776399503945846
1513,white,Ridge,-0.05338984335750674
1514,white,Ridge,-0.048019492927488194
1515,white,Ridge,-0.07593662522916067
1516,white,Ridge,-0.04937847913524385
1517,white,Ridge,-0.055501275556010254
1518,white,Ridge,-0.05845349249889342
1519,white,Ridge,-0.03316439209492905
1520,white,Ridge,-0.03817965052454231
1521,white,Ridge,-0.07935487048101231
1522,white,Ridge,-0.07101577756583033
1523,white,Ridge,-0.04307592771341251
1524,white,Ridge,-0.06331686386850766
1525,white,Ridge,-0.060690135124600975
1526,white,Ridge,-0.06303470323575655
1527,white,Ridge,-0.05451268940946896
1528,white,Ridge,-0.0811724762349727
1529,white,Ridge,-0.0247981508229701
1530,white,Ridge,-0.05806102851875439
1531,white,Ridge,-0.030327010315864156
1532,white,Ridge,-0.07203478543223052
1533,white,Ridge,-0.06563068900677638
1534,white,Ridge,-0.08062511004357475
1535,white,Ridge,-0.048267196328898976
1536,white,Ridge,-0.04398113320558383
1537,white,Ridge,-0.026002135527578907
1538,white,Ridge,-0.05629152636461743
1539,white,Ridge,-0.06327977264380302
1540,white,Ridge,-0.03485234216183142
1541,white,Ridge,-0.050456071300937766
1542,white,Ridge,-0.03126975998716097
1543,white,Ridge,-0.050755206965899524
1544,white,Ridge,-0.04230918423022256
1545,white,Ridge,-0.027326397566462934
1546,white,Ridge,-0.059316904594539754
1547,white,Ridge,-0.05691265587707972
1548,white,Ridge,-0.06433710431340423
1549,white,Ridge,-0.05428663468807782
1550,white,Ridge,-0.03549647224805297
1551,white,Ridge,-0.05262792583675946
1552,white,Ridge,-0.04653451599612257
1553,white,Ridge,-0.06671050418071311
1554,white,Ridge,-0.04503765495775036
1555,white,Ridge,-0.04293996747918527
1556,white,Ridge,-0.06253417349312018
1557,white,Ridge,-0.03358829972290556
1558,white,Ridge,-0.07503941779474299
1559,white,Ridge,-0.03375351730824794
1560,white,Ridge,-0.04983260341117446
1561,white,Ridge,-0.08270513107605693
1562,white,Ridge,-0.06068677481820128
1563,white,Ridge,-0.0330911095856975
1564,white,Ridge,-0.06882179342347561
1565,white,Ridge,-0.06737938808212862
1566,white,Ridge,-0.046917493481434036
1567,white,Ridge,-0.03771639362101731
1568,white,Ridge,-0.05650251773112258
1569,white,Ridge,-0.06956278484303602
1570,white,Ridge,-0.03280145676546209
1571,white,Ridge,-0.0816458851006947
1572,white,Ridge,-0.0340814929307216
1573,white,Ridge,-0.03696735020522168
1574,white,Ridge,-0.046627867636330755
1575,white,Ridge,-0.030802319382056575
1576,white,Ridge,-0.041480003537258336
1577,white,Ridge,-0.0278779466618041
1578,white,Ridge,-0.0363111834902935
1579,white,Ridge,-0.045093212808364314
1580,white,Ridge,-0.03738266295075343
1581,white,Ridge,-0.026767605756515267
1582,white,Ridge,-0.020054270297198196
1583,white,Ridge,-0.07766640754956255
1584,white,Ridge,-0.0594455043616785
1585,white,Ridge,-0.025790155179844176
1586,white,Ridge,-0.06977704043238242
1587,white,Ridge,-0.05838426286535214
1588,white,Ridge,-0.06598700100459032
1589,white,Ridge,-0.07500558387400535
1590,white,Ridge,-0.05673347285299046
1591,white,Ridge,-0.02580126858183951
1592,white,Ridge,-0.06049112000617407
1593,white,Ridge,-0.046439047921841725
1594,white,Ridge,-0.05897864143396314
1595,white,Ridge,-0.07573218317275598
1596,white,Ridge,-0.025312253069073143
1597,white,Ridge,-0.05548668751916752
1598,white,Ridge,-0.036216168073333166
1599,white,Ridge,-0.06194534849116906
1600,white,Ridge,-0.034447255259944076
1601,white,Ridge,-0.07334661354248095
1602,white,Ridge,-0.060160340242846
1603,white,Ridge,-0.05519072465270425
1604,white,Ridge,-0.06051889811035427
1605,white,Ridge,-0.048398391473265856
1606,white,Ridge,-0.06728579956934466
1607,white,Ridge,-0.08253496608174449
1608,white,Ridge,-0.0337748255008401
1609,white,Ridge,-0.029135423331389854
1610,white,Ridge,-0.07958568956740508
1611,white,Ridge,-0.006056751310722253
1612,white,Ridge,-0.07971391663544947
1613,white,Ridge,-0.053760224682876
1614,white,Ridge,-0.041108255762413504
1615,white,Ridge,-0.07791335924521914
1616,white,Ridge,-0.05233232121773235
1617,white,Ridge,-0.05054743783077953
1618,white,Ridge,-0.045162251579883406
1619,white,Ridge,-0.048473785901464894
1620,white,Ridge,-0.05170773046065902
1621,white,Ridge,-0.06231977956370893
1622,white,Ridge,-0.03999868673492679
1623,white,Ridge,-0.0671498471803651
1624,white,Ridge,-0.039851260011360745
1625,white,Ridge,-0.051643863734506024
1626,white,Ridge,-0.05103225597532257
1627,white,Ridge,-0.02733827193262728
1628,white,Ridge,-0.06366470403184221
1629,white,Ridge,-0.10441912353867644
1630,white,Ridge,-0.06955723146196469
1631,white,Ridge,-0.07688677739961047
1632,white,Ridge,-0.04749058962594954
1633,white,Ridge,-0.05962695545039698
1634,white,Ridge,-0.04999367034842084
1635,white,Ridge,-0.05638204082615894
1636,white,Ridge,-0.06260312751127817
1637,white,Ridge,-0.03313500007604209
1638,white,Ridge,-0.057817928710327426
1639,white,Ridge,-0.030465450033918984
1640,white,Ridge,-0.060198281344104876
1641,white,Ridge,-0.07125811537580218
1642,white,Ridge,-0.030937958519466124
1643,white,Ridge,-0.06092024783483263
1644,white,Ridge,-0.04613569217468638
1645,white,Ridge,-0.02908129074346466
1646,white,Ridge,-0.06352234869970663
1647,white,Ridge,-0.035483846656341744
1648,white,Ridge,-0.040589136953009364
1649,white,Ridge,-0.06067536143463437
1650,white,Ridge,-0.04534268801185881
1651,white,Ridge,-0.05381237637214098
1652,white,Ridge,-0.011291394287459067
1653,white,Ridge,-0.027835567523719518
1654,white,Ridge,-0.05891790527466079
1655,white,Ridge,-0.07096371098196552
1656,white,Ridge,-0.05980623080066616
1657,white,Ridge,-0.04692146766505012
1658,white,Ridge,-0.04310033164716742
1659,white,Ridge,-0.058077764358353434
1660,white,Ridge,-0.021577456082067847
1661,white,Ridge,-0.046525450676438096
1662,white,Ridge,-0.06386081707302516
1663,white,Ridge,-0.045645030164558786
1664,white,Ridge,-0.07300468843212371
1665,white,Ridge,-0.06945740506017228
1666,white,Ridge,-0.04755685376537322
1667,white,Ridge,-0.08213495802522175
1668,white,Ridge,-0.07407159616601533
1669,white,Ridge,-0.05794130509524864
1670,white,Ridge,-0.05182080322878935
1671,white,Ridge,-0.07284074405108187
1672,white,Ridge,-0.03667492876487366
1673,white,Ridge,-0.04105114596458792
1674,white,Ridge,-0.08701527096071793
1675,white,Ridge,-0.0440342861163282
1676,white,Ridge,-0.03522898510950012
1677,white,Ridge,-0.05329943273772175
1678,white,Ridge,-0.07779851659739967
1679,white,Ridge,-0.03395709429681215
1680,white,Ridge,-0.07557210597601083
1681,white,Ridge,-0.05271038451231469
1682,white,Ridge,-0.06500475371345193
1683,white,Ridge,-0.05273821174224802
1684,white,Ridge,-0.058285984873698404
1685,white,Ridge,-0.04338686973903039
1686,white,Ridge,-0.031254912411168845
1687,white,Ridge,-0.056646389248891205
1688,white,Ridge,-0.06261105879564366
1689,white,Ridge,-0.08616033570706916
1690,white,Ridge,-0.06335141712269554
1691,white,Ridge,-0.08553557096442754
1692,white,Ridge,-0.021893244871858952
1693,white,Ridge,-0.05475461722840147
1694,white,Ridge,-0.07733482769056554
1695,white,Ridge,-0.06913123572942426
1696,white,Ridge,-0.04872608448175464
1697,white,Ridge,-0.057932775450141305
1698,white,Ridge,-0.051219410281973965
1699,white,Ridge,-0.0608727151235573
1700,white,Ridge,-0.05756437496049405
1701,white,Ridge,-0.0629843427241149
1702,white,Ridge,-0.07570964809184022
1703,white,Ridge,-0.05021949272432147
1704,white,Ridge,-0.05863557003688191
1705,white,Ridge,-0.038973392223115244
1706,white,Ridge,-0.07549875721875532
1707,white,Ridge,-0.05786015652728538
1708,white,Ridge,-0.05571647093118948
1709,white,Ridge,-0.03699457415144247
1710,white,Ridge,-0.07651167976297923
1711,white,Ridge,-0.06559535121635185
1712,white,Ridge,-0.06706796882014532
1713,white,Ridge,-0.045597630174708303
1714,white,Ridge,-0.06268084116525241
1715,white,Ridge,-0.07103954835683812
1716,white,Ridge,-0.049699205574239014
1717,white,Ridge,-0.059719881897631555
1718,white,Ridge,-0.04243279932635313
1719,white,Ridge,-0.04448767544981891
1720,white,Ridge,-0.01571121872315051
1721,white,Ridge,-0.042835686753200486
1722,white,Ridge,-0.059073087413213266
1723,white,Ridge,-0.030726274015099198
1724,white,Ridge,-0.07171434377820551
1725,white,Ridge,-0.05767036552932303
1726,white,Ridge,-0.06273254036987219
1727,white,Ridge,-0.07415579986779641
1728,white,Ridge,-0.08114420511154163
1729,white,Ridge,-0.0899731146836048
1730,white,Ridge,-0.05567650310368499
1731,white,Ridge,-0.07422095128319905
1732,white,Ridge,-0.0766986924233144
1733,white,Ridge,-0.027421236770926005
1734,white,Ridge,-0.08503286427914025
1735,white,Ridge,-0.07778726340021058
1736,white,Ridge,-0.06698034557054866
1737,white,Ridge,-0.04101727168900415
1738,white,Ridge,-0.06041273731404839
1739,white,Ridge,-0.0638590281643242
1740,white,Ridge,-0.0729975445930866
1741,white,Ridge,-0.031699127501710556
1742,white,Ridge,-0.04990280660210267
1743,white,Ridge,-0.07950236016906809
1744,white,Ridge,-0.03250412143068393
1745,white,Ridge,-0.06803152308731786
1746,white,Ridge,-0.04510081317668735
1747,white,Ridge,-0.03477747185019009
1748,white,Ridge,-0.07557914542765287
1749,white,Ridge,-0.09088512792138559
1750,white,Ridge,-0.06442892809250278
1751,white,Ridge,-0.03181524977863137
1752,white,Ridge,-0.06460985295859978
1753,white,Ridge,-0.05051101442583372
1754,white,Ridge,-0.056070653709620055
1755,white,Ridge,-0.04625087259792937
1756,white,Ridge,-0.05980135073673476
1757,white,Ridge,-0.03503747091948084
1758,white,Ridge,-0.053713590783625365
1759,white,Ridge,-0.09235952525960123
1760,white,Ridge,-0.06960682386373995
1761,white,Ridge,-0.04386908721380489
1762,white,Ridge,-0.044418643967445104
1763,white,Ridge,-0.0800364728245162
1764,white,Ridge,-0.052830248680962644
1765,white,Ridge,-0.08272415088339857
1766,white,Ridge,-0.0716024166152005
1767,white,Ridge,-0.04975369641488758
1768,white,Ridge,-0.02407660038112025
1769,white,Ridge,-0.07049152468802189
1770,white,Ridge,-0.059068796166667936
1771,white,Ridge,-0.06294805238762213
1772,white,Ridge,-0.04566548674106996
1773,white,Ridge,-0.055088666364999206
1774,white,Ridge,-0.06972247978477009
1775,white,Ridge,-0.042362303607948015
1776,white,Ridge,-0.08213650150540108
1777,white,Ridge,-0.03252985623948845
1778,white,Ridge,-0.01425534224098135
1779,white,Ridge,-0.09266891917329867
1780,white,Ridge,-0.05779758773770505
1781,white,Ridge,-0.04777792611080878
1782,white,Ridge,-0.03942357644615624
1783,white,Ridge,-0.07075072021029316
1784,white,Ridge,-0.08211599566174177
1785,white,Ridge,-0.016341376933420415
1786,white,Ridge,-0.09677629859916959
1787,white,Ridge,-0.06529128681861562
1788,white,Ridge,-0.05852959154679582
1789,white,Ridge,-0.06092201726607649
1790,white,Ridge,-0.07187859759871917
1791,white,Ridge,-0.05646405637778695
1792,white,Ridge,-0.02356389666627623
1793,white,Ridge,-0.060132591028462135
1794,white,Ridge,-0.060422793252045914
1795,white,Ridge,-0.009676012113791987
1796,white,Ridge,-0.046115462529693785
1797,white,Ridge,-0.04157579500165687
1798,white,Ridge,-0.06989424263073718
1799,white,Ridge,-0.07795382863666933
1800,white,Ridge,-0.05964080184739928
1801,white,Ridge,-0.04256848064053809
1802,white,Ridge,-0.07110790300183567
1803,white,Ridge,-0.04724128673888095
1804,white,Ridge,-0.056611465628652935
1805,white,Ridge,-0.051486298968711486
1806,white,Ridge,-0.05678772887070205
1807,white,Ridge,-0.014439548842022032
1808,white,Ridge,-0.07318025433199016
1809,white,Ridge,-0.07740134865443593
1810,white,Ridge,-0.03620827474635513
1811,white,Ridge,-0.07240199003053993
1812,white,Ridge,-0.023489045563557354
1813,white,Ridge,-0.07232547357208219
1814,white,Ridge,-0.09825473301156729
1815,white,Ridge,-0.056750436059007314
1816,white,Ridge,-0.06523025452949283
1817,white,Ridge,-0.08237557307561394
1818,white,Ridge,-0.07664272380954917
1819,white,Ridge,-0.057259483305503234
1820,white,Ridge,-0.062455927150742
1821,white,Ridge,-0.07403036991415535
1822,white,Ridge,-0.02538597116030583
1823,white,Ridge,-0.08837236516175906
1824,white,Ridge,-0.07321576897526039
1825,white,Ridge,-0.046977804367898224
1826,white,Ridge,-0.05148924328860993
1827,white,Ridge,-0.040173501569342074
1828,white,Ridge,-0.06080823659253165
1829,white,Ridge,-0.05157323953999127
1830,white,Ridge,-0.0338469342630745
1831,white,Ridge,-0.06797081961575002
1832,white,Ridge,-0.042975908988789446
1833,white,Ridge,-0.08454770069635598
1834,white,Ridge,-0.0022308908598465127
1835,white,Ridge,-0.029097281774755013
1836,white,Ridge,-0.05798731584063921
1837,white,Ridge,-0.056057209041446954
1838,white,Ridge,-0.07037824187242725
1839,white,Ridge,-0.06758076311104888
1840,white,Ridge,-0.09703002243720515
1841,white,Ridge,-0.038672023939587685
1842,white,Ridge,-0.05203677781611771
1843,white,Ridge,-0.05470589138527793
1844,white,Ridge,-0.03660010868012442
1845,white,Ridge,-0.06011278419004118
1846,white,Ridge,-0.06785024163516151
1847,white,Ridge,-0.04609500830318414
1848,white,Ridge,-0.06271527893286366
1849,white,Ridge,-0.02201088084149816
1850,white,Ridge,-0.04870978886076882
1851,white,Ridge,-0.05639017698221216
1852,white,Ridge,-0.033760992428408576
1853,white,Ridge,-0.057061283645312155
1854,white,Ridge,-0.07122816530551823
1855,white,Ridge,-0.0573702441894699
1856,white,Ridge,-0.07063319523229794
1857,white,Ridge,-0.04270642296768645
1858,white,Ridge,-0.03534433189730579
1859,white,Ridge,-0.06241477734406664
1860,white,Ridge,-0.032500471131904796
1861,white,Ridge,-0.08210827770661056
1862,white,Ridge,-0.052276901012384136
1863,white,Ridge,-0.024807554148132405
1864,white,Ridge,-0.06201347717314076
1865,white,Ridge,-0.05411804654089536
1866,white,Ridge,-0.032931718419584866
1867,white,Ridge,-0.0619691145480572
1868,white,Ridge,-0.009416052711524903
1869,white,Ridge,-0.06548411711374469
1870,white,Ridge,-0.06038932542203246
1871,white,Ridge,-0.10422720214916137
1872,white,Ridge,-0.06427314203718049
1873,white,Ridge,-0.06839312165785205
1874,white,Ridge,-0.05315424439471794
1875,white,Ridge,-0.04349716391745162
1876,white,Ridge,-0.07230292093750235
1877,white,Ridge,-0.08095205831723207
1878,white,Ridge,-0.06052643801173874
1879,white,Ridge,-0.05138857321478274
1880,white,Ridge,-0.04414819988220342
1881,white,Ridge,-0.06366834100823715
1882,white,Ridge,-0.03085405645395023
1883,white,Ridge,-0.029286740350976004
1884,white,Ridge,-0.04129764006209424
1885,white,Ridge,-0.0638858844972181
1886,white,Ridge,-0.05462964610501342
1887,white,Ridge,-0.055389910536058795
1888,white,Ridge,-0.07108675815123411
1889,white,Ridge,-0.06792794098203114
1890,white,Ridge,-0.026031482311008713
1891,white,Ridge,-0.054710610276447524
1892,white,Ridge,-0.05746380272239138
1893,white,Ridge,-0.06257391869826323
1894,white,Ridge,-0.07283426789766745
1895,white,Ridge,-0.04373967930363265
1896,white,Ridge,-0.06905911494945838
1897,white,Ridge,-0.043767570638057696
1898,white,Ridge,-0.044050399814125285
1899,white,Ridge,-0.08075137204725447
1900,white,Ridge,-0.09507435520990926
1901,white,Ridge,-0.0720315933653003
1902,white,Ridge,-0.05491522244070479
1903,white,Ridge,-0.05341607411569238
1904,white,Ridge,-0.06728551847260134
1905,white,Ridge,-0.044028251585365275
1906,white,Ridge,-0.03617917376962132
1907,white,Ridge,-0.03750553285265856
1908,white,Ridge,-0.05808961326618178
1909,white,Ridge,-0.050171522220430864
1910,white,Ridge,-0.0618957151201911
1911,white,Ridge,-0.08004777050659495
1912,white,Ridge,-0.08856565185211429
1913,white,Ridge,-0.06110327709234897
1914,white,Ridge,-0.05001633895604052
1915,white,Ridge,-0.04950414205723419
1916,white,Ridge,-0.08844814671318102
1917,white,Ridge,-0.07621517291432545
1918,white,Ridge,-0.04259209765087468
1919,white,Ridge,-0.039701853185106994
1920,white,Ridge,-0.06522816263249209
1921,white,Ridge,-0.08134885248906398
1922,white,Ridge,-0.06066791512566716
1923,white,Ridge,-0.03695157273942751
1924,white,Ridge,-0.07623664880776226
1925,white,Ridge,-0.04451336794165317
1926,white,Ridge,-0.0047485072548757445
1927,white,Ridge,-0.06274136287452659
1928,white,Ridge,-0.06059510096245391
1929,white,Ridge,-0.043820337781383834
1930,white,Ridge,-0.04393782037700189
1931,white,Ridge,-0.07135055692581249
1932,white,Ridge,-0.0346545783617368
1933,white,Ridge,-0.05942069596436372
1934,white,Ridge,-0.051815566493466636
1935,white,Ridge,-0.03551303059508859
1936,white,Ridge,-0.04141477101707147
1937,white,Ridge,-0.06284891094072842
1938,white,Ridge,-0.05081256911248033
1939,white,Ridge,-0.03203849886335519
1940,white,Ridge,-0.046328776255115334
1941,white,Ridge,-0.036395700094457695
1942,white,Ridge,-0.03710069115227799
1943,white,Ridge,-0.06785169406070968
1944,white,Ridge,-0.06023854866592726
1945,white,Ridge,-0.029823474238194425
1946,white,Ridge,-0.0699849424713348
1947,white,Ridge,-0.05668672351786552
1948,white,Ridge,-0.11039261500721198
1949,white,Ridge,-0.03355722114053139
1950,white,Ridge,-0.06243507103265933
1951,white,Ridge,-0.050377391712995934
1952,white,Ridge,-0.01562606752447626
1953,white,Ridge,-0.05706863199491019
1954,white,Ridge,0.0103476421111377
1955,white,Ridge,-0.09473528204224968
1956,white,Ridge,-0.07732874937356882
1957,white,Ridge,-0.040941628869906266
1958,white,Ridge,-0.046267289767239594
1959,white,Ridge,-0.052992922120549846
1960,white,Ridge,-0.04163694329231504
1961,white,Ridge,-0.08216264898114933
1962,white,Ridge,-0.03305718448518269
1963,white,Ridge,-0.038132155781684385
1964,white,Ridge,-0.03529944477574254
1965,white,Ridge,-0.039548524053606204
1966,white,Ridge,-0.06343696530746123
1967,white,Ridge,-0.0704202090630609
1968,white,Ridge,-0.07242169859715863
1969,white,Ridge,-0.03852751440447111
1970,white,Ridge,-0.017883582253434782
1971,white,Ridge,-0.06290296849876531
1972,white,Ridge,-0.06441023458798179
1973,white,Ridge,-0.07227671044550932
1974,white,Ridge,-0.05545010200024603
1975,white,Ridge,-0.044709624178610796
1976,white,Ridge,-0.06606566678298476
1977,white,Ridge,-0.09738652611439125
1978,white,Ridge,-0.06052660521351172
1979,white,Ridge,0.0023662895537208684
1980,white,Ridge,-0.07945675902495974
1981,white,Ridge,-0.0322518660409441
1982,white,Ridge,-0.05820546773197133
1983,white,Ridge,-0.04975065349935526
1984,white,Ridge,-0.0678150774935331
1985,white,Ridge,-0.03989405253724443
1986,white,Ridge,-0.022789397554008328
1987,white,Ridge,-0.08479891561555564
1988,white,Ridge,-0.025162400521195005
1989,white,Ridge,-0.03641670649151396
1990,white,Ridge,-0.0487608543145962
1991,white,Ridge,-0.05888449687308506
1992,white,Ridge,-0.056806592167776504
1993,white,Ridge,-0.051559273435345276
1994,white,Ridge,-0.05580953613479245
1995,white,Ridge,-0.02860525019147775
1996,white,Ridge,-0.055355680885156966
1997,white,Ridge,-0.07075985109978611
1998,white,Ridge,-0.09699103844299273
1999,white,Ridge,-0.051311118657202726
0,white,随机森林,-0.06196748605591729
1,white,随机森林,-0.12901603726468802
2,white,随机森林,-0.1140855973559064
3,white,随机森林,-0.07800741055647942
4,white,随机森林,-0.08113230946596517
5,white,随机森林,-0.07618582443478195
6,white,随机森林,-0.06904226450072581
7,white,随机森林,-0.08232440463421109
8,white,随机森林,-0.09211145737214554
9,white,随机森林,-0.05045040890973118
10,white,随机森林,-0.09377750183304989
11,white,随机森林,-0.09344634559932774
12,white,随机森林,-0.08967397365926244
13,white,随机森林,-0.07190970159180377
14,white,随机森林,-0.09287394869595922
15,white,随机森林,-0.1045865515110862
16,white,随机森林,-0.14526082248613614
17,white,随机森林,-0.06798378019144247
18,white,随机森林,-0.08801629921268095
19,white,随机森林,-0.10237990580169087
20,white,随机森林,-0.07963543466165102
21,white,随机森林,-0.11047902685712163
22,white,随机森林,-0.09254036983750846
23,white,随机森林,-0.09656635750708153
24,white,随机森林,-0.12495532135864373
25,white,随机森林,-0.09223115899586343
26,white,随机森林,-0.0850278366121856
27,white,随机森林,-0.16612257464673907
28,white,随机森林,-0.06669638639167919
29,white,随机森林,-0.0675763235187864
30,white,随机森林,-0.13504931860779334
31,white,随机森林,-0.07472061546584075
32,white,随机森林,-0.11432791394351294
33,white,随机森林,-0.079449132845546
34,white,随机森林,-0.07668875559607402
35,white,随机森林,-0.07405387166944988
36,white,随机森林,-0.10298533719727176
37,white,随机森林,-0.08401639852488962
38,white,随机森林,-0.10123016876375723
39,white,随机森林,-0.10363579886026475
40,white,随机森林,-0.07114732384882516
41,white,随机森林,-0.07514059721649857
42,white,随机森林,-0.10623712541712027
43,white,随机森林,-0.08261226717591941
44,white,随机森林,-0.10889608586676525
45,white,随机森林,-0.06583153729589786
46,white,随机森林,-0.06460712517399647
47,white,随机森林,-0.12112928857669503
48,white,随机森林,-0.0924092310787531
49,white,随机森林,-0.08785196739422474
50,white,随机森林,-0.09683638042949894
51,white,随机森林,-0.10114935388319446
52,white,随机森林,-0.08290144797198606
53,white,随机森林,-0.09288240739234754
54,white,随机森林,-0.0892840432524803
55,white,随机森林,-0.1404915464945743
56,white,随机森林,-0.10371548651934315
57,white,随机森林,-0.07628491789776182
58,white,随机森林,-0.06121482717386084
59,white,随机森林,-0.11122572217639382
60,white,随机森林,-0.0950177199628276
61,white,随机森林,-0.09931160221784541
62,white,随机森林,-0.08645927383274876
63,white,随机森林,-0.1027177709351873
64,white,随机森林,-0.07115396595896095
65,white,随机森林,-0.0702224935381296
66,white,随机森林,-0.07641355517031201
67,white,随机森林,-0.1016588229455141
68,white,随机森林,-0.09156899267011576
69,white,随机森林,-0.06575168854311586
70,white,随机森林,-0.11657562453457948
71,white,随机森林,-0.0933326457660889
72,white,随机森林,-0.09375765675135972
73,white,随机森林,-0.11517122003216529
74,white,随机森林,-0.09335272819505658
75,white,随机森林,-0.11234193073059662
76,white,随机森林,-0.06377691401747576
77,white,随机森林,-0.08009664407689454
78,white,随机森林,-0.09748704256810814
79,white,随机森林,-0.1216152760347532
80,white,随机森林,-0.06473381915305093
81,white,随机森林,-0.07712997871257332
82,white,随机森林,-0.025383019231622783
83,white,随机森林,-0.06883949164429659
84,white,随机森林,-0.03338030996902386
85,white,随机森林,-0.09171279905349017
86,white,随机森林,-0.10270674519699297
87,white,随机森林,-0.08573382863963475
88,white,随机森林,-0.09978005447562122
89,white,随机森林,-0.0849902477667156
90,white,随机森林,-0.10380918107744919
91,white,随机森林,-0.06935723716822584
92,white,随机森林,-0.07992081949459384
93,white,随机森林,-0.05855334139762303
94,white,随机森林,-0.10044580102984257
95,white,随机森林,-0.07705857797724125
96,white,随机森林,-0.07766634345209245
97,white,随机森林,-0.12276437617298752
98,white,随机森林,-0.09615539943336004
99,white,随机森林,-0.05234801889914542
100,white,随机森林,-0.10614840564265726
101,white,随机森林,-0.1411415097373354
102,white,随机森林,-0.09918469941155816
103,white,随机森林,-0.10524267598831516
104,white,随机森林,-0.10758758483117048
105,white,随机森林,-0.15514536725637174
106,white,随机森林,-0.10802082112984412
107,white,随机森林,-0.11476158185876395
108,white,随机森林,-0.08480672819734314
109,white,随机森林,-0.09963336786035426
110,white,随机森林,-0.11840875114928695
111,white,随机森林,-0.06612230652253037
112,white,随机森林,-0.09880629216302628
113,white,随机森林,-0.08756513344128014
114,white,随机森林,-0.11926435784760803
115,white,随机森林,-0.06961972515361636
116,white,随机森林,-0.09733488853830896
117,white,随机森林,-0.09681753052577624
118,white,随机森林,-0.07627444692495833
119,white,随机森林,-0.05371863433818724
120,white,随机森林,-0.09500307376469663
121,white,随机森林,-0.09423394477801261
122,white,随机森林,-0.05783133963205889
123,white,随机森林,-0.07659226694881283
124,white,随机森林,-0.07871609445079719
125,white,随机森林,-0.08891159758171752
126,white,随机森林,-0.11524595011231054
127,white,随机森林,-0.10051826348155035
128,white,随机森林,-0.11872095524097803
129,white,随机森林,-0.08180190624608119
130,white,随机森林,-0.10633972300166128
131,white,随机森林,-0.10703159280883379
132,white,随机森林,-0.05547800327782482
133,white,随机森林,-0.04475609004413528
134,white,随机森林,-0.11332657398963997
135,white,随机森林,-0.08831514207486213
136,white,随机森林,-0.102733483543477
137,white,随机森林,-0.07599429034740557
138,white,随机森林,-0.08763078808562264
139,white,随机森林,-0.09588094598481
140,white,随机森林,-0.04289356755655138
141,white,随机森林,-0.059277889295189845
142,white,随机森林,-0.07564478662200247
143,white,随机森林,-0.09700192913517913
144,white,随机森林,-0.08015211678790668
145,white,随机森林,-0.07192252492379358
146,white,随机森林,-0.09171510225254109
147,white,随机森林,-0.03990546898316927
148,white,随机森林,-0.10393319947610513
149,white,随机森林,-0.1211825679011529
150,white,随机森林,-0.07616710255654902
151,white,随机森林,-0.10922176423267793
152,white,随机森林,-0.09947531127408693
153,white,随机森林,-0.11200543258707574
154,white,随机森林,-0.12740528822957575
155,white,随机森林,-0.07920834309885894
156,white,随机森林,-0.04655030353253864
157,white,随机森林,-0.06512534403571513
158,white,随机森林,-0.08618101978573056
159,white,随机森林,-0.06705311137744197
160,white,随机森林,-0.08145330187980881
161,white,随机森林,-0.09803240570704641
162,white,随机森林,-0.07043555732258211
163,white,随机森林,-0.08576207100024635
164,white,随机森林,-0.10329390306227759
165,white,随机森林,-0.09579277287449872
166,white,随机森林,-0.08180795384708905
167,white,随机森林,-0.08724636279067677
168,white,随机森林,-0.09230241859715127
169,white,随机森林,-0.09666460203263272
170,white,随机森林,-0.0893199844820527
171,white,随机森林,-0.1204972614863995
172,white,随机森林,-0.054509819152482986
173,white,随机森林,-0.06452727788675006
174,white,随机森林,-0.05964264562474497
175,white,随机森林,-0.0899622876654742
176,white,随机森林,-0.0662960921980611
177,white,随机森林,-0.05163439148891169
178,white,随机森林,-0.1357190786431105
179,white,随机森林,-0.08845531454355893
180,white,随机森林,-0.10665759225762805
181,white,随机森林,-0.08501420738207721
182,white,随机森林,-0.10355511995995736
183,white,随机森林,-0.08475522669396329
184,white,随机森林,-0.10895963021150779
185,white,随机森林,-0.05679001710081255
186,white,随机森林,-0.10222164729241312
187,white,随机森林,-0.11802702005692445
188,white,随机森林,-0.09048164939491021
189,white,随机森林,-0.07663066410283292
190,white,随机森林,-0.09468214832031718
191,white,随机森林,-0.08341612041071567
192,white,随机森林,-0.07289576698321043
193,white,随机森林,-0.06242214273235669
194,white,随机森林,-0.07127391863746824
195,white,随机森林,-0.08974199941538008
196,white,随机森林,-0.052003282712739796
197,white,随机森林,-0.10993116941821057
198,white,随机森林,-0.07226999048335259
199,white,随机森林,-0.08226649016537746
200,white,随机森林,-0.13007844786379097
201,white,随机森林,-0.058353688026874684
202,white,随机森林,-0.07087037276062502
203,white,随机森林,-0.10120785430631907
204,white,随机森林,-0.060620491580912095
205,white,随机森林,-0.06138509941738457
206,white,随机森林,-0.10379036720797452
207,white,随机森林,-0.08015063057815985
208,white,随机森林,-0.13301789523352237
209,white,随机森林,-0.07843192484692185
210,white,随机森林,-0.1178321416708672
211,white,随机森林,-0.11803562451673599
212,white,随机森林,-0.08789478796465078
213,white,随机森林,-0.11721288999373147
214,white,随机森林,-0.07598016157491982
215,white,随机森林,-0.09305657817886992
216,white,随机森林,-0.07817358670534436
217,white,随机森林,-0.11145766072326335
218,white,随机森林,-0.07159118952360577
219,white,随机森林,-0.04193291002650623
220,white,随机森林,-0.11052240199872276
221,white,随机森林,-0.0838892456317416
222,white,随机森林,-0.06962761772769221
223,white,随机森林,-0.052012213108058925
224,white,随机森林,-0.09582537479191078
225,white,随机森林,-0.07980574687381192
226,white,随机森林,-0.07635804533205348
227,white,随机森林,-0.0717652504246804
228,white,随机森林,-0.0794385608029271
229,white,随机森林,-0.0876332228828921
230,white,随机森林,-0.10333482985000098
231,white,随机森林,-0.07069648790775962
232,white,随机森林,-0.1126234049917515
233,white,随机森林,-0.08181918291315526
234,white,随机森林,-0.07397168850397295
235,white,随机森林,-0.09409420723083162
236,white,随机森林,-0.08963717997995035
237,white,随机森林,-0.10713387639985605
238,white,随机森林,-0.10193870820180362
239,white,随机森林,-0.08395564871924233
240,white,随机森林,-0.09087781604967271
241,white,随机森林,-0.10429878060569608
242,white,随机森林,-0.12482263225728385
243,white,随机森林,-0.09865799308429735
244,white,随机森林,-0.09431151271394234
245,white,随机森林,-0.12034702687638588
246,white,随机森林,-0.09875531409634208
247,white,随机森林,-0.07834864525092178
248,white,随机森林,-0.06350199987470928
249,white,随机森林,-0.09266512332562216
250,white,随机森林,-0.09278234698162502
251,white,随机森林,-0.07566797942351311
252,white,随机森林,-0.10700795787350881
253,white,随机森林,-0.07261414068759053
254,white,随机森林,-0.09557541706700767
255,white,随机森林,-0.06139797032212635
256,white,随机森林,-0.07066457916053592
257,white,随机森林,-0.08446340562785914
258,white,随机森林,-0.11290454009487971
259,white,随机森林,-0.10852628523178642
260,white,随机森林,-0.044934821769717304
261,white,随机森林,-0.09494400555702809
262,white,随机森林,-0.10065492171401758
263,white,随机森林,-0.09134469864417227
264,white,随机森林,-0.0759375658306296
265,white,随机森林,-0.0678177309264536
266,white,随机森林,-0.05867001373504854
267,white,随机森林,-0.12125568124433916
268,white,随机森林,-0.11146488993389592
269,white,随机森林,-0.09823007175362664
270,white,随机森林,-0.07729790936620684
271,white,随机森林,-0.06560481956906106
272,white,随机森林,-0.05317521365907418
273,white,随机森林,-0.09710436784235332
274,white,随机森林,-0.08701895686943473
275,white,随机森林,-0.0808569021812886
276,white,随机森林,-0.09989273987307212
277,white,随机森林,-0.12195781596199795
278,white,随机森林,-0.0954399776829804
279,white,随机森林,-0.08653120971431205
280,white,随机森林,-0.0695226316848424
281,white,随机森林,-0.06977490649699258
282,white,随机森林,-0.06826923037057508
283,white,随机森林,-0.059712067498548405
284,white,随机森林,-0.11492473967116146
285,white,随机森林,-0.10965025284143426
286,white,随机森林,-0.049293770440514195
287,white,随机森林,-0.0734201458607785
288,white,随机森林,-0.10234714044863868
289,white,随机森林,-0.08094091585352003
290,white,随机森林,-0.08626142683646099
291,white,随机森林,-0.08807484801986121
292,white,随机森林,-0.061993879968277765
293,white,随机森林,-0.06369312866264898
294,white,随机森林,-0.10866358322009906
295,white,随机森林,-0.08907637092012721
296,white,随机森林,-0.0569957407999192
297,white,随机森林,-0.1164844405865263
298,white,随机森林,-0.07672189796377094
299,white,随机森林,-0.08008370358308181
300,white,随机森林,-0.08563163109322047
301,white,随机森林,-0.059945207071576134
302,white,随机森林,-0.08688366377095746
303,white,随机森林,-0.05139824574452467
304,white,随机森林,-0.06669373470103901
305,white,随机森林,-0.07171315659714583
306,white,随机森林,-0.08904692448300622
307,white,随机森林,-0.07293252908462933
308,white,随机森林,-0.1021499823823161
309,white,随机森林,-0.05144284564561685
310,white,随机森林,-0.0737546441146657
311,white,随机森林,-0.05615099069067875
312,white,随机森林,-0.08661776224354112
313,white,随机森林,-0.12579509015528978
314,white,随机森林,-0.07426157017609036
315,white,随机森林,-0.08068659718571347
316,white,随机森林,-0.0706524638361743
317,white,随机森林,-0.08263841521371074
318,white,随机森林,-0.13216465036639102
319,white,随机森林,-0.0816852430154229
320,white,随机森林,-0.09506359508737572
321,white,随机森林,-0.0789665460121135
322,white,随机森林,-0.09430729207313959
323,white,随机森林,-0.08941634051988201
324,white,随机森林,-0.070687028263407
325,white,随机森林,-0.13222145192197654
326,white,随机森林,-0.09953919609581685
327,white,随机森林,-0.11620309127687167
328,white,随机森林,-0.08714445433367779
329,white,随机森林,-0.08028127333174206
330,white,随机森林,-0.0637928078976514
331,white,随机森林,-0.09500819232939339
332,white,随机森林,-0.09430899501844758
333,white,随机森林,-0.08799522579887653
334,white,随机森林,-0.10295876303943441
335,white,随机森林,-0.07972146857423212
336,white,随机森林,-0.0824162479791758
337,white,随机森林,-0.08479302113806286
338,white,随机森林,-0.12025687708950072
339,white,随机森林,-0.12257058220626149
340,white,随机森林,-0.11954678522364781
341,white,随机森林,-0.08981340441365648
342,white,随机森林,-0.11367198481621077
343,white,随机森林,-0.09444384741956025
344,white,随机森林,-0.09512910942169983
345,white,随机森林,-0.10570536733232005
346,white,随机森林,-0.12598394606346353
347,white,随机森林,-0.07608505991075631
348,white,随机森林,-0.11038543208028828
349,white,随机森林,-0.06777050577680344
350,white,随机森林,-0.0900639798270283
351,white,随机森林,-0.10205783787584499
352,white,随机森林,-0.06122096807589794
353,white,随机森林,-0.06990760020343512
354,white,随机森林,-0.12602178953727416
355,white,随机森林,-0.09506908001276493
356,white,随机森林,-0.1137599393756421
357,white,随机森林,-0.0894264406166656
358,white,随机森林,-0.07320929604865722
359,white,随机森林,-0.1053657631459537
360,white,随机森林,-0.11668423690708551
361,white,随机森林,-0.11868803909715464
362,white,随机森林,-0.09028128880214559
363,white,随机森林,-0.13039959124158151
364,white,随机森林,-0.05472459532373386
365,white,随机森林,-0.09876927124067181
366,white,随机森林,-0.07958011714826119
367,white,随机森林,-0.07943763486873401
368,white,随机森林,-0.12730639317336734
369,white,随机森林,-0.06288535515065297
370,white,随机森林,-0.07145919974505177
371,white,随机森林,-0.06946044511822669
372,white,随机森林,-0.1379442582562731
373,white,随机森林,-0.07294489707886342
374,white,随机森林,-0.11001909034936641
375,white,随机森林,-0.10495281708962312
376,white,随机森林,-0.11242686534669066
377,white,随机森林,-0.08818798116856708
378,white,随机森林,-0.046609512359222394
379,white,随机森林,-0.08711652768068723
380,white,随机森林,-0.11738172170461159
381,white,随机森林,-0.07103374843512766
382,white,随机森林,-0.12549756677147572
383,white,随机森林,-0.11201784212537902
384,white,随机森林,-0.0908560038104752
385,white,随机森林,-0.09438888343579344
386,white,随机森林,-0.11731377784197461
387,white,随机森林,-0.09196401285124334
388,white,随机森林,-0.07378553041938174
389,white,随机森林,-0.06979499334362527
390,white,随机森林,-0.10237764133511673
391,white,随机森林,-0.07758336661501508
392,white,随机森林,-0.08417275033366367
393,white,随机森林,-0.04433061333650867
394,white,随机森林,-0.11419582987033838
395,white,随机森林,-0.07773894632913969
396,white,随机森林,-0.08904585565502465
397,white,随机森林,-0.07610910969333973
398,white,随机森林,-0.10725596556513828
399,white,随机森林,-0.08929340582906586
400,white,随机森林,-0.07645452947254783
401,white,随机森林,-0.046253411360418606
402,white,随机森林,-0.06980446161141463
403,white,随机森林,-0.044434724458982
404,white,随机森林,-0.05255550541344689
405,white,随机森林,-0.09400496629860233
406,white,随机森林,-0.12315595241236299
407,white,随机森林,-0.0761693440499035
408,white,随机森林,-0.08026174177486006
409,white,随机森林,-0.08748869284356364
410,white,随机森林,-0.08198601632062974
411,white,随机森林,-0.08012671358788159
412,white,随机森林,-0.05668160344674744
413,white,随机森林,-0.09398734552838217
414,white,随机森林,-0.10564125384290879
415,white,随机森林,-0.09630666076376371
416,white,随机森林,-0.03408643441045045
417,white,随机森林,-0.07649421395817668
418,white,随机森林,-0.08410489210992644
419,white,随机森林,-0.07746330481922226
420,white,随机森林,-0.07422504535500274
421,white,随机森林,-0.09704991073475688
422,white,随机森林,-0.08280515633951058
423,white,随机森林,-0.10266222891629384
424,white,随机森林,-0.06836145002690441
425,white,随机森林,-0.10361697207453346
426,white,随机森林,-0.11713439208904441
427,white,随机森林,-0.053778579470478816
428,white,随机森林,-0.09901172716205897
429,white,随机森林,-0.13177953683423294
430,white,随机森林,-0.06830654298498251
431,white,随机森林,-0.06518424558353941
432,white,随机森林,-0.1022715836767859
433,white,随机森林,-0.10362475511277514
434,white,随机森林,-0.10543176753575201
435,white,随机森林,-0.0784099436345359
436,white,随机森林,-0.10028500228492843
437,white,随机森林,-0.08314871170177951
438,white,随机森林,-0.03736108259242843
439,white,随机森林,-0.1292730002337682
440,white,随机森林,-0.13334551130247185
441,white,随机森林,-0.06455808475802516
442,white,随机森林,-0.07091303922393621
443,white,随机森林,-0.07486165813602774
444,white,随机森林,-0.0778266868189964
445,white,随机森林,-0.07408727898983891
446,white,随机森林,-0.09760795750108331
447,white,随机森林,-0.09817814931653723
448,white,随机森林,-0.09638703852878772
449,white,随机森林,-0.08313474472738336
450,white,随机森林,-0.11109038843858232
451,white,随机森林,-0.08978077291423114
452,white,随机森林,-0.09433124712794683
453,white,随机森林,-0.08512712956514423
454,white,随机森林,-0.055231660780454606
455,white,随机森林,-0.08020820723739952
456,white,随机森林,-0.10088372875827811
457,white,随机森林,-0.08048405958354776
458,white,随机森林,-0.10423664620916973
459,white,随机森林,-0.08997720696386735
460,white,随机森林,-0.03572342964195685
461,white,随机森林,-0.10263294631176811
462,white,随机森林,-0.08583657136464473
463,white,随机森林,-0.0955481323231453
464,white,随机森林,-0.09005908522144812
465,white,随机森林,-0.12137137714112212
466,white,随机森林,-0.1007817627150307
467,white,随机森林,-0.08969048716209393
468,white,随机森林,-0.09121364639215346
469,white,随机森林,-0.12577148500335245
470,white,随机森林,-0.08359872561463899
471,white,随机森林,-0.08423364735495076
472,white,随机森林,-0.08550987478071281
473,white,随机森林,-0.11590037144638765
474,white,随机森林,-0.05001617231511568
475,white,随机森林,-0.1057012429227141
476,white,随机森林,-0.04929380111009496
477,white,随机森林,-0.10384665490768141
478,white,随机森林,-0.07168871437803337
479,white,随机森林,-0.11467448382895051
480,white,随机森林,-0.08581090358692967
481,white,随机森林,-0.10335387511673111
482,white,随机森林,-0.10856766864302314
483,white,随机森林,-0.09566361683229085
484,white,随机森林,-0.1181722453874946
485,white,随机森林,-0.11926201618882304
486,white,随机森林,-0.11101413920050163
487,white,随机森林,-0.11445487250026576
488,white,随机森林,-0.11143903288381118
489,white,随机森林,-0.11850815897247613
490,white,随机森林,-0.07886473235299385
491,white,随机森林,-0.10270162416277884
492,white,随机森林,-0.08852044354375466
493,white,随机森林,-0.13214920904335548
494,white,随机森林,-0.09438327545182335
495,white,随机森林,-0.08247454809612043
496,white,随机森林,-0.10012289267871588
497,white,随机森林,-0.09250655804741803
498,white,随机森林,-0.08838531622294143
499,white,随机森林,-0.09165477619026374
500,white,随机森林,-0.12182095886036759
501,white,随机森林,-0.09367098777010618
502,white,随机森林,-0.08844343482810091
503,white,随机森林,-0.09665544826304584
504,white,随机森林,-0.06715977187424105
505,white,随机森林,-0.09602803784144964
506,white,随机森林,-0.08036260314415633
507,white,随机森林,-0.04539219982200415
508,white,随机森林,-0.0644164434860045
509,white,随机森林,-0.09262490469567064
510,white,随机森林,-0.10578075228136508
511,white,随机森林,-0.06056534792015145
512,white,随机森林,-0.07452357454994607
513,white,随机森林,-0.08401102760599743
514,white,随机森林,-0.07037047256097129
515,white,随机森林,-0.10597153705240792
516,white,随机森林,-0.09655350054692802
517,white,随机森林,-0.0810369996159701
518,white,随机森林,-0.10217772851510654
519,white,随机森林,-0.09727664960423987
520,white,随机森林,-0.10536722389340147
521,white,随机森林,-0.11657150213900402
522,white,随机森林,-0.07370926411575063
523,white,随机森林,-0.10500795228126025
524,white,随机森林,-0.106362120887048
525,white,随机森林,-0.07667567943869757
526,white,随机森林,-0.11853372040842369
527,white,随机森林,-0.05407434040210091
528,white,随机森林,-0.08132955774449702
529,white,随机森林,-0.1149562725460993
530,white,随机森林,-0.08520414806106202
531,white,随机森林,-0.08240698281809089
532,white,随机森林,-0.05851816835716961
533,white,随机森林,-0.07630200205784854
534,white,随机森林,-0.07482194926553298
535,white,随机森林,-0.09852682222218678
536,white,随机森林,-0.0959489231039804
537,white,随机森林,-0.1179883505952044
538,white,随机森林,-0.10640351663175429
539,white,随机森林,-0.05031505340735243
540,white,随机森林,-0.06379559718850347
541,white,随机森林,-0.06529401852493577
542,white,随机森林,-0.10183045722484996
543,white,随机森林,-0.08421225289756795
544,white,随机森林,-0.11226005744672896
545,white,随机森林,-0.1022727667588117
546,white,随机森林,-0.09018717313362457
547,white,随机森林,-0.08914852578687338
548,white,随机森林,-0.06429602016841296
549,white,随机森林,-0.09315174548047755
550,white,随机森林,-0.09396108165573935
551,white,随机森林,-0.10701388646583698
552,white,随机森林,-0.10228264967877887
553,white,随机森林,-0.10259531411935918
554,white,随机森林,-0.09700001172155448
555,white,随机森林,-0.09779683332548306
556,white,随机森林,-0.09477801025012234
557,white,随机森林,-0.08521779745978408
558,white,随机森林,-0.08357919245045797
559,white,随机森林,-0.12915428958434605
560,white,随机森林,-0.040083893932919334
561,white,随机森林,-0.10347107667187422
562,white,随机森林,-0.11222320470545155
563,white,随机森林,-0.11218496024843694
564,white,随机森林,-0.09708649285208892
565,white,随机森林,-0.07281628881727709
566,white,随机森林,-0.08601190956850813
567,white,随机森林,-0.07218445441934274
568,white,随机森林,-0.10643168625004351
569,white,随机森林,-0.14555226276667554
570,white,随机森林,-0.03447198141453256
571,white,随机森林,-0.11909623094004562
572,white,随机森林,-0.08641066005363807
573,white,随机森林,-0.10689403375851436
574,white,随机森林,-0.07027629361395504
575,white,随机森林,-0.08180047557935288
576,white,随机森林,-0.0777739383967937
577,white,随机森林,-0.09373583844370481
578,white,随机森林,-0.07101117799431345
579,white,随机森林,-0.08561676134496676
580,white,随机森林,-0.08368910751493586
581,white,随机森林,-0.0735236378405022
582,white,随机森林,-0.07977727409519053
583,white,随机森林,-0.10080508702710611
584,white,随机森林,-0.10676774105594455
585,white,随机森林,-0.07638365867514241
586,white,随机森林,-0.09112496325834041
587,white,随机森林,-0.0958549513959357
588,white,随机森林,-0.12747959882885684
589,white,随机森林,-0.10303688230235031
590,white,随机森林,-0.09316182527265837
591,white,随机森林,-0.07960811223092568
592,white,随机森林,-0.10874532928973146
593,white,随机森林,-0.10455378827184103
594,white,随机森林,-0.07602007706364844
595,white,随机森林,-0.14854841414295727
596,white,随机森林,-0.08218817192924632
597,white,随机森林,-0.11187460547297767
598,white,随机森林,-0.09919293098633442
599,white,随机森林,-0.07560979366382203
600,white,随机森林,-0.0899714794471671
601,white,随机森林,-0.09143351170499847
602,white,随机森林,-0.07210353598856156
603,white,随机森林,-0.09823429702018682
604,white,随机森林,-0.0877308506660569
605,white,随机森林,-0.07559631048977156
606,white,随机森林,-0.14478536147142906
607,white,随机森林,-0.05550060162416215
608,white,随机森林,-0.12304242820518174
609,white,随机森林,-0.09441348751876444
610,white,随机森林,-0.06734394455307657
611,white,随机森林,-0.08693412319126692
612,white,随机森林,-0.103739796611098
613,white,随机森林,-0.10620974294912366
614,white,随机森林,-0.09497441890701153
615,white,随机森林,-0.06072921149511368
616,white,随机森林,-0.08720622547011003
617,white,随机森林,-0.07087677370866452
618,white,随机森林,-0.1371811248858228
619,white,随机森林,-0.06943347573278469
620,white,随机森林,-0.0962190123898734
621,white,随机森林,-0.093408458307222
622,white,随机森林,-0.06746628117508813
623,white,随机森林,-0.08967134039776004
624,white,随机森林,-0.09901304856580406
625,white,随机森林,-0.1277182548848661
626,white,随机森林,-0.06316895378202347
627,white,随机森林,-0.0966211672655306
628,white,随机森林,-0.11271966189860572
629,white,随机森林,-0.08315576925436807
630,white,随机森林,-0.08264850258550949
631,white,随机森林,-0.11511893322829514
632,white,随机森林,-0.06830483073473193
633,white,随机森林,-0.05742401398438879
634,white,随机森林,-0.07503304098600172
635,white,随机森林,-0.049087322763565755
636,white,随机森林,-0.0693688305657173
637,white,随机森林,-0.11003527924912049
638,white,随机森林,-0.06655632519110877
639,white,随机森林,-0.10864074750994357
640,white,随机森林,-0.09634324266792438
641,white,随机森林,-0.09491169098029328
642,white,随机森林,-0.09100909137283841
643,white,随机森林,-0.14036869523527762
644,white,随机森林,-0.11139161665448694
645,white,随机森林,-0.07694394297795282
646,white,随机森林,-0.0712888230157881
647,white,随机森林,-0.06050814646928904
648,white,随机森林,-0.09512865311018714
649,white,随机森林,-0.07183435940880623
650,white,随机森林,-0.0790315856665551
651,white,随机森林,-0.08527266996198679
652,white,随机森林,-0.09777170595961626
653,white,随机森林,-0.11084481606454932
654,white,随机森林,-0.12234627741120407
655,white,随机森林,-0.12362001701327274
656,white,随机森林,-0.1082898320758251
657,white,随机森林,-0.03802195210936332
658,white,随机森林,-0.11709256800413148
659,white,随机森林,-0.09264573785044239
660,white,随机森林,-0.08521952090744223
661,white,随机森林,-0.08432760141837004
662,white,随机森林,-0.10507710106080215
663,white,随机森林,-0.10027283876435811
664,white,随机森林,-0.06736073714798207
665,white,随机森林,-0.10492854345886271
666,white,随机森林,-0.10226078678207096
667,white,随机森林,-0.10086601364753334
668,white,随机森林,-0.08816546288850802
669,white,随机森林,-0.05510223851037244
670,white,随机森林,-0.10111824774769262
671,white,随机森林,-0.09273781818856741
672,white,随机森林,-0.08035780616764154
673,white,随机森林,-0.09602072387374772
674,white,随机森林,-0.11118297039531388
675,white,随机森林,-0.09914334829605476
676,white,随机森林,-0.10121132464890914
677,white,随机森林,-0.08612383637925636
678,white,随机森林,-0.06829816159599678
679,white,随机森林,-0.0811766185697127
680,white,随机森林,-0.11677500440462596
681,white,随机森林,-0.07423188718206575
682,white,随机森林,-0.08154353308851126
683,white,随机森林,-0.04642352562176466
684,white,随机森林,-0.05478831344932655
685,white,随机森林,-0.08912459832446862
686,white,随机森林,-0.08064227896132958
687,white,随机森林,-0.0941325606923561
688,white,随机森林,-0.08248677164220197
689,white,随机森林,-0.07477079968206979
690,white,随机森林,-0.07147008974320601
691,white,随机森林,-0.08150959692899928
692,white,随机森林,-0.07770274246090003
693,white,随机森林,-0.08969208282071972
694,white,随机森林,-0.08066205067487509
695,white,随机森林,-0.06994667965497481
696,white,随机森林,-0.09283228608841398
697,white,随机森林,-0.11330055793071503
698,white,随机森林,-0.0897838505889853
699,white,随机森林,-0.09230230098748193
700,white,随机森林,-0.06266272547543428
701,white,随机森林,-0.0813401981450238
702,white,随机森林,-0.07740896084641857
703,white,随机森林,-0.0947341796477481
704,white,随机森林,-0.08477486101700116
705,white,随机森林,-0.11166597659015276
706,white,随机森林,-0.07113856149445841
707,white,随机森林,-0.13648396787241202
708,white,随机森林,-0.10417989677134976
709,white,随机森林,-0.07859042565826424
710,white,随机森林,-0.07625430450240178
711,white,随机森林,-0.10468980986429588
712,white,随机森林,-0.06577772822373718
713,white,随机森林,-0.07517233243779187
714,white,随机森林,-0.10162962289456023
715,white,随机森林,-0.08811401038833
716,white,随机森林,-0.0890836136009846
717,white,随机森林,-0.11152934252798741
718,white,随机森林,-0.13899845238671094
719,white,随机森林,-0.08557644054279345
720,white,随机森林,-0.08255085733944445
721,white,随机森林,-0.08452005094761184
722,white,随机森林,-0.10786975196284188
723,white,随机森林,-0.07331241826898727
724,white,随机森林,-0.08318180716208412
725,white,随机森林,-0.08205529928085031
726,white,随机森林,-0.06645490954324029
727,white,随机森林,-0.10543758656165736
728,white,随机森林,-0.0635334075888011
729,white,随机森林,-0.10033392508237993
730,white,随机森林,-0.094189254991762
731,white,随机森林,-0.12426261089819912
732,white,随机森林,-0.08783873197099645
733,white,随机森林,-0.07880410397134108
734,white,随机森林,-0.06267286583554332
735,white,随机森林,-0.09822807072101225
736,white,随机森林,-0.0780825786725936
737,white,随机森林,-0.1401273052250076
738,white,随机森林,-0.10733459567641757
739,white,随机森林,-0.11583181370010742
740,white,随机森林,-0.08390201387736751
741,white,随机森林,-0.08612993489537779
742,white,随机森林,-0.111022936575076
743,white,随机森林,-0.0720899155739455
744,white,随机森林,-0.07096426994972893
745,white,随机森林,-0.10390759014040174
746,white,随机森林,-0.09016627724968174
747,white,随机森林,-0.07195595021022594
748,white,随机森林,-0.09736625881675887
749,white,随机森林,-0.0598885426643091
750,white,随机森林,-0.07599503618893466
751,white,随机森林,-0.12668276410463053
752,white,随机森林,-0.061975269673898215
753,white,随机森林,-0.11509468971116754
754,white,随机森林,-0.12188841432829756
755,white,随机森林,-0.06981482460632482
756,white,随机森林,-0.10825886136474638
757,white,随机森林,-0.07267027362715073
758,white,随机森林,-0.07685923761519886
759,white,随机森林,-0.1022617969126276
760,white,随机森林,-0.0472383828813826
761,white,随机森林,-0.05556889702609824
762,white,随机森林,-0.09854463702582811
763,white,随机森林,-0.11745379642470843
764,white,随机森林,-0.11204780958895444
765,white,随机森林,-0.08080805339335273
766,white,随机森林,-0.1038361156837655
767,white,随机森林,-0.11397373939640032
768,white,随机森林,-0.1020723299931594
769,white,随机森林,-0.08082498823875539
770,white,随机森林,-0.07122839476384735
771,white,随机森林,-0.1044004822910598
772,white,随机森林,-0.11760624691618848
773,white,随机森林,-0.06443676432174461
774,white,随机森林,-0.0822068312787454
775,white,随机森林,-0.06872359476929646
776,white,随机森林,-0.06306580114348581
777,white,随机森林,-0.06331431238365937
778,white,随机森林,-0.08844279970970792
779,white,随机森林,-0.0988644993346911
780,white,随机森林,-0.09949102121768727
781,white,随机森林,-0.06049638607770025
782,white,随机森林,-0.04253657867578775
783,white,随机森林,-0.09833614943186497
784,white,随机森林,-0.06981869655771866
785,white,随机森林,-0.0955840918923696
786,white,随机森林,-0.13130092663083692
787,white,随机森林,-0.0906776743629013
788,white,随机森林,-0.10855071307536712
789,white,随机森林,-0.09113106701721696
790,white,随机森林,-0.10454373142282114
791,white,随机森林,-0.0869254430428571
792,white,随机森林,-0.06589237759902322
793,white,随机森林,-0.05465586448798221
794,white,随机森林,-0.08840195530248507
795,white,随机森林,-0.09738797259135812
796,white,随机森林,-0.07790455928738194
797,white,随机森林,-0.09193772349475526
798,white,随机森林,-0.07129744904474478
799,white,随机森林,-0.08933191472833402
800,white,随机森林,-0.0998235682145785
801,white,随机森林,-0.10047968949115349
802,white,随机森林,-0.07309147174299768
803,white,随机森林,-0.12716469959179633
804,white,随机森林,-0.07960255180373355
805,white,随机森林,-0.06898358462989396
806,white,随机森林,-0.06155942720058749
807,white,随机森林,-0.09066867454302541
808,white,随机森林,-0.11929160691627838
809,white,随机森林,-0.08148033072351868
810,white,随机森林,-0.12209831219125311
811,white,随机森林,-0.09031143709004996
812,white,随机森林,-0.08441619286270197
813,white,随机森林,-0.06563821720225371
814,white,随机森林,-0.07747575062098544
815,white,随机森林,-0.11217005780405531
816,white,随机森林,-0.04624949868445127
817,white,随机森林,-0.03354156632298955
818,white,随机森林,-0.0936472494560261
819,white,随机森林,-0.06111420882444385
820,white,随机森林,-0.10314584050016806
821,white,随机森林,-0.09618165287992952
822,white,随机森林,-0.08956287171019528
823,white,随机森林,-0.06870495575836133
824,white,随机森林,-0.09560958589838175
825,white,随机森林,-0.07613682359041962
826,white,随机森林,-0.1069107165374199
827,white,随机森林,-0.09681129540824163
828,white,随机森林,-0.06597992653249707
829,white,随机森林,-0.08942625041322827
830,white,随机森林,-0.0839716221176513
831,white,随机森林,-0.1334916256092442
832,white,随机森林,-0.07427681067585445
833,white,随机森林,-0.1077381045712219
834,white,随机森林,-0.06825874731718906
835,white,随机森林,-0.08867402044992212
836,white,随机森林,-0.08714576785979555
837,white,随机森林,-0.10063899289697265
838,white,随机森林,-0.11364523735796928
839,white,随机森林,-0.07775438465044704
840,white,随机森林,-0.09008538657265286
841,white,随机森林,-0.08654198910562716
842,white,随机森林,-0.09083915358769878
843,white,随机森林,-0.0966241572034151
844,white,随机森林,-0.10241807946446069
845,white,随机森林,-0.08817861655985604
846,white,随机森林,-0.08230281860249034
847,white,随机森林,-0.0441286524271729
848,white,随机森林,-0.09736469949285698
849,white,随机森林,-0.08629636883984304
850,white,随机森林,-0.05987564247404953
851,white,随机森林,-0.09916842553214023
852,white,随机森林,-0.10348100392893944
853,white,随机森林,-0.08773394496888898
854,white,随机森林,-0.0804554233378536
855,white,随机森林,-0.09241204697511318
856,white,随机森林,-0.07532470355122056
857,white,随机森林,-0.07700654656138106
858,white,随机森林,-0.05652078364157209
859,white,随机森林,-0.06126960704492179
860,white,随机森林,-0.11052256023236862
861,white,随机森林,-0.11822727077496697
862,white,随机森林,-0.09582684022589194
863,white,随机森林,-0.11013767956936771
864,white,随机森林,-0.09311159650070278
865,white,随机森林,-0.08159798187957534
866,white,随机森林,-0.09328587760429652
867,white,随机森林,-0.07830187225814722
868,white,随机森林,-0.06329099449378972
869,white,随机森林,-0.09186278773712242
870,white,随机森林,-0.07632589680041058
871,white,随机森林,-0.13609308877788484
872,white,随机森林,-0.04897286714215954
873,white,随机森林,-0.0891517920384235
874,white,随机森林,-0.09450917522119806
875,white,随机森林,-0.06827901168247852
876,white,随机森林,-0.07427296882492818
877,white,随机森林,-0.08665230208160035
878,white,随机森林,-0.06757352848782583
879,white,随机森林,-0.09441414394903269
880,white,随机森林,-0.07834896274808056
881,white,随机森林,-0.05811588024197778
882,white,随机森林,-0.1136796345181087
883,white,随机森林,-0.10800075502635986
884,white,随机森林,-0.114271625820626
885,white,随机森林,-0.08197797536623763
886,white,随机森林,-0.10010711543639728
887,white,随机森林,-0.07516285830596636
888,white,随机森林,-0.1082564995760511
889,white,随机森林,-0.12853736424109874
890,white,随机森林,-0.09755690071266254
891,white,随机森林,-0.09962739449380442
892,white,随机森林,-0.09954650399463116
893,white,随机森林,-0.1122847759593516
894,white,随机森林,-0.09087534351527038
895,white,随机森林,-0.06626244773435441
896,white,随机森林,-0.08219476211328092
897,white,随机森林,-0.11330142859089742
898,white,随机森林,-0.07506958132079433
899,white,随机森林,-0.1298845560449211
900,white,随机森林,-0.09512755943945461
901,white,随机森林,-0.14388677245281078
902,white,随机森林,-0.09132022557619113
903,white,随机森林,-0.08045795251754584
904,white,随机森林,-0.09178421662191083
905,white,随机森林,-0.09426218940476849
906,white,随机森林,-0.11045286534297394
907,white,随机森林,-0.05754629121666077
908,white,随机森林,-0.11744311655243456
909,white,随机森林,-0.0726877220666674
910,white,随机森林,-0.08797892287440734
911,white,随机森林,-0.10312491611381636
912,white,随机森林,-0.11989340187593733
913,white,随机森林,-0.12185755780895047
914,white,随机森林,-0.06128609035436572
915,white,随机森林,-0.11659420321548886
916,white,随机森林,-0.060260066370460774
917,white,随机森林,-0.10541917622215324
918,white,随机森林,-0.07855260330158598
919,white,随机森林,-0.09932424997615108
920,white,随机森林,-0.09394220286077704
921,white,随机森林,-0.09154713400550529
922,white,随机森林,-0.0706947080632283
923,white,随机森林,-0.10548714538688941
924,white,随机森林,-0.08256703577632729
925,white,随机森林,-0.0910750061509552
926,white,随机森林,-0.07535058952748896
927,white,随机森林,-0.0803615600227876
928,white,随机森林,-0.09136058728774243
929,white,随机森林,-0.0675779900517327
930,white,随机森林,-0.05441240282121318
931,white,随机森林,-0.059370813233929565
932,white,随机森林,-0.0876133760083444
933,white,随机森林,-0.12045780550096641
934,white,随机森林,-0.08473420743254256
935,white,随机森林,-0.10936961662908906
936,white,随机森林,-0.0760745117047954
937,white,随机森林,-0.07165988420022718
938,white,随机森林,-0.10381826134316852
939,white,随机森林,-0.07484890145932122
940,white,随机森林,-0.08587198167188903
941,white,随机森林,-0.07566748117515398
942,white,随机森林,-0.14831480772197747
943,white,随机森林,-0.0987686260267252
944,white,随机森林,-0.12056669415763877
945,white,随机森林,-0.10863284461710387
946,white,随机森林,-0.06078515875812596
947,white,随机森林,-0.07407948975014667
948,white,随机森林,-0.1053685342295555
949,white,随机森林,-0.0944075155951638
950,white,随机森林,-0.14626437246114632
951,white,随机森林,-0.10951437833541733
952,white,随机森林,-0.07684020459669583
953,white,随机森林,-0.13062299447977743
954,white,随机森林,-0.0968421695675723
955,white,随机森林,-0.1335220285181934
956,white,随机森林,-0.1372602761155658
957,white,随机森林,-0.07260642979506693
958,white,随机森林,-0.040564091828876436
959,white,随机森林,-0.1162179068902155
960,white,随机森林,-0.053521673248439816
961,white,随机森林,-0.09529506358821749
962,white,随机森林,-0.07692663825139212
963,white,随机森林,-0.0585417594699954
964,white,随机森林,-0.06833449203851871
965,white,随机森林,-0.0720616595537451
966,white,随机森林,-0.12054966572987602
967,white,随机森林,-0.10355156503628848
968,white,随机森林,-0.08964773679451288
969,white,随机森林,-0.08615584227510442
970,white,随机森林,-0.06253500984174987
971,white,随机森林,-0.09065226582552921
972,white,随机森林,-0.10194716004911553
973,white,随机森林,-0.08402042245811925
974,white,随机森林,-0.08225105850631709
975,white,随机森林,-0.04759288787753335
976,white,随机森林,-0.11031927397059427
977,white,随机森林,-0.07525336161689189
978,white,随机森林,-0.09999772213886338
979,white,随机森林,-0.07650728304500976
980,white,随机森林,-0.12069441515130364
981,white,随机森林,-0.0694193593150263
982,white,随机森林,-0.12474288208313267
983,white,随机森林,-0.05652108709959203
984,white,随机森林,-0.09987688593282351
985,white,随机森林,-0.07978118937856893
986,white,随机森林,-0.07515414107066698
987,white,随机森林,-0.05498269174564685
988,white,随机森林,-0.09929076914950974
989,white,随机森林,-0.03220122116983104
990,white,随机森林,-0.08537160409872435
991,white,随机森林,-0.07661588207501135
992,white,随机森林,-0.04659865002538166
993,white,随机森林,-0.09533296509518285
994,white,随机森林,-0.10885361235989688
995,white,随机森林,-0.13844554113234386
996,white,随机森林,-0.0678077911893411
997,white,随机森林,-0.0538984598544302
998,white,随机森林,-0.09163055376474061
999,white,随机森林,-0.042136067317244064
1000,white,随机森林,-0.0781208758511962
1001,white,随机森林,-0.06700208206259917
1002,white,随机森林,-0.12286251728965902
1003,white,随机森林,-0.07295200990785267
1004,white,随机森林,-0.09098488931059989
1005,white,随机森林,-0.10185224553440086
1006,white,随机森林,-0.07026913603820695
1007,white,随机森林,-0.07650824658642708
1008,white,随机森林,-0.10711910508018696
1009,white,随机森林,-0.07333284252745642
1010,white,随机森林,-0.03464119779911323
1011,white,随机森林,-0.10849226320289407
1012,white,随机森林,-0.08991874010520384
1013,white,随机森林,-0.10172266816273423
1014,white,随机森林,-0.06235494943618125
1015,white,随机森林,-0.07807154388871995
1016,white,随机森林,-0.09835243530666493
1017,white,随机森林,-0.0955454325852162
1018,white,随机森林,-0.1118279872822675
1019,white,随机森林,-0.0868240758331299
1020,white,随机森林,-0.09704905760897098
1021,white,随机森林,-0.0987053549108845
1022,white,随机森林,-0.13068934301077628
1023,white,随机森林,-0.09865338577768612
1024,white,随机森林,-0.06270030272573068
1025,white,随机森林,-0.10940183150326932
1026,white,随机森林,-0.05580110083585188
1027,white,随机森林,-0.11093567722584363
1028,white,随机森林,-0.08365455948538736
1029,white,随机森林,-0.10616332606563772
1030,white,随机森林,-0.037318492453967345
1031,white,随机森林,-0.14275065287162214
1032,white,随机森林,-0.0942189323961321
1033,white,随机森林,-0.07133340010867195
1034,white,随机森林,-0.07468122775210606
1035,white,随机森林,-0.07965480969518146
1036,white,随机森林,-0.09187979663294099
1037,white,随机森林,-0.14070876404859034
1038,white,随机森林,-0.1112617590483751
1039,white,随机森林,-0.08049300509641633
1040,white,随机森林,-0.0713277975544453
1041,white,随机森林,-0.08415934665895808
1042,white,随机森林,-0.03803144839449968
1043,white,随机森林,-0.06487372807293179
1044,white,随机森林,-0.10764148256091888
1045,white,随机森林,-0.11062821338138407
1046,white,随机森林,-0.11138394387689221
1047,white,随机森林,-0.1090873034781652
1048,white,随机森林,-0.10122771743083425
1049,white,随机森林,-0.11341440185268636
1050,white,随机森林,-0.11046763846653518
1051,white,随机森林,-0.07941964348250208
1052,white,随机森林,-0.1338083689425532
1053,white,随机森林,-0.06935437443937265
1054,white,随机森林,-0.08827165308343798
1055,white,随机森林,-0.12742531743304497
1056,white,随机森林,-0.10967219340434997
1057,white,随机森林,-0.08207979263166154
1058,white,随机森林,-0.1322601931488402
1059,white,随机森林,-0.11600478773557565
1060,white,随机森林,-0.10222249025083507
1061,white,随机森林,-0.07248796662534607
1062,white,随机森林,-0.08078346938493364
1063,white,随机森林,-0.06009130994158329
1064,white,随机森林,-0.08667448213519047
1065,white,随机森林,-0.040430155096152776
1066,white,随机森林,-0.09447021374291487
1067,white,随机森林,-0.08539769365294014
1068,white,随机森林,-0.11031778138703974
1069,white,随机森林,-0.0782946552041125
1070,white,随机森林,-0.10939641409971834
1071,white,随机森林,-0.08171266622337692
1072,white,随机森林,-0.11776314285328371
1073,white,随机森林,-0.17587911954562085
1074,white,随机森林,-0.13016650144407638
1075,white,随机森林,-0.08385311142070007
1076,white,随机森林,-0.11404120903427961
1077,white,随机森林,-0.10108513837638244
1078,white,随机森林,-0.1343261001816214
1079,white,随机森林,-0.13272547358351527
1080,white,随机森林,-0.083746294471014
1081,white,随机森林,-0.09797863940350549
1082,white,随机森林,-0.11944629487553371
1083,white,随机森林,-0.08227030174696026
1084,white,随机森林,-0.06049762322184127
1085,white,随机森林,-0.09786743446075152
1086,white,随机森林,-0.06204229757932833
1087,white,随机森林,-0.06051401792660771
1088,white,随机森林,-0.08955699438953812
1089,white,随机森林,-0.07958854281776628
1090,white,随机森林,-0.10173579619656692
1091,white,随机森林,-0.09889281883739909
1092,white,随机森林,-0.0787777622214908
1093,white,随机森林,-0.10607214942289978
1094,white,随机森林,-0.07151356721729862
1095,white,随机森林,-0.09949950482577252
1096,white,随机森林,-0.08551091201013905
1097,white,随机森林,-0.10681193612161533
1098,white,随机森林,-0.12330645702882703
1099,white,随机森林,-0.1054335415978711
1100,white,随机森林,-0.07967211518048412
1101,white,随机森林,-0.13146615375446435
1102,white,随机森林,-0.10836227853168112
1103,white,随机森林,-0.11757262116728473
1104,white,随机森林,-0.07957810716944869
1105,white,随机森林,-0.10428336561927487
1106,white,随机森林,-0.08138086860156668
1107,white,随机森林,-0.0708760680295345
1108,white,随机森林,-0.06441387628460804
1109,white,随机森林,-0.06563012038675287
1110,white,随机森林,-0.046374487699808564
1111,white,随机森林,-0.06801256204505224
1112,white,随机森林,-0.058585984951194714
1113,white,随机森林,-0.1257591527708667
1114,white,随机森林,-0.07036921944015884
1115,white,随机森林,-0.0646630218988824
1116,white,随机森林,-0.10639868182907941
1117,white,随机森林,-0.07126623659173881
1118,white,随机森林,-0.03600471739848232
1119,white,随机森林,-0.1020479250918872
1120,white,随机森林,-0.07003485593546299
1121,white,随机森林,-0.09956855815204446
1122,white,随机森林,-0.08312408499347246
1123,white,随机森林,-0.07161337302971504
1124,white,随机森林,-0.09188390875754404
1125,white,随机森林,-0.10538919373951494
1126,white,随机森林,-0.09037376893517723
1127,white,随机森林,-0.08262714558580131
1128,white,随机森林,-0.05782570902963602
1129,white,随机森林,-0.06749277329662084
1130,white,随机森林,-0.08331951830310125
1131,white,随机森林,-0.08888338753145508
1132,white,随机森林,-0.08776901376349222
1133,white,随机森林,-0.08010991843605975
1134,white,随机森林,-0.12191973708415049
1135,white,随机森林,-0.10006103945117106
1136,white,随机森林,-0.08149799468338159
1137,white,随机森林,-0.041509170038002585
1138,white,随机森林,-0.06493329716283902
1139,white,随机森林,-0.11760293381055098
1140,white,随机森林,-0.0750442589834408
1141,white,随机森林,-0.053236081400869995
1142,white,随机森林,-0.06829090736643029
1143,white,随机森林,-0.058284068971101166
1144,white,随机森林,-0.12184418129295504
1145,white,随机森林,-0.09072791210044195
1146,white,随机森林,-0.10439579878587524
1147,white,随机森林,-0.09586184353691096
1148,white,随机森林,-0.12988123109943817
1149,white,随机森林,-0.13110069862299267
1150,white,随机森林,-0.07264646255910767
1151,white,随机森林,-0.10104846013978697
1152,white,随机森林,-0.10206375706967363
1153,white,随机森林,-0.07856557010598775
1154,white,随机森林,-0.06741314727718528
1155,white,随机森林,-0.09235609280770574
1156,white,随机森林,-0.09095415757353209
1157,white,随机森林,-0.06821996441074374
1158,white,随机森林,-0.07229180266804858
1159,white,随机森林,-0.07738439084070081
1160,white,随机森林,-0.09304277051072196
1161,white,随机森林,-0.11601547406919765
1162,white,随机森林,-0.05839912941037073
1163,white,随机森林,-0.10301171539189113
1164,white,随机森林,-0.09276258543464144
1165,white,随机森林,-0.06192864613517146
1166,white,随机森林,-0.07703572072546672
1167,white,随机森林,-0.08473458598754635
1168,white,随机森林,-0.09806916987361614
1169,white,随机森林,-0.08799284984415146
1170,white,随机森林,-0.09993599897857286
1171,white,随机森林,-0.11206391403591554
1172,white,随机森林,-0.08460550784786858
1173,white,随机森林,-0.07026126631502849
1174,white,随机森林,-0.14074162650078303
1175,white,随机森林,-0.06711320224546347
1176,white,随机森林,-0.08287867471130539
1177,white,随机森林,-0.09720516516652933
1178,white,随机森林,-0.03693110555490242
1179,white,随机森林,-0.06796314145299387
1180,white,随机森林,-0.09297876789049997
1181,white,随机森林,-0.09008226535029851
1182,white,随机森林,-0.0751846890266964
1183,white,随机森林,-0.1095536064992435
1184,white,随机森林,-0.10585576486672388
1185,white,随机森林,-0.07072704953663012
1186,white,随机森林,-0.07518275080214831
1187,white,随机森林,-0.10346721246905732
1188,white,随机森林,-0.047202246613204824
1189,white,随机森林,-0.08326000068950346
1190,white,随机森林,-0.08720130018519223
1191,white,随机森林,-0.08411273030148869
1192,white,随机森林,-0.08929291693440267
1193,white,随机森林,-0.055385449867281555
1194,white,随机森林,-0.09486215079055571
1195,white,随机森林,-0.09634538372407386
1196,white,随机森林,-0.09782278102177666
1197,white,随机森林,-0.0931639571734969
1198,white,随机森林,-0.06989447811888516
1199,white,随机森林,-0.11755722470828789
1200,white,随机森林,-0.08249425071352845
1201,white,随机森林,-0.11784776955489329
1202,white,随机森林,-0.07166912848931684
1203,white,随机森林,-0.06997479893486203
1204,white,随机森林,-0.10454042470987035
1205,white,随机森林,-0.05538881821827657
1206,white,随机森林,-0.08309065063793264
1207,white,随机森林,-0.10731720274021272
1208,white,随机森林,-0.05344945316608829
1209,white,随机森林,-0.05206506792575516
1210,white,随机森林,-0.07162037471840399
1211,white,随机森林,-0.09591447819999332
1212,white,随机森林,-0.10426676586221917
1213,white,随机森林,-0.10685949955874585
1214,white,随机森林,-0.06932189083402251
1215,white,随机森林,-0.08416130893898288
1216,white,随机森林,-0.09018164931702932
1217,white,随机森林,-0.09339685760981586
1218,white,随机森林,-0.08395574142147011
1219,white,随机森林,-0.10904905519854968
1220,white,随机森林,-0.09521666313523325
1221,white,随机森林,-0.04466991779625573
1222,white,随机森林,-0.14034901806244104
1223,white,随机森林,-0.14161997907713098
1224,white,随机森林,-0.10283641537034571
1225,white,随机森林,-0.102152492353911
1226,white,随机森林,-0.10176947975502715
1227,white,随机森林,-0.11451007786319412
1228,white,随机森林,-0.06349266095464812
1229,white,随机森林,-0.1398669501755836
1230,white,随机森林,-0.122407218111524
1231,white,随机森林,-0.07936044633613093
1232,white,随机森林,-0.10317119371451489
1233,white,随机森林,-0.08977453821915826
1234,white,随机森林,-0.06069657151784358
1235,white,随机森林,-0.09855981032777494
1236,white,随机森林,-0.07858120927035928
1237,white,随机森林,-0.10361878259808777
1238,white,随机森林,-0.05546611305676474
1239,white,随机森林,-0.10307806120507712
1240,white,随机森林,-0.04455383635251875
1241,white,随机森林,-0.09920226489268213
1242,white,随机森林,-0.1364820273636267
1243,white,随机森林,-0.09861763466295093
1244,white,随机森林,-0.07174058913962478
1245,white,随机森林,-0.07964918488003359
1246,white,随机森林,-0.06717619865001145
1247,white,随机森林,-0.1081843883703808
1248,white,随机森林,-0.101227727945992
1249,white,随机森林,-0.10945833355762358
1250,white,随机森林,-0.07738026677383336
1251,white,随机森林,-0.06968668256781352
1252,white,随机森林,-0.09604789799417124
1253,white,随机森林,-0.06875204843370697
1254,white,随机森林,-0.07611414525066262
1255,white,随机森林,-0.09338467733822242
1256,white,随机森林,-0.10199907831604293
1257,white,随机森林,-0.07883347377634842
1258,white,随机森林,-0.0786961724314964
1259,white,随机森林,-0.09267155154277706
1260,white,随机森林,-0.13288060437211202
1261,white,随机森林,-0.11931738108181533
1262,white,随机森林,-0.10018953972820843
1263,white,随机森林,-0.10441301861735486
1264,white,随机森林,-0.06954376870658285
1265,white,随机森林,-0.09312571799145497
1266,white,随机森林,-0.08666021058648687
1267,white,随机森林,-0.08928074645188178
1268,white,随机森林,-0.10908505765615106
1269,white,随机森林,-0.06491836056426503
1270,white,随机森林,-0.0680897893614506
1271,white,随机森林,-0.10054286417231517
1272,white,随机森林,-0.07449466203435795
1273,white,随机森林,-0.04050110772060456
1274,white,随机森林,-0.0566536523773149
1275,white,随机森林,-0.08783905699361538
1276,white,随机森林,-0.08645047793508442
1277,white,随机森林,-0.125571398482616
1278,white,随机森林,-0.09855893788842096
1279,white,随机森林,-0.10530104723445477
1280,white,随机森林,-0.08529390024678651
1281,white,随机森林,-0.06960652080064667
1282,white,随机森林,-0.09921512525990361
1283,white,随机森林,-0.09252888341243326
1284,white,随机森林,-0.09091290725097645
1285,white,随机森林,-0.10509340302166681
1286,white,随机森林,-0.1057110257045677
1287,white,随机森林,-0.0775066252886476
1288,white,随机森林,-0.10651771688093037
1289,white,随机森林,-0.08306262712431722
1290,white,随机森林,-0.06685500159247426
1291,white,随机森林,-0.09372456839266607
1292,white,随机森林,-0.07197419782949732
1293,white,随机森林,-0.09287194228819573
1294,white,随机森林,-0.07931177441491344
1295,white,随机森林,-0.07342419254440646
1296,white,随机森林,-0.07532481080275188
1297,white,随机森林,-0.07156230306475775
1298,white,随机森林,-0.0693932861966775
1299,white,随机森林,-0.12045609198670215
1300,white,随机森林,-0.08182822300357884
1301,white,随机森林,-0.09957793971052342
1302,white,随机森林,-0.06476292944222806
1303,white,随机森林,-0.08027080221826421
1304,white,随机森林,-0.11064138676644653
1305,white,随机森林,-0.08135537007499716
1306,white,随机森林,-0.062044434671920445
1307,white,随机森林,-0.11254907345584442
1308,white,随机森林,-0.07507517369957672
1309,white,随机森林,-0.04888023541415343
1310,white,随机森林,-0.08339917002343256
1311,white,随机森林,-0.10367320976006178
1312,white,随机森林,-0.06923359165718646
1313,white,随机森林,-0.09888957371643292
1314,white,随机森林,-0.1255722356359904
1315,white,随机森林,-0.10978234545951093
1316,white,随机森林,-0.11231230856744201
1317,white,随机森林,-0.09132011728548273
1318,white,随机森林,-0.09885108261267772
1319,white,随机森林,-0.09577073784796031
1320,white,随机森林,-0.11450347531520111
1321,white,随机森林,-0.06324475259830287
1322,white,随机森林,-0.05352644935840267
1323,white,随机森林,-0.06005264805407684
1324,white,随机森林,-0.13336621318529096
1325,white,随机森林,-0.07012841636876121
1326,white,随机森林,-0.0679784044272489
1327,white,随机森林,-0.07709960915431013
1328,white,随机森林,-0.07128278480714145
1329,white,随机森林,-0.04560376664973509
1330,white,随机森林,-0.09287698648042364
1331,white,随机森林,-0.10106331669826762
1332,white,随机森林,-0.07441706519582114
1333,white,随机森林,-0.07880600620484224
1334,white,随机森林,-0.08856910157250764
1335,white,随机森林,-0.11297815764664099
1336,white,随机森林,-0.033350561518061816
1337,white,随机森林,-0.08059240483249597
1338,white,随机森林,-0.08611614873115347
1339,white,随机森林,-0.1005020104501767
1340,white,随机森林,-0.07095217023107236
1341,white,随机森林,-0.12016422982221575
1342,white,随机森林,-0.08600349825651532
1343,white,随机森林,-0.1348082554323512
1344,white,随机森林,-0.08721781825382258
1345,white,随机森林,-0.08102231026740181
1346,white,随机森林,-0.09162309417419923
1347,white,随机森林,-0.08832539281109653
1348,white,随机森林,-0.12872314075668734
1349,white,随机森林,-0.07033591520749272
1350,white,随机森林,-0.05913881321468706
1351,white,随机森林,-0.08115707407240702
1352,white,随机森林,-0.07166975977015733
1353,white,随机森林,-0.12013671674379234
1354,white,随机森林,-0.08505669625694767
1355,white,随机森林,-0.04871381001682218
1356,white,随机森林,-0.03309048907952239
1357,white,随机森林,-0.07478563470139732
1358,white,随机森林,-0.09427761284864178
1359,white,随机森林,-0.10406155486109858
1360,white,随机森林,-0.09829761556721794
1361,white,随机森林,-0.1039722834922745
1362,white,随机森林,-0.11404399848564628
1363,white,随机森林,-0.13691161292420218
1364,white,随机森林,-0.0669078809968664
1365,white,随机森林,-0.06248712637876852
1366,white,随机森林,-0.11722013402951215
1367,white,随机森林,-0.0984037017269267
1368,white,随机森林,-0.10395560515766133
1369,white,随机森林,-0.09289177271444571
1370,white,随机森林,-0.0876666130531053
1371,white,随机森林,-0.07620398147908247
1372,white,随机森林,-0.05487993207722086
1373,white,随机森林,-0.07681763260404273
1374,white,随机森林,-0.11472533676827301
1375,white,随机森林,-0.10327151162114845
1376,white,随机森林,-0.0940096359215713
1377,white,随机森林,-0.05368565239859846
1378,white,随机森林,-0.08098503913520716
1379,white,随机森林,-0.11227841323904786
1380,white,随机森林,-0.12411737325948535
1381,white,随机森林,-0.14109584473941938
1382,white,随机森林,-0.048501071853364275
1383,white,随机森林,-0.04999852259500459
1384,white,随机森林,-0.07421695657226923
1385,white,随机森林,-0.09785985278745013
1386,white,随机森林,-0.11011626110743833
1387,white,随机森林,-0.07723476889255598
1388,white,随机森林,-0.07242139795506297
1389,white,随机森林,-0.09838575712086484
1390,white,随机森林,-0.06364554867783201
1391,white,随机森林,-0.10728796664380147
1392,white,随机森林,-0.06846818079354333
1393,white,随机森林,-0.08703317724306403
1394,white,随机森林,-0.06494360352376505
1395,white,随机森林,-0.08694466778446597
1396,white,随机森林,-0.0973802425746414
1397,white,随机森林,-0.09464510786918201
1398,white,随机森林,-0.10767046036865402
1399,white,随机森林,-0.07939726611563624
1400,white,随机森林,-0.08311901009879719
1401,white,随机森林,-0.09062148365146083
1402,white,随机森林,-0.12063198851355361
1403,white,随机森林,-0.09527577036006274
1404,white,随机森林,-0.13106157524296913
1405,white,随机森林,-0.07582804519438957
1406,white,随机森林,-0.07420689879575504
1407,white,随机森林,-0.11501398394113871
1408,white,随机森林,-0.04068969450644233
1409,white,随机森林,-0.07759916089510654
1410,white,随机森林,-0.07363114826398731
1411,white,随机森林,-0.09168880592338913
1412,white,随机森林,-0.0704960707260025
1413,white,随机森林,-0.048002180001903705
1414,white,随机森林,-0.13443174651337253
1415,white,随机森林,-0.08984713407616296
1416,white,随机森林,-0.04257614643545671
1417,white,随机森林,-0.08987979109595468
1418,white,随机森林,-0.04791422419333602
1419,white,随机森林,-0.07752501779563414
1420,white,随机森林,-0.1340785481092831
1421,white,随机森林,-0.09880242164605813
1422,white,随机森林,-0.10647527685598579
1423,white,随机森林,-0.07642667517487889
1424,white,随机森林,-0.04464909298409714
1425,white,随机森林,-0.10321035130560019
1426,white,随机森林,-0.10949107452222251
1427,white,随机森林,-0.076292424749837
1428,white,随机森林,-0.10690625840344015
1429,white,随机森林,-0.11551693995179091
1430,white,随机森林,-0.08666162503568975
1431,white,随机森林,-0.05885406004231297
1432,white,随机森林,-0.07825769377188119
1433,white,随机森林,-0.0665029189695856
1434,white,随机森林,-0.09168229368510339
1435,white,随机森林,-0.12633864666791517
1436,white,随机森林,-0.12287961897197985
1437,white,随机森林,-0.10169045619516448
1438,white,随机森林,-0.09507406056151668
1439,white,随机森林,-0.06920377812329881
1440,white,随机森林,-0.10090544768355314
1441,white,随机森林,-0.08775994629632056
1442,white,随机森林,-0.1063207067491575
1443,white,随机森林,-0.09729729626338246
1444,white,随机森林,-0.07463786636634584
1445,white,随机森林,-0.08804132187320435
1446,white,随机森林,-0.12411849073375658
1447,white,随机森林,-0.0985378296875804
1448,white,随机森林,-0.1023126373997576
1449,white,随机森林,-0.06510002825209105
1450,white,随机森林,-0.10622682121581195
1451,white,随机森林,-0.09214935184158102
1452,white,随机森林,-0.07449992028258556
1453,white,随机森林,-0.087957866031805
1454,white,随机森林,-0.08584671078589234
1455,white,随机森林,-0.09167211951198151
1456,white,随机森林,-0.09674567377717291
1457,white,随机森林,-0.1064961354575138
1458,white,随机森林,-0.07787323005682767
1459,white,随机森林,-0.05951513468628988
1460,white,随机森林,-0.10237363616588635
1461,white,随机森林,-0.10737427855002313
1462,white,随机森林,-0.10734413840012369
1463,white,随机森林,-0.10172493215166545
1464,white,随机森林,-0.10608504489694826
1465,white,随机森林,-0.06245267070058347
1466,white,随机森林,-0.1371181242074132
1467,white,随机森林,-0.08871675876993246
1468,white,随机森林,-0.08948949678245333
1469,white,随机森林,-0.09500476207253583
1470,white,随机森林,-0.12436449023699614
1471,white,随机森林,-0.08757002195410402
1472,white,随机森林,-0.06934289857335729
1473,white,随机森林,-0.10889377194373995
1474,white,随机森林,-0.11343534836825664
1475,white,随机森林,-0.10099805283218644
1476,white,随机森林,-0.07548339303693363
1477,white,随机森林,-0.14953690190840319
1478,white,随机森林,-0.08184329951938218
1479,white,随机森林,-0.1166498349304087
1480,white,随机森林,-0.13157359915553912
1481,white,随机森林,-0.045810372640528785
1482,white,随机森林,-0.07260567572849908
1483,white,随机森林,-0.09538593681243757
1484,white,随机森林,-0.09494050444828772
1485,white,随机森林,-0.08773288580847427
1486,white,随机森林,-0.12232928714630142
1487,white,随机森林,-0.09319066324272773
1488,white,随机森林,-0.06378296625368884
1489,white,随机森林,-0.0685797985823049
1490,white,随机森林,-0.08958622275732409
1491,white,随机森林,-0.08158082331646976
1492,white,随机森林,-0.050448990191587884
1493,white,随机森林,-0.1199778270021874
1494,white,随机森林,-0.1026476600238414
1495,white,随机森林,-0.055761484081055634
1496,white,随机森林,-0.07042103446171877
1497,white,随机森林,-0.0266679843772466
1498,white,随机森林,-0.0877446933176298
1499,white,随机森林,-0.06473216636678536
1500,white,随机森林,-0.099821361695965
1501,white,随机森林,-0.06994857564208423
1502,white,随机森林,-0.049694680492160415
1503,white,随机森林,-0.05298522549571827
1504,white,随机森林,-0.09787676839266946
1505,white,随机森林,-0.1087208207846051
1506,white,随机森林,-0.07643454294323426
1507,white,随机森林,-0.06926625969279598
1508,white,随机森林,-0.07553092406815454
1509,white,随机森林,-0.06579038027940143
1510,white,随机森林,-0.0667768648428515
1511,white,随机森林,-0.10806345193748734
1512,white,随机森林,-0.07082772584240071
1513,white,随机森林,-0.09436977859573914
1514,white,随机森林,-0.10542512324267594
1515,white,随机森林,-0.07950339856516775
1516,white,随机森林,-0.060861023134750614
1517,white,随机森林,-0.11925762277506136
1518,white,随机森林,-0.0995164161228016
1519,white,随机森林,-0.08741307494341688
1520,white,随机森林,-0.06523217650019597
1521,white,随机森林,-0.1391286958586957
1522,white,随机森林,-0.08868311420379715
1523,white,随机森林,-0.08822473378746565
1524,white,随机森林,-0.10809940417431008
1525,white,随机森林,-0.11835453730258316
1526,white,随机森林,-0.10696696413894424
1527,white,随机森林,-0.10833734111950677
1528,white,随机森林,-0.11308422835400511
1529,white,随机森林,-0.06666902568255118
1530,white,随机森林,-0.08890446115334993
1531,white,随机森林,-0.04953027528208109
1532,white,随机森林,-0.09460193233515624
1533,white,随机森林,-0.11114686342911395
1534,white,随机森林,-0.12980262993273672
1535,white,随机森林,-0.057220720918341184
1536,white,随机森林,-0.05786615262567296
1537,white,随机森林,-0.05364167949189502
1538,white,随机森林,-0.10191764994273422
1539,white,随机森林,-0.08870454699936225
1540,white,随机森林,-0.060006720878140074
1541,white,随机森林,-0.08187057465426983
1542,white,随机森林,-0.05701138364861391
1543,white,随机森林,-0.0725847098945831
1544,white,随机森林,-0.08782620531111052
1545,white,随机森林,-0.07514826649348305
1546,white,随机森林,-0.10280199021517322
1547,white,随机森林,-0.0759087790008689
1548,white,随机森林,-0.1067894941832882
1549,white,随机森林,-0.07630613705586875
1550,white,随机森林,-0.06827921401454495
1551,white,随机森林,-0.09831060028220406
1552,white,随机森林,-0.07206533795816772
1553,white,随机森林,-0.10908527460630213
1554,white,随机森林,-0.08980831794120381
1555,white,随机森林,-0.07671621563521025
1556,white,随机森林,-0.1165656267480627
1557,white,随机森林,-0.08372251064115788
1558,white,随机森林,-0.13232667558949895
1559,white,随机森林,-0.06364988968604446
1560,white,随机森林,-0.07973127022497206
1561,white,随机森林,-0.10776668079527607
1562,white,随机森林,-0.10436565801050446
1563,white,随机森林,-0.061010532622942204
1564,white,随机森林,-0.10668039181194544
1565,white,随机森林,-0.09270005200471043
1566,white,随机森林,-0.08211284032417299
1567,white,随机森林,-0.06685122532363608
1568,white,随机森林,-0.09759818885464633
1569,white,随机森林,-0.11634510889367711
1570,white,随机森林,-0.06503590776574153
1571,white,随机森林,-0.10527090701370612
1572,white,随机森林,-0.0538446739852807
1573,white,随机森林,-0.06501689221052331
1574,white,随机森林,-0.06148607546481888
1575,white,随机森林,-0.07634584622809704
1576,white,随机森林,-0.09744007789931597
1577,white,随机森林,-0.03902223939198146
1578,white,随机森林,-0.0954232710498325
1579,white,随机森林,-0.08306409273712145
1580,white,随机森林,-0.06961028797384505
1581,white,随机森林,-0.056934843236906785
1582,white,随机森林,-0.0471977268213678
1583,white,随机森林,-0.117877629489887
1584,white,随机森林,-0.10526238722106396
1585,white,随机森林,-0.0536840318023728
1586,white,随机森林,-0.11927206637259447
1587,white,随机森林,-0.10142515098927607
1588,white,随机森林,-0.07513132411239365
1589,white,随机森林,-0.11046340531592458
1590,white,随机森林,-0.0864395845108662
1591,white,随机森林,-0.06571935536089635
1592,white,随机森林,-0.07473427343216943
1593,white,随机森林,-0.088834950501962
1594,white,随机森林,-0.09112021798559389
1595,white,随机森林,-0.09535421403587163
1596,white,随机森林,-0.04073636232167588
1597,white,随机森林,-0.08377320775715025
1598,white,随机森林,-0.066956595481247
1599,white,随机森林,-0.08099488502836216
1600,white,随机森林,-0.10635637159829825
1601,white,随机森林,-0.10244093978972113
1602,white,随机森林,-0.11324579611948493
1603,white,随机森林,-0.08071178576103721
1604,white,随机森林,-0.09311543897578622
1605,white,随机森林,-0.08905104732031122
1606,white,随机森林,-0.09036130657994024
1607,white,随机森林,-0.11961992109857433
1608,white,随机森林,-0.04839035003506498
1609,white,随机森林,-0.06982208241836263
1610,white,随机森林,-0.09118649937568546
1611,white,随机森林,-0.0678201807413713
1612,white,随机森林,-0.10584231085677287
1613,white,随机森林,-0.06207808935714432
1614,white,随机森林,-0.07248570524315745
1615,white,随机森林,-0.0937065451999628
1616,white,随机森林,-0.056529500236163654
1617,white,随机森林,-0.07931786578952182
1618,white,随机森林,-0.0963650880011131
1619,white,随机森林,-0.06853817429997222
1620,white,随机森林,-0.0873837359490176
1621,white,随机森林,-0.09465922363532964
1622,white,随机森林,-0.07300694267284713
1623,white,随机森林,-0.09640374830177134
1624,white,随机森林,-0.08963738207296401
1625,white,随机森林,-0.07641759281032223
1626,white,随机森林,-0.08498295160937341
1627,white,随机森林,-0.049115751209793945
1628,white,随机森林,-0.10489455345596277
1629,white,随机森林,-0.13557640464570575
1630,white,随机森林,-0.12310768504849723
1631,white,随机森林,-0.11873877099764796
1632,white,随机森林,-0.08879408262133393
1633,white,随机森林,-0.10220493216069071
1634,white,随机森林,-0.04866837013192582
1635,white,随机森林,-0.1018307461197221
1636,white,随机森林,-0.10070499247163633
1637,white,随机森林,-0.05711634672717847
1638,white,随机森林,-0.0933492764360806
1639,white,随机森林,-0.06841658047281307
1640,white,随机森林,-0.1130176424668945
1641,white,随机森林,-0.09597344064810587
1642,white,随机森林,-0.06644427211291948
1643,white,随机森林,-0.1093736111053003
1644,white,随机森林,-0.07217596253660064
1645,white,随机森林,-0.05535528841070958
1646,white,随机森林,-0.08266674730950041
1647,white,随机森林,-0.06977749774961595
1648,white,随机森林,-0.07387981705694269
1649,white,随机森林,-0.12445065984098136
1650,white,随机森林,-0.06327462665797856
1651,white,随机森林,-0.08533971011042862
1652,white,随机森林,-0.08424880336449658
1653,white,随机森林,-0.05654624120584306
1654,white,随机森林,-0.10984680484381137
1655,white,随机森林,-0.0817562315783571
1656,white,随机森林,-0.10199878513024485
1657,white,随机森林,-0.053191846636882034
1658,white,随机森林,-0.07783613925091648
1659,white,随机森林,-0.060137540656227007
1660,white,随机森林,-0.05877798512338306
1661,white,随机森林,-0.075428708114469
1662,white,随机森林,-0.09105321429496305
1663,white,随机森林,-0.08421289926325348
1664,white,随机森林,-0.08002802912944385
1665,white,随机森林,-0.09536611921351446
1666,white,随机森林,-0.0676158445889058
1667,white,随机森林,-0.11262144003220109
1668,white,随机森林,-0.10899754108210558
1669,white,随机森林,-0.08854122260215225
1670,white,随机森林,-0.09418352483056824
1671,white,随机森林,-0.10220313626681343
1672,white,随机森林,-0.06339932215291699
1673,white,随机森林,-0.08003466652075675
1674,white,随机森林,-0.10157433856791775
1675,white,随机森林,-0.08304722807673681
1676,white,随机森林,-0.04934625147913718
1677,white,随机森林,-0.09116460632350765
1678,white,随机森林,-0.11590892021979604
1679,white,随机森林,-0.05972863362457692
1680,white,随机森林,-0.10266314987771175
1681,white,随机森林,-0.11686188092873262
1682,white,随机森林,-0.10579901883836895
1683,white,随机森林,-0.10115455450773492
1684,white,随机森林,-0.0950416157317705
1685,white,随机森林,-0.08312426948880292
1686,white,随机森林,-0.08710904561794297
1687,white,随机森林,-0.09805900502174192
1688,white,随机森林,-0.09887717019470854
1689,white,随机森林,-0.09439937564912226
1690,white,随机森林,-0.0836821162892405
1691,white,随机森林,-0.1051113746430542
1692,white,随机森林,-0.06916671647808859
1693,white,随机森林,-0.06882301933460233
1694,white,随机森林,-0.10072545017217782
1695,white,随机森林,-0.08544959911279215
1696,white,随机森林,-0.10566299913602528
1697,white,随机森林,-0.09251318510835915
1698,white,随机森林,-0.1075569715075656
1699,white,随机森林,-0.09108610326421357
1700,white,随机森林,-0.0891019792312987
1701,white,随机森林,-0.07403537500570445
1702,white,随机森林,-0.09623241293292861
1703,white,随机森林,-0.08744282611547238
1704,white,随机森林,-0.08452583319433238
1705,white,随机森林,-0.08214214294934974
1706,white,随机森林,-0.09437256164056762
1707,white,随机森林,-0.09850799118373488
1708,white,随机森林,-0.10874447562128442
1709,white,随机森林,-0.08350304354779381
1710,white,随机森林,-0.09986234937592808
1711,white,随机森林,-0.10242781884203556
1712,white,随机森林,-0.11789974267788905
1713,white,随机森林,-0.06109421909417667
1714,white,随机森林,-0.11849398485075568
1715,white,随机森林,-0.11074089630279538
1716,white,随机森林,-0.10295392453642005
1717,white,随机森林,-0.09986639031755229
1718,white,随机森林,-0.06276633577186586
1719,white,随机森林,-0.07191405697010322
1720,white,随机森林,-0.0508911181847167
1721,white,随机森林,-0.09181503425578952
1722,white,随机森林,-0.09142394785523056
1723,white,随机森林,-0.05054414163769361
1724,white,随机森林,-0.10370169246255267
1725,white,随机森林,-0.0989491522498559
1726,white,随机森林,-0.0681572336510512
1727,white,随机森林,-0.10998044198958701
1728,white,随机森林,-0.15011649016918072
1729,white,随机森林,-0.11820741308547422
1730,white,随机森林,-0.07148772909589685
1731,white,随机森林,-0.1353139902873819
1732,white,随机森林,-0.12021361117924978
1733,white,随机森林,-0.06941932630503989
1734,white,随机森林,-0.10504161055698369
1735,white,随机森林,-0.10669001321125327
1736,white,随机森林,-0.10687868628905073
1737,white,随机森林,-0.06738906162982816
1738,white,随机森林,-0.107998403571549
1739,white,随机森林,-0.08285248166196568
1740,white,随机森林,-0.08609982630552604
1741,white,随机森林,-0.06463132019987772
1742,white,随机森林,-0.07467337092739124
1743,white,随机森林,-0.10232418029224077
1744,white,随机森林,-0.039759670687225857
1745,white,随机森林,-0.10547154632812727
1746,white,随机森林,-0.07444774609166716
1747,white,随机森林,-0.07321851147619352
1748,white,随机森林,-0.10083966986052817
1749,white,随机森林,-0.11581857045878596
1750,white,随机森林,-0.1181485374788519
1751,white,随机森林,-0.07308807028799169
1752,white,随机森林,-0.10826598017132749
1753,white,随机森林,-0.0742325631482873
1754,white,随机森林,-0.07620617728965584
1755,white,随机森林,-0.08554842785013905
1756,white,随机森林,-0.10075951605538191
1757,white,随机森林,-0.07254353242549783
1758,white,随机森林,-0.07284131210386013
1759,white,随机森林,-0.10996912868094955
1760,white,随机森林,-0.11390329770913288
1761,white,随机森林,-0.056631459657741856
1762,white,随机森林,-0.06140931645759329
1763,white,随机森林,-0.09881753455812381
1764,white,随机森林,-0.10019327003069445
1765,white,随机森林,-0.10699599921036596
1766,white,随机森林,-0.08505226763498075
1767,white,随机森林,-0.08448139814045685
1768,white,随机森林,-0.06075591038840722
1769,white,随机森林,-0.10679533077677295
1770,white,随机森林,-0.105203707236459
1771,white,随机森林,-0.08734583528597883
1772,white,随机森林,-0.07652035835195015
1773,white,随机森林,-0.07814296250438746
1774,white,随机森林,-0.08732406416472838
1775,white,随机森林,-0.062308954561215435
1776,white,随机森林,-0.12466441863564803
1777,white,随机森林,-0.050988349130823396
1778,white,随机森林,-0.04938297672412861
1779,white,随机森林,-0.13922965793368947
1780,white,随机森林,-0.07343416632793853
1781,white,随机森林,-0.07063885151362992
1782,white,随机森林,-0.11383150350510196
1783,white,随机森林,-0.10644699204037311
1784,white,随机森林,-0.12197939751385423
1785,white,随机森林,-0.058082399868652046
1786,white,随机森林,-0.14149678054145143
1787,white,随机森林,-0.09211485639007222
1788,white,随机森林,-0.0949901498702117
1789,white,随机森林,-0.08580612326024983
1790,white,随机森林,-0.10493122000086419
1791,white,随机森林,-0.0855644383856059
1792,white,随机森林,-0.07935836865364221
1793,white,随机森林,-0.09823610231994873
1794,white,随机森林,-0.09247056629721784
1795,white,随机森林,-0.04206686819858885
1796,white,随机森林,-0.09594369365347988
1797,white,随机森林,-0.0533986905352255
1798,white,随机森林,-0.11062578299319725
1799,white,随机森林,-0.12021446027765137
1800,white,随机森林,-0.09609015816560362
1801,white,随机森林,-0.11634200776538983
1802,white,随机森林,-0.0985284041803447
1803,white,随机森林,-0.07180844986664392
1804,white,随机森林,-0.10312022353953365
1805,white,随机森林,-0.08902095066885074
1806,white,随机森林,-0.08612393942395302
1807,white,随机森林,-0.027642541345268667
1808,white,随机森林,-0.105238251736403
1809,white,随机森林,-0.0913386616594094
1810,white,随机森林,-0.07959374708177525
1811,white,随机森林,-0.08822800113794915
1812,white,随机森林,-0.06858066239061411
1813,white,随机森林,-0.11111933399500706
1814,white,随机森林,-0.14370060891347158
1815,white,随机森林,-0.0887400904817156
1816,white,随机森林,-0.09310729317219668
1817,white,随机森林,-0.10859404965108321
1818,white,随机森林,-0.1184431631719659
1819,white,随机森林,-0.07229486898313187
1820,white,随机森林,-0.10015460505099139
1821,white,随机森林,-0.10725022221840319
1822,white,随机森林,-0.06147770529881191
1823,white,随机森林,-0.13259803542914161
1824,white,随机森林,-0.09526686504536652
1825,white,随机森林,-0.10490503222417713
1826,white,随机森林,-0.07618535608300192
1827,white,随机森林,-0.08044275445695159
1828,white,随机森林,-0.08387468366512263
1829,white,随机森林,-0.09733662038070046
1830,white,随机森林,-0.08887769820440938
1831,white,随机森林,-0.1057761681358581
1832,white,随机森林,-0.08269668142513276
1833,white,随机森林,-0.1409210489597893
1834,white,随机森林,-0.028656079635948295
1835,white,随机森林,-0.05926767137188971
1836,white,随机森林,-0.0901522038119168
1837,white,随机森林,-0.10039482816551204
1838,white,随机森林,-0.10793701203289352
1839,white,随机森林,-0.09760018784694857
1840,white,随机森林,-0.10296466113201153
1841,white,随机森林,-0.08468022826673738
1842,white,随机森林,-0.07153464152055311
1843,white,随机森林,-0.10576318967697229
1844,white,随机森林,-0.08475319574749474
1845,white,随机森林,-0.07208150744494524
1846,white,随机森林,-0.09563796869471486
1847,white,随机森林,-0.09512999704298508
1848,white,随机森林,-0.09084664234744888
1849,white,随机森林,-0.08009483784398941
1850,white,随机森林,-0.07274469194281719
1851,white,随机森林,-0.11347050386922342
1852,white,随机森林,-0.06665834589992403
1853,white,随机森林,-0.06802830535535842
1854,white,随机森林,-0.10099573062119649
1855,white,随机森林,-0.07831796767806265
1856,white,随机森林,-0.10220807582669056
1857,white,随机森林,-0.08422401583352812
1858,white,随机森林,-0.06748798228173924
1859,white,随机森林,-0.08762128349636467
1860,white,随机森林,-0.07009911919484813
1861,white,随机森林,-0.12143218199734496
1862,white,随机森林,-0.07258141979387212
1863,white,随机森林,-0.053419807493135796
1864,white,随机森林,-0.07183181022078611
1865,white,随机森林,-0.10269537701243259
1866,white,随机森林,-0.047140447481134884
1867,white,随机森林,-0.09974119664324865
1868,white,随机森林,-0.04055371323761747
1869,white,随机森林,-0.11352268138823851
1870,white,随机森林,-0.09583412977079231
1871,white,随机森林,-0.1297704637021847
1872,white,随机森林,-0.08730966571686327
1873,white,随机森林,-0.10302329126746246
1874,white,随机森林,-0.09769450257454293
1875,white,随机森林,-0.05167924110636779
1876,white,随机森林,-0.10475894433105704
1877,white,随机森林,-0.10868445822340311
1878,white,随机森林,-0.09409719773640124
1879,white,随机森林,-0.08362879924429945
1880,white,随机森林,-0.04882998552100393
1881,white,随机森林,-0.0962161825381187
1882,white,随机森林,-0.06801682363014605
1883,white,随机森林,-0.09073181448500989
1884,white,随机森林,-0.08530052439378888
1885,white,随机森林,-0.09960828265789001
1886,white,随机森林,-0.0881977691271677
1887,white,随机森林,-0.06083261299826914
1888,white,随机森林,-0.10910516346114418
1889,white,随机森林,-0.13308659395973355
1890,white,随机森林,-0.07094766301173161
1891,white,随机森林,-0.09765787262036096
1892,white,随机森林,-0.07989038398605475
1893,white,随机森林,-0.08667794065239232
1894,white,随机森林,-0.12125957178431601
1895,white,随机森林,-0.0929687509770919
1896,white,随机森林,-0.08333030548288967
1897,white,随机森林,-0.06715322652704714
1898,white,随机森林,-0.07589240761921989
1899,white,随机森林,-0.09647336123600159
1900,white,随机森林,-0.09456800771472085
1901,white,随机森林,-0.08899560930673212
1902,white,随机森林,-0.08050105410947572
1903,white,随机森林,-0.08204376762660837
1904,white,随机森林,-0.08868347258109022
1905,white,随机森林,-0.09825064339321266
1906,white,随机森林,-0.07854784724279351
1907,white,随机森林,-0.051360075531672766
1908,white,随机森林,-0.09438389363484134
1909,white,随机森林,-0.06015480081273272
1910,white,随机森林,-0.09514777423992882
1911,white,随机森林,-0.10735756332707236
1912,white,随机森林,-0.11680542328358878
1913,white,随机森林,-0.08618872059470084
1914,white,随机森林,-0.0875954181389601
1915,white,随机森林,-0.10514140430907115
1916,white,随机森林,-0.12196678958120966
1917,white,随机森林,-0.10581649631119416
1918,white,随机森林,-0.054429591250780285
1919,white,随机森林,-0.08829143969243936
1920,white,随机森林,-0.08985779868936183
1921,white,随机森林,-0.10330075882307377
1922,white,随机森林,-0.09748667188270721
1923,white,随机森林,-0.07775664231718926
1924,white,随机森林,-0.10049743906962105
1925,white,随机森林,-0.07458533754705576
1926,white,随机森林,-0.04239225304015115
1927,white,随机森林,-0.07804436903499767
1928,white,随机森林,-0.06614845121626
1929,white,随机森林,-0.06683545660869694
1930,white,随机森林,-0.07015087410279297
1931,white,随机森林,-0.09487658379847164
1932,white,随机森林,-0.06057334695824146
1933,white,随机森林,-0.12617953801559967
1934,white,随机森林,-0.0956494297777859
1935,white,随机森林,-0.06848862715567117
1936,white,随机森林,-0.08279064486270293
1937,white,随机森林,-0.0880079030853389
1938,white,随机森林,-0.07930070251224419
1939,white,随机森林,-0.06415665339555932
1940,white,随机森林,-0.07350228860066321
1941,white,随机森林,-0.053129627250095735
1942,white,随机森林,-0.10282395454380222
1943,white,随机森林,-0.08370503131433071
1944,white,随机森林,-0.0749959996183911
1945,white,随机森林,-0.06647161986180317
1946,white,随机森林,-0.11833896962932544
1947,white,随机森林,-0.07595929509791466
1948,white,随机森林,-0.14434381864825507
1949,white,随机森林,-0.07989946239332268
1950,white,随机森林,-0.10587042489476062
1951,white,随机森林,-0.07320963962372906
1952,white,随机森林,-0.03820857367067332
1953,white,随机森林,-0.10177843825303201
1954,white,随机森林,-0.02134470909247521
1955,white,随机森林,-0.11123873936972983
1956,white,随机森林,-0.09247613473947824
1957,white,随机森林,-0.06189803269184102
1958,white,随机森林,-0.07777440326136209
1959,white,随机森林,-0.06611048116033769
1960,white,随机森林,-0.06380618659274662
1961,white,随机森林,-0.11254581139286923
1962,white,随机森林,-0.07965090086652538
1963,white,随机森林,-0.0652020985153473
1964,white,随机森林,-0.07558766257782534
1965,white,随机森林,-0.06382084179493863
1966,white,随机森林,-0.10229145705453357
1967,white,随机森林,-0.12095867382264058
1968,white,随机森林,-0.12860469787587325
1969,white,随机森林,-0.07114681292445435
1970,white,随机森林,-0.07758255233744615
1971,white,随机森林,-0.1074926485339115
1972,white,随机森林,-0.08333971889484937
1973,white,随机森林,-0.13850649785349733
1974,white,随机森林,-0.10709863096821404
1975,white,随机森林,-0.07311320923164577
1976,white,随机森林,-0.10195274779441388
1977,white,随机森林,-0.13068270269418192
1978,white,随机森林,-0.12766054804756222
1979,white,随机森林,-0.038653714348139356
1980,white,随机森林,-0.11349794653098699
1981,white,随机森林,-0.062088066010833276
1982,white,随机森林,-0.08368831732274795
1983,white,随机森林,-0.12934896581015642
1984,white,随机森林,-0.09565459548604016
1985,white,随机森林,-0.06609614611049586
1986,white,随机森林,-0.04654448932072186
1987,white,随机森林,-0.12340469403092968
1988,white,随机森林,-0.07247633391783759
1989,white,随机森林,-0.08783282438963669
1990,white,随机森林,-0.08910301081732097
1991,white,随机森林,-0.11692472298361711
1992,white,随机森林,-0.07976997602227531
1993,white,随机森林,-0.1066239186732939
1994,white,随机森林,-0.07808487195303404
1995,white,随机森林,-0.061995016130953706
1996,white,随机森林,-0.08753031207267992
1997,white,随机森林,-0.12794573452396218
1998,white,随机森林,-0.13251068870392768
1999,white,随机森林,-0.09720810951206971
