draw,wine,candidate,mae_minus_baseline
0,red,Ridge,-0.17831112578155972
1,red,Ridge,-0.12324475612447294
2,red,Ridge,-0.1984106075221806
3,red,Ridge,-0.13562348357893417
4,red,Ridge,-0.13617062613888042
5,red,Ridge,-0.2003899439886812
6,red,Ridge,-0.19196174346876477
7,red,Ridge,-0.17786779590474844
8,red,Ridge,-0.13511201386304295
9,red,Ridge,-0.12201568791609335
10,red,Ridge,-0.13115090049220235
11,red,Ridge,-0.15950804566705534
12,red,Ridge,-0.18610962790803864
13,red,Ridge,-0.23339470567690185
14,red,Ridge,-0.16620617375010105
15,red,Ridge,-0.2110552053824537
16,red,Ridge,-0.11348471426000994
17,red,Ridge,-0.15716722483738377
18,red,Ridge,-0.18883111933007923
19,red,Ridge,-0.1656125468690054
20,red,Ridge,-0.14336639384670347
21,red,Ridge,-0.21596628884875285
22,red,Ridge,-0.15726733058043063
23,red,Ridge,-0.20464316701744417
24,red,Ridge,-0.14415022873282668
25,red,Ridge,-0.09517837497852666
26,red,Ridge,-0.18425070815939404
27,red,Ridge,-0.14155782049664034
28,red,Ridge,-0.23283511987937805
29,red,Ridge,-0.16450137881838522
30,red,Ridge,-0.1485376966543881
31,red,Ridge,-0.2242284807565671
32,red,Ridge,-0.08621400163470394
33,red,Ridge,-0.1887201407000545
34,red,Ridge,-0.2307509627624144
35,red,Ridge,-0.21330659369787675
36,red,Ridge,-0.12241638496507978
37,red,Ridge,-0.1274913687320488
38,red,Ridge,-0.21062732471611234
39,red,Ridge,-0.17646225670154192
40,red,Ridge,-0.24706928265614864
41,red,Ridge,-0.13481251655182064
42,red,Ridge,-0.19621231991569033
43,red,Ridge,-0.18670520717195815
44,red,Ridge,-0.1585305737961895
45,red,Ridge,-0.15247139590955655
46,red,Ridge,-0.17018715599700818
47,red,Ridge,-0.1894258538455963
48,red,Ridge,-0.2057919037899104
49,red,Ridge,-0.26359416124143714
50,red,Ridge,-0.17230650135852543
51,red,Ridge,-0.15520205281883281
52,red,Ridge,-0.1620607454353501
53,red,Ridge,-0.1534182047391609
54,red,Ridge,-0.17086005293494
55,red,Ridge,-0.1828344037556685
56,red,Ridge,-0.2180274341776398
57,red,Ridge,-0.16201717207335986
58,red,Ridge,-0.20525030520422471
59,red,Ridge,-0.15896278335636205
60,red,Ridge,-0.11706699557940692
61,red,Ridge,-0.1448141363776091
62,red,Ridge,-0.17352589055352363
63,red,Ridge,-0.19449649876003117
64,red,Ridge,-0.1459366556145194
65,red,Ridge,-0.18307817579993696
66,red,Ridge,-0.18478400286411478
67,red,Ridge,-0.2233299638539774
68,red,Ridge,-0.14435723766784814
69,red,Ridge,-0.15959672747740472
70,red,Ridge,-0.22494665822958015
71,red,Ridge,-0.1588570560709447
72,red,Ridge,-0.23206123371990206
73,red,Ridge,-0.17783402350461164
74,red,Ridge,-0.16357022109440378
75,red,Ridge,-0.16585012888845702
76,red,Ridge,-0.2030029565731684
77,red,Ridge,-0.1577630368146108
78,red,Ridge,-0.1500687342017426
79,red,Ridge,-0.1966480319761802
80,red,Ridge,-0.18614864130057607
81,red,Ridge,-0.1182963536499565
82,red,Ridge,-0.1875041805723267
83,red,Ridge,-0.21385954054011563
84,red,Ridge,-0.22207094979455771
85,red,Ridge,-0.17857655405356032
86,red,Ridge,-0.17865572498278048
87,red,Ridge,-0.18622837259898561
88,red,Ridge,-0.25114548290964334
89,red,Ridge,-0.1828691308737922
90,red,Ridge,-0.1806100747067496
91,red,Ridge,-0.2271909114912768
92,red,Ridge,-0.13695799884439386
93,red,Ridge,-0.17071345548872352
94,red,Ridge,-0.18660172493258764
95,red,Ridge,-0.1804492420348393
96,red,Ridge,-0.13843581256334203
97,red,Ridge,-0.17231136810202113
98,red,Ridge,-0.17639626470166314
99,red,Ridge,-0.19598005302918325
100,red,Ridge,-0.21952430250244148
101,red,Ridge,-0.14490473519865632
102,red,Ridge,-0.17236718608708979
103,red,Ridge,-0.13468861249836295
104,red,Ridge,-0.18439540428628387
105,red,Ridge,-0.12943188724308552
106,red,Ridge,-0.16121694918020413
107,red,Ridge,-0.20224381282902504
108,red,Ridge,-0.1335702657519976
109,red,Ridge,-0.16101074962761264
110,red,Ridge,-0.16893078765532255
111,red,Ridge,-0.22456382005520664
112,red,Ridge,-0.21007179308858215
113,red,Ridge,-0.19736224418374881
114,red,Ridge,-0.17915451649540498
115,red,Ridge,-0.18628917572233178
116,red,Ridge,-0.14807539676975
117,red,Ridge,-0.2279744851457779
118,red,Ridge,-0.1642444269683303
119,red,Ridge,-0.20746388559747264
120,red,Ridge,-0.07840114458210645
121,red,Ridge,-0.19883653784787236
122,red,Ridge,-0.14379500273542767
123,red,Ridge,-0.1502338436175112
124,red,Ridge,-0.23481822845850941
125,red,Ridge,-0.07127962683577616
126,red,Ridge,-0.14592276216016176
127,red,Ridge,-0.19878233447068355
128,red,Ridge,-0.15237813784223903
129,red,Ridge,-0.15031874844506854
130,red,Ridge,-0.1984169715839741
131,red,Ridge,-0.15540622924122144
132,red,Ridge,-0.14213391722582225
133,red,Ridge,-0.17120340151772606
134,red,Ridge,-0.1619394319958556
135,red,Ridge,-0.1510136988731543
136,red,Ridge,-0.18154335469220007
137,red,Ridge,-0.21345408714967473
138,red,Ridge,-0.16969237251920533
139,red,Ridge,-0.14551893640509939
140,red,Ridge,-0.12652602394516155
141,red,Ridge,-0.19921576194929996
142,red,Ridge,-0.20770291677626596
143,red,Ridge,-0.13390939916643807
144,red,Ridge,-0.228618434025317
145,red,Ridge,-0.07763266911376909
146,red,Ridge,-0.19214110244521343
147,red,Ridge,-0.17535352345334287
148,red,Ridge,-0.1998091406953204
149,red,Ridge,-0.14998954361521644
150,red,Ridge,-0.18992734416299928
151,red,Ridge,-0.14767715204228837
152,red,Ridge,-0.16564997452546126
153,red,Ridge,-0.1576328457825198
154,red,Ridge,-0.1325245191875829
155,red,Ridge,-0.07025278776627808
156,red,Ridge,-0.19976657721538338
157,red,Ridge,-0.14957533871788287
158,red,Ridge,-0.1640582588074565
159,red,Ridge,-0.18498888100539596
160,red,Ridge,-0.18168010887827596
161,red,Ridge,-0.2398171715278657
162,red,Ridge,-0.2418219363784247
163,red,Ridge,-0.1945893509454445
164,red,Ridge,-0.1357242651364028
165,red,Ridge,-0.2354606626091728
166,red,Ridge,-0.12060768649558973
167,red,Ridge,-0.16478750143411414
168,red,Ridge,-0.12175166957463873
169,red,Ridge,-0.1433579178803765
170,red,Ridge,-0.1471894223985718
171,red,Ridge,-0.18578049941914454
172,red,Ridge,-0.10079252669342653
173,red,Ridge,-0.1369563859784142
174,red,Ridge,-0.2334752305855387
175,red,Ridge,-0.19914588051792825
176,red,Ridge,-0.2014866073043814
177,red,Ridge,-0.14607094861550346
178,red,Ridge,-0.26449333714189976
179,red,Ridge,-0.23750740109867424
180,red,Ridge,-0.18990970292755127
181,red,Ridge,-0.12478249862076296
182,red,Ridge,-0.1667412546188523
183,red,Ridge,-0.11814866471703112
184,red,Ridge,-0.21812271781515336
185,red,Ridge,-0.15962985120612772
186,red,Ridge,-0.1706989251621931
187,red,Ridge,-0.1767603464859121
188,red,Ridge,-0.21967649463508043
189,red,Ridge,-0.22230958333094708
190,red,Ridge,-0.15285435479257603
191,red,Ridge,-0.19303682939726968
192,red,Ridge,-0.16755583291189546
193,red,Ridge,-0.1952522013464233
194,red,Ridge,-0.15621655933302664
195,red,Ridge,-0.15535139948564425
196,red,Ridge,-0.1479688667786495
197,red,Ridge,-0.2324801035748153
198,red,Ridge,-0.130004391717508
199,red,Ridge,-0.16690362995408126
200,red,Ridge,-0.213571489266572
201,red,Ridge,-0.13251903986491986
202,red,Ridge,-0.16768077101107337
203,red,Ridge,-0.26609596011606296
204,red,Ridge,-0.20948320929693354
205,red,Ridge,-0.22093250373735407
206,red,Ridge,-0.1482895916523409
207,red,Ridge,-0.18923948828483167
208,red,Ridge,-0.16472303216511786
209,red,Ridge,-0.18729143018890926
210,red,Ridge,-0.16149894162684197
211,red,Ridge,-0.1872774270030133
212,red,Ridge,-0.13693586315663175
213,red,Ridge,-0.16386947113030892
214,red,Ridge,-0.12993459216375725
215,red,Ridge,-0.12288927389427284
216,red,Ridge,-0.1341704733381055
217,red,Ridge,-0.1476190647698764
218,red,Ridge,-0.18168291480629128
219,red,Ridge,-0.22264652968936344
220,red,Ridge,-0.1415252102721345
221,red,Ridge,-0.21957512917459432
222,red,Ridge,-0.2534624668115595
223,red,Ridge,-0.18897601423442056
224,red,Ridge,-0.1819842396638437
225,red,Ridge,-0.12559132246721533
226,red,Ridge,-0.19278313606211672
227,red,Ridge,-0.1771822293120564
228,red,Ridge,-0.2015074623103249
229,red,Ridge,-0.2150393751479367
230,red,Ridge,-0.19240915020695615
231,red,Ridge,-0.2113649505213016
232,red,Ridge,-0.13130650823834455
233,red,Ridge,-0.09278156923131453
234,red,Ridge,-0.1815891343725281
235,red,Ridge,-0.216846138112599
236,red,Ridge,-0.20125154954974223
237,red,Ridge,-0.22272870641025788
238,red,Ridge,-0.15398343403902126
239,red,Ridge,-0.1970675318253577
240,red,Ridge,-0.1943003665179135
241,red,Ridge,-0.26178799927458946
242,red,Ridge,-0.208276590187779
243,red,Ridge,-0.23247820670001335
244,red,Ridge,-0.23086970209702162
245,red,Ridge,-0.2126776221448144
246,red,Ridge,-0.15783705527249892
247,red,Ridge,-0.2378972864988526
248,red,Ridge,-0.16282817615662126
249,red,Ridge,-0.2088851086994965
250,red,Ridge,-0.20715260072706926
251,red,Ridge,-0.19321032944315764
252,red,Ridge,-0.17757860660175545
253,red,Ridge,-0.1558633658594133
254,red,Ridge,-0.11499197130555427
255,red,Ridge,-0.2508960220750345
256,red,Ridge,-0.13943616585302387
257,red,Ridge,-0.20577961411437706
258,red,Ridge,-0.21276424655561843
259,red,Ridge,-0.23617561943121912
260,red,Ridge,-0.17865077198764512
261,red,Ridge,-0.20470195951044878
262,red,Ridge,-0.13585409743063515
263,red,Ridge,-0.1636302766135277
264,red,Ridge,-0.1834190115363804
265,red,Ridge,-0.1695019795861163
266,red,Ridge,-0.17069914394208308
267,red,Ridge,-0.09036582406574867
268,red,Ridge,-0.23002736141864533
269,red,Ridge,-0.17394217452062988
270,red,Ridge,-0.1677534654876729
271,red,Ridge,-0.21709359284141194
272,red,Ridge,-0.18207754335787285
273,red,Ridge,-0.17045464169976354
274,red,Ridge,-0.17078777291344838
275,red,Ridge,-0.21082382624955565
276,red,Ridge,-0.16195302019704877
277,red,Ridge,-0.15062055481282266
278,red,Ridge,-0.24165715226158885
279,red,Ridge,-0.1792595960357971
280,red,Ridge,-0.15248514018293036
281,red,Ridge,-0.16157271399692574
282,red,Ridge,-0.2417612314941477
283,red,Ridge,-0.19612953792159776
284,red,Ridge,-0.19468907784190148
285,red,Ridge,-0.15451782925434598
286,red,Ridge,-0.1857185077568777
287,red,Ridge,-0.10479540022890355
288,red,Ridge,-0.20224121235370596
289,red,Ridge,-0.10364096425194202
290,red,Ridge,-0.17253956115955482
291,red,Ridge,-0.1889827138107224
292,red,Ridge,-0.16765019231048495
293,red,Ridge,-0.12212351924489118
294,red,Ridge,-0.1897179335515497
295,red,Ridge,-0.1392434168831616
296,red,Ridge,-0.22131005456967145
297,red,Ridge,-0.18120206397752492
298,red,Ridge,-0.19787711119618656
299,red,Ridge,-0.12076214290409981
300,red,Ridge,-0.20550044367921966
301,red,Ridge,-0.16528587512093973
302,red,Ridge,-0.20666849391804742
303,red,Ridge,-0.15905624831962406
304,red,Ridge,-0.12171564459175388
305,red,Ridge,-0.112885763414586
306,red,Ridge,-0.20177718578724013
307,red,Ridge,-0.16154653061512086
308,red,Ridge,-0.145436728508612
309,red,Ridge,-0.1293234239300779
310,red,Ridge,-0.21557404994555107
311,red,Ridge,-0.12814192617930226
312,red,Ridge,-0.2136219188992053
313,red,Ridge,-0.16378328658771835
314,red,Ridge,-0.21727984527966226
315,red,Ridge,-0.21147823696467766
316,red,Ridge,-0.18507719991935356
317,red,Ridge,-0.18987274600629234
318,red,Ridge,-0.17336348748545438
319,red,Ridge,-0.21866350541452217
320,red,Ridge,-0.1746585343086125
321,red,Ridge,-0.2134610254690752
322,red,Ridge,-0.20652826611740316
323,red,Ridge,-0.3028351252802119
324,red,Ridge,-0.17119858939207455
325,red,Ridge,-0.25463608562401596
326,red,Ridge,-0.1964701104671911
327,red,Ridge,-0.2306548775373562
328,red,Ridge,-0.1833691309224288
329,red,Ridge,-0.20598529273475802
330,red,Ridge,-0.1826546778919158
331,red,Ridge,-0.2021452653604902
332,red,Ridge,-0.15531392089689855
333,red,Ridge,-0.158054879648441
334,red,Ridge,-0.22329688306060858
335,red,Ridge,-0.16191444533948396
336,red,Ridge,-0.22439270255575983
337,red,Ridge,-0.15009164191637625
338,red,Ridge,-0.23117081898944214
339,red,Ridge,-0.1589651145895027
340,red,Ridge,-0.10846793695119461
341,red,Ridge,-0.21873357727246412
342,red,Ridge,-0.22300826559636355
343,red,Ridge,-0.21689511476624318
344,red,Ridge,-0.20157666554414577
345,red,Ridge,-0.10446770246798398
346,red,Ridge,-0.18422752470357828
347,red,Ridge,-0.16176127123430684
348,red,Ridge,-0.19388903034074656
349,red,Ridge,-0.1644707273013395
350,red,Ridge,-0.1771405355882295
351,red,Ridge,-0.21232896489461028
352,red,Ridge,-0.036105055368417016
353,red,Ridge,-0.1623919824064855
354,red,Ridge,-0.15716183139722673
355,red,Ridge,-0.1869211081863923
356,red,Ridge,-0.26448647389782187
357,red,Ridge,-0.1462081249518663
358,red,Ridge,-0.15877522105690578
359,red,Ridge,-0.18095929982147474
360,red,Ridge,-0.14993441155507026
361,red,Ridge,-0.18503988445444386
362,red,Ridge,-0.20293386013579762
363,red,Ridge,-0.1297980913508915
364,red,Ridge,-0.11517663892110264
365,red,Ridge,-0.18178404039247992
366,red,Ridge,-0.17863522103238427
367,red,Ridge,-0.23848335322711922
368,red,Ridge,-0.1925376420930106
369,red,Ridge,-0.12527730694536976
370,red,Ridge,-0.1663257294749539
371,red,Ridge,-0.16617396195907386
372,red,Ridge,-0.21293387901722177
373,red,Ridge,-0.14511940752123864
374,red,Ridge,-0.17054742431452202
375,red,Ridge,-0.22740479945203262
376,red,Ridge,-0.16621531559399938
377,red,Ridge,-0.19002859178832876
378,red,Ridge,-0.1461718965370572
379,red,Ridge,-0.09278958160845918
380,red,Ridge,-0.19538202369435614
381,red,Ridge,-0.17888521369237748
382,red,Ridge,-0.15874664579314823
383,red,Ridge,-0.13233477680769645
384,red,Ridge,-0.1632923290404602
385,red,Ridge,-0.10387868607008288
386,red,Ridge,-0.21502643817678063
387,red,Ridge,-0.1604645447392627
388,red,Ridge,-0.1490318320843098
389,red,Ridge,-0.22402352438601547
390,red,Ridge,-0.18898554729504924
391,red,Ridge,-0.17341277308774927
392,red,Ridge,-0.094716983592122
393,red,Ridge,-0.20844427904914642
394,red,Ridge,-0.14914240197588235
395,red,Ridge,-0.12931303536117467
396,red,Ridge,-0.1675044442969661
397,red,Ridge,-0.1805261982434473
398,red,Ridge,-0.14505455939192996
399,red,Ridge,-0.19177283833469705
400,red,Ridge,-0.14483494129808516
401,red,Ridge,-0.14536094782884412
402,red,Ridge,-0.1573769191987392
403,red,Ridge,-0.2109426260462275
404,red,Ridge,-0.23558991944882596
405,red,Ridge,-0.20337755734214136
406,red,Ridge,-0.15694843960125487
407,red,Ridge,-0.16025127450059706
408,red,Ridge,-0.20087477245128504
409,red,Ridge,-0.18633580314533393
410,red,Ridge,-0.12522857208571803
411,red,Ridge,-0.14733141923576776
412,red,Ridge,-0.14092977621642333
413,red,Ridge,-0.16817840242690096
414,red,Ridge,-0.22219247320033053
415,red,Ridge,-0.15763710873373338
416,red,Ridge,-0.09687419473375336
417,red,Ridge,-0.14269793834079125
418,red,Ridge,-0.19271795456835294
419,red,Ridge,-0.1163501691760721
420,red,Ridge,-0.24200400230714886
421,red,Ridge,-0.1402020127362093
422,red,Ridge,-0.07204639561009873
423,red,Ridge,-0.16073009931509036
424,red,Ridge,-0.24032437124014028
425,red,Ridge,-0.22539735750605439
426,red,Ridge,-0.22122772335939184
427,red,Ridge,-0.1668802811121874
428,red,Ridge,-0.1843973259250008
429,red,Ridge,-0.14528634386519956
430,red,Ridge,-0.1630375474825443
431,red,Ridge,-0.22794654702838973
432,red,Ridge,-0.18792680437527798
433,red,Ridge,-0.14798450427618748
434,red,Ridge,-0.19645052204943525
435,red,Ridge,-0.1308225784396796
436,red,Ridge,-0.14612168687810878
437,red,Ridge,-0.0830958893441962
438,red,Ridge,-0.19235191584002603
439,red,Ridge,-0.19803723124253325
440,red,Ridge,-0.17128646389832858
441,red,Ridge,-0.18085180292921932
442,red,Ridge,-0.1617673924184626
443,red,Ridge,-0.13137539217089178
444,red,Ridge,-0.10905980241007496
445,red,Ridge,-0.16517069277214447
446,red,Ridge,-0.2546912738744766
447,red,Ridge,-0.15448528500334835
448,red,Ridge,-0.08477466330410366
449,red,Ridge,-0.16043900908145475
450,red,Ridge,-0.19618983061663514
451,red,Ridge,-0.21989302233709157
452,red,Ridge,-0.15240942022029358
453,red,Ridge,-0.19054544528768969
454,red,Ridge,-0.1347155843280714
455,red,Ridge,-0.13018956777557555
456,red,Ridge,-0.16298597372808432
457,red,Ridge,-0.21753768807852303
458,red,Ridge,-0.18600126321227395
459,red,Ridge,-0.18785904551558474
460,red,Ridge,-0.21133136130650765
461,red,Ridge,-0.08945288130468843
462,red,Ridge,-0.1701905254617928
463,red,Ridge,-0.18904719269782277
464,red,Ridge,-0.09538381118204886
465,red,Ridge,-0.1755162276088405
466,red,Ridge,-0.1705011775407892
467,red,Ridge,-0.20911277906294135
468,red,Ridge,-0.1427833352478456
469,red,Ridge,-0.17277634411090292
470,red,Ridge,-0.13198649593442013
471,red,Ridge,-0.2355984935812966
472,red,Ridge,-0.20682633109592696
473,red,Ridge,-0.15013976933402468
474,red,Ridge,-0.22149793107312699
475,red,Ridge,-0.1922294617113655
476,red,Ridge,-0.17749876111446328
477,red,Ridge,-0.1720478941219955
478,red,Ridge,-0.14162607292938112
479,red,Ridge,-0.17312689179675333
480,red,Ridge,-0.19409713996887457
481,red,Ridge,-0.17830827102148905
482,red,Ridge,-0.22962225310549844
483,red,Ridge,-0.24332859737066853
484,red,Ridge,-0.16571622829826033
485,red,Ridge,-0.20942420711603904
486,red,Ridge,-0.18878180844315984
487,red,Ridge,-0.13556296598899198
488,red,Ridge,-0.19143668694613336
489,red,Ridge,-0.1614697231833539
490,red,Ridge,-0.17774057595693515
491,red,Ridge,-0.18269066020689884
492,red,Ridge,-0.20769622885992023
493,red,Ridge,-0.11960988127725491
494,red,Ridge,-0.09162660085934426
495,red,Ridge,-0.16454475678935232
496,red,Ridge,-0.1851645417850724
497,red,Ridge,-0.17332587382629833
498,red,Ridge,-0.19640128538207696
499,red,Ridge,-0.16249756004740146
500,red,Ridge,-0.1781906780556054
501,red,Ridge,-0.1448383879292614
502,red,Ridge,-0.2212961144044856
503,red,Ridge,-0.24596218825775656
504,red,Ridge,-0.146176508333832
505,red,Ridge,-0.1492599012913498
506,red,Ridge,-0.18229916659207512
507,red,Ridge,-0.27769358094462737
508,red,Ridge,-0.15619094110707643
509,red,Ridge,-0.14536903024273717
510,red,Ridge,-0.235689524156091
511,red,Ridge,-0.18103997046274256
512,red,Ridge,-0.21605755805670618
513,red,Ridge,-0.18262486196090022
514,red,Ridge,-0.16584241686244772
515,red,Ridge,-0.13762141132694306
516,red,Ridge,-0.19105341737267356
517,red,Ridge,-0.16067309294688237
518,red,Ridge,-0.14906689860191236
519,red,Ridge,-0.17404361925659884
520,red,Ridge,-0.20536028971775366
521,red,Ridge,-0.2519197639091303
522,red,Ridge,-0.15594287007039243
523,red,Ridge,-0.18224219910999367
524,red,Ridge,-0.16641753695059391
525,red,Ridge,-0.23213473041630062
526,red,Ridge,-0.12541840421340822
527,red,Ridge,-0.18020133747656186
528,red,Ridge,-0.18518027974079238
529,red,Ridge,-0.13439239613101095
530,red,Ridge,-0.23465947837812062
531,red,Ridge,-0.14890827042617538
532,red,Ridge,-0.2112888680637781
533,red,Ridge,-0.18253058861840243
534,red,Ridge,-0.1490888040274586
535,red,Ridge,-0.17122252040723784
536,red,Ridge,-0.22318741125924135
537,red,Ridge,-0.1891376104112722
538,red,Ridge,-0.17681746258368752
539,red,Ridge,-0.17105392165160005
540,red,Ridge,-0.16194923259322058
541,red,Ridge,-0.2388600143553251
542,red,Ridge,-0.18102528399182144
543,red,Ridge,-0.20908117910957502
544,red,Ridge,-0.13001102633620498
545,red,Ridge,-0.24103769290433763
546,red,Ridge,-0.18989719467432697
547,red,Ridge,-0.21973132501717957
548,red,Ridge,-0.11182168046341046
549,red,Ridge,-0.21718620313958914
550,red,Ridge,-0.1502686377668876
551,red,Ridge,-0.12218649151649186
552,red,Ridge,-0.18159892368684705
553,red,Ridge,-0.1505216051901157
554,red,Ridge,-0.16661224494916793
555,red,Ridge,-0.18995799182432493
556,red,Ridge,-0.1261900467953656
557,red,Ridge,-0.1361407125123456
558,red,Ridge,-0.16410256847382154
559,red,Ridge,-0.24093364547121165
560,red,Ridge,-0.13732698042679126
561,red,Ridge,-0.23567778243580573
562,red,Ridge,-0.18421194713491396
563,red,Ridge,-0.1981057476712602
564,red,Ridge,-0.24894785337850045
565,red,Ridge,-0.14891242039516256
566,red,Ridge,-0.18023546262502643
567,red,Ridge,-0.16184381736486175
568,red,Ridge,-0.13190770716113365
569,red,Ridge,-0.13618222704803795
570,red,Ridge,-0.20248900631551625
571,red,Ridge,-0.1291177507600727
572,red,Ridge,-0.15935657820401883
573,red,Ridge,-0.12359863035696195
574,red,Ridge,-0.13934539067501506
575,red,Ridge,-0.22713669527993186
576,red,Ridge,-0.2097655377076063
577,red,Ridge,-0.19653941170841138
578,red,Ridge,-0.13076237697454418
579,red,Ridge,-0.20572542395485338
580,red,Ridge,-0.19769999908734537
581,red,Ridge,-0.19384923214589228
582,red,Ridge,-0.15039261741237275
583,red,Ridge,-0.19000216058716707
584,red,Ridge,-0.22108032544721856
585,red,Ridge,-0.19762347146554637
586,red,Ridge,-0.1431007925609984
587,red,Ridge,-0.15917579292331796
588,red,Ridge,-0.16580551381835762
589,red,Ridge,-0.11187326754187665
590,red,Ridge,-0.17263551333798866
591,red,Ridge,-0.18749131539540975
592,red,Ridge,-0.18898836954781167
593,red,Ridge,-0.13290291277967875
594,red,Ridge,-0.11363721589411357
595,red,Ridge,-0.22061179474867987
596,red,Ridge,-0.18792960738643227
597,red,Ridge,-0.19201649519441094
598,red,Ridge,-0.20374111562397546
599,red,Ridge,-0.14882997651761987
600,red,Ridge,-0.14581248851224526
601,red,Ridge,-0.1260426732272273
602,red,Ridge,-0.20239655369439113
603,red,Ridge,-0.1691198053994133
604,red,Ridge,-0.131135325612601
605,red,Ridge,-0.1897702347444874
606,red,Ridge,-0.18231140431992965
607,red,Ridge,-0.183089002951283
608,red,Ridge,-0.13509916098920083
609,red,Ridge,-0.19602994833561865
610,red,Ridge,-0.12954598586383947
611,red,Ridge,-0.23604603715942435
612,red,Ridge,-0.1904564016756406
613,red,Ridge,-0.17247274737931118
614,red,Ridge,-0.20138167668570894
615,red,Ridge,-0.13518240283781857
616,red,Ridge,-0.17930750801394646
617,red,Ridge,-0.1392380256961715
618,red,Ridge,-0.12415295980333907
619,red,Ridge,-0.20251370040021177
620,red,Ridge,-0.15394703599876924
621,red,Ridge,-0.18715006724110872
622,red,Ridge,-0.14125311469725144
623,red,Ridge,-0.12634072150135428
624,red,Ridge,-0.15315825127869642
625,red,Ridge,-0.14901187246471936
626,red,Ridge,-0.13789176130499664
627,red,Ridge,-0.1063068509809364
628,red,Ridge,-0.20461535573190992
629,red,Ridge,-0.17621090817790386
630,red,Ridge,-0.10232341996065386
631,red,Ridge,-0.1770567581218253
632,red,Ridge,-0.15078659503778535
633,red,Ridge,-0.16569048467756398
634,red,Ridge,-0.23608444394993994
635,red,Ridge,-0.16461121964533187
636,red,Ridge,-0.12634718714940357
637,red,Ridge,-0.18404388520328352
638,red,Ridge,-0.11899213913702555
639,red,Ridge,-0.228193474232203
640,red,Ridge,-0.12542789970222
641,red,Ridge,-0.18396469418477457
642,red,Ridge,-0.17023375000813484
643,red,Ridge,-0.1755688006624868
644,red,Ridge,-0.22010998556484285
645,red,Ridge,-0.14979496577153267
646,red,Ridge,-0.22003705894518144
647,red,Ridge,-0.20006242583403944
648,red,Ridge,-0.21547741623093097
649,red,Ridge,-0.1979338474615303
650,red,Ridge,-0.19605844284579255
651,red,Ridge,-0.17662612245800668
652,red,Ridge,-0.16573706938947608
653,red,Ridge,-0.16027698072449958
654,red,Ridge,-0.15308303231600096
655,red,Ridge,-0.1827992214979739
656,red,Ridge,-0.1563232458245195
657,red,Ridge,-0.1668559533910292
658,red,Ridge,-0.18163193624941065
659,red,Ridge,-0.1263693082762739
660,red,Ridge,-0.18500701683526333
661,red,Ridge,-0.19433701886080534
662,red,Ridge,-0.21369479557458876
663,red,Ridge,-0.14102603344598819
664,red,Ridge,-0.17917899969575146
665,red,Ridge,-0.27370012271046157
666,red,Ridge,-0.15738278047775256
667,red,Ridge,-0.18328188886665908
668,red,Ridge,-0.1488517061536655
669,red,Ridge,-0.12359754565765901
670,red,Ridge,-0.23610787031527042
671,red,Ridge,-0.18018452595951717
672,red,Ridge,-0.14508864550716305
673,red,Ridge,-0.15330850660787476
674,red,Ridge,-0.13081598115422588
675,red,Ridge,-0.2271504509089669
676,red,Ridge,-0.20213195647195692
677,red,Ridge,-0.1447293776988583
678,red,Ridge,-0.1540172190604815
679,red,Ridge,-0.22006449343088375
680,red,Ridge,-0.12446334597524722
681,red,Ridge,-0.18646374877458716
682,red,Ridge,-0.2154195577673047
683,red,Ridge,-0.08394976115106034
684,red,Ridge,-0.13407781098080107
685,red,Ridge,-0.1443741104122313
686,red,Ridge,-0.18431690657154848
687,red,Ridge,-0.18382529246179685
688,red,Ridge,-0.16119088420055394
689,red,Ridge,-0.2531232321058953
690,red,Ridge,-0.2765043516977681
691,red,Ridge,-0.19323261294700234
692,red,Ridge,-0.16055312008082012
693,red,Ridge,-0.19583452335124152
694,red,Ridge,-0.20129831841300794
695,red,Ridge,-0.12187884673929006
696,red,Ridge,-0.19848390072530442
697,red,Ridge,-0.21481563089600975
698,red,Ridge,-0.19436233941000924
699,red,Ridge,-0.22578730398570712
700,red,Ridge,-0.1755396813285528
701,red,Ridge,-0.15627149003450136
702,red,Ridge,-0.19391604462395678
703,red,Ridge,-0.24765566318024523
704,red,Ridge,-0.15939779304999735
705,red,Ridge,-0.11244560510174306
706,red,Ridge,-0.09387962441733166
707,red,Ridge,-0.1622260013287452
708,red,Ridge,-0.1616074744071036
709,red,Ridge,-0.20613843049298813
710,red,Ridge,-0.19772412782762738
711,red,Ridge,-0.15340697803537107
712,red,Ridge,-0.10403725260669916
713,red,Ridge,-0.18245679640254553
714,red,Ridge,-0.17525812861153733
715,red,Ridge,-0.16697931407913602
716,red,Ridge,-0.22714941676225225
717,red,Ridge,-0.13017426406939347
718,red,Ridge,-0.1895413462868284
719,red,Ridge,-0.19459321090819032
720,red,Ridge,-0.17244191312815443
721,red,Ridge,-0.06622107289621049
722,red,Ridge,-0.21574705934527172
723,red,Ridge,-0.18025588764524114
724,red,Ridge,-0.17138423996320384
725,red,Ridge,-0.12311333150789061
726,red,Ridge,-0.2589130744901722
727,red,Ridge,-0.12770881628438624
728,red,Ridge,-0.17092562640810915
729,red,Ridge,-0.15612950341526244
730,red,Ridge,-0.19174840309163954
731,red,Ridge,-0.09055353665992838
732,red,Ridge,-0.16298848269086041
733,red,Ridge,-0.18385941533973993
734,red,Ridge,-0.16061029740342825
735,red,Ridge,-0.14948536685301517
736,red,Ridge,-0.1137644439227079
737,red,Ridge,-0.17840557079164238
738,red,Ridge,-0.16781753382288167
739,red,Ridge,-0.15110843152314657
740,red,Ridge,-0.21741248010231534
741,red,Ridge,-0.07393061615523794
742,red,Ridge,-0.20111999092235888
743,red,Ridge,-0.18198161669903967
744,red,Ridge,-0.1590667843828364
745,red,Ridge,-0.16535968387760713
746,red,Ridge,-0.1415319539329264
747,red,Ridge,-0.2450695356609061
748,red,Ridge,-0.19343998592249423
749,red,Ridge,-0.13207739959388198
750,red,Ridge,-0.1683134158434883
751,red,Ridge,-0.1281720208058465
752,red,Ridge,-0.20181503763474296
753,red,Ridge,-0.18308852123624353
754,red,Ridge,-0.2086018691237838
755,red,Ridge,-0.20797289800084917
756,red,Ridge,-0.1867069996737986
757,red,Ridge,-0.19097383350968733
758,red,Ridge,-0.2346203466100517
759,red,Ridge,-0.1155519408963549
760,red,Ridge,-0.27316283075252984
761,red,Ridge,-0.12657694482911686
762,red,Ridge,-0.18442465345304737
763,red,Ridge,-0.24464121898199692
764,red,Ridge,-0.20413585421602798
765,red,Ridge,-0.2021846124166078
766,red,Ridge,-0.25841168800786873
767,red,Ridge,-0.17601872400858343
768,red,Ridge,-0.18895400491592573
769,red,Ridge,-0.15465416901336854
770,red,Ridge,-0.13845345029847334
771,red,Ridge,-0.12848754537562523
772,red,Ridge,-0.15665716514493377
773,red,Ridge,-0.13201767340254655
774,red,Ridge,-0.18039481097573667
775,red,Ridge,-0.21337399786885525
776,red,Ridge,-0.1923863102129666
777,red,Ridge,-0.18388295651084557
778,red,Ridge,-0.20802388080871526
779,red,Ridge,-0.18735113331633713
780,red,Ridge,-0.16225065356355406
781,red,Ridge,-0.17736501316253284
782,red,Ridge,-0.1683135205093711
783,red,Ridge,-0.23419492839900813
784,red,Ridge,-0.12818372423493674
785,red,Ridge,-0.1651771082442185
786,red,Ridge,-0.1271420708174339
787,red,Ridge,-0.17726129787690859
788,red,Ridge,-0.10718733326301388
789,red,Ridge,-0.2084408743022711
790,red,Ridge,-0.2008309891330643
791,red,Ridge,-0.12892091667887184
792,red,Ridge,-0.14437175032282923
793,red,Ridge,-0.1348262867030564
794,red,Ridge,-0.14725281824037378
795,red,Ridge,-0.24730079893013113
796,red,Ridge,-0.13692367763796398
797,red,Ridge,-0.227616758455373
798,red,Ridge,-0.13869132455169275
799,red,Ridge,-0.12761207977414368
800,red,Ridge,-0.27125038022821957
801,red,Ridge,-0.13677698783431003
802,red,Ridge,-0.21555157240038914
803,red,Ridge,-0.21004318664262422
804,red,Ridge,-0.12254290644077848
805,red,Ridge,-0.2092462175499819
806,red,Ridge,-0.130962082666074
807,red,Ridge,-0.13845997721997522
808,red,Ridge,-0.15609837293305873
809,red,Ridge,-0.254681575061696
810,red,Ridge,-0.15403951270986116
811,red,Ridge,-0.22654560007196478
812,red,Ridge,-0.1608306766714755
813,red,Ridge,-0.2142349210456706
814,red,Ridge,-0.17466184820293673
815,red,Ridge,-0.1767592164652812
816,red,Ridge,-0.15812434588360624
817,red,Ridge,-0.23177792076535347
818,red,Ridge,-0.07798622122045662
819,red,Ridge,-0.14010826569074897
820,red,Ridge,-0.18732611674602728
821,red,Ridge,-0.19086492347340667
822,red,Ridge,-0.20366366030299687
823,red,Ridge,-0.15107685714773122
824,red,Ridge,-0.21228661978438002
825,red,Ridge,-0.1871927598995382
826,red,Ridge,-0.16206288692829346
827,red,Ridge,-0.1303230557952364
828,red,Ridge,-0.17308338334312146
829,red,Ridge,-0.19898637298855376
830,red,Ridge,-0.09333885311728196
831,red,Ridge,-0.21621319935151795
832,red,Ridge,-0.13045262047394324
833,red,Ridge,-0.16298143195161385
834,red,Ridge,-0.25224044290139136
835,red,Ridge,-0.1812168809848137
836,red,Ridge,-0.16031061923737433
837,red,Ridge,-0.21782084115123868
838,red,Ridge,-0.14688259723347397
839,red,Ridge,-0.21120095850783133
840,red,Ridge,-0.16006163805448825
841,red,Ridge,-0.17392028076627097
842,red,Ridge,-0.13969947751683887
843,red,Ridge,-0.18911670746121084
844,red,Ridge,-0.1759861935844198
845,red,Ridge,-0.189698646379088
846,red,Ridge,-0.13456642770513283
847,red,Ridge,-0.18793393153989457
848,red,Ridge,-0.13038287596184828
849,red,Ridge,-0.19605442921003974
850,red,Ridge,-0.12316722387353174
851,red,Ridge,-0.14833654103038757
852,red,Ridge,-0.11782699659508922
853,red,Ridge,-0.17223631093381248
854,red,Ridge,-0.15271109781676917
855,red,Ridge,-0.1646734849213894
856,red,Ridge,-0.1831790830622969
857,red,Ridge,-0.1388079035231936
858,red,Ridge,-0.21052398203684541
859,red,Ridge,-0.1378438474592859
860,red,Ridge,-0.15110875832524506
861,red,Ridge,-0.1441324131975042
862,red,Ridge,-0.17588839549133217
863,red,Ridge,-0.17074599518746264
864,red,Ridge,-0.11905074980687858
865,red,Ridge,-0.2039523548000985
866,red,Ridge,-0.2512518292978262
867,red,Ridge,-0.20174978820068634
868,red,Ridge,-0.14924336651886427
869,red,Ridge,-0.11098208609251792
870,red,Ridge,-0.16173372906106814
871,red,Ridge,-0.1940508933782586
872,red,Ridge,-0.14658245944226955
873,red,Ridge,-0.20320191804379
874,red,Ridge,-0.21738628665298343
875,red,Ridge,-0.24679041104766986
876,red,Ridge,-0.1683980107912778
877,red,Ridge,-0.2213212381762728
878,red,Ridge,-0.21849165024562173
879,red,Ridge,-0.2042674224353404
880,red,Ridge,-0.1788630853434245
881,red,Ridge,-0.23595015368746552
882,red,Ridge,-0.19068460898152773
883,red,Ridge,-0.20003992125976727
884,red,Ridge,-0.17450678035090528
885,red,Ridge,-0.22212333837986042
886,red,Ridge,-0.1621268707915562
887,red,Ridge,-0.14583950773067422
888,red,Ridge,-0.1889717062873041
889,red,Ridge,-0.12184415585004937
890,red,Ridge,-0.18092941910497168
891,red,Ridge,-0.17462002014673877
892,red,Ridge,-0.1749591836752843
893,red,Ridge,-0.20077533731838249
894,red,Ridge,-0.15985717033564206
895,red,Ridge,-0.20752783628636995
896,red,Ridge,-0.23472757094218843
897,red,Ridge,-0.23314537064322943
898,red,Ridge,-0.15850794219966313
899,red,Ridge,-0.18455797697152265
900,red,Ridge,-0.16085254754247125
901,red,Ridge,-0.17332223416235926
902,red,Ridge,-0.2375643348462163
903,red,Ridge,-0.10065389558212035
904,red,Ridge,-0.14514479226520172
905,red,Ridge,-0.16405327793934088
906,red,Ridge,-0.155163931084199
907,red,Ridge,-0.07392203862097901
908,red,Ridge,-0.19623391701202952
909,red,Ridge,-0.1915631572337515
910,red,Ridge,-0.14986161725307012
911,red,Ridge,-0.14929151895326187
912,red,Ridge,-0.20371999326865364
913,red,Ridge,-0.17796260179434498
914,red,Ridge,-0.20529835736448232
915,red,Ridge,-0.15341618414502234
916,red,Ridge,-0.15184604750101943
917,red,Ridge,-0.19556235931447818
918,red,Ridge,-0.15641061778499854
919,red,Ridge,-0.20648113384892441
920,red,Ridge,-0.20141252709090035
921,red,Ridge,-0.12371870606443985
922,red,Ridge,-0.14192883683735846
923,red,Ridge,-0.22739741922427548
924,red,Ridge,-0.2060871757423633
925,red,Ridge,-0.1653625901697654
926,red,Ridge,-0.21583873887488225
927,red,Ridge,-0.18706036118836378
928,red,Ridge,-0.11452738821376118
929,red,Ridge,-0.18495801096226938
930,red,Ridge,-0.20027488226797363
931,red,Ridge,-0.16260891935990385
932,red,Ridge,-0.1370212027445178
933,red,Ridge,-0.15637622465933843
934,red,Ridge,-0.1185618587851236
935,red,Ridge,-0.16139000944476856
936,red,Ridge,-0.25076789403815647
937,red,Ridge,-0.1915581496550104
938,red,Ridge,-0.22087436522212178
939,red,Ridge,-0.20039270044164487
940,red,Ridge,-0.15614290576582257
941,red,Ridge,-0.16081903159763822
942,red,Ridge,-0.2257724197935942
943,red,Ridge,-0.19689937630418486
944,red,Ridge,-0.17224100157912592
945,red,Ridge,-0.16668219016614405
946,red,Ridge,-0.1752242543565235
947,red,Ridge,-0.18094664597008603
948,red,Ridge,-0.15040576558920538
949,red,Ridge,-0.21746283943741118
950,red,Ridge,-0.12239584594272657
951,red,Ridge,-0.15130481618244895
952,red,Ridge,-0.14085174672323053
953,red,Ridge,-0.11558047082066575
954,red,Ridge,-0.17176128023492165
955,red,Ridge,-0.1768482393479408
956,red,Ridge,-0.1433304851965228
957,red,Ridge,-0.24823609410429404
958,red,Ridge,-0.1031814299416084
959,red,Ridge,-0.16112801740927662
960,red,Ridge,-0.13113264752620102
961,red,Ridge,-0.20201584552447865
962,red,Ridge,-0.11772926254204652
963,red,Ridge,-0.2395492750065677
964,red,Ridge,-0.1664186684144855
965,red,Ridge,-0.16756316048445663
966,red,Ridge,-0.21057761151233106
967,red,Ridge,-0.21183275926725087
968,red,Ridge,-0.2478339225484016
969,red,Ridge,-0.22947628517980156
970,red,Ridge,-0.13610450557104348
971,red,Ridge,-0.24170293266260462
972,red,Ridge,-0.2690910504220842
973,red,Ridge,-0.19249505125544142
974,red,Ridge,-0.17914885028194882
975,red,Ridge,-0.20998578177896743
976,red,Ridge,-0.17570997239792574
977,red,Ridge,-0.08540827016009778
978,red,Ridge,-0.2029048218690519
979,red,Ridge,-0.1400825530390919
980,red,Ridge,-0.1418935450882749
981,red,Ridge,-0.19229446398564953
982,red,Ridge,-0.16573041730337645
983,red,Ridge,-0.1751224780126004
984,red,Ridge,-0.15739421727453995
985,red,Ridge,-0.20497184275036906
986,red,Ridge,-0.15331591715244952
987,red,Ridge,-0.20983986032438529
988,red,Ridge,-0.1584330045113878
989,red,Ridge,-0.13984556212308452
990,red,Ridge,-0.13372998557834348
991,red,Ridge,-0.23653625098688363
992,red,Ridge,-0.18326691084783253
993,red,Ridge,-0.17642486191369844
994,red,Ridge,-0.17077327972310297
995,red,Ridge,-0.1330758841641303
996,red,Ridge,-0.20205137129425682
997,red,Ridge,-0.21560393489168422
998,red,Ridge,-0.221355488587326
999,red,Ridge,-0.18740971949420915
1000,red,Ridge,-0.16247186059161844
1001,red,Ridge,-0.1153054561514435
1002,red,Ridge,-0.1913380659205709
1003,red,Ridge,-0.1630417218266974
1004,red,Ridge,-0.18697579188035152
1005,red,Ridge,-0.17956683761459924
1006,red,Ridge,-0.23206769196735194
1007,red,Ridge,-0.17106055369616835
1008,red,Ridge,-0.129598217103719
1009,red,Ridge,-0.24198953720101346
1010,red,Ridge,-0.20858384357281617
1011,red,Ridge,-0.12340743055909487
1012,red,Ridge,-0.21737725351977077
1013,red,Ridge,-0.11899913644868643
1014,red,Ridge,-0.21449684108691813
1015,red,Ridge,-0.22731332234032142
1016,red,Ridge,-0.15899659550932488
1017,red,Ridge,-0.19130769898036942
1018,red,Ridge,-0.15077100670596377
1019,red,Ridge,-0.19720192860911523
1020,red,Ridge,-0.1907615013371804
1021,red,Ridge,-0.15734842360852286
1022,red,Ridge,-0.14914432574405345
1023,red,Ridge,-0.10334876663971237
1024,red,Ridge,-0.14697706060003501
1025,red,Ridge,-0.20102517512037998
1026,red,Ridge,-0.2050458697206219
1027,red,Ridge,-0.12369817809802075
1028,red,Ridge,-0.2029191253068638
1029,red,Ridge,-0.23644931482329912
1030,red,Ridge,-0.252242551339876
1031,red,Ridge,-0.16851669872687564
1032,red,Ridge,-0.17353582902405262
1033,red,Ridge,-0.13308150234630828
1034,red,Ridge,-0.14056083403311537
1035,red,Ridge,-0.1761383037008204
1036,red,Ridge,-0.20418260160966234
1037,red,Ridge,-0.15084714908324603
1038,red,Ridge,-0.170747600558749
1039,red,Ridge,-0.1589087969043027
1040,red,Ridge,-0.14784199360676847
1041,red,Ridge,-0.269979804792834
1042,red,Ridge,-0.17776636583615824
1043,red,Ridge,-0.1700222683643826
1044,red,Ridge,-0.16234978550236456
1045,red,Ridge,-0.12895697295425101
1046,red,Ridge,-0.17673924623341236
1047,red,Ridge,-0.21959188358014092
1048,red,Ridge,-0.2349966925889409
1049,red,Ridge,-0.1491253394858666
1050,red,Ridge,-0.21192075124820786
1051,red,Ridge,-0.11617684526047134
1052,red,Ridge,-0.23625340039291431
1053,red,Ridge,-0.17838480204478235
1054,red,Ridge,-0.26492630244592885
1055,red,Ridge,-0.13594174511678303
1056,red,Ridge,-0.1575672661041081
1057,red,Ridge,-0.09933414007115682
1058,red,Ridge,-0.2103642700961441
1059,red,Ridge,-0.1637054734631297
1060,red,Ridge,-0.1705342923147135
1061,red,Ridge,-0.11741767601725517
1062,red,Ridge,-0.18414880357630747
1063,red,Ridge,-0.17885791132420037
1064,red,Ridge,-0.1651448606550172
1065,red,Ridge,-0.1689934832866441
1066,red,Ridge,-0.18212958024703307
1067,red,Ridge,-0.1684883458098006
1068,red,Ridge,-0.23259236267576927
1069,red,Ridge,-0.1892861621402071
1070,red,Ridge,-0.11961411330728655
1071,red,Ridge,-0.20704562251304787
1072,red,Ridge,-0.20257379495177663
1073,red,Ridge,-0.21897602275010497
1074,red,Ridge,-0.17866510833289184
1075,red,Ridge,-0.17907668411687483
1076,red,Ridge,-0.20190569521135837
1077,red,Ridge,-0.13415250846733195
1078,red,Ridge,-0.15938336067587044
1079,red,Ridge,-0.18219161375533804
1080,red,Ridge,-0.22071873458956343
1081,red,Ridge,-0.15420889909731073
1082,red,Ridge,-0.23150059692663072
1083,red,Ridge,-0.13855031428671416
1084,red,Ridge,-0.08321011353411367
1085,red,Ridge,-0.13432458844608497
1086,red,Ridge,-0.1318358482918467
1087,red,Ridge,-0.20442223201740117
1088,red,Ridge,-0.21237997219528681
1089,red,Ridge,-0.21385976883115243
1090,red,Ridge,-0.22996208194454454
1091,red,Ridge,-0.14174590280260335
1092,red,Ridge,-0.1838626576558422
1093,red,Ridge,-0.19672816574596058
1094,red,Ridge,-0.13659048801337131
1095,red,Ridge,-0.13605629567261124
1096,red,Ridge,-0.19268157492276078
1097,red,Ridge,-0.17838572067159292
1098,red,Ridge,-0.11252652225006077
1099,red,Ridge,-0.15915068611825833
1100,red,Ridge,-0.2259293249058722
1101,red,Ridge,-0.1908820900405721
1102,red,Ridge,-0.1559197827072849
1103,red,Ridge,-0.10830072600295881
1104,red,Ridge,-0.22962043221735268
1105,red,Ridge,-0.12171863894239232
1106,red,Ridge,-0.16857619190345474
1107,red,Ridge,-0.24818209825128357
1108,red,Ridge,-0.19429331708876046
1109,red,Ridge,-0.13839278553328416
1110,red,Ridge,-0.13452309793846917
1111,red,Ridge,-0.17212688240220708
1112,red,Ridge,-0.14001923702182795
1113,red,Ridge,-0.18207417117594882
1114,red,Ridge,-0.17062257305092454
1115,red,Ridge,-0.17046851895205728
1116,red,Ridge,-0.2014380622318676
1117,red,Ridge,-0.20165699005363202
1118,red,Ridge,-0.21056776774325264
1119,red,Ridge,-0.1435368692907094
1120,red,Ridge,-0.19993439546888103
1121,red,Ridge,-0.14694339064786
1122,red,Ridge,-0.16018836389550856
1123,red,Ridge,-0.10471307518143069
1124,red,Ridge,-0.16016576944306649
1125,red,Ridge,-0.12775849734364575
1126,red,Ridge,-0.19025209709948154
1127,red,Ridge,-0.23844497049066948
1128,red,Ridge,-0.23762632936898942
1129,red,Ridge,-0.21197409939156087
1130,red,Ridge,-0.16908668821397943
1131,red,Ridge,-0.16691736812294133
1132,red,Ridge,-0.1387897318582459
1133,red,Ridge,-0.13987208150770014
1134,red,Ridge,-0.18583283085018126
1135,red,Ridge,-0.18888281155608078
1136,red,Ridge,-0.16804329099663207
1137,red,Ridge,-0.21756014561882697
1138,red,Ridge,-0.18333189380240827
1139,red,Ridge,-0.24111583345419124
1140,red,Ridge,-0.21459294067471435
1141,red,Ridge,-0.15720435434876973
1142,red,Ridge,-0.14881798514222144
1143,red,Ridge,-0.21069489948757458
1144,red,Ridge,-0.08646913044317217
1145,red,Ridge,-0.22587942861200355
1146,red,Ridge,-0.23221363290922914
1147,red,Ridge,-0.15747581602845145
1148,red,Ridge,-0.17103250911879386
1149,red,Ridge,-0.13035597356462664
1150,red,Ridge,-0.18461765656434415
1151,red,Ridge,-0.16510565924028198
1152,red,Ridge,-0.1789606742127663
1153,red,Ridge,-0.17946252406990104
1154,red,Ridge,-0.12944990819705526
1155,red,Ridge,-0.2345266834237299
1156,red,Ridge,-0.14568581303910288
1157,red,Ridge,-0.18393372346762904
1158,red,Ridge,-0.13739144751093202
1159,red,Ridge,-0.16755287101301586
1160,red,Ridge,-0.14367827216558648
1161,red,Ridge,-0.16826766898745482
1162,red,Ridge,-0.22591361439473162
1163,red,Ridge,-0.16936700645457614
1164,red,Ridge,-0.1570827007306026
1165,red,Ridge,-0.10626352589047205
1166,red,Ridge,-0.20774120458212952
1167,red,Ridge,-0.17965177438763608
1168,red,Ridge,-0.2110949611433115
1169,red,Ridge,-0.16090343125273748
1170,red,Ridge,-0.15564345998242696
1171,red,Ridge,-0.2067244242670212
1172,red,Ridge,-0.17632518038131373
1173,red,Ridge,-0.1506031385426484
1174,red,Ridge,-0.15258615322148994
1175,red,Ridge,-0.1874008326031099
1176,red,Ridge,-0.16309796360982975
1177,red,Ridge,-0.1267335117299836
1178,red,Ridge,-0.20134657836429726
1179,red,Ridge,-0.20229559347127657
1180,red,Ridge,-0.15017069077746947
1181,red,Ridge,-0.10841147977924359
1182,red,Ridge,-0.14309476677118005
1183,red,Ridge,-0.17753959764539773
1184,red,Ridge,-0.1313725462174069
1185,red,Ridge,-0.19639102391842123
1186,red,Ridge,-0.18142418890123824
1187,red,Ridge,-0.2109423708287948
1188,red,Ridge,-0.20992471277649954
1189,red,Ridge,-0.20699924716673967
1190,red,Ridge,-0.18611934161246885
1191,red,Ridge,-0.10998185329844123
1192,red,Ridge,-0.17646036288871342
1193,red,Ridge,-0.17158989020295357
1194,red,Ridge,-0.13122539546685685
1195,red,Ridge,-0.17413334217102971
1196,red,Ridge,-0.22539045231667743
1197,red,Ridge,-0.22406167568833024
1198,red,Ridge,-0.15829570831364675
1199,red,Ridge,-0.21369292983591548
1200,red,Ridge,-0.1990065437731719
1201,red,Ridge,-0.23370577168037981
1202,red,Ridge,-0.11772620637953701
1203,red,Ridge,-0.17094945316390697
1204,red,Ridge,-0.155808772376552
1205,red,Ridge,-0.1322786332303667
1206,red,Ridge,-0.1580318060705957
1207,red,Ridge,-0.12125734410467692
1208,red,Ridge,-0.11913518803851725
1209,red,Ridge,-0.15386855807534938
1210,red,Ridge,-0.18741093440387546
1211,red,Ridge,-0.2028656684954926
1212,red,Ridge,-0.18563583750323737
1213,red,Ridge,-0.1946129893390438
1214,red,Ridge,-0.20359226935433572
1215,red,Ridge,-0.20143783932032372
1216,red,Ridge,-0.15087906642413085
1217,red,Ridge,-0.18726456942776937
1218,red,Ridge,-0.15425152249058416
1219,red,Ridge,-0.1403735968745835
1220,red,Ridge,-0.1667252420603078
1221,red,Ridge,-0.2544078367997887
1222,red,Ridge,-0.2135827479631669
1223,red,Ridge,-0.19169359217883597
1224,red,Ridge,-0.17434495062304478
1225,red,Ridge,-0.13958235804766966
1226,red,Ridge,-0.19040075211968804
1227,red,Ridge,-0.22198963689457718
1228,red,Ridge,-0.15892134808985658
1229,red,Ridge,-0.1373675761605473
1230,red,Ridge,-0.1578405613844609
1231,red,Ridge,-0.20890767246873743
1232,red,Ridge,-0.1878868096933542
1233,red,Ridge,-0.14263106457872743
1234,red,Ridge,-0.17274080320720664
1235,red,Ridge,-0.22926049895087908
1236,red,Ridge,-0.1404864180785897
1237,red,Ridge,-0.1459780656005759
1238,red,Ridge,-0.14467108937660178
1239,red,Ridge,-0.19168943529025984
1240,red,Ridge,-0.1754966043471104
1241,red,Ridge,-0.19507315516832513
1242,red,Ridge,-0.1679576416985713
1243,red,Ridge,-0.22492831239092814
1244,red,Ridge,-0.16328282416748352
1245,red,Ridge,-0.25242052448985036
1246,red,Ridge,-0.1437602559982718
1247,red,Ridge,-0.15025713531453044
1248,red,Ridge,-0.16080394472317355
1249,red,Ridge,-0.10620411249311223
1250,red,Ridge,-0.2829824932306599
1251,red,Ridge,-0.1448251689033465
1252,red,Ridge,-0.20850602758626402
1253,red,Ridge,-0.12429968684476522
1254,red,Ridge,-0.1780792777093092
1255,red,Ridge,-0.1546391252520226
1256,red,Ridge,-0.17711296770677226
1257,red,Ridge,-0.12440915006879572
1258,red,Ridge,-0.19323960119551065
1259,red,Ridge,-0.15085502587155564
1260,red,Ridge,-0.09617176611788603
1261,red,Ridge,-0.15671976782223446
1262,red,Ridge,-0.21263766768679682
1263,red,Ridge,-0.1539190304613055
1264,red,Ridge,-0.15327413951364854
1265,red,Ridge,-0.18231593787118316
1266,red,Ridge,-0.18290027350119803
1267,red,Ridge,-0.2074078890636637
1268,red,Ridge,-0.1864526770599152
1269,red,Ridge,-0.16073988407989848
1270,red,Ridge,-0.19011787691208404
1271,red,Ridge,-0.21105963293758223
1272,red,Ridge,-0.22998829315866148
1273,red,Ridge,-0.20082430194152734
1274,red,Ridge,-0.18095460609023323
1275,red,Ridge,-0.15529542559684462
1276,red,Ridge,-0.1404792480111689
1277,red,Ridge,-0.1846916446944329
1278,red,Ridge,-0.1827991974962307
1279,red,Ridge,-0.22263532600945568
1280,red,Ridge,-0.23180662657154516
1281,red,Ridge,-0.10745518612703009
1282,red,Ridge,-0.19385307655890466
1283,red,Ridge,-0.18150712110673317
1284,red,Ridge,-0.12099888673653447
1285,red,Ridge,-0.20937395506358303
1286,red,Ridge,-0.09688007965247203
1287,red,Ridge,-0.12031310584412525
1288,red,Ridge,-0.15352549889756506
1289,red,Ridge,-0.1814318791982953
1290,red,Ridge,-0.2016000901206415
1291,red,Ridge,-0.2135522592582108
1292,red,Ridge,-0.10865898808617791
1293,red,Ridge,-0.15153005001538356
1294,red,Ridge,-0.2425685667535089
1295,red,Ridge,-0.11986186816922378
1296,red,Ridge,-0.17634948990906374
1297,red,Ridge,-0.23805847780247624
1298,red,Ridge,-0.22989771438158257
1299,red,Ridge,-0.1927884241756893
1300,red,Ridge,-0.21425303261949602
1301,red,Ridge,-0.18806302876629366
1302,red,Ridge,-0.20749279121974018
1303,red,Ridge,-0.1998671517016456
1304,red,Ridge,-0.21820109963757822
1305,red,Ridge,-0.15363274819805056
1306,red,Ridge,-0.1362283086097189
1307,red,Ridge,-0.16051216245232058
1308,red,Ridge,-0.23027440457079584
1309,red,Ridge,-0.17216066690822251
1310,red,Ridge,-0.20521809139883823
1311,red,Ridge,-0.17167514661017635
1312,red,Ridge,-0.15829653511849673
1313,red,Ridge,-0.21830586325092416
1314,red,Ridge,-0.23971129855700013
1315,red,Ridge,-0.1573215485576871
1316,red,Ridge,-0.17242891930083148
1317,red,Ridge,-0.1488920533295106
1318,red,Ridge,-0.2011967780037235
1319,red,Ridge,-0.1522647404231361
1320,red,Ridge,-0.15767708076754294
1321,red,Ridge,-0.18307364625551625
1322,red,Ridge,-0.1674057044303099
1323,red,Ridge,-0.09472675281038878
1324,red,Ridge,-0.1728965346223983
1325,red,Ridge,-0.21465311076046195
1326,red,Ridge,-0.10965303415443284
1327,red,Ridge,-0.24940047925558018
1328,red,Ridge,-0.09752482829372211
1329,red,Ridge,-0.227826191447577
1330,red,Ridge,-0.14790640080636352
1331,red,Ridge,-0.22051435467371888
1332,red,Ridge,-0.1647692032501532
1333,red,Ridge,-0.1559381396074131
1334,red,Ridge,-0.24489729467686178
1335,red,Ridge,-0.163329244914322
1336,red,Ridge,-0.1725592564180607
1337,red,Ridge,-0.20970775434304545
1338,red,Ridge,-0.18204507859835029
1339,red,Ridge,-0.16466726212437433
1340,red,Ridge,-0.1687648552334683
1341,red,Ridge,-0.14377572901519164
1342,red,Ridge,-0.1791340664396156
1343,red,Ridge,-0.10119171734895605
1344,red,Ridge,-0.15479728948008697
1345,red,Ridge,-0.1519301976204006
1346,red,Ridge,-0.19801628549510558
1347,red,Ridge,-0.1131138968041554
1348,red,Ridge,-0.08946495985677438
1349,red,Ridge,-0.12870508095869104
1350,red,Ridge,-0.17258095474445667
1351,red,Ridge,-0.1395983672513874
1352,red,Ridge,-0.20693042107665416
1353,red,Ridge,-0.21319554258127482
1354,red,Ridge,-0.15756854256263797
1355,red,Ridge,-0.17881060393723203
1356,red,Ridge,-0.18497548803692204
1357,red,Ridge,-0.1910200227899529
1358,red,Ridge,-0.21155084357009757
1359,red,Ridge,-0.24334769514240107
1360,red,Ridge,-0.14544666583454136
1361,red,Ridge,-0.14749042184725547
1362,red,Ridge,-0.21996654256001985
1363,red,Ridge,-0.15257827467341767
1364,red,Ridge,-0.15859172865807403
1365,red,Ridge,-0.1136567729226784
1366,red,Ridge,-0.19879647933173683
1367,red,Ridge,-0.1458260353924663
1368,red,Ridge,-0.16524306539001582
1369,red,Ridge,-0.2386103368260875
1370,red,Ridge,-0.24621314925840015
1371,red,Ridge,-0.18872088978093626
1372,red,Ridge,-0.16007955665804485
1373,red,Ridge,-0.18853883694831053
1374,red,Ridge,-0.2097761612049988
1375,red,Ridge,-0.20911618828990475
1376,red,Ridge,-0.16200116654920982
1377,red,Ridge,-0.13409892978389593
1378,red,Ridge,-0.19332619737981788
1379,red,Ridge,-0.11774254448332977
1380,red,Ridge,-0.20270243747293548
1381,red,Ridge,-0.14340311491519508
1382,red,Ridge,-0.2700344967426367
1383,red,Ridge,-0.2113833116699777
1384,red,Ridge,-0.22006956392065247
1385,red,Ridge,-0.20652963849370914
1386,red,Ridge,-0.18264605004631024
1387,red,Ridge,-0.18999338001930777
1388,red,Ridge,-0.17482203291425802
1389,red,Ridge,-0.16804990357414584
1390,red,Ridge,-0.16659638547727057
1391,red,Ridge,-0.12017108956475142
1392,red,Ridge,-0.22743634344872077
1393,red,Ridge,-0.21705075398992885
1394,red,Ridge,-0.14483505846988465
1395,red,Ridge,-0.2000515732339056
1396,red,Ridge,-0.2452138447770955
1397,red,Ridge,-0.08415770647057574
1398,red,Ridge,-0.1762841489225636
1399,red,Ridge,-0.18431104228912087
1400,red,Ridge,-0.16893349216878895
1401,red,Ridge,-0.20620521000691977
1402,red,Ridge,-0.12690239188307972
1403,red,Ridge,-0.17811628763416298
1404,red,Ridge,-0.21095418462364457
1405,red,Ridge,-0.09783188591085712
1406,red,Ridge,-0.15293840282798288
1407,red,Ridge,-0.16308091488676602
1408,red,Ridge,-0.20330488247334555
1409,red,Ridge,-0.24067123948449232
1410,red,Ridge,-0.15183553644922798
1411,red,Ridge,-0.10871006153294382
1412,red,Ridge,-0.16265526079877735
1413,red,Ridge,-0.20053916678572892
1414,red,Ridge,-0.23792902855580828
1415,red,Ridge,-0.10857039743482
1416,red,Ridge,-0.16731772950083945
1417,red,Ridge,-0.2223138280518554
1418,red,Ridge,-0.20649568576266603
1419,red,Ridge,-0.20691339821565813
1420,red,Ridge,-0.16441975981441181
1421,red,Ridge,-0.2518247555206017
1422,red,Ridge,-0.15741848731551739
1423,red,Ridge,-0.17994877423211958
1424,red,Ridge,-0.16919530225690949
1425,red,Ridge,-0.21503604856444958
1426,red,Ridge,-0.15724625949583682
1427,red,Ridge,-0.20396331901859988
1428,red,Ridge,-0.1380285247166554
1429,red,Ridge,-0.1957142726924901
1430,red,Ridge,-0.19339152133815862
1431,red,Ridge,-0.21790095416213828
1432,red,Ridge,-0.1590971005569347
1433,red,Ridge,-0.18823024811163802
1434,red,Ridge,-0.14380208961490504
1435,red,Ridge,-0.11788041626533774
1436,red,Ridge,-0.1793985671790289
1437,red,Ridge,-0.20297206824505298
1438,red,Ridge,-0.23234721422735877
1439,red,Ridge,-0.23628007804657708
1440,red,Ridge,-0.1620729066441584
1441,red,Ridge,-0.1327860131257751
1442,red,Ridge,-0.1934436343149184
1443,red,Ridge,-0.1552620077267226
1444,red,Ridge,-0.1426170587428155
1445,red,Ridge,-0.21209769538565854
1446,red,Ridge,-0.20494444248965404
1447,red,Ridge,-0.20263624540612513
1448,red,Ridge,-0.1601808233062496
1449,red,Ridge,-0.18755686232628616
1450,red,Ridge,-0.18026545979181408
1451,red,Ridge,-0.2145803010475657
1452,red,Ridge,-0.22183439446491598
1453,red,Ridge,-0.14666583512848785
1454,red,Ridge,-0.11995095370708175
1455,red,Ridge,-0.1090347141313518
1456,red,Ridge,-0.15843999397114683
1457,red,Ridge,-0.17943064876379544
1458,red,Ridge,-0.24706310646871676
1459,red,Ridge,-0.16314856226511865
1460,red,Ridge,-0.12505982236231655
1461,red,Ridge,-0.17494789911018294
1462,red,Ridge,-0.15408473898036928
1463,red,Ridge,-0.1888906040773563
1464,red,Ridge,-0.10797006666454989
1465,red,Ridge,-0.15211086188281964
1466,red,Ridge,-0.19572728646833343
1467,red,Ridge,-0.2040976287398515
1468,red,Ridge,-0.11540161987060216
1469,red,Ridge,-0.2255284595653706
1470,red,Ridge,-0.16991251404208996
1471,red,Ridge,-0.211489367908624
1472,red,Ridge,-0.18797693881555855
1473,red,Ridge,-0.20465912077502602
1474,red,Ridge,-0.17496812029046227
1475,red,Ridge,-0.2155507618009883
1476,red,Ridge,-0.17266330672051888
1477,red,Ridge,-0.18662907855744204
1478,red,Ridge,-0.16863368298879422
1479,red,Ridge,-0.16158205848167806
1480,red,Ridge,-0.16878228011258445
1481,red,Ridge,-0.1557203501878457
1482,red,Ridge,-0.2614044016927676
1483,red,Ridge,-0.20488852114357214
1484,red,Ridge,-0.19657567176596447
1485,red,Ridge,-0.12990150076903206
1486,red,Ridge,-0.12171900134192326
1487,red,Ridge,-0.22400578433659307
1488,red,Ridge,-0.16627600578272866
1489,red,Ridge,-0.12762489265850174
1490,red,Ridge,-0.10164566930990371
1491,red,Ridge,-0.18923224927962273
1492,red,Ridge,-0.19033911500687795
1493,red,Ridge,-0.1606561366709358
1494,red,Ridge,-0.14157658823489794
1495,red,Ridge,-0.173784223319011
1496,red,Ridge,-0.21616341498797997
1497,red,Ridge,-0.14737024638584684
1498,red,Ridge,-0.20039170946351642
1499,red,Ridge,-0.22922195715985033
1500,red,Ridge,-0.21122814379707955
1501,red,Ridge,-0.17646666635315522
1502,red,Ridge,-0.14442052689517992
1503,red,Ridge,-0.22659572297766606
1504,red,Ridge,-0.10377187391719
1505,red,Ridge,-0.10709522778268565
1506,red,Ridge,-0.13417290806550447
1507,red,Ridge,-0.09922013778885475
1508,red,Ridge,-0.15978924581827258
1509,red,Ridge,-0.1942194139087915
1510,red,Ridge,-0.14876074658864485
1511,red,Ridge,-0.12883571092564572
1512,red,Ridge,-0.2244123403408863
1513,red,Ridge,-0.20368577984459835
1514,red,Ridge,-0.18580809049086655
1515,red,Ridge,-0.13703213338528253
1516,red,Ridge,-0.1917834411815219
1517,red,Ridge,-0.19298729015723148
1518,red,Ridge,-0.08806101397561439
1519,red,Ridge,-0.19496985684443313
1520,red,Ridge,-0.2190502510795559
1521,red,Ridge,-0.15522870732346916
1522,red,Ridge,-0.18014759373356315
1523,red,Ridge,-0.1760603405190827
1524,red,Ridge,-0.15601661030660363
1525,red,Ridge,-0.17475295327127072
1526,red,Ridge,-0.10056557133878608
1527,red,Ridge,-0.1941540666815591
1528,red,Ridge,-0.1750030223059128
1529,red,Ridge,-0.1336782422304118
1530,red,Ridge,-0.1714886577108391
1531,red,Ridge,-0.23685701616321386
1532,red,Ridge,-0.198633595949804
1533,red,Ridge,-0.16500500323441852
1534,red,Ridge,-0.17455278120592033
1535,red,Ridge,-0.16572248463013156
1536,red,Ridge,-0.13252708564178495
1537,red,Ridge,-0.17962241408261403
1538,red,Ridge,-0.12703040006599942
1539,red,Ridge,-0.1907112277992739
1540,red,Ridge,-0.1574444086974407
1541,red,Ridge,-0.2000355615969081
1542,red,Ridge,-0.1612886385594925
1543,red,Ridge,-0.18280389546705206
1544,red,Ridge,-0.22052537463735478
1545,red,Ridge,-0.1785616958246231
1546,red,Ridge,-0.15050535718467017
1547,red,Ridge,-0.16534305540888727
1548,red,Ridge,-0.14313414088855125
1549,red,Ridge,-0.17911074041760944
1550,red,Ridge,-0.17838053955188016
1551,red,Ridge,-0.1955316890594072
1552,red,Ridge,-0.21510815059829896
1553,red,Ridge,-0.2330883916399364
1554,red,Ridge,-0.22227522458748816
1555,red,Ridge,-0.13125746797506216
1556,red,Ridge,-0.11721056032125066
1557,red,Ridge,-0.18906270891427268
1558,red,Ridge,-0.23460900831382236
1559,red,Ridge,-0.1517233589643882
1560,red,Ridge,-0.19182827446617157
1561,red,Ridge,-0.1592578556515689
1562,red,Ridge,-0.26927671595079666
1563,red,Ridge,-0.13112838762015688
1564,red,Ridge,-0.24507308850927573
1565,red,Ridge,-0.13463595983262278
1566,red,Ridge,-0.08632590749241942
1567,red,Ridge,-0.16959538928664036
1568,red,Ridge,-0.22901196072156726
1569,red,Ridge,-0.21178776315813008
1570,red,Ridge,-0.129542154900543
1571,red,Ridge,-0.26820460144598546
1572,red,Ridge,-0.1660717264109398
1573,red,Ridge,-0.18238120861357104
1574,red,Ridge,-0.17124112844935424
1575,red,Ridge,-0.1420773381389313
1576,red,Ridge,-0.16954189591486302
1577,red,Ridge,-0.24671491106214982
1578,red,Ridge,-0.24957045446495907
1579,red,Ridge,-0.15089923041875375
1580,red,Ridge,-0.23523065843423652
1581,red,Ridge,-0.16371140181471744
1582,red,Ridge,-0.23698041687194504
1583,red,Ridge,-0.22151633017524935
1584,red,Ridge,-0.1980693138644658
1585,red,Ridge,-0.15664649973583178
1586,red,Ridge,-0.18135166868717334
1587,red,Ridge,-0.15276041192956968
1588,red,Ridge,-0.19242093547631622
1589,red,Ridge,-0.14829841182515635
1590,red,Ridge,-0.23001406353503218
1591,red,Ridge,-0.15625689230349993
1592,red,Ridge,-0.23041901452104102
1593,red,Ridge,-0.22502374445156414
1594,red,Ridge,-0.15226457685675882
1595,red,Ridge,-0.21573292139219308
1596,red,Ridge,-0.16416901460511157
1597,red,Ridge,-0.10266268699074987
1598,red,Ridge,-0.22390080511783284
1599,red,Ridge,-0.09464212298380603
1600,red,Ridge,-0.14025460639544518
1601,red,Ridge,-0.15499072933755215
1602,red,Ridge,-0.20845601015338433
1603,red,Ridge,-0.11878799791094452
1604,red,Ridge,-0.13563697377778328
1605,red,Ridge,-0.15039522120205806
1606,red,Ridge,-0.19582892444738037
1607,red,Ridge,-0.2348373476488569
1608,red,Ridge,-0.15427517238545901
1609,red,Ridge,-0.16312132431981546
1610,red,Ridge,-0.15742219077980457
1611,red,Ridge,-0.1628462755348642
1612,red,Ridge,-0.21167479456237948
1613,red,Ridge,-0.1724541965763875
1614,red,Ridge,-0.15849306768579413
1615,red,Ridge,-0.21574563781415357
1616,red,Ridge,-0.17929382388988524
1617,red,Ridge,-0.15653786360792887
1618,red,Ridge,-0.2531237315063931
1619,red,Ridge,-0.17950273435790343
1620,red,Ridge,-0.22231623054581012
1621,red,Ridge,-0.12318441236195737
1622,red,Ridge,-0.20529443482595305
1623,red,Ridge,-0.14001153152881007
1624,red,Ridge,-0.23745352020635252
1625,red,Ridge,-0.2008415028130403
1626,red,Ridge,-0.1981912326770151
1627,red,Ridge,-0.1298372967425534
1628,red,Ridge,-0.20212133087722173
1629,red,Ridge,-0.13332527499807212
1630,red,Ridge,-0.1860454437739596
1631,red,Ridge,-0.22491738012771678
1632,red,Ridge,-0.2293514849274257
1633,red,Ridge,-0.16335676966986357
1634,red,Ridge,-0.20141441797028636
1635,red,Ridge,-0.18347385513132386
1636,red,Ridge,-0.20320745229660309
1637,red,Ridge,-0.08692038535774704
1638,red,Ridge,-0.169075402349171
1639,red,Ridge,-0.16227860595081578
1640,red,Ridge,-0.17704688429472648
1641,red,Ridge,-0.2312763284395148
1642,red,Ridge,-0.15159020956390878
1643,red,Ridge,-0.20204502932329504
1644,red,Ridge,-0.16429739297092688
1645,red,Ridge,-0.20072862577799933
1646,red,Ridge,-0.1718570585037692
1647,red,Ridge,-0.20527565383510432
1648,red,Ridge,-0.20754358255934247
1649,red,Ridge,-0.12448980671615362
1650,red,Ridge,-0.19921988340307717
1651,red,Ridge,-0.11146849441790319
1652,red,Ridge,-0.24069388416918047
1653,red,Ridge,-0.12315752014964265
1654,red,Ridge,-0.12785467202141165
1655,red,Ridge,-0.2314642216875205
1656,red,Ridge,-0.20730609169792852
1657,red,Ridge,-0.19098976334052564
1658,red,Ridge,-0.16637421166995914
1659,red,Ridge,-0.1366078714827541
1660,red,Ridge,-0.20250320841851777
1661,red,Ridge,-0.13821137629217206
1662,red,Ridge,-0.17672659443391192
1663,red,Ridge,-0.18886530130815282
1664,red,Ridge,-0.13201668830136648
1665,red,Ridge,-0.1920374864025669
1666,red,Ridge,-0.15701413047771218
1667,red,Ridge,-0.18747840993460796
1668,red,Ridge,-0.17881035795858813
1669,red,Ridge,-0.22098641397996227
1670,red,Ridge,-0.14717951969657128
1671,red,Ridge,-0.19690854784065914
1672,red,Ridge,-0.1481054012098404
1673,red,Ridge,-0.15538209132744574
1674,red,Ridge,-0.16428260342780532
1675,red,Ridge,-0.20121079553594923
1676,red,Ridge,-0.1629573293024693
1677,red,Ridge,-0.19647091391156707
1678,red,Ridge,-0.1628615419791421
1679,red,Ridge,-0.20374031366876555
1680,red,Ridge,-0.18189613232415813
1681,red,Ridge,-0.20217723210752525
1682,red,Ridge,-0.18423707238650255
1683,red,Ridge,-0.16042272701154248
1684,red,Ridge,-0.21028826092925046
1685,red,Ridge,-0.1993143085313579
1686,red,Ridge,-0.2624468333340367
1687,red,Ridge,-0.1738093461576613
1688,red,Ridge,-0.1513242987880215
1689,red,Ridge,-0.14817360420857684
1690,red,Ridge,-0.14411073276061287
1691,red,Ridge,-0.2343975934710043
1692,red,Ridge,-0.15944832489309113
1693,red,Ridge,-0.22895208297260178
1694,red,Ridge,-0.16190304802921213
1695,red,Ridge,-0.17011944020011183
1696,red,Ridge,-0.18124296887428581
1697,red,Ridge,-0.192096886462234
1698,red,Ridge,-0.20807983047095902
1699,red,Ridge,-0.14421683031097665
1700,red,Ridge,-0.22482041901000704
1701,red,Ridge,-0.2889511372681597
1702,red,Ridge,-0.19804634861612275
1703,red,Ridge,-0.11546338823428837
1704,red,Ridge,-0.18348847942935032
1705,red,Ridge,-0.1226827537794114
1706,red,Ridge,-0.16845005979658556
1707,red,Ridge,-0.1963970230625285
1708,red,Ridge,-0.2424475970371187
1709,red,Ridge,-0.1258432624419623
1710,red,Ridge,-0.23232596979601022
1711,red,Ridge,-0.1703951462775395
1712,red,Ridge,-0.18117362452180064
1713,red,Ridge,-0.15112234639633815
1714,red,Ridge,-0.1596027606758893
1715,red,Ridge,-0.20494654700450976
1716,red,Ridge,-0.1311671885871638
1717,red,Ridge,-0.1892841982640872
1718,red,Ridge,-0.14248807172431616
1719,red,Ridge,-0.14187347851011678
1720,red,Ridge,-0.15739867155653448
1721,red,Ridge,-0.1532115973623266
1722,red,Ridge,-0.1324336183870355
1723,red,Ridge,-0.1608862106226182
1724,red,Ridge,-0.17442930617177455
1725,red,Ridge,-0.1542191903840887
1726,red,Ridge,-0.16160418895124984
1727,red,Ridge,-0.1782068651660348
1728,red,Ridge,-0.12042843709050882
1729,red,Ridge,-0.12411676929135596
1730,red,Ridge,-0.19409405266778623
1731,red,Ridge,-0.1598945871155002
1732,red,Ridge,-0.2124182338929368
1733,red,Ridge,-0.11777671700843384
1734,red,Ridge,-0.20235373566223558
1735,red,Ridge,-0.1668047841939726
1736,red,Ridge,-0.19761987418286903
1737,red,Ridge,-0.12960567007835344
1738,red,Ridge,-0.18919393227473308
1739,red,Ridge,-0.14965121016031713
1740,red,Ridge,-0.20426982995828608
1741,red,Ridge,-0.16359095509425992
1742,red,Ridge,-0.17441771623420832
1743,red,Ridge,-0.16401501892706916
1744,red,Ridge,-0.18907222781390853
1745,red,Ridge,-0.16432424285704061
1746,red,Ridge,-0.19865938789892934
1747,red,Ridge,-0.15893115401526547
1748,red,Ridge,-0.15876883729977875
1749,red,Ridge,-0.16487742729504817
1750,red,Ridge,-0.16238590114902796
1751,red,Ridge,-0.19869693196193194
1752,red,Ridge,-0.1788870986906157
1753,red,Ridge,-0.1405354698498852
1754,red,Ridge,-0.249841931324423
1755,red,Ridge,-0.1199473515414875
1756,red,Ridge,-0.1015576533274627
1757,red,Ridge,-0.1993331542470449
1758,red,Ridge,-0.12124299688841922
1759,red,Ridge,-0.20208394398687418
1760,red,Ridge,-0.20786735337194506
1761,red,Ridge,-0.13684133848798763
1762,red,Ridge,-0.19192003150959558
1763,red,Ridge,-0.15781269393377373
1764,red,Ridge,-0.14581160476136024
1765,red,Ridge,-0.20991306694650924
1766,red,Ridge,-0.13008979681712374
1767,red,Ridge,-0.16513749410511414
1768,red,Ridge,-0.1977324935875115
1769,red,Ridge,-0.09371507618519492
1770,red,Ridge,-0.09388897530491291
1771,red,Ridge,-0.18386184218548696
1772,red,Ridge,-0.2363626457236977
1773,red,Ridge,-0.10510492054473897
1774,red,Ridge,-0.1591839059990816
1775,red,Ridge,-0.12308061582037544
1776,red,Ridge,-0.1783757168894371
1777,red,Ridge,-0.1350586252500885
1778,red,Ridge,-0.2006980912808789
1779,red,Ridge,-0.25425881243006637
1780,red,Ridge,-0.20031976559042264
1781,red,Ridge,-0.15557749843033042
1782,red,Ridge,-0.2158699719510565
1783,red,Ridge,-0.1329457622048924
1784,red,Ridge,-0.18088463433014434
1785,red,Ridge,-0.15156632745628063
1786,red,Ridge,-0.16574065907464886
1787,red,Ridge,-0.22454391788599715
1788,red,Ridge,-0.205738135220767
1789,red,Ridge,-0.22141841398298662
1790,red,Ridge,-0.13512020643328315
1791,red,Ridge,-0.18710592881497523
1792,red,Ridge,-0.1555595372393156
1793,red,Ridge,-0.2391704840324379
1794,red,Ridge,-0.2008642276675972
1795,red,Ridge,-0.1466596999137303
1796,red,Ridge,-0.13698676102929375
1797,red,Ridge,-0.1712454926888528
1798,red,Ridge,-0.14971120553058015
1799,red,Ridge,-0.12844735319881617
1800,red,Ridge,-0.18590815273488714
1801,red,Ridge,-0.14314855006311766
1802,red,Ridge,-0.11339474775374736
1803,red,Ridge,-0.1682251101458614
1804,red,Ridge,-0.13698970074245598
1805,red,Ridge,-0.1503928449211941
1806,red,Ridge,-0.1703326971002263
1807,red,Ridge,-0.2022943189846842
1808,red,Ridge,-0.18234113967518317
1809,red,Ridge,-0.1622142728903605
1810,red,Ridge,-0.17502428387519642
1811,red,Ridge,-0.18356265532457583
1812,red,Ridge,-0.1725698148454874
1813,red,Ridge,-0.1608474361060731
1814,red,Ridge,-0.25703252646586383
1815,red,Ridge,-0.19204959588687076
1816,red,Ridge,-0.24714777831085766
1817,red,Ridge,-0.22005118156224557
1818,red,Ridge,-0.14844657801959227
1819,red,Ridge,-0.1810111972793198
1820,red,Ridge,-0.12282102969310493
1821,red,Ridge,-0.17921083242248315
1822,red,Ridge,-0.0836856585339314
1823,red,Ridge,-0.19990604162292913
1824,red,Ridge,-0.11397316136240287
1825,red,Ridge,-0.1783700123699845
1826,red,Ridge,-0.22017171891532383
1827,red,Ridge,-0.10592040996658769
1828,red,Ridge,-0.18084751206864802
1829,red,Ridge,-0.19410323782776429
1830,red,Ridge,-0.10842539500601722
1831,red,Ridge,-0.21744333098808694
1832,red,Ridge,-0.14551012179794642
1833,red,Ridge,-0.18816849460755453
1834,red,Ridge,-0.18049454339199938
1835,red,Ridge,-0.2336600147982804
1836,red,Ridge,-0.20521653446986243
1837,red,Ridge,-0.16866127687935362
1838,red,Ridge,-0.20315143252696521
1839,red,Ridge,-0.19905418053190704
1840,red,Ridge,-0.11234983792770437
1841,red,Ridge,-0.17065202630838183
1842,red,Ridge,-0.17939017859899398
1843,red,Ridge,-0.25554838645706945
1844,red,Ridge,-0.14500251462866398
1845,red,Ridge,-0.20279000933654923
1846,red,Ridge,-0.1979658048515498
1847,red,Ridge,-0.23885838046483682
1848,red,Ridge,-0.17561951959445732
1849,red,Ridge,-0.11805853098039598
1850,red,Ridge,-0.18466443715424452
1851,red,Ridge,-0.14124967556684548
1852,red,Ridge,-0.19395255407118323
1853,red,Ridge,-0.14687706821900604
1854,red,Ridge,-0.20346678396718743
1855,red,Ridge,-0.10670303377633106
1856,red,Ridge,-0.22730056458654535
1857,red,Ridge,-0.12397052727365332
1858,red,Ridge,-0.17257694928759743
1859,red,Ridge,-0.1631417032663684
1860,red,Ridge,-0.19848355813505492
1861,red,Ridge,-0.16107159129729792
1862,red,Ridge,-0.21876569632996556
1863,red,Ridge,-0.15823901391401374
1864,red,Ridge,-0.15949639107139624
1865,red,Ridge,-0.16826764427684787
1866,red,Ridge,-0.179550120228111
1867,red,Ridge,-0.22655656445964345
1868,red,Ridge,-0.28638963550129526
1869,red,Ridge,-0.19552507231174054
1870,red,Ridge,-0.15218847886870746
1871,red,Ridge,-0.16920194595308302
1872,red,Ridge,-0.23208089792491204
1873,red,Ridge,-0.15978536309148994
1874,red,Ridge,-0.14809742568293893
1875,red,Ridge,-0.2445659146900705
1876,red,Ridge,-0.15880001328102145
1877,red,Ridge,-0.24681480999906646
1878,red,Ridge,-0.18563160251326993
1879,red,Ridge,-0.20127188724930578
1880,red,Ridge,-0.19553030213737527
1881,red,Ridge,-0.24043424038488914
1882,red,Ridge,-0.13817533522947634
1883,red,Ridge,-0.22032213637022857
1884,red,Ridge,-0.17498478804094442
1885,red,Ridge,-0.1644359148930814
1886,red,Ridge,-0.2007181594617295
1887,red,Ridge,-0.257860738306998
1888,red,Ridge,-0.1066936267566273
1889,red,Ridge,-0.17411154569481901
1890,red,Ridge,-0.1309896953994737
1891,red,Ridge,-0.1970816638745354
1892,red,Ridge,-0.1893230575650463
1893,red,Ridge,-0.14891438500685839
1894,red,Ridge,-0.1987505715971527
1895,red,Ridge,-0.16543244168639637
1896,red,Ridge,-0.1967646516102996
1897,red,Ridge,-0.08515284676311141
1898,red,Ridge,-0.16629627704014804
1899,red,Ridge,-0.19034259017914867
1900,red,Ridge,-0.23210267617046465
1901,red,Ridge,-0.1652247822792764
1902,red,Ridge,-0.1385412618333719
1903,red,Ridge,-0.181958578961799
1904,red,Ridge,-0.14291586039411353
1905,red,Ridge,-0.19377410300432052
1906,red,Ridge,-0.16654725611996962
1907,red,Ridge,-0.17906303762577452
1908,red,Ridge,-0.15301152856193756
1909,red,Ridge,-0.15149340424887137
1910,red,Ridge,-0.13752939541136722
1911,red,Ridge,-0.18196419729911062
1912,red,Ridge,-0.15733678098749848
1913,red,Ridge,-0.19213622800526964
1914,red,Ridge,-0.1573431128672872
1915,red,Ridge,-0.1378456104381216
1916,red,Ridge,-0.1940345825061509
1917,red,Ridge,-0.1996968507828925
1918,red,Ridge,-0.1871330377488304
1919,red,Ridge,-0.17159079165988778
1920,red,Ridge,-0.19820189454970927
1921,red,Ridge,-0.15103996890535532
1922,red,Ridge,-0.15846735911412835
1923,red,Ridge,-0.17165929168097382
1924,red,Ridge,-0.15709610844665411
1925,red,Ridge,-0.148401267904757
1926,red,Ridge,-0.18374083661330892
1927,red,Ridge,-0.17894857825979327
1928,red,Ridge,-0.1432128086949186
1929,red,Ridge,-0.2000277512543981
1930,red,Ridge,-0.18529648734264276
1931,red,Ridge,-0.11823748831290892
1932,red,Ridge,-0.18868463063375762
1933,red,Ridge,-0.2288950429745371
1934,red,Ridge,-0.21713406191286339
1935,red,Ridge,-0.16394516673195153
1936,red,Ridge,-0.12967556356631627
1937,red,Ridge,-0.2490936592416555
1938,red,Ridge,-0.14823409588312852
1939,red,Ridge,-0.16356350573649497
1940,red,Ridge,-0.2117897114646281
1941,red,Ridge,-0.12430412626536769
1942,red,Ridge,-0.15300596155583557
1943,red,Ridge,-0.18089929005279315
1944,red,Ridge,-0.18422488980686758
1945,red,Ridge,-0.13943406693049515
1946,red,Ridge,-0.193666138542962
1947,red,Ridge,-0.2066814393819003
1948,red,Ridge,-0.13617812051640543
1949,red,Ridge,-0.11363151107759706
1950,red,Ridge,-0.16002050472251406
1951,red,Ridge,-0.20741278328330404
1952,red,Ridge,-0.20989786817860762
1953,red,Ridge,-0.17111281711261261
1954,red,Ridge,-0.1297086413606796
1955,red,Ridge,-0.18397416456044213
1956,red,Ridge,-0.19629478297235503
1957,red,Ridge,-0.18609385916744037
1958,red,Ridge,-0.14099504761593246
1959,red,Ridge,-0.21459242204480544
1960,red,Ridge,-0.11701452793018396
1961,red,Ridge,-0.237220820675194
1962,red,Ridge,-0.10621529551192455
1963,red,Ridge,-0.253093301772486
1964,red,Ridge,-0.23150468619114056
1965,red,Ridge,-0.17440769661000666
1966,red,Ridge,-0.190177288567916
1967,red,Ridge,-0.15640210624042405
1968,red,Ridge,-0.23089175457962685
1969,red,Ridge,-0.18470001552554122
1970,red,Ridge,-0.13670077100362632
1971,red,Ridge,-0.15071569829649023
1972,red,Ridge,-0.21988438548230727
1973,red,Ridge,-0.14860012292968383
1974,red,Ridge,-0.2295683294809867
1975,red,Ridge,-0.15980311802682345
1976,red,Ridge,-0.25271291742129626
1977,red,Ridge,-0.10848442504020273
1978,red,Ridge,-0.12417354565915295
1979,red,Ridge,-0.14213450170338282
1980,red,Ridge,-0.10721814224046466
1981,red,Ridge,-0.12564943581344112
1982,red,Ridge,-0.08535541278654157
1983,red,Ridge,-0.18359733302966397
1984,red,Ridge,-0.10758045678097605
1985,red,Ridge,-0.18955577256464473
1986,red,Ridge,-0.15030483476378198
1987,red,Ridge,-0.14710734891457866
1988,red,Ridge,-0.16708805940670973
1989,red,Ridge,-0.18524649096521617
1990,red,Ridge,-0.14186940360004419
1991,red,Ridge,-0.16688482675006838
1992,red,Ridge,-0.18062672132617252
1993,red,Ridge,-0.19853432701996943
1994,red,Ridge,-0.09132808698136008
1995,red,Ridge,-0.15354492099292383
1996,red,Ridge,-0.16338008755466538
1997,red,Ridge,-0.15373015757578568
1998,red,Ridge,-0.22193388731644925
1999,red,Ridge,-0.20834265563689658
0,red,随机森林,-0.17363383468156302
1,red,随机森林,-0.12512658933289034
2,red,随机森林,-0.18870379788205122
3,red,随机森林,-0.16521775902322156
4,red,随机森林,-0.15085906392321735
5,red,随机森林,-0.19584948869982366
6,red,随机森林,-0.1984382781992875
7,red,随机森林,-0.17886379572084565
8,red,随机森林,-0.15181984573710028
9,red,随机森林,-0.12763226344653084
10,red,随机森林,-0.16020879641441232
11,red,随机森林,-0.18775947817886085
12,red,随机森林,-0.21200977446624758
13,red,随机森林,-0.2749889119354753
14,red,随机森林,-0.1643708545929179
15,red,随机森林,-0.2009925667623021
16,red,随机森林,-0.11891762532395078
17,red,随机森林,-0.14999021553489805
18,red,随机森林,-0.1774671950050477
19,red,随机森林,-0.17006924443616112
20,red,随机森林,-0.1803571502920649
21,red,随机森林,-0.24165672218609063
22,red,随机森林,-0.151411187013254
23,red,随机森林,-0.23088620470136229
24,red,随机森林,-0.16387205186920795
25,red,随机森林,-0.13978232995872203
26,red,随机森林,-0.1989219548450547
27,red,随机森林,-0.1564165231519623
28,red,随机森林,-0.2682421924067991
29,red,随机森林,-0.1618230118130627
30,red,随机森林,-0.16853861974205353
31,red,随机森林,-0.21599735683761045
32,red,随机森林,-0.093229777166981
33,red,随机森林,-0.200122311307456
34,red,随机森林,-0.23165696115982304
35,red,随机森林,-0.20191076954219378
36,red,随机森林,-0.14027064438061698
37,red,随机森林,-0.11371412512628432
38,red,随机森林,-0.20993827145660582
39,red,随机森林,-0.18243802075379134
40,red,随机森林,-0.2582166233393294
41,red,随机森林,-0.15005842168228278
42,red,随机森林,-0.20313639336941847
43,red,随机森林,-0.19044413897603596
44,red,随机森林,-0.1675560648750848
45,red,随机森林,-0.14461793343573726
46,red,随机森林,-0.1631331435659672
47,red,随机森林,-0.21248758317357574
48,red,随机森林,-0.24073900258255543
49,red,随机森林,-0.2816118735324754
50,red,随机森林,-0.18535168255676338
51,red,随机森林,-0.17072591371124818
52,red,随机森林,-0.1962822928115227
53,red,随机森林,-0.20170425097632505
54,red,随机森林,-0.173050672147404
55,red,随机森林,-0.1773924536524618
56,red,随机森林,-0.23810477357130472
57,red,随机森林,-0.17625449467952825
58,red,随机森林,-0.21989825728174595
59,red,随机森林,-0.18178032673876388
60,red,随机森林,-0.1478410229181607
61,red,随机森林,-0.18104361742451797
62,red,随机森林,-0.20387577686535818
63,red,随机森林,-0.20632418468760033
64,red,随机森林,-0.167548645072493
65,red,随机森林,-0.20971938623101022
66,red,随机森林,-0.18913871161599138
67,red,随机森林,-0.22763142018592775
68,red,随机森林,-0.14021007303311572
69,red,随机森林,-0.15959522302865048
70,red,随机森林,-0.2187723375671914
71,red,随机森林,-0.15676313484234294
72,red,随机森林,-0.254154736185906
73,red,随机森林,-0.18928305369950382
74,red,随机森林,-0.1757843126010714
75,red,随机森林,-0.17638924560559588
76,red,随机森林,-0.19379786497478485
77,red,随机森林,-0.1568539315878431
78,red,随机森林,-0.1552324305316064
79,red,随机森林,-0.21441019505590442
80,red,随机森林,-0.22741194652873165
81,red,随机森林,-0.1450095584698763
82,red,随机森林,-0.21504819301276273
83,red,随机森林,-0.23768470588499424
84,red,随机森林,-0.22160176496024364
85,red,随机森林,-0.20638621051024703
86,red,随机森林,-0.20745076643848936
87,red,随机森林,-0.19206873215605902
88,red,随机森林,-0.27013066962974425
89,red,随机森林,-0.1841585038668404
90,red,随机森林,-0.20583273638118366
91,red,随机森林,-0.21885643259546456
92,red,随机森林,-0.14668007647453896
93,red,随机森林,-0.17760755348279889
94,red,随机森林,-0.2083322267901455
95,red,随机森林,-0.17219053252830918
96,red,随机森林,-0.14814613771590768
97,red,随机森林,-0.19216350211211258
98,red,随机森林,-0.18870807373764054
99,red,随机森林,-0.2121375486509819
100,red,随机森林,-0.22030328175014785
101,red,随机森林,-0.1698837129670681
102,red,随机森林,-0.18627657923785695
103,red,随机森林,-0.16315631836202793
104,red,随机森林,-0.19201719161062408
105,red,随机森林,-0.13747017360208746
106,red,随机森林,-0.20348974826947785
107,red,随机森林,-0.21928084818330695
108,red,随机森林,-0.13508154520774507
109,red,随机森林,-0.18063520134262356
110,red,随机森林,-0.1965003209567065
111,red,随机森林,-0.226533322524908
112,red,随机森林,-0.2140026111086501
113,red,随机森林,-0.22456716845692737
114,red,随机森林,-0.18011500244071688
115,red,随机森林,-0.18792172701866483
116,red,随机森林,-0.16523001798268633
117,red,随机森林,-0.26025830504884806
118,red,随机森林,-0.18956232607899504
119,red,随机森林,-0.21948230696840776
120,red,随机森林,-0.10025456727651716
121,red,随机森林,-0.22616306336361208
122,red,随机森林,-0.12916949527061716
123,red,随机森林,-0.15670291739636782
124,red,随机森林,-0.24315416064331924
125,red,随机森林,-0.0856562741702418
126,red,随机森林,-0.1512911692228841
127,red,随机森林,-0.2198962975016569
128,red,随机森林,-0.16359597551223337
129,red,随机森林,-0.1591939598783484
130,red,随机森林,-0.1963076712617593
131,red,随机森林,-0.1577953163093928
132,red,随机森林,-0.1426460574555155
133,red,随机森林,-0.1774772988608596
134,red,随机森林,-0.18953478621127384
135,red,随机森林,-0.14119591022472922
136,red,随机森林,-0.16738206860432914
137,red,随机森林,-0.2425711850608332
138,red,随机森林,-0.20613920929935003
139,red,随机森林,-0.16603872129511393
140,red,随机森林,-0.12482417567900916
141,red,随机森林,-0.21268351277374736
142,red,随机森林,-0.20763283059685622
143,red,随机森林,-0.15304113430390703
144,red,随机森林,-0.23948490449728715
145,red,随机森林,-0.0920021565150646
146,red,随机森林,-0.20025703275400042
147,red,随机森林,-0.1858631655530295
148,red,随机森林,-0.22633278930778888
149,red,随机森林,-0.1550907231556471
150,red,随机森林,-0.18640359996277067
151,red,随机森林,-0.17194002847835987
152,red,随机森林,-0.17254444914449318
153,red,随机森林,-0.1727085818348908
154,red,随机森林,-0.13443025016222132
155,red,随机森林,-0.09934056169095118
156,red,随机森林,-0.22252777914175692
157,red,随机森林,-0.18208078801620953
158,red,随机森林,-0.18382673634349678
159,red,随机森林,-0.20698326294408093
160,red,随机森林,-0.21282914383697038
161,red,随机森林,-0.2615057881921583
162,red,随机森林,-0.24750376538813412
163,red,随机森林,-0.18975526911828144
164,red,随机森林,-0.16027645850674266
165,red,随机森林,-0.26050762552812595
166,red,随机森林,-0.14056979154457006
167,red,随机森林,-0.15955051658785746
168,red,随机森林,-0.13377392067587696
169,red,随机森林,-0.18179984227069645
170,red,随机森林,-0.11825549369029531
171,red,随机森林,-0.1713758030931557
172,red,随机森林,-0.11980151132305372
173,red,随机森林,-0.15949290405298122
174,red,随机森林,-0.24475972217576147
175,red,随机森林,-0.2104052206509211
176,red,随机森林,-0.2406746318209077
177,red,随机森林,-0.14697081256639166
178,red,随机森林,-0.29875427686490824
179,red,随机森林,-0.2635668242790575
180,red,随机森林,-0.21368559189516317
181,red,随机森林,-0.13900437656361864
182,red,随机森林,-0.17788097984678475
183,red,随机森林,-0.11949974197359048
184,red,随机森林,-0.24375150124322587
185,red,随机森林,-0.16245992721635227
186,red,随机森林,-0.18646048112597025
187,red,随机森林,-0.18053297045143452
188,red,随机森林,-0.2301909005743451
189,red,随机森林,-0.22946388775269477
190,red,随机森林,-0.16874689473805515
191,red,随机森林,-0.19313090038072578
192,red,随机森林,-0.17148499849596055
193,red,随机森林,-0.21028734231585178
194,red,随机森林,-0.16617649443191662
195,red,随机森林,-0.18656783676127053
196,red,随机森林,-0.16803568397919344
197,red,随机森林,-0.2461638058025336
198,red,随机森林,-0.14492537223212987
199,red,随机森林,-0.17378555616423913
200,red,随机森林,-0.24000846468258064
201,red,随机森林,-0.1554607486842267
202,red,随机森林,-0.1892183535578983
203,red,随机森林,-0.31068227814877597
204,red,随机森林,-0.21171023346223006
205,red,随机森林,-0.23282598273334398
206,red,随机森林,-0.17094221843881158
207,red,随机森林,-0.20134385955222245
208,red,随机森林,-0.16142691761191275
209,red,随机森林,-0.18278739559639756
210,red,随机森林,-0.16888743626307867
211,red,随机森林,-0.2148103259325832
212,red,随机森林,-0.14990229047286474
213,red,随机森林,-0.16460597489265089
214,red,随机森林,-0.16359877231368536
215,red,随机森林,-0.14073678726031336
216,red,随机森林,-0.18155930732222908
217,red,随机森林,-0.16313126921295207
218,red,随机森林,-0.1947067209653105
219,red,随机森林,-0.22440416589766454
220,red,随机森林,-0.15384708289159738
221,red,随机森林,-0.2279156893161698
222,red,随机森林,-0.2760873992333854
223,red,随机森林,-0.20611276637198467
224,red,随机森林,-0.18752795661927135
225,red,随机森林,-0.13737190918302067
226,red,随机森林,-0.2051244561198437
227,red,随机森林,-0.2049560839700474
228,red,随机森林,-0.20647636337873082
229,red,随机森林,-0.2157073499528181
230,red,随机森林,-0.20026852064735823
231,red,随机森林,-0.2083221590608924
232,red,随机森林,-0.15372257976369763
233,red,随机森林,-0.11076726041031831
234,red,随机森林,-0.19724686677049652
235,red,随机森林,-0.22892649739526172
236,red,随机森林,-0.2190002573517995
237,red,随机森林,-0.2327152883075861
238,red,随机森林,-0.1714090099595017
239,red,随机森林,-0.2061482565143234
240,red,随机森林,-0.20798919931914822
241,red,随机森林,-0.2739481586638324
242,red,随机森林,-0.22006859315669752
243,red,随机森林,-0.2537016946689242
244,red,随机森林,-0.2726979996831789
245,red,随机森林,-0.23272813308098889
246,red,随机森林,-0.15501351122813956
247,red,随机森林,-0.24830575443283687
248,red,随机森林,-0.17957962239813263
249,red,随机森林,-0.20616557089482102
250,red,随机森林,-0.21588848402812927
251,red,随机森林,-0.2229244172379483
252,red,随机森林,-0.20003744781159938
253,red,随机森林,-0.16229681161214893
254,red,随机森林,-0.12815515233706576
255,red,随机森林,-0.25409656126186475
256,red,随机森林,-0.15008152367760963
257,red,随机森林,-0.20617421209905784
258,red,随机森林,-0.21998817792577957
259,red,随机森林,-0.2520597647597655
260,red,随机森林,-0.2292626656215973
261,red,随机森林,-0.231760161222056
262,red,随机森林,-0.148666079107526
263,red,随机森林,-0.1528905510564621
264,red,随机森林,-0.2159753342173496
265,red,随机森林,-0.17471299344122265
266,red,随机森林,-0.19340917421300047
267,red,随机森林,-0.08683803220035002
268,red,随机森林,-0.2469926713999206
269,red,随机森林,-0.20498043139519
270,red,随机森林,-0.1868481549494776
271,red,随机森林,-0.21356002313744193
272,red,随机森林,-0.21196127925327063
273,red,随机森林,-0.19799686619931434
274,red,随机森林,-0.18238962891576832
275,red,随机森林,-0.2222269127347204
276,red,随机森林,-0.1814187551318064
277,red,随机森林,-0.13764160309579798
278,red,随机森林,-0.24375834158135784
279,red,随机森林,-0.20366279339339732
280,red,随机森林,-0.15805193294825348
281,red,随机森林,-0.16863598196165197
282,red,随机森林,-0.2466298342404562
283,red,随机森林,-0.21435112968532366
284,red,随机森林,-0.23382828192465643
285,red,随机森林,-0.16044364070587092
286,red,随机森林,-0.21301561175083417
287,red,随机森林,-0.1341863757131293
288,red,随机森林,-0.19088231818298285
289,red,随机森林,-0.11835949963177417
290,red,随机森林,-0.19986824311767282
291,red,随机森林,-0.22379353032285743
292,red,随机森林,-0.1721888447747859
293,red,随机森林,-0.1360308292335809
294,red,随机森林,-0.20241403464237073
295,red,随机森林,-0.1469893158582224
296,red,随机森林,-0.22701975146631143
297,red,随机森林,-0.1951082106488734
298,red,随机森林,-0.19835037168726816
299,red,随机森林,-0.12889996473614884
300,red,随机森林,-0.20844333642771157
301,red,随机森林,-0.197069092969881
302,red,随机森林,-0.20065026192569857
303,red,随机森林,-0.1790606771450538
304,red,随机森林,-0.15833057216383628
305,red,随机森林,-0.1360430790942983
306,red,随机森林,-0.2064559716744535
307,red,随机森林,-0.16069285146522022
308,red,随机森林,-0.16210031431053118
309,red,随机森林,-0.1606115839419625
310,red,随机森林,-0.21789766774834096
311,red,随机森林,-0.15668606325782647
312,red,随机森林,-0.21058571357391803
313,red,随机森林,-0.18883924958047255
314,red,随机森林,-0.22861416325531198
315,red,随机森林,-0.20761363373151281
316,red,随机森林,-0.1983204949330178
317,red,随机森林,-0.19219844630074512
318,red,随机森林,-0.19024555231523993
319,red,随机森林,-0.22825917990153394
320,red,随机森林,-0.18427426265864189
321,red,随机森林,-0.21529709671347647
322,red,随机森林,-0.24010476740003694
323,red,随机森林,-0.31450970362447944
324,red,随机森林,-0.1703582039488475
325,red,随机森林,-0.27059508135403676
326,red,随机森林,-0.17015327569225913
327,red,随机森林,-0.2520919445640447
328,red,随机森林,-0.18618289705311164
329,red,随机森林,-0.2211878548151922
330,red,随机森林,-0.19858015487369096
331,red,随机森林,-0.2221051776876008
332,red,随机森林,-0.16692572521719906
333,red,随机森林,-0.17495408383605382
334,red,随机森林,-0.24076490569435938
335,red,随机森林,-0.18456535564237098
336,red,随机森林,-0.21968993882395915
337,red,随机森林,-0.20304560577938907
338,red,随机森林,-0.23978195875192482
339,red,随机森林,-0.189719211464013
340,red,随机森林,-0.14604143713853757
341,red,随机森林,-0.23597094566088372
342,red,随机森林,-0.24144576199601475
343,red,随机森林,-0.22384283844362868
344,red,随机森林,-0.2157893108595222
345,red,随机森林,-0.11705027180792815
346,red,随机森林,-0.19953350246093415
347,red,随机森林,-0.20043026973333988
348,red,随机森林,-0.22121610054205976
349,red,随机森林,-0.19245963658013854
350,red,随机森林,-0.15384273013734762
351,red,随机森林,-0.21797839397480356
352,red,随机森林,-0.04415087145869523
353,red,随机森林,-0.1741841783814722
354,red,随机森林,-0.1715048463104617
355,red,随机森林,-0.19114799696011364
356,red,随机森林,-0.25773860197295684
357,red,随机森林,-0.14276897859597404
358,red,随机森林,-0.17212464713801146
359,red,随机森林,-0.18064190178541162
360,red,随机森林,-0.16305801183739055
361,red,随机森林,-0.20070561778442197
362,red,随机森林,-0.20474384488468705
363,red,随机森林,-0.13977934313765494
364,red,随机森林,-0.14031466757991284
365,red,随机森林,-0.21070461748661218
366,red,随机森林,-0.22301989579656295
367,red,随机森林,-0.2812956128982096
368,red,随机森林,-0.2312065004555227
369,red,随机森林,-0.12156024894148665
370,red,随机森林,-0.1713651547255592
371,red,随机森林,-0.15286960091236979
372,red,随机森林,-0.21283603041167304
373,red,随机森林,-0.17239913295333442
374,red,随机森林,-0.17633818678845015
375,red,随机森林,-0.2630137439188628
376,red,随机森林,-0.16825394853451847
377,red,随机森林,-0.21270755150539244
378,red,随机森林,-0.16717447250592288
379,red,随机森林,-0.12149803437539086
380,red,随机森林,-0.1997640793149048
381,red,随机森林,-0.1825064465917859
382,red,随机森林,-0.17993108959455145
383,red,随机森林,-0.17474003531050347
384,red,随机森林,-0.18781021562797873
385,red,随机森林,-0.11865584400894347
386,red,随机森林,-0.2392579752481303
387,red,随机森林,-0.16704008737897824
388,red,随机森林,-0.1612667138044399
389,red,随机森林,-0.22749485114020984
390,red,随机森林,-0.20613640705498537
391,red,随机森林,-0.17560835559020005
392,red,随机森林,-0.11456992789380571
393,red,随机森林,-0.20910382352576262
394,red,随机森林,-0.14958037480451358
395,red,随机森林,-0.15641090869646224
396,red,随机森林,-0.1759593855423336
397,red,随机森林,-0.18179000761021302
398,red,随机森林,-0.16697299010809324
399,red,随机森林,-0.22170926820996828
400,red,随机森林,-0.1362496179873322
401,red,随机森林,-0.14792214609465493
402,red,随机森林,-0.17471723357120028
403,red,随机森林,-0.22324528275227984
404,red,随机森林,-0.2402451788768658
405,red,随机森林,-0.22431932967009383
406,red,随机森林,-0.17048574331727945
407,red,随机森林,-0.17972168994578586
408,red,随机森林,-0.21209165643369698
409,red,随机森林,-0.2069256440722661
410,red,随机森林,-0.12005323895501313
411,red,随机森林,-0.15320578722523848
412,red,随机森林,-0.17569979887410847
413,red,随机森林,-0.18649720019939015
414,red,随机森林,-0.2280651213420114
415,red,随机森林,-0.17837739161220095
416,red,随机森林,-0.10347614828680418
417,red,随机森林,-0.16094580843223927
418,red,随机森林,-0.20585724486193702
419,red,随机森林,-0.12606951145117617
420,red,随机森林,-0.26678943162439744
421,red,随机森林,-0.15045758570526058
422,red,随机森林,-0.06658426129813166
423,red,随机森林,-0.16527437051516564
424,red,随机森林,-0.2636985381483262
425,red,随机森林,-0.2296806299486308
426,red,随机森林,-0.23032962174442734
427,red,随机森林,-0.20482941234399993
428,red,随机森林,-0.1796972192128642
429,red,随机森林,-0.21375230237943565
430,red,随机森林,-0.17487898138717983
431,red,随机森林,-0.24192436926540856
432,red,随机森林,-0.20933600406918546
433,red,随机森林,-0.1528285265972652
434,red,随机森林,-0.21263748986775616
435,red,随机森林,-0.14251394807759832
436,red,随机森林,-0.15161352306942655
437,red,随机森林,-0.07376389537220573
438,red,随机森林,-0.18971344712221427
439,red,随机森林,-0.2071414100303015
440,red,随机森林,-0.19842264189676678
441,red,随机森林,-0.18692464836653244
442,red,随机森林,-0.17974489063525845
443,red,随机森林,-0.13583429421313653
444,red,随机森林,-0.12962685292548548
445,red,随机森林,-0.16462376401651047
446,red,随机森林,-0.2669008954548658
447,red,随机森林,-0.17503562373003734
448,red,随机森林,-0.09662243814479388
449,red,随机森林,-0.17357114114579725
450,red,随机森林,-0.22167303745077221
451,red,随机森林,-0.20388656332733257
452,red,随机森林,-0.1618038104108691
453,red,随机森林,-0.2201800933997542
454,red,随机森林,-0.14945728198618413
455,red,随机森林,-0.1574794820388657
456,red,随机森林,-0.18729136775380517
457,red,随机森林,-0.20705611489964515
458,red,随机森林,-0.19504921094911853
459,red,随机森林,-0.17518555476992692
460,red,随机森林,-0.21121251560269994
461,red,随机森林,-0.11054317360173754
462,red,随机森林,-0.17575634426856335
463,red,随机森林,-0.19084441395172153
464,red,随机森林,-0.11099198835894863
465,red,随机森林,-0.16554806808249972
466,red,随机森林,-0.18173491628620042
467,red,随机森林,-0.2069087118834657
468,red,随机森林,-0.15185190096458345
469,red,随机森林,-0.19472563927218545
470,red,随机森林,-0.1529959891349949
471,red,随机森林,-0.2808194554463416
472,red,随机森林,-0.21399168055512285
473,red,随机森林,-0.1674183820993148
474,red,随机森林,-0.2405980990881258
475,red,随机森林,-0.2267351002409359
476,red,随机森林,-0.1741608285970585
477,red,随机森林,-0.17787683900912032
478,red,随机森林,-0.15324881462900342
479,red,随机森林,-0.17695817745646014
480,red,随机森林,-0.18016628179728034
481,red,随机森林,-0.19039760814829165
482,red,随机森林,-0.24237335354743345
483,red,随机森林,-0.26047797639413683
484,red,随机森林,-0.17326305185664753
485,red,随机森林,-0.23106600235100616
486,red,随机森林,-0.1738149445367777
487,red,随机森林,-0.16229340065280462
488,red,随机森林,-0.17527944440774657
489,red,随机森林,-0.16383409388369446
490,red,随机森林,-0.20312769674617503
491,red,随机森林,-0.18732339187515645
492,red,随机森林,-0.22326272403752584
493,red,随机森林,-0.12414576560323876
494,red,随机森林,-0.1277293605716252
495,red,随机森林,-0.17638681240830667
496,red,随机森林,-0.1899175700602314
497,red,随机森林,-0.16244041566427403
498,red,随机森林,-0.21613082906983666
499,red,随机森林,-0.16837493800484316
500,red,随机森林,-0.20455368540169766
501,red,随机森林,-0.14478106331055196
502,red,随机森林,-0.23331499051172994
503,red,随机森林,-0.2524052466346274
504,red,随机森林,-0.16583391490951704
505,red,随机森林,-0.1628995500280399
506,red,随机森林,-0.1981276929539022
507,red,随机森林,-0.28528150092709026
508,red,随机森林,-0.15426360075975587
509,red,随机森林,-0.16078251090369772
510,red,随机森林,-0.2447112069560453
511,red,随机森林,-0.19350059242129453
512,red,随机森林,-0.21947960596947358
513,red,随机森林,-0.17582587046436415
514,red,随机森林,-0.18253825400786095
515,red,随机森林,-0.12140806460878106
516,red,随机森林,-0.21580120862737923
517,red,随机森林,-0.18134889238753282
518,red,随机森林,-0.17401805729055864
519,red,随机森林,-0.19494517924106425
520,red,随机森林,-0.2255874962540807
521,red,随机森林,-0.28537652087684096
522,red,随机森林,-0.1849450693270539
523,red,随机森林,-0.22559908514124577
524,red,随机森林,-0.17019251406177016
525,red,随机森林,-0.24290659414011712
526,red,随机森林,-0.15142688414695749
527,red,随机森林,-0.21337592981421516
528,red,随机森林,-0.17684863799988337
529,red,随机森林,-0.1525834675697436
530,red,随机森林,-0.2118144101379471
531,red,随机森林,-0.16797027227214423
532,red,随机森林,-0.22890947871662826
533,red,随机森林,-0.18433824621021544
534,red,随机森林,-0.15378471515184233
535,red,随机森林,-0.2123159757978425
536,red,随机森林,-0.25095428658620866
537,red,随机森林,-0.20246486650094675
538,red,随机森林,-0.1653834965378137
539,red,随机森林,-0.18518941441787273
540,red,随机森林,-0.18517910036757362
541,red,随机森林,-0.24629798213898063
542,red,随机森林,-0.18519815334134565
543,red,随机森林,-0.21745450662201804
544,red,随机森林,-0.1395672339478098
545,red,随机森林,-0.24617472698043258
546,red,随机森林,-0.21110048962103256
547,red,随机森林,-0.23895076456216224
548,red,随机森林,-0.12019569854088463
549,red,随机森林,-0.23530218556559945
550,red,随机森林,-0.2020574671581541
551,red,随机森林,-0.1290676895771261
552,red,随机森林,-0.19437739078429417
553,red,随机森林,-0.1685067169685468
554,red,随机森林,-0.19737273814373868
555,red,随机森林,-0.18311578263885575
556,red,随机森林,-0.12927046378831947
557,red,随机森林,-0.13341209205344973
558,red,随机森林,-0.1753988785928392
559,red,随机森林,-0.26536650091082054
560,red,随机森林,-0.1484437539004404
561,red,随机森林,-0.23540922082726895
562,red,随机森林,-0.1907891842466639
563,red,随机森林,-0.21034492176663855
564,red,随机森林,-0.26481982381334257
565,red,随机森林,-0.16094275285995913
566,red,随机森林,-0.1933861228532825
567,red,随机森林,-0.17035331151596078
568,red,随机森林,-0.135646483020465
569,red,随机森林,-0.12703527176680296
570,red,随机森林,-0.2033030141862494
571,red,随机森林,-0.13108817530306582
572,red,随机森林,-0.2024105661558726
573,red,随机森林,-0.146740551379959
574,red,随机森林,-0.16200447248687266
575,red,随机森林,-0.21378276732540602
576,red,随机森林,-0.23137022358404552
577,red,随机森林,-0.21443479555788914
578,red,随机森林,-0.15375176421939385
579,red,随机森林,-0.23475464601966317
580,red,随机森林,-0.2232482816627122
581,red,随机森林,-0.1880830074088386
582,red,随机森林,-0.17866041481662137
583,red,随机森林,-0.21536454163592328
584,red,随机森林,-0.2369064745822016
585,red,随机森林,-0.23675780256412332
586,red,随机森林,-0.15101416171749327
587,red,随机森林,-0.15697642815656
588,red,随机森林,-0.15749788538675946
589,red,随机森林,-0.12037163507147924
590,red,随机森林,-0.1921942532216075
591,red,随机森林,-0.19846216422332663
592,red,随机森林,-0.19036847033508408
593,red,随机森林,-0.15308857725527514
594,red,随机森林,-0.1338061987583109
595,red,随机森林,-0.24556137484828988
596,red,随机森林,-0.19222130670020326
597,red,随机森林,-0.1798023185343426
598,red,随机森林,-0.20631334636147136
599,red,随机森林,-0.15593969584737644
600,red,随机森林,-0.16881046818654255
601,red,随机森林,-0.14317922972968344
602,red,随机森林,-0.21474478250841178
603,red,随机森林,-0.17887166185336045
604,red,随机森林,-0.16275472077442832
605,red,随机森林,-0.19647361146953402
606,red,随机森林,-0.18347237166124863
607,red,随机森林,-0.1872409937197198
608,red,随机森林,-0.16212124711800047
609,red,随机森林,-0.18897703205286825
610,red,随机森林,-0.15333460020238088
611,red,随机森林,-0.24787163620398656
612,red,随机森林,-0.199369341378544
613,red,随机森林,-0.17706443889661083
614,red,随机森林,-0.2565864737427803
615,red,随机森林,-0.1560366641470199
616,red,随机森林,-0.18090779985334682
617,red,随机森林,-0.144879499326722
618,red,随机森林,-0.1277725038304296
619,red,随机森林,-0.18110528486256555
620,red,随机森林,-0.16914313285738436
621,red,随机森林,-0.193269948066779
622,red,随机森林,-0.12652593904385512
623,red,随机森林,-0.13961289637148133
624,red,随机森林,-0.17187153133786326
625,red,随机森林,-0.1610593159675175
626,red,随机森林,-0.1443430973298931
627,red,随机森林,-0.13680191824650367
628,red,随机森林,-0.2239073120827194
629,red,随机森林,-0.16836037176369278
630,red,随机森林,-0.1208072520310195
631,red,随机森林,-0.20029671155144613
632,red,随机森林,-0.18481978904744967
633,red,随机森林,-0.18361619184253908
634,red,随机森林,-0.2380631472018574
635,red,随机森林,-0.1723574598578429
636,red,随机森林,-0.13163708593397055
637,red,随机森林,-0.19103033196917857
638,red,随机森林,-0.15124992355761518
639,red,随机森林,-0.23817274283032697
640,red,随机森林,-0.1269856124405372
641,red,随机森林,-0.18968163873524702
642,red,随机森林,-0.1742545611767239
643,red,随机森林,-0.17270274213307635
644,red,随机森林,-0.2384206690873633
645,red,随机森林,-0.14628305715690226
646,red,随机森林,-0.23656560151849126
647,red,随机森林,-0.18763227516929015
648,red,随机森林,-0.2156076645323799
649,red,随机森林,-0.19637824718533525
650,red,随机森林,-0.21464541658485625
651,red,随机森林,-0.1814670688413369
652,red,随机森林,-0.19021880513932488
653,red,随机森林,-0.1989492613475527
654,red,随机森林,-0.1521995095777754
655,red,随机森林,-0.19129520369855663
656,red,随机森林,-0.16171375470195903
657,red,随机森林,-0.1792570806732705
658,red,随机森林,-0.18545903663633062
659,red,随机森林,-0.13925893776820852
660,red,随机森林,-0.19892052567227048
661,red,随机森林,-0.20689417885681172
662,red,随机森林,-0.2239482933628521
663,red,随机森林,-0.14189205853080067
664,red,随机森林,-0.2025939610526985
665,red,随机森林,-0.3044551230754114
666,red,随机森林,-0.16836767263955144
667,red,随机森林,-0.1908804159433234
668,red,随机森林,-0.1561460797868407
669,red,随机森林,-0.13565834355903228
670,red,随机森林,-0.24096346450135536
671,red,随机森林,-0.19227035263139575
672,red,随机森林,-0.15104694307381583
673,red,随机森林,-0.14991116739061794
674,red,随机森林,-0.16833059738590395
675,red,随机森林,-0.23887626999714995
676,red,随机森林,-0.21019909043549473
677,red,随机森林,-0.1574162190421199
678,red,随机森林,-0.1565820590311151
679,red,随机森林,-0.2507187861346364
680,red,随机森林,-0.1427625816825993
681,red,随机森林,-0.20491260717565207
682,red,随机森林,-0.24321757669884564
683,red,随机森林,-0.11033469152903275
684,red,随机森林,-0.15777359981485956
685,red,随机森林,-0.17691518589070193
686,red,随机森林,-0.1902065461140433
687,red,随机森林,-0.20164855007206067
688,red,随机森林,-0.1756222654844949
689,red,随机森林,-0.25698347323177473
690,red,随机森林,-0.275167401157016
691,red,随机森林,-0.21716377843568307
692,red,随机森林,-0.17210973618808645
693,red,随机森林,-0.20145144508525448
694,red,随机森林,-0.19671796717698598
695,red,随机森林,-0.1419804812724655
696,red,随机森林,-0.1974377204352451
697,red,随机森林,-0.21374923198134088
698,red,随机森林,-0.1943821075520934
699,red,随机森林,-0.23569140254610704
700,red,随机森林,-0.19236445852563783
701,red,随机森林,-0.18049667938148872
702,red,随机森林,-0.19587851487599983
703,red,随机森林,-0.26176802898179197
704,red,随机森林,-0.18282001053493863
705,red,随机森林,-0.1087859574797696
706,red,随机森林,-0.11603538338579777
707,red,随机森林,-0.12541480368240504
708,red,随机森林,-0.15429718768249345
709,red,随机森林,-0.21375098278386018
710,red,随机森林,-0.22097860866723174
711,red,随机森林,-0.19246801646154266
712,red,随机森林,-0.10272420597267168
713,red,随机森林,-0.18048688796931778
714,red,随机森林,-0.17839182711087154
715,red,随机森林,-0.18725462816326954
716,red,随机森林,-0.2276175741470986
717,red,随机森林,-0.16731582254726313
718,red,随机森林,-0.23303415498621066
719,red,随机森林,-0.18750179839476533
720,red,随机森林,-0.18770056478102182
721,red,随机森林,-0.08558630387501887
722,red,随机森林,-0.24470946041735642
723,red,随机森林,-0.19694724943049557
724,red,随机森林,-0.18296206080535582
725,red,随机森林,-0.1376215975901146
726,red,随机森林,-0.2636992873330101
727,red,随机森林,-0.12319620369770168
728,red,随机森林,-0.19173469861536324
729,red,随机森林,-0.171436812861325
730,red,随机森林,-0.19729776365477325
731,red,随机森林,-0.10927269933158879
732,red,随机森林,-0.17225197922798713
733,red,随机森林,-0.189235405790813
734,red,随机森林,-0.18358545084766015
735,red,随机森林,-0.1715300591497274
736,red,随机森林,-0.13629692005344785
737,red,随机森林,-0.18610085958570782
738,red,随机森林,-0.18296670781241703
739,red,随机森林,-0.18203496252234452
740,red,随机森林,-0.22364028795029345
741,red,随机森林,-0.0754356966457127
742,red,随机森林,-0.22229827788555712
743,red,随机森林,-0.18856257820669897
744,red,随机森林,-0.16919253565252834
745,red,随机森林,-0.1700459325359543
746,red,随机森林,-0.1577249904063424
747,red,随机森林,-0.25791889484401453
748,red,随机森林,-0.22240883065359052
749,red,随机森林,-0.14670724731286272
750,red,随机森林,-0.21503499284099575
751,red,随机森林,-0.11766103438028241
752,red,随机森林,-0.2077182990522185
753,red,随机森林,-0.19592677997101693
754,red,随机森林,-0.20800081632109846
755,red,随机森林,-0.24189202384009711
756,red,随机森林,-0.2095816996362314
757,red,随机森林,-0.20164803627532957
758,red,随机森林,-0.2604531997098927
759,red,随机森林,-0.11241519605852324
760,red,随机森林,-0.28534745728868366
761,red,随机森林,-0.13035024335120438
762,red,随机森林,-0.19555931780316266
763,red,随机森林,-0.2502443295479226
764,red,随机森林,-0.21774238954069247
765,red,随机森林,-0.21076518452328336
766,red,随机森林,-0.25977223842151365
767,red,随机森林,-0.1884071206829674
768,red,随机森林,-0.21210060109138096
769,red,随机森林,-0.18349709976062195
770,red,随机森林,-0.14933912628519463
771,red,随机森林,-0.14695888402995194
772,red,随机森林,-0.1785110987351849
773,red,随机森林,-0.12578882188998575
774,red,随机森林,-0.1850497192444075
775,red,随机森林,-0.2365570133217158
776,red,随机森林,-0.1978211846881539
777,red,随机森林,-0.19812876508226157
778,red,随机森林,-0.24815821451838566
779,red,随机森林,-0.21238718876736695
780,red,随机森林,-0.18278833127129945
781,red,随机森林,-0.17960227704737586
782,red,随机森林,-0.19426691816732444
783,red,随机森林,-0.24929675717810235
784,red,随机森林,-0.1752997420177787
785,red,随机森林,-0.19753106882329158
786,red,随机森林,-0.11719551322966582
787,red,随机森林,-0.21540868351861814
788,red,随机森林,-0.13645296952848496
789,red,随机森林,-0.2134359015777526
790,red,随机森林,-0.21753741055695863
791,red,随机森林,-0.14966327802717005
792,red,随机森林,-0.17637780360601235
793,red,随机森林,-0.1570407481117002
794,red,随机森林,-0.14111637382694542
795,red,随机森林,-0.259970036195332
796,red,随机森林,-0.1655304893222499
797,red,随机森林,-0.24184255812133448
798,red,随机森林,-0.15595403579922518
799,red,随机森林,-0.15764673380401922
800,red,随机森林,-0.26773369755845133
801,red,随机森林,-0.16082817151702322
802,red,随机森林,-0.23768039683777575
803,red,随机森林,-0.21521307314658233
804,red,随机森林,-0.12114777356825579
805,red,随机森林,-0.22331026144608979
806,red,随机森林,-0.16192218816748483
807,red,随机森林,-0.18984426589564773
808,red,随机森林,-0.17997185480111388
809,red,随机森林,-0.26458895206628275
810,red,随机森林,-0.17506046483029603
811,red,随机森林,-0.2291055479304659
812,red,随机森林,-0.15652459741756325
813,red,随机森林,-0.23379235968170559
814,red,随机森林,-0.18750484089128516
815,red,随机森林,-0.17333768809667394
816,red,随机森林,-0.16721452702926903
817,red,随机森林,-0.25554445790532765
818,red,随机森林,-0.1085775854738058
819,red,随机森林,-0.1610391595598254
820,red,随机森林,-0.22868840308512012
821,red,随机森林,-0.1578458649150325
822,red,随机森林,-0.2322528768516579
823,red,随机森林,-0.1479261041749298
824,red,随机森林,-0.20896905860040105
825,red,随机森林,-0.2096365290371911
826,red,随机森林,-0.18400425225389522
827,red,随机森林,-0.16569483156754938
828,red,随机森林,-0.18359305124040604
829,red,随机森林,-0.20541262657308867
830,red,随机森林,-0.11528728450180215
831,red,随机森林,-0.2241661343680495
832,red,随机森林,-0.15080880724539336
833,red,随机森林,-0.18209344097860014
834,red,随机森林,-0.27732266203635775
835,red,随机森林,-0.1762467994621928
836,red,随机森林,-0.15495932304876703
837,red,随机森林,-0.23240677442563962
838,red,随机森林,-0.14599740359714075
839,red,随机森林,-0.22435380875214855
840,red,随机森林,-0.1696509081078028
841,red,随机森林,-0.1958709655655333
842,red,随机森林,-0.16412046572043804
843,red,随机森林,-0.1914798514309468
844,red,随机森林,-0.16753418774737788
845,red,随机森林,-0.19587109944350206
846,red,随机森林,-0.14023634569137378
847,red,随机森林,-0.18523420660724188
848,red,随机森林,-0.16192070600175723
849,red,随机森林,-0.1920421855123604
850,red,随机森林,-0.14300238117574138
851,red,随机森林,-0.16243178774069544
852,red,随机森林,-0.1471220452016685
853,red,随机森林,-0.18796708488612995
854,red,随机森林,-0.1899018260384383
855,red,随机森林,-0.18265396453685578
856,red,随机森林,-0.18931480055505234
857,red,随机森林,-0.14919961800391535
858,red,随机森林,-0.21856111286750324
859,red,随机森林,-0.14958684511062192
860,red,随机森林,-0.1556883454444794
861,red,随机森林,-0.1635524347317433
862,red,随机森林,-0.185618967861363
863,red,随机森林,-0.1887033450708841
864,red,随机森林,-0.11454776376306652
865,red,随机森林,-0.19945799549916338
866,red,随机森林,-0.2530194767283415
867,red,随机森林,-0.22223662446967912
868,red,随机森林,-0.17180435427518048
869,red,随机森林,-0.13280447828074243
870,red,随机森林,-0.16877594299345078
871,red,随机森林,-0.20004668766312667
872,red,随机森林,-0.1422821633047725
873,red,随机森林,-0.2156710352980113
874,red,随机森林,-0.23680820367313982
875,red,随机森林,-0.22663478054704894
876,red,随机森林,-0.17930637246918613
877,red,随机森林,-0.2211954363034706
878,red,随机森林,-0.2185797705150327
879,red,随机森林,-0.2196037583395517
880,red,随机森林,-0.2046393834941178
881,red,随机森林,-0.23934034068168675
882,red,随机森林,-0.2136505192929229
883,red,随机森林,-0.21905673213428845
884,red,随机森林,-0.18105229890459856
885,red,随机森林,-0.22296185795925672
886,red,随机森林,-0.19052922566017483
887,red,随机森林,-0.15741950264232196
888,red,随机森林,-0.20018427891410057
889,red,随机森林,-0.1465489642944759
890,red,随机森林,-0.21441215285413384
891,red,随机森林,-0.1842602568440258
892,red,随机森林,-0.20322350946391432
893,red,随机森林,-0.219600193262792
894,red,随机森林,-0.1563694815990262
895,red,随机森林,-0.1991623210070177
896,red,随机森林,-0.2274681495189752
897,red,随机森林,-0.2449776738120537
898,red,随机森林,-0.1628946176798629
899,red,随机森林,-0.2232862295803223
900,red,随机森林,-0.18411738130096322
901,red,随机森林,-0.19150661949020253
902,red,随机森林,-0.23806137681970424
903,red,随机森林,-0.1477180291162008
904,red,随机森林,-0.16412680967542537
905,red,随机森林,-0.17702909188957827
906,red,随机森林,-0.18092661874866123
907,red,随机森林,-0.10156057086024073
908,red,随机森林,-0.21990713461714995
909,red,随机森林,-0.20194735059104618
910,red,随机森林,-0.14706343170258296
911,red,随机森林,-0.17035109718097907
912,red,随机森林,-0.19728483732139268
913,red,随机森林,-0.18302228977779333
914,red,随机森林,-0.194613473226584
915,red,随机森林,-0.177782794952989
916,red,随机森林,-0.1736815130879124
917,red,随机森林,-0.209497586295527
918,red,随机森林,-0.18291260951160748
919,red,随机森林,-0.2216165413872857
920,red,随机森林,-0.18735135705308864
921,red,随机森林,-0.15147271146240243
922,red,随机森林,-0.16628096564636663
923,red,随机森林,-0.2378320391533174
924,red,随机森林,-0.22266182071950597
925,red,随机森林,-0.16326229519261226
926,red,随机森林,-0.22677315787015084
927,red,随机森林,-0.18893979746464018
928,red,随机森林,-0.13825144459943972
929,red,随机森林,-0.18798184968316523
930,red,随机森林,-0.21670218211696207
931,red,随机森林,-0.18080825144379764
932,red,随机森林,-0.1469396165122011
933,red,随机森林,-0.14445277342498286
934,red,随机森林,-0.11228958375251574
935,red,随机森林,-0.17381882526430126
936,red,随机森林,-0.2836227407973126
937,red,随机森林,-0.20049566280979902
938,red,随机森林,-0.23251839325284174
939,red,随机森林,-0.202704693937294
940,red,随机森林,-0.17020692983756336
941,red,随机森林,-0.19094636571058937
942,red,随机森林,-0.2610764765356511
943,red,随机森林,-0.19857434970441457
944,red,随机森林,-0.15450674414357213
945,red,随机森林,-0.18300125966842795
946,red,随机森林,-0.17827200960474338
947,red,随机森林,-0.2009104935751117
948,red,随机森林,-0.1481279006714057
949,red,随机森林,-0.24873183696238754
950,red,随机森林,-0.11334635470144355
951,red,随机森林,-0.1509163155395601
952,red,随机森林,-0.19213216039254366
953,red,随机森林,-0.14815125245507776
954,red,随机森林,-0.1858655896563936
955,red,随机森林,-0.206509948315318
956,red,随机森林,-0.15662348129271536
957,red,随机森林,-0.2653601188154794
958,red,随机森林,-0.12395699052653175
959,red,随机森林,-0.17017814344813753
960,red,随机森林,-0.157460843374647
961,red,随机森林,-0.21344393197384426
962,red,随机森林,-0.12980648367007142
963,red,随机森林,-0.23002848942156845
964,red,随机森林,-0.18712138815137513
965,red,随机森林,-0.20609902729610297
966,red,随机森林,-0.20760564483742389
967,red,随机森林,-0.22234751516628554
968,red,随机森林,-0.24484802504042463
969,red,随机森林,-0.25155218165431087
970,red,随机森林,-0.15692892192604324
971,red,随机森林,-0.2468017750011786
972,red,随机森林,-0.28318285593408393
973,red,随机森林,-0.21145642326154773
974,red,随机森林,-0.19477665587280146
975,red,随机森林,-0.2234347488426408
976,red,随机森林,-0.19716020765702447
977,red,随机森林,-0.08621122400242576
978,red,随机森林,-0.20342799356682206
979,red,随机森林,-0.1637816266044423
980,red,随机森林,-0.17167476790905922
981,red,随机森林,-0.18477988335666484
982,red,随机森林,-0.17622158655836662
983,red,随机森林,-0.20278078039736314
984,red,随机森林,-0.1542909765323991
985,red,随机森林,-0.19387046083946236
986,red,随机森林,-0.15141159657806824
987,red,随机森林,-0.23146714071861524
988,red,随机森林,-0.16491830345353292
989,red,随机森林,-0.15908052356216473
990,red,随机森林,-0.15396699783045087
991,red,随机森林,-0.24198578881128657
992,red,随机森林,-0.19824398245819486
993,red,随机森林,-0.17453238244424774
994,red,随机森林,-0.19848189107938424
995,red,随机森林,-0.16308181840122615
996,red,随机森林,-0.20224450474514188
997,red,随机森林,-0.23535304988368194
998,red,随机森林,-0.2405985327478925
999,red,随机森林,-0.21326453432342213
1000,red,随机森林,-0.18296377440911227
1001,red,随机森林,-0.12628721459777958
1002,red,随机森林,-0.2117883198138174
1003,red,随机森林,-0.1959574364342228
1004,red,随机森林,-0.1850579400240373
1005,red,随机森林,-0.20545462363743583
1006,red,随机森林,-0.22446636932262154
1007,red,随机森林,-0.1847013896605909
1008,red,随机森林,-0.1302539217236034
1009,red,随机森林,-0.2607255723993981
1010,red,随机森林,-0.19457401739923047
1011,red,随机森林,-0.1268843969977943
1012,red,随机森林,-0.2631303324460347
1013,red,随机森林,-0.14453965629938176
1014,red,随机森林,-0.2169869334059959
1015,red,随机森林,-0.21766282036366857
1016,red,随机森林,-0.15419487448845437
1017,red,随机森林,-0.19293523768906762
1018,red,随机森林,-0.17696947879392183
1019,red,随机森林,-0.20576583868521914
1020,red,随机森林,-0.18180836774076048
1021,red,随机森林,-0.1784126034463634
1022,red,随机森林,-0.14140704783728364
1023,red,随机森林,-0.14229972264882018
1024,red,随机森林,-0.17147517084383201
1025,red,随机森林,-0.21021687354155683
1026,red,随机森林,-0.1875222891433066
1027,red,随机森林,-0.16529847337007303
1028,red,随机森林,-0.19011652043847238
1029,red,随机森林,-0.26109869698942595
1030,red,随机森林,-0.2459921562083623
1031,red,随机森林,-0.17194708835608546
1032,red,随机森林,-0.1965062376890277
1033,red,随机森林,-0.14188988127075175
1034,red,随机森林,-0.15991791927678733
1035,red,随机森林,-0.20283439848888418
1036,red,随机森林,-0.23237317398263174
1037,red,随机森林,-0.17278485745573408
1038,red,随机森林,-0.18708981229667954
1039,red,随机森林,-0.15390269826274927
1040,red,随机森林,-0.14077655834169028
1041,red,随机森林,-0.2590718608223908
1042,red,随机森林,-0.19551295274049418
1043,red,随机森林,-0.1786359664439966
1044,red,随机森林,-0.1868521637095618
1045,red,随机森林,-0.16950825093970268
1046,red,随机森林,-0.1622749345431666
1047,red,随机森林,-0.2521167589740584
1048,red,随机森林,-0.24173306833675057
1049,red,随机森林,-0.14990066830264503
1050,red,随机森林,-0.24204986198448725
1051,red,随机森林,-0.1331045965257679
1052,red,随机森林,-0.256453155108807
1053,red,随机森林,-0.1788031332949358
1054,red,随机森林,-0.2633374235429337
1055,red,随机森林,-0.1568255234124507
1056,red,随机森林,-0.18733708058784815
1057,red,随机森林,-0.11299464787252123
1058,red,随机森林,-0.2300482422545595
1059,red,随机森林,-0.20216571761896696
1060,red,随机森林,-0.18903364339307877
1061,red,随机森林,-0.13948215139338604
1062,red,随机森林,-0.18200210676585726
1063,red,随机森林,-0.19821260505048177
1064,red,随机森林,-0.18378052402332085
1065,red,随机森林,-0.19668858296616604
1066,red,随机森林,-0.17538201668094616
1067,red,随机森林,-0.16635692711810612
1068,red,随机森林,-0.23136607918838847
1069,red,随机森林,-0.19076924271611556
1070,red,随机森林,-0.15061960732270213
1071,red,随机森林,-0.20132588161732656
1072,red,随机森林,-0.2112325976602606
1073,red,随机森林,-0.22132585278588623
1074,red,随机森林,-0.17485607246315737
1075,red,随机森林,-0.18642583358652476
1076,red,随机森林,-0.17381689583807047
1077,red,随机森林,-0.17058381665171218
1078,red,随机森林,-0.15959245052240933
1079,red,随机森林,-0.19613797319308202
1080,red,随机森林,-0.23568073801506373
1081,red,随机森林,-0.14735342004849622
1082,red,随机森林,-0.24606325530920187
1083,red,随机森林,-0.14870946394322615
1084,red,随机森林,-0.10049770144310122
1085,red,随机森林,-0.15104762430149188
1086,red,随机森林,-0.1814019191506051
1087,red,随机森林,-0.21230251073659578
1088,red,随机森林,-0.21728861364827334
1089,red,随机森林,-0.2480735440400672
1090,red,随机森林,-0.2540904021208082
1091,red,随机森林,-0.16613026357502692
1092,red,随机森林,-0.1901743385720301
1093,red,随机森林,-0.21467145830987577
1094,red,随机森林,-0.15295278017830366
1095,red,随机森林,-0.1659399447163845
1096,red,随机森林,-0.1779252124065972
1097,red,随机森林,-0.16459715512378753
1098,red,随机森林,-0.09939611770996992
1099,red,随机森林,-0.1378229713224498
1100,red,随机森林,-0.22043449716443686
1101,red,随机森林,-0.21548702587598773
1102,red,随机森林,-0.1584890452066845
1103,red,随机森林,-0.1436563847286002
1104,red,随机森林,-0.24521330597094187
1105,red,随机森林,-0.12807661244821733
1106,red,随机森林,-0.1462099278734179
1107,red,随机森林,-0.2611335958152876
1108,red,随机森林,-0.22544762486978587
1109,red,随机森林,-0.17706782744073213
1110,red,随机森林,-0.12816510726568986
1111,red,随机森林,-0.19323756364587713
1112,red,随机森林,-0.16582291075544953
1113,red,随机森林,-0.1834694264561017
1114,red,随机森林,-0.17955204625279403
1115,red,随机森林,-0.18800777150841752
1116,red,随机森林,-0.20572683063451253
1117,red,随机森林,-0.1863173806145969
1118,red,随机森林,-0.22240627607338448
1119,red,随机森林,-0.16690052690681706
1120,red,随机森林,-0.1977485790570681
1121,red,随机森林,-0.15168650036268605
1122,red,随机森林,-0.17777794940225644
1123,red,随机森林,-0.11731426721502125
1124,red,随机森林,-0.15895407152029406
1125,red,随机森林,-0.15273059400470823
1126,red,随机森林,-0.19939604366485164
1127,red,随机森林,-0.2524064972593282
1128,red,随机森林,-0.2557979768092139
1129,red,随机森林,-0.17643961190902963
1130,red,随机森林,-0.19588287138110239
1131,red,随机森林,-0.16963747361403636
1132,red,随机森林,-0.11992824838282323
1133,red,随机森林,-0.162274909576046
1134,red,随机森林,-0.18548600119345277
1135,red,随机森林,-0.21366413661322625
1136,red,随机森林,-0.2281996268832147
1137,red,随机森林,-0.2536142204481356
1138,red,随机森林,-0.17407551373856284
1139,red,随机森林,-0.25405829266690766
1140,red,随机森林,-0.2125252122031266
1141,red,随机森林,-0.16344727277036802
1142,red,随机森林,-0.16491592146334866
1143,red,随机森林,-0.2352902009429268
1144,red,随机森林,-0.12050456134069332
1145,red,随机森林,-0.26328229551136856
1146,red,随机森林,-0.260660477544582
1147,red,随机森林,-0.18851831452985446
1148,red,随机森林,-0.17854182850146672
1149,red,随机森林,-0.13340214779119186
1150,red,随机森林,-0.1803346895375877
1151,red,随机森林,-0.17279594954814237
1152,red,随机森林,-0.18887912568572962
1153,red,随机森林,-0.19358732276986712
1154,red,随机森林,-0.1456410965194272
1155,red,随机森林,-0.25249050970429504
1156,red,随机森林,-0.16165494273593362
1157,red,随机森林,-0.1902560298317838
1158,red,随机森林,-0.1613932684728253
1159,red,随机森林,-0.16957905827160247
1160,red,随机森林,-0.15286989440302395
1161,red,随机森林,-0.21540828164477682
1162,red,随机森林,-0.2304003751932054
1163,red,随机森林,-0.1684583468160895
1164,red,随机森林,-0.16784678192612057
1165,red,随机森林,-0.12506785247880814
1166,red,随机森林,-0.2334201359966518
1167,red,随机森林,-0.20008350647525464
1168,red,随机森林,-0.2383200207586021
1169,red,随机森林,-0.16320445518206417
1170,red,随机森林,-0.14533928500986992
1171,red,随机森林,-0.21178446971913467
1172,red,随机森林,-0.17902421942069557
1173,red,随机森林,-0.16963990367211979
1174,red,随机森林,-0.172538918841113
1175,red,随机森林,-0.20911996375139452
1176,red,随机森林,-0.16456358044473363
1177,red,随机森林,-0.14774125570210206
1178,red,随机森林,-0.1877352341505335
1179,red,随机森林,-0.2102297193309528
1180,red,随机森林,-0.171852985480493
1181,red,随机森林,-0.12128064492093993
1182,red,随机森林,-0.17693674161899975
1183,red,随机森林,-0.21087894071976165
1184,red,随机森林,-0.1358219647633111
1185,red,随机森林,-0.21426330402202748
1186,red,随机森林,-0.19791563130140277
1187,red,随机森林,-0.20540837074127188
1188,red,随机森林,-0.2091566877338823
1189,red,随机森林,-0.2233018845660879
1190,red,随机森林,-0.19483606713681206
1191,red,随机森林,-0.13498215253390944
1192,red,随机森林,-0.2067333634081373
1193,red,随机森林,-0.17825118033983278
1194,red,随机森林,-0.1462678375544596
1195,red,随机森林,-0.19433094815757268
1196,red,随机森林,-0.24231841899846074
1197,red,随机森林,-0.22509684602824354
1198,red,随机森林,-0.14450897130905993
1199,red,随机森林,-0.20833805194815203
1200,red,随机森林,-0.22680641933227452
1201,red,随机森林,-0.23189379007837274
1202,red,随机森林,-0.1075638853076476
1203,red,随机森林,-0.17746417033111883
1204,red,随机森林,-0.14994168780441208
1205,red,随机森林,-0.1400983896622776
1206,red,随机森林,-0.16919959746620372
1207,red,随机森林,-0.1256733311913002
1208,red,随机森林,-0.14110310141169574
1209,red,随机森林,-0.16243843440712535
1210,red,随机森林,-0.21154407801516334
1211,red,随机森林,-0.21031675864491906
1212,red,随机森林,-0.18942818069966844
1213,red,随机森林,-0.2173029562793063
1214,red,随机森林,-0.2133868750329605
1215,red,随机森林,-0.2048528057141279
1216,red,随机森林,-0.19470192771842343
1217,red,随机森林,-0.1843636900973284
1218,red,随机森林,-0.1707642724599433
1219,red,随机森林,-0.14060131583015567
1220,red,随机森林,-0.20818335982142772
1221,red,随机森林,-0.24429080715327112
1222,red,随机森林,-0.22501054432296974
1223,red,随机森林,-0.19178521187550046
1224,red,随机森林,-0.20454811662052386
1225,red,随机森林,-0.1454911664644994
1226,red,随机森林,-0.21874786473096192
1227,red,随机森林,-0.24059811408944376
1228,red,随机森林,-0.19948672536596385
1229,red,随机森林,-0.1434936172804283
1230,red,随机森林,-0.14199767705606325
1231,red,随机森林,-0.21712998145174428
1232,red,随机森林,-0.18103767749072947
1233,red,随机森林,-0.1603758013892551
1234,red,随机森林,-0.187422205160518
1235,red,随机森林,-0.23600639170483106
1236,red,随机森林,-0.1378360257216783
1237,red,随机森林,-0.15104923071605525
1238,red,随机森林,-0.1491970750677838
1239,red,随机森林,-0.2216632934098275
1240,red,随机森林,-0.16607809545032243
1241,red,随机森林,-0.19570235821550985
1242,red,随机森林,-0.16129356161217295
1243,red,随机森林,-0.2410715894852863
1244,red,随机森林,-0.1945683648505961
1245,red,随机森林,-0.2638776009392411
1246,red,随机森林,-0.15378664023690003
1247,red,随机森林,-0.1625965625452902
1248,red,随机森林,-0.16488731445013233
1249,red,随机森林,-0.12522670639539146
1250,red,随机森林,-0.30597153653864195
1251,red,随机森林,-0.1601407034516975
1252,red,随机森林,-0.228180959291928
1253,red,随机森林,-0.13358641322579146
1254,red,随机森林,-0.2046102761265038
1255,red,随机森林,-0.16264572678955658
1256,red,随机森林,-0.17970823883301884
1257,red,随机森林,-0.12883423544559525
1258,red,随机森林,-0.2179697214762496
1259,red,随机森林,-0.15904112902317136
1260,red,随机森林,-0.10202697453140708
1261,red,随机森林,-0.20011963103888714
1262,red,随机森林,-0.20018063108424444
1263,red,随机森林,-0.16406919138316234
1264,red,随机森林,-0.17882105828272749
1265,red,随机森林,-0.204297460232704
1266,red,随机森林,-0.17048530937831097
1267,red,随机森林,-0.22281476837367797
1268,red,随机森林,-0.206081293149111
1269,red,随机森林,-0.1910238728232268
1270,red,随机森林,-0.20145984251601556
1271,red,随机森林,-0.21927965591810283
1272,red,随机森林,-0.22625912316846336
1273,red,随机森林,-0.18533212786161257
1274,red,随机森林,-0.19468901070148503
1275,red,随机森林,-0.14410240208192016
1276,red,随机森林,-0.16809928229140908
1277,red,随机森林,-0.19764601653054104
1278,red,随机森林,-0.1862330237906638
1279,red,随机森林,-0.24771985063462987
1280,red,随机森林,-0.2533647031388069
1281,red,随机森林,-0.1300278474025539
1282,red,随机森林,-0.1887079233961645
1283,red,随机森林,-0.1878009331014847
1284,red,随机森林,-0.13074460540949812
1285,red,随机森林,-0.2396123023686756
1286,red,随机森林,-0.11325489521730536
1287,red,随机森林,-0.14127946196084995
1288,red,随机森林,-0.17228077393690688
1289,red,随机森林,-0.23153470047561403
1290,red,随机森林,-0.22217931628183518
1291,red,随机森林,-0.22324448443025502
1292,red,随机森林,-0.11574930819781337
1293,red,随机森林,-0.17588328886179672
1294,red,随机森林,-0.26078070773109613
1295,red,随机森林,-0.1424882128041276
1296,red,随机森林,-0.1620983157048279
1297,red,随机森林,-0.2740764279224005
1298,red,随机森林,-0.23391985702159923
1299,red,随机森林,-0.20724397068923062
1300,red,随机森林,-0.23410052420321958
1301,red,随机森林,-0.20605963142125716
1302,red,随机森林,-0.22796017297132615
1303,red,随机森林,-0.22219894443666588
1304,red,随机森林,-0.23861292668019463
1305,red,随机森林,-0.14418348199179482
1306,red,随机森林,-0.1655987150677415
1307,red,随机森林,-0.1820863232599364
1308,red,随机森林,-0.23216307077626241
1309,red,随机森林,-0.19847509003938335
1310,red,随机森林,-0.22535019670301087
1311,red,随机森林,-0.1794604395014307
1312,red,随机森林,-0.16335079194579405
1313,red,随机森林,-0.21427133414553257
1314,red,随机森林,-0.26126359493934914
1315,red,随机森林,-0.15306746584647535
1316,red,随机森林,-0.1943774606555181
1317,red,随机森林,-0.1573074385438254
1318,red,随机森林,-0.22204758230997557
1319,red,随机森林,-0.16205847905393056
1320,red,随机森林,-0.1724713934732378
1321,red,随机森林,-0.19143959904586827
1322,red,随机森林,-0.1754784102580791
1323,red,随机森林,-0.10875266005973205
1324,red,随机森林,-0.1817883078281084
1325,red,随机森林,-0.21309401892366214
1326,red,随机森林,-0.12298827065672113
1327,red,随机森林,-0.2558360369228345
1328,red,随机森林,-0.08456736316714997
1329,red,随机森林,-0.245783552818589
1330,red,随机森林,-0.16690946076877566
1331,red,随机森林,-0.2458527757438001
1332,red,随机森林,-0.18254202705932843
1333,red,随机森林,-0.16352937392538602
1334,red,随机森林,-0.2645239350507764
1335,red,随机森林,-0.16130401779655612
1336,red,随机森林,-0.19606136526736795
1337,red,随机森林,-0.2314109466366493
1338,red,随机森林,-0.19775482869756145
1339,red,随机森林,-0.17258745276881438
1340,red,随机森林,-0.17530534604424608
1341,red,随机森林,-0.14906145927154768
1342,red,随机森林,-0.2045432329454036
1343,red,随机森林,-0.1170807801302085
1344,red,随机森林,-0.18338110092666027
1345,red,随机森林,-0.15001515481908173
1346,red,随机森林,-0.22557670314841233
1347,red,随机森林,-0.12762834428366177
1348,red,随机森林,-0.13777742950450356
1349,red,随机森林,-0.14745634264506252
1350,red,随机森林,-0.1700450603093674
1351,red,随机森林,-0.14544074489351555
1352,red,随机森林,-0.22189704816814076
1353,red,随机森林,-0.22769464624547803
1354,red,随机森林,-0.1792205595037803
1355,red,随机森林,-0.20297421228813028
1356,red,随机森林,-0.19122999542806002
1357,red,随机森林,-0.1970843317411537
1358,red,随机森林,-0.2082713697005132
1359,red,随机森林,-0.24622281550787795
1360,red,随机森林,-0.1659369988213853
1361,red,随机森林,-0.18888555187800982
1362,red,随机森林,-0.25996392998474244
1363,red,随机森林,-0.1725096654246025
1364,red,随机森林,-0.1626889948671828
1365,red,随机森林,-0.12953310470546509
1366,red,随机森林,-0.21360854864755613
1367,red,随机森林,-0.1748743474602007
1368,red,随机森林,-0.1918706011032864
1369,red,随机森林,-0.2567139899583803
1370,red,随机森林,-0.24569099493407964
1371,red,随机森林,-0.19600012225508878
1372,red,随机森林,-0.19361105098819142
1373,red,随机森林,-0.21057326660367992
1374,red,随机森林,-0.21087878407371324
1375,red,随机森林,-0.249020919601035
1376,red,随机森林,-0.18084504625316256
1377,red,随机森林,-0.14339949654360074
1378,red,随机森林,-0.2149429591891614
1379,red,随机森林,-0.1411085735942193
1380,red,随机森林,-0.2030362758399321
1381,red,随机森林,-0.1471298895343438
1382,red,随机森林,-0.2783731596323178
1383,red,随机森林,-0.20763736982572678
1384,red,随机森林,-0.22724638945451897
1385,red,随机森林,-0.21510475757319064
1386,red,随机森林,-0.19085751214713031
1387,red,随机森林,-0.2139455607482843
1388,red,随机森林,-0.1872354476579131
1389,red,随机森林,-0.17980861499190115
1390,red,随机森林,-0.1729482857777238
1391,red,随机森林,-0.12148794023387788
1392,red,随机森林,-0.23698467489412145
1393,red,随机森林,-0.21770681517579388
1394,red,随机森林,-0.1634907676891989
1395,red,随机森林,-0.19779978311283225
1396,red,随机森林,-0.2670523380349459
1397,red,随机森林,-0.10646153415179949
1398,red,随机森林,-0.22333887664146435
1399,red,随机森林,-0.1819754976982726
1400,red,随机森林,-0.13512490814192424
1401,red,随机森林,-0.2324478910759336
1402,red,随机森林,-0.14127998763225513
1403,red,随机森林,-0.2027592500003667
1404,red,随机森林,-0.20067939058733686
1405,red,随机森林,-0.1265971498982834
1406,red,随机森林,-0.17942634480480568
1407,red,随机森林,-0.18212252065461565
1408,red,随机森林,-0.21863175314217892
1409,red,随机森林,-0.21951354821920488
1410,red,随机森林,-0.1791280812888189
1411,red,随机森林,-0.116093520899896
1412,red,随机森林,-0.19684654310373412
1413,red,随机森林,-0.21515434599227246
1414,red,随机森林,-0.26718349968840943
1415,red,随机森林,-0.1296968087811856
1416,red,随机森林,-0.17559796146186424
1417,red,随机森林,-0.21589449415838252
1418,red,随机森林,-0.22465557024802163
1419,red,随机森林,-0.20432171350380335
1420,red,随机森林,-0.15858231289550362
1421,red,随机森林,-0.26934735846590313
1422,red,随机森林,-0.16495620629520297
1423,red,随机森林,-0.18579884749174097
1424,red,随机森林,-0.1904129374972865
1425,red,随机森林,-0.22766421335739018
1426,red,随机森林,-0.159908326743313
1427,red,随机森林,-0.22215281817765758
1428,red,随机森林,-0.15166311265385035
1429,red,随机森林,-0.2125275843648025
1430,red,随机森林,-0.20305904913538453
1431,red,随机森林,-0.20629019540889887
1432,red,随机森林,-0.16918652117168953
1433,red,随机森林,-0.21509321866401998
1434,red,随机森林,-0.16601920833959605
1435,red,随机森林,-0.12322262044101795
1436,red,随机森林,-0.19191602336930447
1437,red,随机森林,-0.2062782449340963
1438,red,随机森林,-0.24076986399139055
1439,red,随机森林,-0.2534876738083099
1440,red,随机森林,-0.1833340836818168
1441,red,随机森林,-0.1620827703520546
1442,red,随机森林,-0.20328303076506643
1443,red,随机森林,-0.1718171993458104
1444,red,随机森林,-0.17686342436673574
1445,red,随机森林,-0.2263197778708006
1446,red,随机森林,-0.22404027374422397
1447,red,随机森林,-0.22311628843134546
1448,red,随机森林,-0.15920343596683928
1449,red,随机森林,-0.22363722937887975
1450,red,随机森林,-0.19100650023716748
1451,red,随机森林,-0.24540793396500898
1452,red,随机森林,-0.23686758408093306
1453,red,随机森林,-0.16121547589040985
1454,red,随机森林,-0.13855523498041344
1455,red,随机森林,-0.1369082490565834
1456,red,随机森林,-0.17727055315673879
1457,red,随机森林,-0.21471193596484317
1458,red,随机森林,-0.26498766150031994
1459,red,随机森林,-0.16527056751312064
1460,red,随机森林,-0.1420281387340735
1461,red,随机森林,-0.20089158133134566
1462,red,随机森林,-0.13918142309852943
1463,red,随机森林,-0.20375849268979568
1464,red,随机森林,-0.13236278372084864
1465,red,随机森林,-0.14638698823052465
1466,red,随机森林,-0.20842507037984837
1467,red,随机森林,-0.19334320715160414
1468,red,随机森林,-0.13250836231321683
1469,red,随机森林,-0.23434312609315155
1470,red,随机森林,-0.19510913336920666
1471,red,随机森林,-0.21628802644154377
1472,red,随机森林,-0.20522743736415638
1473,red,随机森林,-0.21180235035688966
1474,red,随机森林,-0.18867989066164792
1475,red,随机森林,-0.24228509392638786
1476,red,随机森林,-0.19136116503723144
1477,red,随机森林,-0.21398934283742943
1478,red,随机森林,-0.15864692890011356
1479,red,随机森林,-0.1738996889623825
1480,red,随机森林,-0.18432990635954827
1481,red,随机森林,-0.1559223396089423
1482,red,随机森林,-0.27382353027440376
1483,red,随机森林,-0.19495126122645967
1484,red,随机森林,-0.20414067176198886
1485,red,随机森林,-0.13439614554417012
1486,red,随机森林,-0.15372043970724714
1487,red,随机森林,-0.22004578616760162
1488,red,随机森林,-0.17350141837231886
1489,red,随机森林,-0.1421093338480961
1490,red,随机森林,-0.12825960975324496
1491,red,随机森林,-0.19219738256066027
1492,red,随机森林,-0.19430243379158874
1493,red,随机森林,-0.15649355887014071
1494,red,随机森林,-0.15851176592224997
1495,red,随机森林,-0.16867051753409923
1496,red,随机森林,-0.23482836084579206
1497,red,随机森林,-0.1696159269673767
1498,red,随机森林,-0.2028676729581424
1499,red,随机森林,-0.25356100211830884
1500,red,随机森林,-0.27276800813572116
1501,red,随机森林,-0.19474741904963577
1502,red,随机森林,-0.17198678298557846
1503,red,随机森林,-0.24419806418079765
1504,red,随机森林,-0.1135519298300961
1505,red,随机森林,-0.1262080189719753
1506,red,随机森林,-0.12771636273638015
1507,red,随机森林,-0.11960587674141049
1508,red,随机森林,-0.17469385769636903
1509,red,随机森林,-0.19213070742102756
1510,red,随机森林,-0.15819333396407015
1511,red,随机森林,-0.13569064002652997
1512,red,随机森林,-0.23644549058466113
1513,red,随机森林,-0.24328706258212707
1514,red,随机森林,-0.18769809595720865
1515,red,随机森林,-0.1888765312885169
1516,red,随机森林,-0.2194154910026107
1517,red,随机森林,-0.19184427644574864
1518,red,随机森林,-0.08549657549669831
1519,red,随机森林,-0.19590042282047626
1520,red,随机森林,-0.23040591598339055
1521,red,随机森林,-0.158472167240591
1522,red,随机森林,-0.2044688358612271
1523,red,随机森林,-0.19441640482141387
1524,red,随机森林,-0.1639541923650606
1525,red,随机森林,-0.1818502483419313
1526,red,随机森林,-0.1354539651857411
1527,red,随机森林,-0.2154490771428047
1528,red,随机森林,-0.17714869453185556
1529,red,随机森林,-0.14760294542757424
1530,red,随机森林,-0.16299839220791457
1531,red,随机森林,-0.2418063651862486
1532,red,随机森林,-0.22495467368230815
1533,red,随机森林,-0.19199785824113885
1534,red,随机森林,-0.19452470393087273
1535,red,随机森林,-0.1859218681072745
1536,red,随机森林,-0.12563983869438783
1537,red,随机森林,-0.18651406738827114
1538,red,随机森林,-0.11157924307251732
1539,red,随机森林,-0.19473737293282067
1540,red,随机森林,-0.16822021999395786
1541,red,随机森林,-0.2064770429410127
1542,red,随机森林,-0.173986279334979
1543,red,随机森林,-0.18270494131844306
1544,red,随机森林,-0.2285842024920398
1545,red,随机森林,-0.21591864684404766
1546,red,随机森林,-0.15768262892486018
1547,red,随机森林,-0.1891145750688088
1548,red,随机森林,-0.14507945820964607
1549,red,随机森林,-0.2025895013583407
1550,red,随机森林,-0.1863959941811124
1551,red,随机森林,-0.2127880038452729
1552,red,随机森林,-0.24055822570869295
1553,red,随机森林,-0.26419327166907486
1554,red,随机森林,-0.21138947370973216
1555,red,随机森林,-0.1601318481906946
1556,red,随机森林,-0.13592656924412883
1557,red,随机森林,-0.19620811944360206
1558,red,随机森林,-0.2526926950242709
1559,red,随机森林,-0.16793452981281398
1560,red,随机森林,-0.18287401027847816
1561,red,随机森林,-0.18479687522095034
1562,red,随机森林,-0.28375817007511367
1563,red,随机森林,-0.12353146917595659
1564,red,随机森林,-0.2375211999598154
1565,red,随机森林,-0.1425823264569258
1566,red,随机森林,-0.12379751378356063
1567,red,随机森林,-0.17872026277215097
1568,red,随机森林,-0.23934193209569377
1569,red,随机森林,-0.24004371473498665
1570,red,随机森林,-0.14139785722154685
1571,red,随机森林,-0.26424713184338317
1572,red,随机森林,-0.18109109384955013
1573,red,随机森林,-0.18368442863445955
1574,red,随机森林,-0.16780507210031093
1575,red,随机森林,-0.1504272152318361
1576,red,随机森林,-0.2015264782574846
1577,red,随机森林,-0.2608970925942322
1578,red,随机森林,-0.24714665270849656
1579,red,随机森林,-0.15889821290150097
1580,red,随机森林,-0.22108434226901696
1581,red,随机森林,-0.16724957366667514
1582,red,随机森林,-0.23518905050728078
1583,red,随机森林,-0.20747044633285988
1584,red,随机森林,-0.19350541842544278
1585,red,随机森林,-0.1793695652848732
1586,red,随机森林,-0.20900195652948939
1587,red,随机森林,-0.17911428218406655
1588,red,随机森林,-0.20447086083348698
1589,red,随机森林,-0.1737579200774772
1590,red,随机森林,-0.22227109281744128
1591,red,随机森林,-0.16380824480102962
1592,red,随机森林,-0.2121562752933882
1593,red,随机森林,-0.23441939016554958
1594,red,随机森林,-0.17880456079534357
1595,red,随机森林,-0.24058138350825753
1596,red,随机森林,-0.1599187462293129
1597,red,随机森林,-0.09613581761841072
1598,red,随机森林,-0.26528600596114194
1599,red,随机森林,-0.12175103107931484
1600,red,随机森林,-0.14921587174598694
1601,red,随机森林,-0.18180802129764267
1602,red,随机森林,-0.20692401127278215
1603,red,随机森林,-0.11764783098865761
1604,red,随机森林,-0.15176005583095936
1605,red,随机森林,-0.1470647490274536
1606,red,随机森林,-0.21411888287724545
1607,red,随机森林,-0.22978586342334595
1608,red,随机森林,-0.15412295885643185
1609,red,随机森林,-0.18749610470813677
1610,red,随机森林,-0.17629655243034414
1611,red,随机森林,-0.17572851408213475
1612,red,随机森林,-0.25529589702453565
1613,red,随机森林,-0.18540576120214003
1614,red,随机森林,-0.17813624326699018
1615,red,随机森林,-0.22429045534290037
1616,red,随机森林,-0.19074426809585143
1617,red,随机森林,-0.1621396932718347
1618,red,随机森林,-0.2512841251509696
1619,red,随机森林,-0.20824655454266583
1620,red,随机森林,-0.2576785792257658
1621,red,随机森林,-0.1428875554057849
1622,red,随机森林,-0.2244793922469741
1623,red,随机森林,-0.13046763683735463
1624,red,随机森林,-0.24619458135135475
1625,red,随机森林,-0.21020150011106836
1626,red,随机森林,-0.2299600098547201
1627,red,随机森林,-0.14143415219170224
1628,red,随机森林,-0.22178322765334052
1629,red,随机森林,-0.15310683840836592
1630,red,随机森林,-0.18180033990837652
1631,red,随机森林,-0.23803797331727916
1632,red,随机森林,-0.22903305190932005
1633,red,随机森林,-0.18354000934306625
1634,red,随机森林,-0.20923897113462298
1635,red,随机森林,-0.16960907804447845
1636,red,随机森林,-0.21111837250356813
1637,red,随机森林,-0.12551876228702824
1638,red,随机森林,-0.1823538461735666
1639,red,随机森林,-0.1513256009882854
1640,red,随机森林,-0.21434967406716743
1641,red,随机森林,-0.22681156613531145
1642,red,随机森林,-0.18101782612121198
1643,red,随机森林,-0.2091369777867732
1644,red,随机森林,-0.17848603637984506
1645,red,随机森林,-0.21699281521257752
1646,red,随机森林,-0.17985871299123718
1647,red,随机森林,-0.22565350282671176
1648,red,随机森林,-0.2098055687200835
1649,red,随机森林,-0.16174746430183728
1650,red,随机森林,-0.2117734106430183
1651,red,随机森林,-0.10639150651212503
1652,red,随机森林,-0.2530676057253114
1653,red,随机森林,-0.1107340500721089
1654,red,随机森林,-0.11596149876609196
1655,red,随机森林,-0.2346848257356106
1656,red,随机森林,-0.20939840415978428
1657,red,随机森林,-0.21579279177219374
1658,red,随机森林,-0.18458617845702852
1659,red,随机森林,-0.1708561576685821
1660,red,随机森林,-0.23117321661141688
1661,red,随机森林,-0.1364174352914942
1662,red,随机森林,-0.19785898280624437
1663,red,随机森林,-0.20930224882045123
1664,red,随机森林,-0.14956961925466583
1665,red,随机森林,-0.1893266584895158
1666,red,随机森林,-0.15138595621449613
1667,red,随机森林,-0.20937472590342238
1668,red,随机森林,-0.20940835221140974
1669,red,随机森林,-0.22021770834692123
1670,red,随机森林,-0.1461956179683298
1671,red,随机森林,-0.2016835693159067
1672,red,随机森林,-0.1525526730809066
1673,red,随机森林,-0.14592548370318714
1674,red,随机森林,-0.1663703403827952
1675,red,随机森林,-0.22248829196402786
1676,red,随机森林,-0.18069377534265751
1677,red,随机森林,-0.20658554421936692
1678,red,随机森林,-0.1604844129050083
1679,red,随机森林,-0.21748497612474083
1680,red,随机森林,-0.1985790275934849
1681,red,随机森林,-0.18839556825783654
1682,red,随机森林,-0.1779627933602339
1683,red,随机森林,-0.17456026111801654
1684,red,随机森林,-0.21893124307926243
1685,red,随机森林,-0.20681894253927474
1686,red,随机森林,-0.29618920584949715
1687,red,随机森林,-0.17775522094983498
1688,red,随机森林,-0.17065954606543898
1689,red,随机森林,-0.16926999905503237
1690,red,随机森林,-0.14401736296084566
1691,red,随机森林,-0.24475419693568845
1692,red,随机森林,-0.17121114066279142
1693,red,随机森林,-0.25978590493242226
1694,red,随机森林,-0.16578498739806014
1695,red,随机森林,-0.1875064464321825
1696,red,随机森林,-0.1950192836873001
1697,red,随机森林,-0.19713028773980612
1698,red,随机森林,-0.22546606246800882
1699,red,随机森林,-0.1470453127345086
1700,red,随机森林,-0.2227422550149195
1701,red,随机森林,-0.302143086574015
1702,red,随机森林,-0.18468701769282986
1703,red,随机森林,-0.13821351983158447
1704,red,随机森林,-0.18910489637993555
1705,red,随机森林,-0.15173887527957663
1706,red,随机森林,-0.18728536951235975
1707,red,随机森林,-0.21693384449901465
1708,red,随机森林,-0.2547781284715627
1709,red,随机森林,-0.17048367949103616
1710,red,随机森林,-0.2593000777365849
1711,red,随机森林,-0.2078908143582493
1712,red,随机森林,-0.22555240291039702
1713,red,随机森林,-0.14748781638102837
1714,red,随机森林,-0.15876588737465624
1715,red,随机森林,-0.2187853392999226
1716,red,随机森林,-0.12892296481474752
1717,red,随机森林,-0.20491759792188996
1718,red,随机森林,-0.14554520254932712
1719,red,随机森林,-0.13561739104629023
1720,red,随机森林,-0.1558846762901791
1721,red,随机森林,-0.1828829631786395
1722,red,随机森林,-0.1407632906383569
1723,red,随机森林,-0.17878322211822123
1724,red,随机森林,-0.17788844592051112
1725,red,随机森林,-0.16305551000247398
1726,red,随机森林,-0.19044721773361156
1727,red,随机森林,-0.18576903526319122
1728,red,随机森林,-0.14679259357338903
1729,red,随机森林,-0.13639953433452995
1730,red,随机森林,-0.21028135485509358
1731,red,随机森林,-0.1532433942416327
1732,red,随机森林,-0.2533330404876717
1733,red,随机森林,-0.14308034864509944
1734,red,随机森林,-0.2320257562345091
1735,red,随机森林,-0.16895655994428482
1736,red,随机森林,-0.21510656192085265
1737,red,随机森林,-0.13486279624024156
1738,red,随机森林,-0.18723319404396538
1739,red,随机森林,-0.16310777154912004
1740,red,随机森林,-0.19820797764082315
1741,red,随机森林,-0.1858718282449644
1742,red,随机森林,-0.1848698732639394
1743,red,随机森林,-0.19188241578132992
1744,red,随机森林,-0.2233399971600516
1745,red,随机森林,-0.17352103649879935
1746,red,随机森林,-0.19645501200606252
1747,red,随机森林,-0.16932498823143005
1748,red,随机森林,-0.1901532873507219
1749,red,随机森林,-0.19555361336007748
1750,red,随机森林,-0.15916895379571938
1751,red,随机森林,-0.229203188898274
1752,red,随机森林,-0.18015374553618246
1753,red,随机森林,-0.12039362829244915
1754,red,随机森林,-0.25099856864271625
1755,red,随机森林,-0.13439376084088267
1756,red,随机森林,-0.12139389373338455
1757,red,随机森林,-0.21032327211234936
1758,red,随机森林,-0.11096153104863937
1759,red,随机森林,-0.1928687027086563
1760,red,随机森林,-0.20349198094942123
1761,red,随机森林,-0.17851697461225596
1762,red,随机森林,-0.18092454404547498
1763,red,随机森林,-0.2032865756743828
1764,red,随机森林,-0.17072632327252213
1765,red,随机森林,-0.2197183789636813
1766,red,随机森林,-0.14422954393511755
1767,red,随机森林,-0.20080220163279872
1768,red,随机森林,-0.21550362688401797
1769,red,随机森林,-0.12756139852002335
1770,red,随机森林,-0.11111590436551394
1771,red,随机森林,-0.16373390597403237
1772,red,随机森林,-0.2512712438733709
1773,red,随机森林,-0.10260990392566605
1774,red,随机森林,-0.18075318653713268
1775,red,随机森林,-0.13489110784677638
1776,red,随机森林,-0.17827385178974164
1777,red,随机森林,-0.13743227205084052
1778,red,随机森林,-0.21791337985880155
1779,red,随机森林,-0.24579518883759421
1780,red,随机森林,-0.22387173697990836
1781,red,随机森林,-0.17985427970454937
1782,red,随机森林,-0.2158400991408459
1783,red,随机森林,-0.13945746086893496
1784,red,随机森林,-0.1908310440455261
1785,red,随机森林,-0.17232996379376697
1786,red,随机森林,-0.1727153121896723
1787,red,随机森林,-0.22729519189828357
1788,red,随机森林,-0.22644483945187627
1789,red,随机森林,-0.2211381399454571
1790,red,随机森林,-0.13904887755973339
1791,red,随机森林,-0.20281450835095083
1792,red,随机森林,-0.15945346823128775
1793,red,随机森林,-0.26293833522871934
1794,red,随机森林,-0.22719757907603744
1795,red,随机森林,-0.1606029490997628
1796,red,随机森林,-0.15507192049172464
1797,red,随机森林,-0.17862327162403913
1798,red,随机森林,-0.16915455634139548
1799,red,随机森林,-0.13264083684563654
1800,red,随机森林,-0.20299094981852706
1801,red,随机森林,-0.1356277967928875
1802,red,随机森林,-0.149061460154164
1803,red,随机森林,-0.1864092737835784
1804,red,随机森林,-0.15206367717203884
1805,red,随机森林,-0.14951976422093305
1806,red,随机森林,-0.1759074887214529
1807,red,随机森林,-0.20331785967782934
1808,red,随机森林,-0.18398979376898128
1809,red,随机森林,-0.18198394761290393
1810,red,随机森林,-0.21317830850416464
1811,red,随机森林,-0.19568364403726957
1812,red,随机森林,-0.2032119775717363
1813,red,随机森林,-0.1818895615343431
1814,red,随机森林,-0.2792742812782766
1815,red,随机森林,-0.1947105935679027
1816,red,随机森林,-0.25332805045661666
1817,red,随机森林,-0.22632298239710413
1818,red,随机森林,-0.16831816515728126
1819,red,随机森林,-0.1697935576037949
1820,red,随机森林,-0.14979672495437002
1821,red,随机森林,-0.19678766370078554
1822,red,随机森林,-0.10206285603540366
1823,red,随机森林,-0.19934242915930256
1824,red,随机森林,-0.12456252199694845
1825,red,随机森林,-0.20134486094375803
1826,red,随机森林,-0.2366409124014341
1827,red,随机森林,-0.1163675906806031
1828,red,随机森林,-0.1948112471847241
1829,red,随机森林,-0.17571413713358985
1830,red,随机森林,-0.11900309851959345
1831,red,随机森林,-0.24198114828341688
1832,red,随机森林,-0.15885186155831682
1833,red,随机森林,-0.1851376190757441
1834,red,随机森林,-0.20631482473047547
1835,red,随机森林,-0.2386663021029896
1836,red,随机森林,-0.1924163560493226
1837,red,随机森林,-0.1756587509813483
1838,red,随机森林,-0.2161716129717267
1839,red,随机森林,-0.2103126231733185
1840,red,随机森林,-0.154980045787582
1841,red,随机森林,-0.2071688735574544
1842,red,随机森林,-0.20001483368565232
1843,red,随机森林,-0.25269354932501664
1844,red,随机森林,-0.16719448583697405
1845,red,随机森林,-0.20497263712079072
1846,red,随机森林,-0.2240679893089122
1847,red,随机森林,-0.23600665179690578
1848,red,随机森林,-0.20062416795840443
1849,red,随机森林,-0.11839584602252706
1850,red,随机森林,-0.19377020072832518
1851,red,随机森林,-0.16151183131263147
1852,red,随机森林,-0.22781851872586667
1853,red,随机森林,-0.1336301097013537
1854,red,随机森林,-0.22542551907589853
1855,red,随机森林,-0.14745359911753675
1856,red,随机森林,-0.2335295230219942
1857,red,随机森林,-0.11913829093438
1858,red,随机森林,-0.18977659313444106
1859,red,随机森林,-0.16039777819048084
1860,red,随机森林,-0.20418460094689794
1861,red,随机森林,-0.16432016329435828
1862,red,随机森林,-0.22117259718973065
1863,red,随机森林,-0.17885789362093163
1864,red,随机森林,-0.17159436294242858
1865,red,随机森林,-0.1842332704238091
1866,red,随机森林,-0.16444099130017426
1867,red,随机森林,-0.2591535209442081
1868,red,随机森林,-0.25572934477977594
1869,red,随机森林,-0.21233491631912016
1870,red,随机森林,-0.1895905582241757
1871,red,随机森林,-0.16510497231033494
1872,red,随机森林,-0.2687398619113328
1873,red,随机森林,-0.16477391129791608
1874,red,随机森林,-0.1838618143301161
1875,red,随机森林,-0.28076145351283077
1876,red,随机森林,-0.1787464017959447
1877,red,随机森林,-0.26895553147770407
1878,red,随机森林,-0.2378846203133423
1879,red,随机森林,-0.22521025895102792
1880,red,随机森林,-0.21152677684324406
1881,red,随机森林,-0.25767716631139215
1882,red,随机森林,-0.14175128318719715
1883,red,随机森林,-0.2303298507167741
1884,red,随机森林,-0.19358163892446445
1885,red,随机森林,-0.17085131461823766
1886,red,随机森林,-0.2402513709328516
1887,red,随机森林,-0.2633155220455746
1888,red,随机森林,-0.14196961449874534
1889,red,随机森林,-0.19071308908119267
1890,red,随机森林,-0.15502073784793186
1891,red,随机森林,-0.18178186560865006
1892,red,随机森林,-0.19832373051718793
1893,red,随机森林,-0.16079497282991762
1894,red,随机森林,-0.18523856471065597
1895,red,随机森林,-0.19248846651193469
1896,red,随机森林,-0.1808322867563371
1897,red,随机森林,-0.09539322721320698
1898,red,随机森林,-0.16319078646742913
1899,red,随机森林,-0.1975066451553883
1900,red,随机森林,-0.22985052692869362
1901,red,随机森林,-0.18905376605467128
1902,red,随机森林,-0.1867587135952551
1903,red,随机森林,-0.18088157287026274
1904,red,随机森林,-0.1518529541932363
1905,red,随机森林,-0.19306165254281937
1906,red,随机森林,-0.18784634466599665
1907,red,随机森林,-0.2028142266572675
1908,red,随机森林,-0.14897020116311543
1909,red,随机森林,-0.14652885152602146
1910,red,随机森林,-0.17324185589159768
1911,red,随机森林,-0.20557149389565854
1912,red,随机森林,-0.1501649715884964
1913,red,随机森林,-0.2368472900650465
1914,red,随机森林,-0.16459166031353745
1915,red,随机森林,-0.13909118093677053
1916,red,随机森林,-0.20597762398072222
1917,red,随机森林,-0.21534073767003276
1918,red,随机森林,-0.21558477014745492
1919,red,随机森林,-0.19039334690641513
1920,red,随机森林,-0.20529535597791404
1921,red,随机森林,-0.14819516440873926
1922,red,随机森林,-0.16740029772817128
1923,red,随机森林,-0.20484343225726515
1924,red,随机森林,-0.18046646902295194
1925,red,随机森林,-0.17660739694114508
1926,red,随机森林,-0.18224405905162816
1927,red,随机森林,-0.19845437431379398
1928,red,随机森林,-0.17539723555725284
1929,red,随机森林,-0.22477860344880418
1930,red,随机森林,-0.20920025112687007
1931,red,随机森林,-0.12770260932960031
1932,red,随机森林,-0.19766019351280828
1933,red,随机森林,-0.24827606596266677
1934,red,随机森林,-0.22873164486158026
1935,red,随机森林,-0.17402878638379188
1936,red,随机森林,-0.14700146138934378
1937,red,随机森林,-0.2827184857717923
1938,red,随机森林,-0.18738749313382008
1939,red,随机森林,-0.17242940178936245
1940,red,随机森林,-0.22785887604673216
1941,red,随机森林,-0.1313551645592299
1942,red,随机森林,-0.17842882509569957
1943,red,随机森林,-0.18290025876172478
1944,red,随机森林,-0.17885023965483526
1945,red,随机森林,-0.1612334601631425
1946,red,随机森林,-0.18961226475003667
1947,red,随机森林,-0.1942359260371741
1948,red,随机森林,-0.14305828175684288
1949,red,随机森林,-0.14980224132545128
1950,red,随机森林,-0.18035726686272135
1951,red,随机森林,-0.2434252941870978
1952,red,随机森林,-0.21211529702396048
1953,red,随机森林,-0.19143002739935433
1954,red,随机森林,-0.14561063394109186
1955,red,随机森林,-0.21368438568187542
1956,red,随机森林,-0.2041749032340986
1957,red,随机森林,-0.2016982896302405
1958,red,随机森林,-0.13212869533355454
1959,red,随机森林,-0.23505470673642276
1960,red,随机森林,-0.14442505381211235
1961,red,随机森林,-0.25995336647534895
1962,red,随机森林,-0.11906013372462465
1963,red,随机森林,-0.2702567140101267
1964,red,随机森林,-0.2419826516319546
1965,red,随机森林,-0.19303274465731934
1966,red,随机森林,-0.18615627659493506
1967,red,随机森林,-0.19711379548709068
1968,red,随机森林,-0.2381849916519031
1969,red,随机森林,-0.20147632181091596
1970,red,随机森林,-0.1549636570789591
1971,red,随机森林,-0.1732581486360314
1972,red,随机森林,-0.23446574173972873
1973,red,随机森林,-0.17240257458369074
1974,red,随机森林,-0.2457653155899423
1975,red,随机森林,-0.2048036282418319
1976,red,随机森林,-0.27063198765898155
1977,red,随机森林,-0.15086921521239316
1978,red,随机森林,-0.11328306729300464
1979,red,随机森林,-0.14484920333295337
1980,red,随机森林,-0.1366197215339917
1981,red,随机森林,-0.14446996314217753
1982,red,随机森林,-0.11801300134935788
1983,red,随机森林,-0.19268844980591648
1984,red,随机森林,-0.0892552155162385
1985,red,随机森林,-0.23027118099141952
1986,red,随机森林,-0.16157135104740517
1987,red,随机森林,-0.16449699145780428
1988,red,随机森林,-0.19799796811841525
1989,red,随机森林,-0.18210156535991995
1990,red,随机森林,-0.15655041534013958
1991,red,随机森林,-0.19396423634000065
1992,red,随机森林,-0.1638847375166499
1993,red,随机森林,-0.21723912755992592
1994,red,随机森林,-0.11026275159924148
1995,red,随机森林,-0.17472094816500866
1996,red,随机森林,-0.18542009473274101
1997,red,随机森林,-0.15071258767360968
1998,red,随机森林,-0.2244906871221477
1999,red,随机森林,-0.2082601189538369
0,white,Ridge,-0.03944289943551216
1,white,Ridge,-0.01615018492749465
2,white,Ridge,-0.008022497735735823
3,white,Ridge,-0.03294542824879909
4,white,Ridge,0.006954959413832729
5,white,Ridge,-0.03169720954944322
6,white,Ridge,-0.02312318587319495
7,white,Ridge,-0.04805590815689842
8,white,Ridge,-0.018646576986093066
9,white,Ridge,-0.031430751801747814
10,white,Ridge,-0.02904060101533945
11,white,Ridge,-0.03312958084920792
12,white,Ridge,-0.046433787154659734
13,white,Ridge,-0.04401274587980453
14,white,Ridge,-0.055432980075441285
15,white,Ridge,-0.029051128092152267
16,white,Ridge,-0.054294985647184824
17,white,Ridge,-0.04406013912880491
18,white,Ridge,-0.021773891514906052
19,white,Ridge,-0.009523431455001119
20,white,Ridge,-0.04850463328303223
21,white,Ridge,-0.004714595704105262
22,white,Ridge,-0.02828459369736458
23,white,Ridge,-0.049147102980469426
24,white,Ridge,-0.03389654168080625
25,white,Ridge,-0.006675250138638789
26,white,Ridge,-0.04619923399638304
27,white,Ridge,-0.05316666602820341
28,white,Ridge,-0.04511814836412664
29,white,Ridge,-0.045368760704279865
30,white,Ridge,-0.02870512058884689
31,white,Ridge,-0.044317864138377905
32,white,Ridge,-0.021418335417331513
33,white,Ridge,-0.025625627163034848
34,white,Ridge,-0.0006288686353962403
35,white,Ridge,-0.03221989408275172
36,white,Ridge,-0.02238604071131456
37,white,Ridge,-0.00936709840542238
38,white,Ridge,-0.003985041296685421
39,white,Ridge,0.0023222740696225985
40,white,Ridge,-0.01664307083154648
41,white,Ridge,-0.010648400310212969
42,white,Ridge,-0.05451833190022537
43,white,Ridge,-0.02688283723110152
44,white,Ridge,-0.03714899864616816
45,white,Ridge,-0.03612032357827144
46,white,Ridge,-0.02082911419390776
47,white,Ridge,-0.031868741213434304
48,white,Ridge,-0.028528264667338266
49,white,Ridge,-0.0060606820436651665
50,white,Ridge,-0.04116316062190162
51,white,Ridge,-0.037076640288333795
52,white,Ridge,-0.022502772204459176
53,white,Ridge,-0.04343086799343743
54,white,Ridge,0.0015350169854186912
55,white,Ridge,-0.044932215705671186
56,white,Ridge,-0.0023268505345959145
57,white,Ridge,-0.04918619044633721
58,white,Ridge,-0.026160297244104624
59,white,Ridge,-0.022912505026378205
60,white,Ridge,-0.04192501804451976
61,white,Ridge,-0.00883576584814394
62,white,Ridge,-0.032123089018446516
63,white,Ridge,-0.019031489182658734
64,white,Ridge,0.0029655469834349857
65,white,Ridge,-0.018108038035949292
66,white,Ridge,-0.02376754547943427
67,white,Ridge,-0.06370541237235638
68,white,Ridge,-0.034245263832724526
69,white,Ridge,-0.0047782673610677895
70,white,Ridge,-0.029507015542890036
71,white,Ridge,-0.028594040492429085
72,white,Ridge,-0.024718362425050877
73,white,Ridge,-0.0197998100098713
74,white,Ridge,0.006264719513715544
75,white,Ridge,-0.004601997487365228
76,white,Ridge,-0.03693033869732543
77,white,Ridge,0.0027689791370009154
78,white,Ridge,-0.040912154659632494
79,white,Ridge,-0.028241508438331397
80,white,Ridge,-0.040663478664585306
81,white,Ridge,-0.03469062377656107
82,white,Ridge,-0.020941744677118068
83,white,Ridge,-0.03250641399682386
84,white,Ridge,-0.012791824153554399
85,white,Ridge,0.012253826325573591
86,white,Ridge,-0.03471750789451811
87,white,Ridge,-0.017215248991673704
88,white,Ridge,-0.03087684781855149
89,white,Ridge,-0.017538143236702664
90,white,Ridge,-0.03123502649922183
91,white,Ridge,0.001050618715952134
92,white,Ridge,-0.024541722152918055
93,white,Ridge,-0.04674916151768882
94,white,Ridge,-0.02944177693388894
95,white,Ridge,-0.01651523160669477
96,white,Ridge,-0.032406073955382086
97,white,Ridge,-0.0026023459627645407
98,white,Ridge,-0.0416899900745209
99,white,Ridge,-0.025894046946579707
100,white,Ridge,-0.034003675039460335
101,white,Ridge,-0.017535022757504626
102,white,Ridge,0.0022751293448699528
103,white,Ridge,-0.04739982817035082
104,white,Ridge,-0.04100293190352555
105,white,Ridge,-0.017923793189585813
106,white,Ridge,-0.04304523270016081
107,white,Ridge,-0.04937448369132902
108,white,Ridge,-0.06317631181895911
109,white,Ridge,-0.044379216613417816
110,white,Ridge,-0.027506346243554858
111,white,Ridge,-0.025297209186172287
112,white,Ridge,-0.04040563111584994
113,white,Ridge,-0.008405249713045237
114,white,Ridge,-0.04800077218508625
115,white,Ridge,-0.025998518236155732
116,white,Ridge,-0.017290628853590118
117,white,Ridge,0.004590421576644355
118,white,Ridge,-0.025763098793660566
119,white,Ridge,0.008249778459829216
120,white,Ridge,-0.04527379151383859
121,white,Ridge,-0.02915008163758226
122,white,Ridge,-0.07077983009943656
123,white,Ridge,-0.024611140092327455
124,white,Ridge,0.005326523941826755
125,white,Ridge,-0.04935958477552116
126,white,Ridge,-0.056556592773788106
127,white,Ridge,-0.013261714017557713
128,white,Ridge,-0.014164877082154748
129,white,Ridge,-0.024262206171321354
130,white,Ridge,0.004322565838374426
131,white,Ridge,-0.019522090198638375
132,white,Ridge,-0.02181069699242133
133,white,Ridge,-0.02319370318551006
134,white,Ridge,-0.03721029418530197
135,white,Ridge,-0.016643158303286998
136,white,Ridge,-0.027548546749766367
137,white,Ridge,-0.01475713844454929
138,white,Ridge,-0.060020959680040065
139,white,Ridge,-0.07551256360840242
140,white,Ridge,-0.02731849267723474
141,white,Ridge,-0.025941950698005423
142,white,Ridge,-0.04319131730198267
143,white,Ridge,-0.019538127187642695
144,white,Ridge,-0.02092386375763866
145,white,Ridge,-0.013375128539218961
146,white,Ridge,-0.04920280191898441
147,white,Ridge,-0.0241633688033277
148,white,Ridge,-0.007939814182689742
149,white,Ridge,-0.026713624499727473
150,white,Ridge,-0.047887285539293334
151,white,Ridge,-0.0378697071179952
152,white,Ridge,-0.011382932013125457
153,white,Ridge,-0.0467086754079481
154,white,Ridge,-0.056131560059637264
155,white,Ridge,-0.019360415774171358
156,white,Ridge,-0.009477436094459835
157,white,Ridge,-0.00481628330642947
158,white,Ridge,-0.011369416958291523
159,white,Ridge,-0.02991251272344886
160,white,Ridge,-0.0046865335783862205
161,white,Ridge,-0.029588820465470733
162,white,Ridge,-0.029431502173096202
163,white,Ridge,-0.05288279690664843
164,white,Ridge,-0.02687770221231367
165,white,Ridge,-0.019169346751488958
166,white,Ridge,-0.02654654516537902
167,white,Ridge,-0.056755996918509966
168,white,Ridge,-0.026900912427169188
169,white,Ridge,-0.0034435206915928163
170,white,Ridge,-0.03809244017058333
171,white,Ridge,-0.07612449235750929
172,white,Ridge,-0.052195138716288
173,white,Ridge,-0.02888301250141867
174,white,Ridge,-0.017182342193151512
175,white,Ridge,-0.02371820099444455
176,white,Ridge,-0.022781176023249028
177,white,Ridge,-0.025931676981839513
178,white,Ridge,-0.04876674460188812
179,white,Ridge,-0.035508613670271916
180,white,Ridge,0.0005346496380094212
181,white,Ridge,-0.05332516319810621
182,white,Ridge,-0.0405602908889624
183,white,Ridge,-0.018237065478956427
184,white,Ridge,-0.03116779050587315
185,white,Ridge,0.006199728018564499
186,white,Ridge,-0.028862721859275298
187,white,Ridge,-0.04235555144055714
188,white,Ridge,-0.045047690623025605
189,white,Ridge,-0.07415280361539589
190,white,Ridge,-0.002839003931279449
191,white,Ridge,-0.05492358163535105
192,white,Ridge,-0.02995335768634011
193,white,Ridge,-0.03021240666624736
194,white,Ridge,-0.017752226618756084
195,white,Ridge,-0.04578878588569868
196,white,Ridge,-0.04599073942107845
197,white,Ridge,-0.02811670393527743
198,white,Ridge,-0.022543031597430208
199,white,Ridge,-0.015461013008345792
200,white,Ridge,-0.05572058164550464
201,white,Ridge,-0.039580393307941164
202,white,Ridge,0.005852620768288963
203,white,Ridge,-0.029757341145539518
204,white,Ridge,-0.038243570627326195
205,white,Ridge,-0.024414095610984177
206,white,Ridge,-0.044649886497995284
207,white,Ridge,0.00023596274599890776
208,white,Ridge,-0.058850932547146906
209,white,Ridge,-0.026620716657448362
210,white,Ridge,-0.017712727277530926
211,white,Ridge,-0.03323041674361449
212,white,Ridge,-0.023253441607982928
213,white,Ridge,-0.02963929278595312
214,white,Ridge,-0.02906844004088427
215,white,Ridge,-0.06020666347187198
216,white,Ridge,0.01745946022801903
217,white,Ridge,-0.030387038233579133
218,white,Ridge,-0.020978291463925713
219,white,Ridge,-0.03741769052399169
220,white,Ridge,-0.016347037918259755
221,white,Ridge,-0.03186803130317528
222,white,Ridge,0.004548450101814372
223,white,Ridge,-0.01773336439721307
224,white,Ridge,-0.0037166153844160332
225,white,Ridge,-0.026152357497268852
226,white,Ridge,-0.018980472322294495
227,white,Ridge,-0.024995955298348305
228,white,Ridge,-0.023118086513767122
229,white,Ridge,-0.011267992474829791
230,white,Ridge,-0.04873316293792018
231,white,Ridge,-0.06489547270418583
232,white,Ridge,-0.05006985911868844
233,white,Ridge,-0.02085639389667604
234,white,Ridge,-0.029137386626996498
235,white,Ridge,-0.058121266968013674
236,white,Ridge,-0.027060464535989648
237,white,Ridge,-0.015595578839282198
238,white,Ridge,-0.029896032948559692
239,white,Ridge,-0.054399252414186416
240,white,Ridge,-0.05310345279290962
241,white,Ridge,-0.03055764201430977
242,white,Ridge,-0.031059209562713352
243,white,Ridge,-0.03433188270946541
244,white,Ridge,-0.0200675573802771
245,white,Ridge,-0.002257212269192843
246,white,Ridge,-0.02838720951509599
247,white,Ridge,-0.02964093244154775
248,white,Ridge,-0.0746876799939924
249,white,Ridge,-0.005764648056111654
250,white,Ridge,-0.08081118520030828
251,white,Ridge,-0.03225954401641762
252,white,Ridge,-0.050954854693107454
253,white,Ridge,-0.02888213902151715
254,white,Ridge,-0.021691502200978707
255,white,Ridge,-0.026484949401095026
256,white,Ridge,-0.01461141617387951
257,white,Ridge,-0.0019931995047423046
258,white,Ridge,-0.03148714338410452
259,white,Ridge,-0.047651484861477744
260,white,Ridge,-0.023612825693183126
261,white,Ridge,-0.02970921603348342
262,white,Ridge,-0.020825170361722378
263,white,Ridge,-0.029892717254553225
264,white,Ridge,-0.05418818760574118
265,white,Ridge,0.010457658229997002
266,white,Ridge,0.022117019096238644
267,white,Ridge,-0.015240125387018133
268,white,Ridge,-0.024868212608295526
269,white,Ridge,-0.03203182205926569
270,white,Ridge,-0.021641403515403557
271,white,Ridge,-0.038589355956228144
272,white,Ridge,-0.01770444519360881
273,white,Ridge,-0.029977503997295374
274,white,Ridge,-0.020581587135636736
275,white,Ridge,-0.048894254373649026
276,white,Ridge,-0.016234674615955513
277,white,Ridge,-0.03150721743162055
278,white,Ridge,-0.013092813825786642
279,white,Ridge,-0.037963140928472194
280,white,Ridge,-0.036410510230036275
281,white,Ridge,-0.03113058140330871
282,white,Ridge,-0.04219067438766544
283,white,Ridge,0.0003283500372128767
284,white,Ridge,-0.023822535643609255
285,white,Ridge,-0.03408810395705053
286,white,Ridge,-0.033865371458206894
287,white,Ridge,-0.027922736410203486
288,white,Ridge,-0.07848206173045891
289,white,Ridge,-0.035957617463141966
290,white,Ridge,-0.04407047233436345
291,white,Ridge,-0.06603368562578549
292,white,Ridge,-0.013872766437902917
293,white,Ridge,-0.06198115691251327
294,white,Ridge,0.0064233769555021025
295,white,Ridge,-0.03516286165664195
296,white,Ridge,-0.01934726041545609
297,white,Ridge,-0.04481092633166661
298,white,Ridge,-0.03252604697348138
299,white,Ridge,-0.05836805949996404
300,white,Ridge,-0.029293935974867735
301,white,Ridge,0.013008220966945871
302,white,Ridge,-0.02927605736629113
303,white,Ridge,-0.010023953413644482
304,white,Ridge,-0.020797945211110225
305,white,Ridge,-0.012022223019717337
306,white,Ridge,-0.0357749952166877
307,white,Ridge,-0.04144394124216266
308,white,Ridge,-0.014962095840525214
309,white,Ridge,0.005140387928708634
310,white,Ridge,0.006295596807353587
311,white,Ridge,-0.006848093615414497
312,white,Ridge,-0.045949190932576545
313,white,Ridge,-0.028190351690132176
314,white,Ridge,-0.04581040114565482
315,white,Ridge,-0.0573431031815651
316,white,Ridge,-0.03343998395725778
317,white,Ridge,-0.028292575586671753
318,white,Ridge,-0.04193529643635019
319,white,Ridge,-0.030480686415778058
320,white,Ridge,-0.01695906314578932
321,white,Ridge,0.015183671539088284
322,white,Ridge,-0.03692042469768542
323,white,Ridge,-0.030322231604949512
324,white,Ridge,-0.01568398137629401
325,white,Ridge,-0.008494089997678977
326,white,Ridge,-0.017835039128080488
327,white,Ridge,-0.03469709696696799
328,white,Ridge,-0.038202086296491466
329,white,Ridge,-0.021691305697978613
330,white,Ridge,-0.040703339930317384
331,white,Ridge,-0.006788563610724552
332,white,Ridge,-0.03534896000861909
333,white,Ridge,-0.037086105491915156
334,white,Ridge,-0.03159412998915023
335,white,Ridge,-0.04185759451663862
336,white,Ridge,-0.027106238877514066
337,white,Ridge,-0.023599872408316402
338,white,Ridge,-0.05291537461844342
339,white,Ridge,0.0006090978814287107
340,white,Ridge,-0.020564512451901606
341,white,Ridge,-0.03010111950885974
342,white,Ridge,-0.06212354802783793
343,white,Ridge,-0.023199903678146727
344,white,Ridge,-0.031075831986070557
345,white,Ridge,-0.007416677323972443
346,white,Ridge,-0.04701594201517356
347,white,Ridge,-0.05627930957168026
348,white,Ridge,-0.03987858496225827
349,white,Ridge,-0.025078052133792883
350,white,Ridge,-0.006973369748895175
351,white,Ridge,-0.009233925286949218
352,white,Ridge,-0.010755583168759575
353,white,Ridge,-0.0528507103827629
354,white,Ridge,-0.00453909376067374
355,white,Ridge,-0.016808615959764572
356,white,Ridge,-0.038519550623232646
357,white,Ridge,-0.02795037758506591
358,white,Ridge,-0.011555091333453449
359,white,Ridge,-0.005311720997181246
360,white,Ridge,0.006156866134615524
361,white,Ridge,-0.03035179517448572
362,white,Ridge,-0.02102793259668312
363,white,Ridge,-0.011003789744721826
364,white,Ridge,-0.03674857402370135
365,white,Ridge,-0.02426530996866838
366,white,Ridge,-0.02092419965274661
367,white,Ridge,-0.02520701756347199
368,white,Ridge,-0.05004062141588672
369,white,Ridge,-0.062056972859327986
370,white,Ridge,-0.028911117421769106
371,white,Ridge,-0.008688042730175649
372,white,Ridge,-0.03681331082784267
373,white,Ridge,-0.007175081607586065
374,white,Ridge,-0.0417527106765202
375,white,Ridge,-0.007248478799817826
376,white,Ridge,-0.025582323109257343
377,white,Ridge,-0.03074406051634171
378,white,Ridge,-0.023198554469727073
379,white,Ridge,-0.04061636138234004
380,white,Ridge,-0.016951422697174312
381,white,Ridge,-0.014897748662641597
382,white,Ridge,-0.0013596825794273126
383,white,Ridge,-0.0243114830013883
384,white,Ridge,-0.024652942395603006
385,white,Ridge,-0.02896389711315639
386,white,Ridge,-0.017896612492251385
387,white,Ridge,-0.02139542902562863
388,white,Ridge,-0.009936597323829677
389,white,Ridge,-0.039760360957984076
390,white,Ridge,-0.027483257354326995
391,white,Ridge,-0.036201003245304286
392,white,Ridge,-0.02029089857781652
393,white,Ridge,-0.036418938085843844
394,white,Ridge,-0.025001189060443685
395,white,Ridge,-0.011428419439627135
396,white,Ridge,-0.030430832477587044
397,white,Ridge,-0.02193962265271754
398,white,Ridge,-0.0045962392500612514
399,white,Ridge,-0.027022287466159423
400,white,Ridge,-0.006890167238423506
401,white,Ridge,0.003374853926359833
402,white,Ridge,-0.011810303018796264
403,white,Ridge,-0.055627919511350044
404,white,Ridge,-0.03435208201108697
405,white,Ridge,-0.0031454053590190822
406,white,Ridge,-0.04029407143020669
407,white,Ridge,-0.03469858164984241
408,white,Ridge,-0.027131631404969103
409,white,Ridge,0.013536134587669335
410,white,Ridge,-0.017029231413373647
411,white,Ridge,-0.02347491491164888
412,white,Ridge,-0.030111379295007956
413,white,Ridge,-0.0022800064016256227
414,white,Ridge,-0.04664198600748737
415,white,Ridge,-0.04620908885821584
416,white,Ridge,-0.015152155606007134
417,white,Ridge,-0.02450145652980784
418,white,Ridge,-0.014469879512447936
419,white,Ridge,-0.020011296135642787
420,white,Ridge,-0.028387457088561052
421,white,Ridge,-0.009111360372593746
422,white,Ridge,0.004208747223819587
423,white,Ridge,-0.026183216765798045
424,white,Ridge,-0.03428964806169876
425,white,Ridge,-0.028625129149309703
426,white,Ridge,-0.01746150294817017
427,white,Ridge,-0.03734677972126632
428,white,Ridge,-0.04994054413565585
429,white,Ridge,-0.005988740806305848
430,white,Ridge,-0.02775322491552279
431,white,Ridge,-0.025534602419541752
432,white,Ridge,-0.05226721511234589
433,white,Ridge,-0.01267581779409499
434,white,Ridge,-0.018421896378127522
435,white,Ridge,-0.061537212107675265
436,white,Ridge,-0.01797142197268875
437,white,Ridge,-0.008735498793724705
438,white,Ridge,-0.004457555072664432
439,white,Ridge,-0.023806353558877946
440,white,Ridge,0.006575731736453094
441,white,Ridge,-0.02128638821145068
442,white,Ridge,-0.022724185837276534
443,white,Ridge,-0.05106024882377358
444,white,Ridge,-0.014458556569654224
445,white,Ridge,-0.025534471839778083
446,white,Ridge,-0.0025286132648415505
447,white,Ridge,-0.021635617801715856
448,white,Ridge,-0.041507872369606735
449,white,Ridge,-0.03022189043693546
450,white,Ridge,-0.04648533292797796
451,white,Ridge,-0.006370001904264622
452,white,Ridge,-0.014531077768963785
453,white,Ridge,-0.013875789193455002
454,white,Ridge,-0.035576943569920694
455,white,Ridge,-0.013390109669134787
456,white,Ridge,-0.02051753931134892
457,white,Ridge,0.012279392086771868
458,white,Ridge,-0.022397940218006562
459,white,Ridge,-0.03071656771094533
460,white,Ridge,-0.02299871153565136
461,white,Ridge,-0.02220910712280788
462,white,Ridge,-0.04855848268767893
463,white,Ridge,-0.01590808086751294
464,white,Ridge,-0.04178708065191217
465,white,Ridge,-0.04539810257622712
466,white,Ridge,-0.03456825336027203
467,white,Ridge,-0.043569831332033626
468,white,Ridge,-0.006165156317891496
469,white,Ridge,-0.041810201733453844
470,white,Ridge,-0.005641374275247912
471,white,Ridge,-0.023235023448349157
472,white,Ridge,-0.0009158821552917029
473,white,Ridge,-0.031149254950510574
474,white,Ridge,-0.04936640920830482
475,white,Ridge,-0.09062474168383827
476,white,Ridge,-0.024085534566571365
477,white,Ridge,-0.02094963460244481
478,white,Ridge,0.0017020877618235675
479,white,Ridge,-0.014447796935890933
480,white,Ridge,-0.025423171327285332
481,white,Ridge,-0.028452389951878043
482,white,Ridge,-0.033632378404928165
483,white,Ridge,-0.02481432727216637
484,white,Ridge,-0.025419212109194067
485,white,Ridge,-0.027775464704061004
486,white,Ridge,0.002502036617756276
487,white,Ridge,-0.046458521367187866
488,white,Ridge,-0.027543386646468937
489,white,Ridge,-0.041586102267609726
490,white,Ridge,-0.02950608283385281
491,white,Ridge,-0.03863726364792075
492,white,Ridge,-0.01890532578767279
493,white,Ridge,-0.006015132581240312
494,white,Ridge,-0.00869275523455193
495,white,Ridge,-0.010329487366846801
496,white,Ridge,-0.009927076601927709
497,white,Ridge,0.006913917279458781
498,white,Ridge,-0.00483944916267498
499,white,Ridge,-0.04358594442369634
500,white,Ridge,-0.027808026850805856
501,white,Ridge,-0.03173861197038008
502,white,Ridge,-0.025858114202548355
503,white,Ridge,-0.022127863761145505
504,white,Ridge,6.0640921456855956e-05
505,white,Ridge,-0.043068038762970606
506,white,Ridge,-0.040455405362990304
507,white,Ridge,-0.0014945918446589435
508,white,Ridge,-0.042599518044999396
509,white,Ridge,-0.04112331663197544
510,white,Ridge,-0.02780932449747897
511,white,Ridge,-0.03629285983827546
512,white,Ridge,-0.01140456913700194
513,white,Ridge,0.0015394697284857317
514,white,Ridge,0.0020439050044621654
515,white,Ridge,-0.007894155987987372
516,white,Ridge,-0.06197800751396931
517,white,Ridge,0.01578575641025881
518,white,Ridge,-0.05665901919064986
519,white,Ridge,-0.06596411189488549
520,white,Ridge,-0.07395919918949678
521,white,Ridge,-0.06818435274830181
522,white,Ridge,-0.017165388535882342
523,white,Ridge,-0.018763622559773263
524,white,Ridge,-0.033747385529266594
525,white,Ridge,-0.06518484351738696
526,white,Ridge,-0.029791212883926277
527,white,Ridge,-0.019247753803120937
528,white,Ridge,-0.01856987067663607
529,white,Ridge,-0.0589345207258859
530,white,Ridge,-0.02717447443209986
531,white,Ridge,-0.05112187058388995
532,white,Ridge,-0.012631293190462856
533,white,Ridge,-0.04938368038793328
534,white,Ridge,0.00010626196682517186
535,white,Ridge,-0.021983681035532388
536,white,Ridge,-0.03855005761977248
537,white,Ridge,-0.009530068359562494
538,white,Ridge,-0.04479624151515682
539,white,Ridge,-0.018059627985309246
540,white,Ridge,-0.056463775592936694
541,white,Ridge,-0.019575934248001192
542,white,Ridge,-0.03395002440350681
543,white,Ridge,-0.023552859921742053
544,white,Ridge,-0.02782940929210198
545,white,Ridge,-0.06015509836514854
546,white,Ridge,-0.03772286447583639
547,white,Ridge,-0.022896325615164526
548,white,Ridge,-0.026363492915959186
549,white,Ridge,-0.03526458199035987
550,white,Ridge,-0.0616437155747519
551,white,Ridge,-0.031525444406666936
552,white,Ridge,-0.027550477680484464
553,white,Ridge,-0.058150167919021056
554,white,Ridge,-0.05296685411350477
555,white,Ridge,-0.030954844164256867
556,white,Ridge,0.002739605028530878
557,white,Ridge,-0.01807665298134431
558,white,Ridge,-0.020837432958738966
559,white,Ridge,-0.017873357219518216
560,white,Ridge,-0.021970192744121597
561,white,Ridge,-0.03859867883234991
562,white,Ridge,-0.05689769787001664
563,white,Ridge,-0.014517487492482606
564,white,Ridge,-0.03308538614205203
565,white,Ridge,-0.019638824748431594
566,white,Ridge,-0.026455574997748643
567,white,Ridge,-0.02605469927570514
568,white,Ridge,-0.0027868957744303646
569,white,Ridge,-0.034427832681185544
570,white,Ridge,-0.02939756015878847
571,white,Ridge,-0.049581560533558555
572,white,Ridge,-0.014633712621249684
573,white,Ridge,-0.030133665745452842
574,white,Ridge,-0.04968269512682544
575,white,Ridge,-0.01688958306681876
576,white,Ridge,-0.01798389017162072
577,white,Ridge,-0.026439187289552413
578,white,Ridge,-0.03692201669208206
579,white,Ridge,-0.010153870609923898
580,white,Ridge,-0.004528423483681543
581,white,Ridge,-0.028237612176090332
582,white,Ridge,-0.06422979823479247
583,white,Ridge,-4.3236401741197916e-05
584,white,Ridge,-0.0380157835228071
585,white,Ridge,-0.06614746429886598
586,white,Ridge,-0.06977371381806696
587,white,Ridge,-0.008875843686405815
588,white,Ridge,-0.04621238582771914
589,white,Ridge,-0.030217509662137543
590,white,Ridge,-0.025139808983639766
591,white,Ridge,-0.026908470382171035
592,white,Ridge,-0.04669522884030952
593,white,Ridge,-0.025113224075421714
594,white,Ridge,-0.009806220594180126
595,white,Ridge,-0.03496597273463731
596,white,Ridge,-0.008394621784372669
597,white,Ridge,-0.044076480566384135
598,white,Ridge,-0.007113819349787054
599,white,Ridge,-0.039162754446211534
600,white,Ridge,-0.045428416496584134
601,white,Ridge,-0.036194859643524424
602,white,Ridge,-0.050758565431099134
603,white,Ridge,-0.020216349256744426
604,white,Ridge,-0.03450413415916165
605,white,Ridge,-0.013943317259439092
606,white,Ridge,-0.01706758724416313
607,white,Ridge,0.014104154895871135
608,white,Ridge,-0.021011966561301554
609,white,Ridge,-0.03601155488404262
610,white,Ridge,-0.023232678755641056
611,white,Ridge,-0.03750430247754044
612,white,Ridge,-0.03993400047648066
613,white,Ridge,-0.0033506530192302098
614,white,Ridge,-0.009181308836631374
615,white,Ridge,-0.0694491221360809
616,white,Ridge,-0.025913739829760862
617,white,Ridge,-0.013592954489782816
618,white,Ridge,-0.03660362199476741
619,white,Ridge,-0.033669899525963665
620,white,Ridge,-0.026720709990817104
621,white,Ridge,-0.05631453055785984
622,white,Ridge,-0.01120525411963691
623,white,Ridge,-0.03229232149812533
624,white,Ridge,-0.024344755135933926
625,white,Ridge,-0.02208756703918957
626,white,Ridge,-0.017275763655168808
627,white,Ridge,-0.04234678089557653
628,white,Ridge,-0.030236893871812276
629,white,Ridge,-0.051265246012590304
630,white,Ridge,-0.014516077990266552
631,white,Ridge,-0.04068253442160841
632,white,Ridge,-0.04529695005512857
633,white,Ridge,-0.008194866193987238
634,white,Ridge,-0.013061448253897656
635,white,Ridge,-0.05980845744355057
636,white,Ridge,-0.04324015246164492
637,white,Ridge,-0.038058415168144566
638,white,Ridge,-0.015080913823668163
639,white,Ridge,-0.04843835174104427
640,white,Ridge,-0.02127540826094443
641,white,Ridge,-0.03989075915724816
642,white,Ridge,-0.06204512627403669
643,white,Ridge,-0.04405400653639091
644,white,Ridge,-0.020300315460131446
645,white,Ridge,-0.03937107725796385
646,white,Ridge,-0.016802885257347855
647,white,Ridge,-0.025581799044752773
648,white,Ridge,-0.025121973552668875
649,white,Ridge,-0.048011705334819244
650,white,Ridge,-0.050981590430071444
651,white,Ridge,-0.004969579919240297
652,white,Ridge,-0.032203761323892466
653,white,Ridge,-0.06188464127405924
654,white,Ridge,-0.03487084964540765
655,white,Ridge,-0.06552759172665124
656,white,Ridge,-0.04781378084892696
657,white,Ridge,-0.00782478299721423
658,white,Ridge,-0.023315638512345527
659,white,Ridge,-0.03425681756363741
660,white,Ridge,-0.031772296805588796
661,white,Ridge,-0.035163996983994306
662,white,Ridge,-0.03635186021936565
663,white,Ridge,-0.025331696763029155
664,white,Ridge,-0.019259898734579783
665,white,Ridge,-0.007017709222572499
666,white,Ridge,-0.03126313167704797
667,white,Ridge,-0.02030589403997929
668,white,Ridge,-0.016446794107724094
669,white,Ridge,0.01081496202104082
670,white,Ridge,-0.005301207760027737
671,white,Ridge,-0.0061020796736893645
672,white,Ridge,0.0029806684968826103
673,white,Ridge,-0.013332633024599416
674,white,Ridge,-0.018448403058301976
675,white,Ridge,-0.03139562378134242
676,white,Ridge,-0.025690977778466295
677,white,Ridge,-0.01200127740571344
678,white,Ridge,-0.02105304297177979
679,white,Ridge,-0.011304001051577584
680,white,Ridge,-0.05092877634820625
681,white,Ridge,-0.03607431337393807
682,white,Ridge,-0.020616599311479744
683,white,Ridge,-0.015004120757550754
684,white,Ridge,-0.00841079838957104
685,white,Ridge,-0.007574651034066515
686,white,Ridge,-0.028059823186050048
687,white,Ridge,-0.029460097383303352
688,white,Ridge,-0.026034211818062536
689,white,Ridge,-0.014325226599339214
690,white,Ridge,-0.032341694935102305
691,white,Ridge,-0.036226213748920766
692,white,Ridge,-0.03941961781927883
693,white,Ridge,-0.01594368861295692
694,white,Ridge,-0.07103882384264748
695,white,Ridge,-0.05538159989053526
696,white,Ridge,-0.025945301460995496
697,white,Ridge,-0.024667594238014456
698,white,Ridge,-0.06536128740237968
699,white,Ridge,-0.033627164487322725
700,white,Ridge,-0.040530650583119665
701,white,Ridge,-0.044332506494895174
702,white,Ridge,-0.036868814719158594
703,white,Ridge,-0.04507931216115424
704,white,Ridge,-0.02422022049821193
705,white,Ridge,-0.0598035592544508
706,white,Ridge,-0.014694651641357082
707,white,Ridge,-0.08581298458405939
708,white,Ridge,-0.01600700216902262
709,white,Ridge,-0.042451308340823446
710,white,Ridge,-0.008076680959662408
711,white,Ridge,0.006715369606554167
712,white,Ridge,-0.007759960427461299
713,white,Ridge,-0.04031425025237856
714,white,Ridge,-0.009154747733176039
715,white,Ridge,-0.05901907930310091
716,white,Ridge,0.0008148433543594402
717,white,Ridge,-0.014366841357942639
718,white,Ridge,-0.01461999072845277
719,white,Ridge,-0.01948464842522879
720,white,Ridge,-0.016419884653331995
721,white,Ridge,0.008776956933707392
722,white,Ridge,0.01528216468031729
723,white,Ridge,-0.014278933961108908
724,white,Ridge,-0.03220504353370368
725,white,Ridge,-0.0011200666617099397
726,white,Ridge,-0.029990017179732154
727,white,Ridge,-0.01481432082583245
728,white,Ridge,-0.03432943533435806
729,white,Ridge,-0.006446842053809521
730,white,Ridge,-0.03186498700818674
731,white,Ridge,-0.0220619506704004
732,white,Ridge,-0.022735156801459988
733,white,Ridge,-0.0171313608648902
734,white,Ridge,-0.015956278923515588
735,white,Ridge,-0.06439022370078906
736,white,Ridge,-0.054604260096115964
737,white,Ridge,-0.022796111405199104
738,white,Ridge,-0.05049596082192187
739,white,Ridge,-0.03683534406961231
740,white,Ridge,-0.043865595609063335
741,white,Ridge,-0.04874659419108973
742,white,Ridge,-0.04754864815753079
743,white,Ridge,-0.026325544738408646
744,white,Ridge,-0.005683288458337987
745,white,Ridge,-0.01883202984154919
746,white,Ridge,-0.03243849800022924
747,white,Ridge,-9.695635996809226e-05
748,white,Ridge,-0.06271452296703328
749,white,Ridge,-0.04458016305485257
750,white,Ridge,-0.052241807035428245
751,white,Ridge,-0.0334144465325783
752,white,Ridge,-0.026753209897333763
753,white,Ridge,-0.04664022116975486
754,white,Ridge,-0.04747733484105232
755,white,Ridge,-0.044591043556472365
756,white,Ridge,-0.010924809643787059
757,white,Ridge,-0.04623520184918173
758,white,Ridge,-0.03435990731636229
759,white,Ridge,-0.014795598421745604
760,white,Ridge,-0.029622649727685357
761,white,Ridge,-0.010959967522507164
762,white,Ridge,-0.044117505550674285
763,white,Ridge,-0.03074795346175152
764,white,Ridge,-0.033914058328740504
765,white,Ridge,-0.03775679242837249
766,white,Ridge,-0.03956556713575454
767,white,Ridge,-0.03819534030301819
768,white,Ridge,-0.031176558036143054
769,white,Ridge,-0.035386481850154805
770,white,Ridge,-0.016313544506522892
771,white,Ridge,-0.02841132410269731
772,white,Ridge,-0.014006633524344614
773,white,Ridge,-0.019031783024854976
774,white,Ridge,-0.04740426482329607
775,white,Ridge,-0.016503010620042224
776,white,Ridge,-0.07137216953724113
777,white,Ridge,-0.041833744522708605
778,white,Ridge,-0.0666564043516168
779,white,Ridge,-0.032312716388755214
780,white,Ridge,-0.047267197020560925
781,white,Ridge,-0.021611044136584323
782,white,Ridge,-0.013522516957141795
783,white,Ridge,-0.029132290287403495
784,white,Ridge,-0.034711697092608684
785,white,Ridge,-0.0527140916094585
786,white,Ridge,-0.0336697189017805
787,white,Ridge,0.009042299129698672
788,white,Ridge,-0.03362726831326612
789,white,Ridge,-0.04189011096474915
790,white,Ridge,-0.042589075215784034
791,white,Ridge,-0.006347896289379262
792,white,Ridge,-0.02880115861101107
793,white,Ridge,-0.028109015619551703
794,white,Ridge,-0.05577692475537677
795,white,Ridge,-0.003121334101301443
796,white,Ridge,-0.028615736963760185
797,white,Ridge,-0.02682076929337429
798,white,Ridge,-0.026513915372911034
799,white,Ridge,-0.042075789763033944
800,white,Ridge,-0.06362425985933584
801,white,Ridge,-0.0024193467657371848
802,white,Ridge,-0.06007086857261146
803,white,Ridge,-0.03287023285209023
804,white,Ridge,-0.018772146618407648
805,white,Ridge,0.0025442261110217856
806,white,Ridge,-0.048070803120871974
807,white,Ridge,-0.030552388058476154
808,white,Ridge,-0.008216062859517259
809,white,Ridge,-0.04424773446546815
810,white,Ridge,-0.032907502279859946
811,white,Ridge,-0.05597008483463195
812,white,Ridge,-0.02624158361770046
813,white,Ridge,-0.01610520993646536
814,white,Ridge,-0.02800491830572094
815,white,Ridge,-0.012255037980384409
816,white,Ridge,0.012195735521190576
817,white,Ridge,-0.016419288979232283
818,white,Ridge,-0.04932663952826133
819,white,Ridge,-0.056573863138828284
820,white,Ridge,-0.03452913142597369
821,white,Ridge,-0.00450090119235258
822,white,Ridge,-0.03168595307216471
823,white,Ridge,-0.03357993801481263
824,white,Ridge,-0.02992554328047481
825,white,Ridge,-0.009640186412530505
826,white,Ridge,-0.00556566947557835
827,white,Ridge,-0.03756841953969581
828,white,Ridge,0.00015778778830521922
829,white,Ridge,-0.028150500269029655
830,white,Ridge,-0.04122313085590146
831,white,Ridge,-0.01662237172691239
832,white,Ridge,-0.013520143747761448
833,white,Ridge,-0.04547975291820394
834,white,Ridge,-0.04639286957428401
835,white,Ridge,-0.02284025002335388
836,white,Ridge,-0.005315757080725847
837,white,Ridge,-0.030582343817070146
838,white,Ridge,-0.010342297802759859
839,white,Ridge,-0.03755213355071707
840,white,Ridge,-0.017478267221693655
841,white,Ridge,-0.004314276209546608
842,white,Ridge,-0.006122955194010182
843,white,Ridge,-0.030834974060843234
844,white,Ridge,-0.010938196089016916
845,white,Ridge,-0.04295766490932085
846,white,Ridge,-0.03574502176899197
847,white,Ridge,-0.021519576096320492
848,white,Ridge,-0.030913696546291836
849,white,Ridge,-0.02073740189663953
850,white,Ridge,-0.033436317483319766
851,white,Ridge,-0.050400338752212615
852,white,Ridge,-0.044977916746394286
853,white,Ridge,-0.043315722677323754
854,white,Ridge,-0.030081369425852045
855,white,Ridge,-0.03750039350179435
856,white,Ridge,-0.021685568901263275
857,white,Ridge,-0.00826144920550187
858,white,Ridge,-0.012761841288140507
859,white,Ridge,-0.0012760723854003952
860,white,Ridge,-0.0592902741577348
861,white,Ridge,-0.028547396490034793
862,white,Ridge,-0.04792293465936659
863,white,Ridge,-0.02160462883618386
864,white,Ridge,-0.04784247667468333
865,white,Ridge,0.01987819954339698
866,white,Ridge,0.03156865632385053
867,white,Ridge,-0.0007610843981556981
868,white,Ridge,-0.013199380851128595
869,white,Ridge,0.012429098803007244
870,white,Ridge,-0.01721058027922584
871,white,Ridge,-0.041859800049623974
872,white,Ridge,-0.03305394074221901
873,white,Ridge,-0.038349220234953574
874,white,Ridge,-0.035463923826724364
875,white,Ridge,0.001430135927162457
876,white,Ridge,-0.031291997565141894
877,white,Ridge,0.0032912070682471484
878,white,Ridge,-0.029378874363594543
879,white,Ridge,-0.03664618391318197
880,white,Ridge,-0.011500775873079294
881,white,Ridge,-0.021953550900874808
882,white,Ridge,-0.017158960632148612
883,white,Ridge,-0.05091600132331586
884,white,Ridge,-0.014475679522327423
885,white,Ridge,-0.021724073131964672
886,white,Ridge,-0.01176933912203515
887,white,Ridge,-0.046682201063906525
888,white,Ridge,-0.009089661611334732
889,white,Ridge,-0.041366051637415135
890,white,Ridge,-0.04120423334372314
891,white,Ridge,-0.01768088752598851
892,white,Ridge,-0.008612508416892761
893,white,Ridge,-0.04625552969290059
894,white,Ridge,-0.0545028347156683
895,white,Ridge,-0.03842469688505634
896,white,Ridge,0.02230520996368035
897,white,Ridge,-0.055156766867244134
898,white,Ridge,-0.06285603180517874
899,white,Ridge,-0.04003503595903202
900,white,Ridge,0.007867123094064232
901,white,Ridge,-0.02423944477724438
902,white,Ridge,-0.042270162210439666
903,white,Ridge,-0.050809666171323986
904,white,Ridge,-0.027060889133233346
905,white,Ridge,-0.01602799972327107
906,white,Ridge,-0.05784034854141473
907,white,Ridge,-0.030042245202572815
908,white,Ridge,-0.022301952358512067
909,white,Ridge,-0.030300346544551937
910,white,Ridge,-0.022800996190360467
911,white,Ridge,-0.031042464915275514
912,white,Ridge,-0.025871301292225035
913,white,Ridge,-0.014910618534227926
914,white,Ridge,-0.03170009599092238
915,white,Ridge,-0.031338280165125854
916,white,Ridge,-0.03476760791953848
917,white,Ridge,-0.04428771529684805
918,white,Ridge,-0.010953385913325953
919,white,Ridge,-0.05920044286958659
920,white,Ridge,-0.020834576881309075
921,white,Ridge,-0.0056464720679947344
922,white,Ridge,-0.008485954518345218
923,white,Ridge,-0.04608881565590528
924,white,Ridge,-0.029965790880928656
925,white,Ridge,-0.0400359060922576
926,white,Ridge,-0.022933537407333615
927,white,Ridge,-0.02720901211464133
928,white,Ridge,-0.032418746571623025
929,white,Ridge,-0.027724505744598615
930,white,Ridge,-0.014063364811842671
931,white,Ridge,-0.026408765369418274
932,white,Ridge,-0.014998819450405376
933,white,Ridge,-0.03271224875267664
934,white,Ridge,-0.0432747796570071
935,white,Ridge,-0.05923980004423568
936,white,Ridge,-0.030363356028739297
937,white,Ridge,-0.020716957155281435
938,white,Ridge,-0.02050060676374188
939,white,Ridge,-0.005653187925820369
940,white,Ridge,-0.011904374456917277
941,white,Ridge,-0.003387899835878616
942,white,Ridge,-0.036679629968772165
943,white,Ridge,-0.022274604908144258
944,white,Ridge,-0.037991363001273926
945,white,Ridge,-0.009054894903152477
946,white,Ridge,-0.04525128686514568
947,white,Ridge,-0.03060305808135011
948,white,Ridge,-0.0005789786924591533
949,white,Ridge,-0.06197808938546301
950,white,Ridge,-0.025829338827035753
951,white,Ridge,0.005396488107527353
952,white,Ridge,-0.043382407604734774
953,white,Ridge,-0.0067619878644255005
954,white,Ridge,-0.02995451243173508
955,white,Ridge,-0.015961990150727856
956,white,Ridge,-0.011747184594026683
957,white,Ridge,-0.012333005569735489
958,white,Ridge,-0.018487815636884952
959,white,Ridge,-0.009072082523749803
960,white,Ridge,-0.016044682589169135
961,white,Ridge,0.00026844557482152975
962,white,Ridge,0.004862600176550491
963,white,Ridge,-0.03192925560457138
964,white,Ridge,-0.02630577696674352
965,white,Ridge,-0.05070378359590044
966,white,Ridge,-0.004108753998424808
967,white,Ridge,-0.03634155607241352
968,white,Ridge,-0.048531085454453726
969,white,Ridge,-0.027793813217253605
970,white,Ridge,-0.03155227456717857
971,white,Ridge,-0.008758608956688452
972,white,Ridge,-0.031890938320503714
973,white,Ridge,-0.06270066154785858
974,white,Ridge,-0.03570885954362624
975,white,Ridge,-0.03312230846365549
976,white,Ridge,-0.021891888682053162
977,white,Ridge,-0.03762881242346827
978,white,Ridge,-0.036735787801434716
979,white,Ridge,-0.07008245678124203
980,white,Ridge,-0.006084469675931237
981,white,Ridge,-0.013739017094830164
982,white,Ridge,-0.03618995603307962
983,white,Ridge,-0.017304057798317007
984,white,Ridge,-0.026739354208170862
985,white,Ridge,-0.02784146462378745
986,white,Ridge,-0.0027280604220453197
987,white,Ridge,-0.04613042989741589
988,white,Ridge,-0.04000624782801865
989,white,Ridge,-0.031163854328827734
990,white,Ridge,-0.013781781826354922
991,white,Ridge,-0.01542088428840327
992,white,Ridge,-0.017905150899114708
993,white,Ridge,-0.03343231667126445
994,white,Ridge,0.009012812726025277
995,white,Ridge,-0.03904186551580735
996,white,Ridge,-0.07079668783068771
997,white,Ridge,-0.033731033005586
998,white,Ridge,-0.050418115560711185
999,white,Ridge,-0.02046815513546485
1000,white,Ridge,-0.011521558301007095
1001,white,Ridge,-0.00517389901382781
1002,white,Ridge,-0.04180628361889149
1003,white,Ridge,-0.003194127634241428
1004,white,Ridge,-0.022906136192256343
1005,white,Ridge,-0.010881614658210914
1006,white,Ridge,-0.042832055296812444
1007,white,Ridge,-0.035498601810069585
1008,white,Ridge,-0.035386120232477114
1009,white,Ridge,-0.02389826311906751
1010,white,Ridge,-0.03557108426007527
1011,white,Ridge,-0.020650303054591146
1012,white,Ridge,-0.011484978426349546
1013,white,Ridge,-0.03220928323175787
1014,white,Ridge,0.0264405950968446
1015,white,Ridge,-0.009640002159084116
1016,white,Ridge,0.0018329060689245003
1017,white,Ridge,-0.018616460919522737
1018,white,Ridge,-0.017909608615770845
1019,white,Ridge,-0.03140657638535438
1020,white,Ridge,-0.026354543583154366
1021,white,Ridge,-0.03353575615511062
1022,white,Ridge,-0.03988932497610176
1023,white,Ridge,-0.018986360416904935
1024,white,Ridge,-0.030411811029744218
1025,white,Ridge,-0.02992754364498429
1026,white,Ridge,-0.026146539510122024
1027,white,Ridge,-0.04212604827437272
1028,white,Ridge,-0.043403697940833985
1029,white,Ridge,-0.03506734980185444
1030,white,Ridge,-0.018094534773247628
1031,white,Ridge,-0.03479169680440852
1032,white,Ridge,-0.036051421440864595
1033,white,Ridge,-0.028395554803178347
1034,white,Ridge,-0.07023324084267901
1035,white,Ridge,-0.012534745488658072
1036,white,Ridge,-0.056258067583395355
1037,white,Ridge,-0.04984191081792433
1038,white,Ridge,-0.028760084629472438
1039,white,Ridge,-0.034939348966815276
1040,white,Ridge,-0.03900512712306292
1041,white,Ridge,-0.04972575179865657
1042,white,Ridge,-0.06543444639164486
1043,white,Ridge,-0.04880867057658711
1044,white,Ridge,-0.005613185906505835
1045,white,Ridge,-0.056525154334087
1046,white,Ridge,-0.01745672576113344
1047,white,Ridge,-0.033495266702216586
1048,white,Ridge,-0.045608307474680365
1049,white,Ridge,-0.02764166280119351
1050,white,Ridge,-0.0013139149382523918
1051,white,Ridge,-0.05459264945067943
1052,white,Ridge,-0.023495584654279478
1053,white,Ridge,0.027290411697605155
1054,white,Ridge,-0.03293417813404065
1055,white,Ridge,-0.03250731631721371
1056,white,Ridge,-0.00756399589930179
1057,white,Ridge,-0.01999749564351927
1058,white,Ridge,-0.039353823386589326
1059,white,Ridge,-0.033640380238453615
1060,white,Ridge,-0.01286100405156887
1061,white,Ridge,-0.05467392384948677
1062,white,Ridge,-0.01832669529424391
1063,white,Ridge,-0.0012717336427682246
1064,white,Ridge,-0.010504339504064375
1065,white,Ridge,-0.00932808127884388
1066,white,Ridge,-0.024240231783914212
1067,white,Ridge,-0.025984940128047418
1068,white,Ridge,-0.02270344853243933
1069,white,Ridge,-0.01719259643700921
1070,white,Ridge,-0.002621913711982282
1071,white,Ridge,-0.014780458190089107
1072,white,Ridge,-0.011999271919507892
1073,white,Ridge,-0.02339571566140186
1074,white,Ridge,-0.017068778233057413
1075,white,Ridge,-0.0027535763219292964
1076,white,Ridge,-0.016284212489896976
1077,white,Ridge,-0.0211142793009651
1078,white,Ridge,-0.05160772375705114
1079,white,Ridge,-0.038186061881675726
1080,white,Ridge,-0.054124356482218916
1081,white,Ridge,-0.012810988921679534
1082,white,Ridge,-0.03345627978165466
1083,white,Ridge,-0.02368318830546623
1084,white,Ridge,-0.037049327821989664
1085,white,Ridge,-0.029292384436010566
1086,white,Ridge,-0.04407876655331844
1087,white,Ridge,-0.017134907593021165
1088,white,Ridge,-0.0440214818688236
1089,white,Ridge,-0.020665285242891795
1090,white,Ridge,-0.006017492500320576
1091,white,Ridge,-0.037813212744425284
1092,white,Ridge,-0.05706528692354684
1093,white,Ridge,-0.03331207455598495
1094,white,Ridge,-0.009983873523962905
1095,white,Ridge,-0.016805513746251055
1096,white,Ridge,-0.007398585191728868
1097,white,Ridge,0.0021544727513977957
1098,white,Ridge,-0.018002503361004063
1099,white,Ridge,-0.005818312387149027
1100,white,Ridge,-0.0139962935893021
1101,white,Ridge,-0.050655418802555086
1102,white,Ridge,-0.03153873531765261
1103,white,Ridge,-0.02827797729643977
1104,white,Ridge,-0.028083632333010033
1105,white,Ridge,-0.010786321769449936
1106,white,Ridge,-0.016054776046591335
1107,white,Ridge,-0.010797819710312906
1108,white,Ridge,-0.027411881335314137
1109,white,Ridge,-0.013308537891066452
1110,white,Ridge,0.001806439585580466
1111,white,Ridge,-0.026779615214587715
1112,white,Ridge,-0.05350576252074524
1113,white,Ridge,-0.04110633065290903
1114,white,Ridge,-0.03835749838321123
1115,white,Ridge,-0.023523422500343227
1116,white,Ridge,-0.031237587575948855
1117,white,Ridge,0.000510743625413479
1118,white,Ridge,-0.036807790516301675
1119,white,Ridge,-0.040614698071404276
1120,white,Ridge,-0.07000823773792575
1121,white,Ridge,-0.014107232138786285
1122,white,Ridge,-0.0393097537411774
1123,white,Ridge,-0.021477192994785232
1124,white,Ridge,-0.0358517823525214
1125,white,Ridge,-0.013943743257932684
1126,white,Ridge,-0.026078719539144535
1127,white,Ridge,-0.0726452742982574
1128,white,Ridge,-0.00997073518360525
1129,white,Ridge,-0.08298838838837386
1130,white,Ridge,-0.043074034829392094
1131,white,Ridge,-0.06595335120850487
1132,white,Ridge,-0.01790641395517978
1133,white,Ridge,-0.02781567773692928
1134,white,Ridge,-0.0009755292702806617
1135,white,Ridge,-0.03011609356312772
1136,white,Ridge,-0.05678496638326613
1137,white,Ridge,-0.0202463564362938
1138,white,Ridge,-0.029253916498970467
1139,white,Ridge,0.002406969990740304
1140,white,Ridge,-0.014471099590971703
1141,white,Ridge,-0.056591759588758506
1142,white,Ridge,-0.015020905123388495
1143,white,Ridge,-0.01979347705770329
1144,white,Ridge,-0.03464872697161203
1145,white,Ridge,-0.022989903901730058
1146,white,Ridge,-0.009782153546880945
1147,white,Ridge,-0.04250619960028845
1148,white,Ridge,-0.006280747534857523
1149,white,Ridge,-0.021296708749617976
1150,white,Ridge,-0.012572290775040296
1151,white,Ridge,-0.018935827514086512
1152,white,Ridge,-0.020489056559912955
1153,white,Ridge,0.017870139865275636
1154,white,Ridge,-0.022977003164055376
1155,white,Ridge,-0.008320176605117413
1156,white,Ridge,-0.02656831922534586
1157,white,Ridge,-0.014487160626366125
1158,white,Ridge,-0.027361490686147794
1159,white,Ridge,-0.03016236603243161
1160,white,Ridge,-0.026785073896757106
1161,white,Ridge,-0.0017253438533928467
1162,white,Ridge,-0.02937929267130268
1163,white,Ridge,-0.010472717833833634
1164,white,Ridge,-0.034704433874524265
1165,white,Ridge,-0.01825567960165453
1166,white,Ridge,-0.04988327484141952
1167,white,Ridge,-0.012970001969261236
1168,white,Ridge,-0.03735155403789847
1169,white,Ridge,-0.013912858096397529
1170,white,Ridge,0.013900950133879486
1171,white,Ridge,-0.06164859698285552
1172,white,Ridge,-0.03961408434680125
1173,white,Ridge,-0.0006324405900623997
1174,white,Ridge,-0.02356285357515142
1175,white,Ridge,-0.020274522356888758
1176,white,Ridge,-0.05137794397097317
1177,white,Ridge,-0.036437664380064905
1178,white,Ridge,-0.03253260435950034
1179,white,Ridge,-0.04835055563000101
1180,white,Ridge,-0.06425135551245176
1181,white,Ridge,-0.0763446171146196
1182,white,Ridge,-0.05115808015774592
1183,white,Ridge,-0.043077141142814024
1184,white,Ridge,-0.04518919193922766
1185,white,Ridge,-0.0557713045114121
1186,white,Ridge,-0.02337580501977632
1187,white,Ridge,-0.0599269780290439
1188,white,Ridge,-0.024011982026718393
1189,white,Ridge,-0.02048657595139447
1190,white,Ridge,-0.009437824661327365
1191,white,Ridge,0.010174945066291574
1192,white,Ridge,-0.03361646941930552
1193,white,Ridge,-0.0076550419044449924
1194,white,Ridge,-0.015543554538250404
1195,white,Ridge,-0.010952132857214858
1196,white,Ridge,0.014411674902622518
1197,white,Ridge,-0.032762116135135466
1198,white,Ridge,-0.0176745273182507
1199,white,Ridge,-0.004202855232744551
1200,white,Ridge,-0.051106412202185925
1201,white,Ridge,-0.036361043132040916
1202,white,Ridge,-0.04480730782255693
1203,white,Ridge,-0.058086634356205424
1204,white,Ridge,-0.041160244691519576
1205,white,Ridge,-0.052949787920881564
1206,white,Ridge,-0.0340412394605446
1207,white,Ridge,-0.04877572677874997
1208,white,Ridge,-0.007100780469398882
1209,white,Ridge,-0.024292982557280185
1210,white,Ridge,-0.023541671015259502
1211,white,Ridge,-0.05053376407501342
1212,white,Ridge,-0.04290093187348565
1213,white,Ridge,-0.006315854345072425
1214,white,Ridge,-0.01793888998720583
1215,white,Ridge,-0.030916542722803975
1216,white,Ridge,-0.008283894943004078
1217,white,Ridge,-0.02306313559070272
1218,white,Ridge,-0.00883139851443826
1219,white,Ridge,-0.05103524907646195
1220,white,Ridge,-0.04980807789466224
1221,white,Ridge,-0.03189582439559657
1222,white,Ridge,-0.033027436588525694
1223,white,Ridge,-0.04178093404495942
1224,white,Ridge,0.0006786634094856359
1225,white,Ridge,-0.03619377465450202
1226,white,Ridge,-0.040437942050472575
1227,white,Ridge,-0.030610954498088594
1228,white,Ridge,-0.032157585564113855
1229,white,Ridge,-0.024219536977174716
1230,white,Ridge,-0.04307323785526129
1231,white,Ridge,-0.015378162281625585
1232,white,Ridge,-0.016473136541118483
1233,white,Ridge,-0.023390143898830207
1234,white,Ridge,-0.057553734320195504
1235,white,Ridge,-0.03052465972923668
1236,white,Ridge,-0.03794549541162595
1237,white,Ridge,-0.07281460714542765
1238,white,Ridge,-0.04430017694179411
1239,white,Ridge,-0.02840940152666316
1240,white,Ridge,-0.02592387409905139
1241,white,Ridge,-0.01723332695433999
1242,white,Ridge,-0.014002402271448555
1243,white,Ridge,-0.02052463509955027
1244,white,Ridge,-0.03315009366448385
1245,white,Ridge,-0.01986509548609605
1246,white,Ridge,-0.03591896312448006
1247,white,Ridge,-0.037117208668600354
1248,white,Ridge,-0.006986544910821624
1249,white,Ridge,-0.0346362478000094
1250,white,Ridge,-0.029472888238996964
1251,white,Ridge,-0.013067577046980472
1252,white,Ridge,-0.03727206388604998
1253,white,Ridge,-0.03834073419824746
1254,white,Ridge,-0.06964773439971494
1255,white,Ridge,-0.04263611534076728
1256,white,Ridge,-0.005392084718471191
1257,white,Ridge,-0.038865924972962484
1258,white,Ridge,-0.03443800167288069
1259,white,Ridge,-0.011852721303616254
1260,white,Ridge,-0.03725687149558066
1261,white,Ridge,-0.02232608184957985
1262,white,Ridge,-0.051321230724011624
1263,white,Ridge,-0.026983351940281786
1264,white,Ridge,-0.04936605775673797
1265,white,Ridge,0.01239326578307598
1266,white,Ridge,-0.026587952221516553
1267,white,Ridge,-0.005783988789291983
1268,white,Ridge,-0.001466841072519598
1269,white,Ridge,0.0038900748365030546
1270,white,Ridge,-0.028314388680467317
1271,white,Ridge,-0.020388770835427006
1272,white,Ridge,-0.032563733000895656
1273,white,Ridge,-0.02526501217631416
1274,white,Ridge,0.021604979188693307
1275,white,Ridge,-0.04977500985381644
1276,white,Ridge,-0.024368984180091036
1277,white,Ridge,-0.029623198936336026
1278,white,Ridge,-0.023812957734750118
1279,white,Ridge,-0.02537504468083074
1280,white,Ridge,0.01292972547437854
1281,white,Ridge,-0.002152510657598583
1282,white,Ridge,-0.04576697237981919
1283,white,Ridge,-0.006115306840192569
1284,white,Ridge,-0.0280559618286218
1285,white,Ridge,0.0011290367684905211
1286,white,Ridge,-0.02260115181359157
1287,white,Ridge,-0.042669533456146436
1288,white,Ridge,-0.023767887210170535
1289,white,Ridge,-0.02242552662582764
1290,white,Ridge,-0.005262491893745058
1291,white,Ridge,-0.0014816664531177581
1292,white,Ridge,-0.05136558560949911
1293,white,Ridge,-0.0054544450346746265
1294,white,Ridge,-0.03269550057026083
1295,white,Ridge,-0.04197657349373418
1296,white,Ridge,-0.04296941285658362
1297,white,Ridge,-0.049653453458192276
1298,white,Ridge,-0.04205487299288602
1299,white,Ridge,-0.0552559412149376
1300,white,Ridge,-0.007686548831567386
1301,white,Ridge,-0.005809693407588745
1302,white,Ridge,-0.039680692755338365
1303,white,Ridge,-0.029378137509072366
1304,white,Ridge,-0.032525160460703306
1305,white,Ridge,-0.02062322365756164
1306,white,Ridge,-0.03271988963940442
1307,white,Ridge,-0.01027168911641474
1308,white,Ridge,-0.036706590388042026
1309,white,Ridge,-0.01416396307308554
1310,white,Ridge,-0.015734480564213782
1311,white,Ridge,-0.028750623809760456
1312,white,Ridge,-0.016838427822246316
1313,white,Ridge,-0.02409717719501081
1314,white,Ridge,-0.011582554920284593
1315,white,Ridge,-0.043323449386050816
1316,white,Ridge,-0.02946023820483412
1317,white,Ridge,-0.020351950041439526
1318,white,Ridge,-0.006030344312681568
1319,white,Ridge,-0.054390215839178135
1320,white,Ridge,-0.01738825383777598
1321,white,Ridge,-0.013124962576418486
1322,white,Ridge,-0.03298432168162568
1323,white,Ridge,-0.035212609359733804
1324,white,Ridge,-0.04669456330784583
1325,white,Ridge,0.007515030307412296
1326,white,Ridge,-0.030029182109422736
1327,white,Ridge,-0.05842505303655099
1328,white,Ridge,-0.02469949374360858
1329,white,Ridge,-0.04696299937331361
1330,white,Ridge,-0.012679417819334682
1331,white,Ridge,-0.04440905990151678
1332,white,Ridge,-0.027267037344193445
1333,white,Ridge,0.04150436460051188
1334,white,Ridge,-0.018347535451402663
1335,white,Ridge,-0.05161063910545771
1336,white,Ridge,-0.033191805258972695
1337,white,Ridge,-0.06271859526131951
1338,white,Ridge,-0.046993061518476154
1339,white,Ridge,-0.022869881796603098
1340,white,Ridge,-0.043033132429179166
1341,white,Ridge,-0.045955176879227566
1342,white,Ridge,0.012969987040879705
1343,white,Ridge,-0.04047967410314102
1344,white,Ridge,-0.002954901161719592
1345,white,Ridge,-0.030387180599510177
1346,white,Ridge,-0.009039599825285016
1347,white,Ridge,-0.03132870923481057
1348,white,Ridge,-0.020703137494460178
1349,white,Ridge,-0.04443314463732251
1350,white,Ridge,-0.05125712222143741
1351,white,Ridge,-0.013431477426344984
1352,white,Ridge,-0.022856059522657235
1353,white,Ridge,-0.048261068420116016
1354,white,Ridge,-0.0003620165114149865
1355,white,Ridge,-0.06623110967855872
1356,white,Ridge,-0.05280326566798832
1357,white,Ridge,-0.026302467279764485
1358,white,Ridge,-0.015253745335784386
1359,white,Ridge,0.015730537853488213
1360,white,Ridge,-0.0304881508286583
1361,white,Ridge,-0.0072411789623763045
1362,white,Ridge,0.0038124786441862124
1363,white,Ridge,-0.06378268648744467
1364,white,Ridge,-0.037419051446200724
1365,white,Ridge,-0.022999964428517594
1366,white,Ridge,-0.025877085265473276
1367,white,Ridge,-0.011340723483510118
1368,white,Ridge,-0.038162565790710645
1369,white,Ridge,-0.018744005205044822
1370,white,Ridge,-0.02675756412010255
1371,white,Ridge,-0.05523894237601612
1372,white,Ridge,-0.012674738622558968
1373,white,Ridge,-0.035903098422823465
1374,white,Ridge,-0.01675590693287432
1375,white,Ridge,-0.03467088418838715
1376,white,Ridge,0.010784281806364038
1377,white,Ridge,-0.0038460465363929774
1378,white,Ridge,-0.015756982055685542
1379,white,Ridge,-0.023704552135401458
1380,white,Ridge,-0.03134523915753651
1381,white,Ridge,-0.04530869562572326
1382,white,Ridge,-0.026999143655229374
1383,white,Ridge,-0.04314180805041601
1384,white,Ridge,0.011471640543864958
1385,white,Ridge,0.004273610564973107
1386,white,Ridge,0.01678948874645414
1387,white,Ridge,-0.028025343413737747
1388,white,Ridge,-0.003628017808650741
1389,white,Ridge,0.0012439248763554955
1390,white,Ridge,-0.012491022485982217
1391,white,Ridge,0.003510197497415879
1392,white,Ridge,-0.051481853288406376
1393,white,Ridge,-0.04549369822971894
1394,white,Ridge,-0.015056085515403717
1395,white,Ridge,-0.014513423113760582
1396,white,Ridge,-0.029611699301277716
1397,white,Ridge,-0.02200473278105841
1398,white,Ridge,-0.03650409116360065
1399,white,Ridge,-0.036360849575357124
1400,white,Ridge,-0.04637074104783179
1401,white,Ridge,-0.03584527649647118
1402,white,Ridge,-0.04947149659334116
1403,white,Ridge,-0.034636919172096325
1404,white,Ridge,-0.027888157697512184
1405,white,Ridge,-0.014498049876259578
1406,white,Ridge,-0.03853588725904966
1407,white,Ridge,-0.02585873506659242
1408,white,Ridge,-0.025531192100702094
1409,white,Ridge,-0.051507605961135794
1410,white,Ridge,-0.04492438024261758
1411,white,Ridge,-0.01524818455071808
1412,white,Ridge,-0.021095362261605577
1413,white,Ridge,-0.02994738237343031
1414,white,Ridge,-0.009569193418950905
1415,white,Ridge,-0.0435496189069845
1416,white,Ridge,-0.022070507511848136
1417,white,Ridge,-0.023077073099819545
1418,white,Ridge,-0.03236233771623198
1419,white,Ridge,0.006025733159100821
1420,white,Ridge,-0.03700116997278524
1421,white,Ridge,-0.04853739640782884
1422,white,Ridge,-0.03332366527179165
1423,white,Ridge,-0.007709661371287924
1424,white,Ridge,0.023172270164532605
1425,white,Ridge,-0.03413948212551754
1426,white,Ridge,-0.024357631373792432
1427,white,Ridge,-0.002451847805315377
1428,white,Ridge,-0.010090922950668268
1429,white,Ridge,-0.030810098644620032
1430,white,Ridge,-0.04441295858845684
1431,white,Ridge,-0.08035037942111845
1432,white,Ridge,-0.03535973711258056
1433,white,Ridge,-0.01352529591444862
1434,white,Ridge,-0.015979750223248268
1435,white,Ridge,-0.02621550049263688
1436,white,Ridge,-0.05743982705040196
1437,white,Ridge,-0.012474941382641824
1438,white,Ridge,-0.04072279405103363
1439,white,Ridge,-0.007607156515390567
1440,white,Ridge,-0.0035860482952739803
1441,white,Ridge,-0.042876516245242025
1442,white,Ridge,-0.029130966160901495
1443,white,Ridge,-0.04932414325596313
1444,white,Ridge,-0.022944385174067827
1445,white,Ridge,-0.013384933203485438
1446,white,Ridge,-0.03353170442259168
1447,white,Ridge,-0.006195022033803066
1448,white,Ridge,-0.024823242337023266
1449,white,Ridge,-0.015927752244839888
1450,white,Ridge,-0.03745580454604325
1451,white,Ridge,-0.05156988203034374
1452,white,Ridge,-0.018049058501628523
1453,white,Ridge,-0.03328098790276568
1454,white,Ridge,-0.015604014766704699
1455,white,Ridge,-0.03128579331668402
1456,white,Ridge,-0.029239420231812252
1457,white,Ridge,-0.06313221734133634
1458,white,Ridge,-0.0331259810980189
1459,white,Ridge,-0.05222475863992504
1460,white,Ridge,-0.042757915421817394
1461,white,Ridge,-0.008519411701853219
1462,white,Ridge,-0.01653971511143204
1463,white,Ridge,-0.026371321252901425
1464,white,Ridge,-0.016492467395063604
1465,white,Ridge,-0.05423789594440043
1466,white,Ridge,0.0013524107323324985
1467,white,Ridge,-0.04217855949462279
1468,white,Ridge,-0.008076591042757375
1469,white,Ridge,-0.058123970568636496
1470,white,Ridge,-0.023033174767549403
1471,white,Ridge,-0.0053861184745518376
1472,white,Ridge,0.0015685958103285325
1473,white,Ridge,-0.01200281019580196
1474,white,Ridge,-0.01957953088519604
1475,white,Ridge,-0.044839836719524295
1476,white,Ridge,-0.011383078090033028
1477,white,Ridge,-0.0499085117123661
1478,white,Ridge,-0.0028961630700785612
1479,white,Ridge,-0.06941332386518406
1480,white,Ridge,-0.027071828403595233
1481,white,Ridge,-0.03221180235377741
1482,white,Ridge,-0.004470326660894752
1483,white,Ridge,-0.04702220538601187
1484,white,Ridge,-0.031545057013717015
1485,white,Ridge,-0.0415669008265972
1486,white,Ridge,-0.027539331003741174
1487,white,Ridge,-0.013617582355852087
1488,white,Ridge,-0.0346261821311481
1489,white,Ridge,-0.004501225339465731
1490,white,Ridge,-0.05158956488308808
1491,white,Ridge,-0.03138648167472935
1492,white,Ridge,0.0013735147182576402
1493,white,Ridge,-0.013354027439588911
1494,white,Ridge,-0.048497971209808255
1495,white,Ridge,-0.00784666741924922
1496,white,Ridge,-0.003214844780530246
1497,white,Ridge,-0.05082429356798057
1498,white,Ridge,0.01874506410156651
1499,white,Ridge,-0.015189710771197462
1500,white,Ridge,-0.01754065628150303
1501,white,Ridge,-0.01877948618017311
1502,white,Ridge,-0.005784744140540976
1503,white,Ridge,-0.030969073475284437
1504,white,Ridge,-0.03265497775577619
1505,white,Ridge,-0.014356520821062757
1506,white,Ridge,-0.004634145683072521
1507,white,Ridge,-0.04777760008520726
1508,white,Ridge,-0.033420944885958925
1509,white,Ridge,-0.04206366838107911
1510,white,Ridge,0.0013437956193173006
1511,white,Ridge,0.00889892721911445
1512,white,Ridge,-0.0625110440704143
1513,white,Ridge,0.010718369740580047
1514,white,Ridge,-0.04306839968462117
1515,white,Ridge,-0.03522706027291289
1516,white,Ridge,-0.027549514268413566
1517,white,Ridge,-0.03935803249728853
1518,white,Ridge,-0.032151459811755934
1519,white,Ridge,-0.055458287446609966
1520,white,Ridge,-0.03898710750793011
1521,white,Ridge,-0.03537363762206647
1522,white,Ridge,-0.024111072982825554
1523,white,Ridge,-0.03167810759424705
1524,white,Ridge,0.011305757747085643
1525,white,Ridge,-0.0308496613587933
1526,white,Ridge,-0.01634193679387619
1527,white,Ridge,-0.027689214610963298
1528,white,Ridge,-0.012569609614268673
1529,white,Ridge,-0.03632484825301674
1530,white,Ridge,-0.05473082594214429
1531,white,Ridge,-0.013018328326903306
1532,white,Ridge,-0.004597089538185828
1533,white,Ridge,-0.010958603539682588
1534,white,Ridge,-0.04087931072407425
1535,white,Ridge,-0.014387015426856609
1536,white,Ridge,-0.040385053471779675
1537,white,Ridge,0.006018441145380082
1538,white,Ridge,-0.06245589130991491
1539,white,Ridge,-0.04214116886523589
1540,white,Ridge,-0.0044513675909523265
1541,white,Ridge,-0.02664325252895705
1542,white,Ridge,-0.018315353713994287
1543,white,Ridge,-0.03805180206011227
1544,white,Ridge,-0.03309692785126406
1545,white,Ridge,-0.03902059445665451
1546,white,Ridge,-0.01948103306914284
1547,white,Ridge,-0.031730990639118994
1548,white,Ridge,-0.01864442387619214
1549,white,Ridge,-0.04083796665087025
1550,white,Ridge,0.013799424894034407
1551,white,Ridge,-0.015495552638618793
1552,white,Ridge,-0.047239524490992446
1553,white,Ridge,-0.02928016633907682
1554,white,Ridge,-0.02452254434861878
1555,white,Ridge,-0.04229695219294338
1556,white,Ridge,-0.04644577112764181
1557,white,Ridge,-0.03296387172871429
1558,white,Ridge,-0.019987130822392674
1559,white,Ridge,-0.02990122685939789
1560,white,Ridge,-0.050255059803036906
1561,white,Ridge,-0.03862547574457731
1562,white,Ridge,-0.020687457111784102
1563,white,Ridge,-0.00559926135080846
1564,white,Ridge,-0.026989008486669186
1565,white,Ridge,-0.01361206765450429
1566,white,Ridge,-0.02263568862054255
1567,white,Ridge,-0.010464227622959177
1568,white,Ridge,-0.007591060754128298
1569,white,Ridge,-0.018510736594271715
1570,white,Ridge,0.00312412366565773
1571,white,Ridge,-0.048817191014926986
1572,white,Ridge,-0.025901371831557163
1573,white,Ridge,-0.049224717712573196
1574,white,Ridge,-0.001499069455917157
1575,white,Ridge,-0.031060019846012255
1576,white,Ridge,-0.019099164452970885
1577,white,Ridge,-0.03729758321114984
1578,white,Ridge,0.015127773479941431
1579,white,Ridge,-0.012004213650076645
1580,white,Ridge,-0.017602695984548333
1581,white,Ridge,-0.02627156298834965
1582,white,Ridge,-0.035697411503833876
1583,white,Ridge,-0.0020164844305112783
1584,white,Ridge,-0.03030622793714488
1585,white,Ridge,-0.021967205499531794
1586,white,Ridge,-0.03199836336871431
1587,white,Ridge,-0.03319850708793459
1588,white,Ridge,-0.011138327164659012
1589,white,Ridge,-0.04368860030613486
1590,white,Ridge,-0.028157813814404964
1591,white,Ridge,-0.011970573326233747
1592,white,Ridge,-0.03267161722320755
1593,white,Ridge,-0.029616223094946714
1594,white,Ridge,-0.0351806745763964
1595,white,Ridge,-0.020505197025208144
1596,white,Ridge,-0.04732985789262745
1597,white,Ridge,-0.02778498612739011
1598,white,Ridge,0.005724508489237334
1599,white,Ridge,-0.018870570172131784
1600,white,Ridge,-0.015527100942646421
1601,white,Ridge,-0.0010242546028419452
1602,white,Ridge,-0.05772484349516138
1603,white,Ridge,-0.04268302526701173
1604,white,Ridge,-0.024179165543871894
1605,white,Ridge,-0.01779067224077735
1606,white,Ridge,-0.032699877436595304
1607,white,Ridge,-0.037560521006715475
1608,white,Ridge,-0.03209153178581492
1609,white,Ridge,-0.004960890485226188
1610,white,Ridge,-0.0035857962422470857
1611,white,Ridge,-0.00791848048993471
1612,white,Ridge,0.009075124428901127
1613,white,Ridge,-0.021119265830107037
1614,white,Ridge,-0.049951607716988033
1615,white,Ridge,-0.032810888765448576
1616,white,Ridge,-0.05355483265546812
1617,white,Ridge,-0.026755958014317183
1618,white,Ridge,-0.05767304621287317
1619,white,Ridge,-0.003491763812183857
1620,white,Ridge,-0.008654879374540236
1621,white,Ridge,-0.0058393833544441165
1622,white,Ridge,-0.006180411811250175
1623,white,Ridge,-0.03387232543249996
1624,white,Ridge,0.004098090855075731
1625,white,Ridge,-0.014405903642325635
1626,white,Ridge,-0.039066674225334275
1627,white,Ridge,-0.04127735361772222
1628,white,Ridge,-0.04365471109908403
1629,white,Ridge,0.0078423785986389
1630,white,Ridge,0.00874098695111758
1631,white,Ridge,-0.03733179254483587
1632,white,Ridge,-0.03442459271077969
1633,white,Ridge,-0.07144271584175044
1634,white,Ridge,-0.014501327699881328
1635,white,Ridge,-0.0011907372750362688
1636,white,Ridge,-0.054738096899085376
1637,white,Ridge,-0.012176452918490344
1638,white,Ridge,-0.046641408620820446
1639,white,Ridge,-0.029476385418784945
1640,white,Ridge,-0.027154123938171404
1641,white,Ridge,-0.06152747992702534
1642,white,Ridge,-0.011079017874342623
1643,white,Ridge,-0.03640023360960909
1644,white,Ridge,-0.05540112269590447
1645,white,Ridge,-0.0515542242408108
1646,white,Ridge,-0.03863946377359806
1647,white,Ridge,-0.05237656922501932
1648,white,Ridge,-0.015198359741315781
1649,white,Ridge,-0.017779430621352232
1650,white,Ridge,-0.030308427019709594
1651,white,Ridge,-0.04825742174230507
1652,white,Ridge,-0.023729120893943523
1653,white,Ridge,-0.006818314773630596
1654,white,Ridge,-0.02956676405623848
1655,white,Ridge,-0.05191078998496046
1656,white,Ridge,-0.041286443474907286
1657,white,Ridge,-0.0016140344649715477
1658,white,Ridge,-0.064458572707491
1659,white,Ridge,-0.02209451576567434
1660,white,Ridge,-0.007222101763016964
1661,white,Ridge,-0.02512012574410838
1662,white,Ridge,-0.032106009152649384
1663,white,Ridge,-0.030521971480564458
1664,white,Ridge,-0.04753663966036126
1665,white,Ridge,-0.025464876474917242
1666,white,Ridge,-0.035189149439892486
1667,white,Ridge,-0.02715284058239753
1668,white,Ridge,-0.013594227351933275
1669,white,Ridge,-0.00381367046438974
1670,white,Ridge,-0.03720595985877029
1671,white,Ridge,-0.011942592891583392
1672,white,Ridge,0.014172278387431847
1673,white,Ridge,-0.008545871609984879
1674,white,Ridge,-0.043614155787660924
1675,white,Ridge,-0.05624071728762525
1676,white,Ridge,-0.025895653225687654
1677,white,Ridge,-0.025596130382485316
1678,white,Ridge,0.012959881830026498
1679,white,Ridge,-0.023420531456710303
1680,white,Ridge,-0.030367043782350667
1681,white,Ridge,-0.051542350335856524
1682,white,Ridge,-0.027480217505298943
1683,white,Ridge,-0.069913460643664
1684,white,Ridge,-0.04764724763993866
1685,white,Ridge,-0.040691848531381636
1686,white,Ridge,-0.07996024339929253
1687,white,Ridge,-0.01349190866937211
1688,white,Ridge,-0.028203477081527595
1689,white,Ridge,-0.03479189674986649
1690,white,Ridge,-0.04705425234361149
1691,white,Ridge,-0.028216664097166833
1692,white,Ridge,-0.006705671790896761
1693,white,Ridge,-0.026019984651384
1694,white,Ridge,-0.01612687914051336
1695,white,Ridge,-0.04810488087190112
1696,white,Ridge,-0.02994792582253636
1697,white,Ridge,-0.010377323754651058
1698,white,Ridge,-0.04332252429866912
1699,white,Ridge,-0.04243956873055754
1700,white,Ridge,-0.008548994006000621
1701,white,Ridge,-0.0031012267777006386
1702,white,Ridge,-0.017912934787857826
1703,white,Ridge,-0.015154219651552059
1704,white,Ridge,-0.032236190025988654
1705,white,Ridge,-0.05940380787519883
1706,white,Ridge,-0.02853999571506549
1707,white,Ridge,0.010815366120352055
1708,white,Ridge,-0.0015589806872150502
1709,white,Ridge,-0.016262151051510743
1710,white,Ridge,-0.025606219555744048
1711,white,Ridge,-0.0395414278177042
1712,white,Ridge,-0.07645016731670018
1713,white,Ridge,-0.0105784442635386
1714,white,Ridge,-0.04528987626590453
1715,white,Ridge,-0.03589571263738356
1716,white,Ridge,-0.011960406252829792
1717,white,Ridge,-0.043852574197959404
1718,white,Ridge,-0.01584203099707826
1719,white,Ridge,-0.022912140837032968
1720,white,Ridge,-0.013626199778517978
1721,white,Ridge,0.01977607338004206
1722,white,Ridge,-0.026148525847518478
1723,white,Ridge,-0.04564182818044371
1724,white,Ridge,-0.05199859053336642
1725,white,Ridge,-0.02228525867444664
1726,white,Ridge,-0.02193619983674311
1727,white,Ridge,-0.031257697814887075
1728,white,Ridge,-0.013196217313550918
1729,white,Ridge,-0.04121198580800989
1730,white,Ridge,-0.017278022584594543
1731,white,Ridge,-0.03005500019906504
1732,white,Ridge,-0.009831960917103477
1733,white,Ridge,-0.013565551389574049
1734,white,Ridge,-0.033962045379427264
1735,white,Ridge,-0.013991687102279382
1736,white,Ridge,-0.027096635622210985
1737,white,Ridge,-0.027396306157296157
1738,white,Ridge,-0.03643418705498436
1739,white,Ridge,-0.06835052112772366
1740,white,Ridge,0.03658010083132446
1741,white,Ridge,0.011451925307928046
1742,white,Ridge,-0.043969177677707694
1743,white,Ridge,-0.058411019196150105
1744,white,Ridge,-0.02643406117920921
1745,white,Ridge,-0.039224963505255284
1746,white,Ridge,0.03537228607772158
1747,white,Ridge,-0.029544417412558865
1748,white,Ridge,0.019651942352685414
1749,white,Ridge,-0.053842470039834445
1750,white,Ridge,-0.047100593687714465
1751,white,Ridge,-0.03976836668380368
1752,white,Ridge,-0.030485831883790948
1753,white,Ridge,-0.025118428246976077
1754,white,Ridge,-0.03855111745139583
1755,white,Ridge,-0.027589315551969973
1756,white,Ridge,-0.0011398450356236989
1757,white,Ridge,-0.020749493140957087
1758,white,Ridge,0.017035060028150917
1759,white,Ridge,-0.021829405487550746
1760,white,Ridge,-0.03407356191742861
1761,white,Ridge,-0.04250983545303311
1762,white,Ridge,-0.02788023432271891
1763,white,Ridge,-0.017869585026171197
1764,white,Ridge,-0.020221059401746788
1765,white,Ridge,-0.05054999599876242
1766,white,Ridge,-0.04842186073303756
1767,white,Ridge,-0.04505260181063275
1768,white,Ridge,-0.020403992279103278
1769,white,Ridge,-0.029143103796259395
1770,white,Ridge,-0.020663203399899466
1771,white,Ridge,-0.02277459694722972
1772,white,Ridge,-0.013937723170065697
1773,white,Ridge,-0.017733914631231085
1774,white,Ridge,-0.03813754007400705
1775,white,Ridge,-0.015512794549230269
1776,white,Ridge,0.007123480845913299
1777,white,Ridge,-0.016669333978835188
1778,white,Ridge,-0.04863372009071687
1779,white,Ridge,-0.018447749528242685
1780,white,Ridge,-0.0149636374460691
1781,white,Ridge,-0.043204483639802116
1782,white,Ridge,-0.01217038990445285
1783,white,Ridge,-0.04286954466020465
1784,white,Ridge,-0.04320299358797941
1785,white,Ridge,-0.02309952514058955
1786,white,Ridge,-0.048945496364391494
1787,white,Ridge,-0.04068165426972581
1788,white,Ridge,-0.0058917286418918025
1789,white,Ridge,-0.03712788810040346
1790,white,Ridge,-0.033842474065537864
1791,white,Ridge,-0.0368238954248119
1792,white,Ridge,-0.035241343892089994
1793,white,Ridge,-0.035910440068901095
1794,white,Ridge,-0.001102632673543047
1795,white,Ridge,-0.021549116935482227
1796,white,Ridge,-0.055488640989364346
1797,white,Ridge,-0.012853729072882514
1798,white,Ridge,-0.03662779394718996
1799,white,Ridge,-0.03859942296215935
1800,white,Ridge,-0.040023455749448544
1801,white,Ridge,-0.03531914966875882
1802,white,Ridge,-0.023289189859821757
1803,white,Ridge,-0.06373676780019166
1804,white,Ridge,-0.019763970890235738
1805,white,Ridge,-0.03309740181009635
1806,white,Ridge,-0.055438468583337674
1807,white,Ridge,-0.03682752346045648
1808,white,Ridge,-9.826527721246148e-05
1809,white,Ridge,-0.02086293055891264
1810,white,Ridge,-0.05074964704824192
1811,white,Ridge,0.02430355906580739
1812,white,Ridge,-0.02681987150358145
1813,white,Ridge,-0.02850179519977225
1814,white,Ridge,-0.03141300957800497
1815,white,Ridge,-0.023963526787354694
1816,white,Ridge,-0.010823711570492556
1817,white,Ridge,-0.028532630810848447
1818,white,Ridge,-0.05434638637801259
1819,white,Ridge,-0.028072639601805616
1820,white,Ridge,-0.05209858826995972
1821,white,Ridge,-0.0028544898817790543
1822,white,Ridge,-0.03494324619191358
1823,white,Ridge,-0.07420312179615329
1824,white,Ridge,-0.0008398315014095381
1825,white,Ridge,-0.007888078276043431
1826,white,Ridge,-0.049740380799591866
1827,white,Ridge,-0.017499551119844026
1828,white,Ridge,-0.042336041838552774
1829,white,Ridge,-0.04720203080655805
1830,white,Ridge,-0.03866792199744118
1831,white,Ridge,-0.05070789458667113
1832,white,Ridge,-0.019152916871155945
1833,white,Ridge,-0.053266665385076406
1834,white,Ridge,-0.041850728211042965
1835,white,Ridge,-0.03998191028101172
1836,white,Ridge,-0.00828941504890679
1837,white,Ridge,-0.0143209975033457
1838,white,Ridge,-0.0565056698324633
1839,white,Ridge,-0.03446817323283535
1840,white,Ridge,0.013598805673505354
1841,white,Ridge,-0.042682397389241844
1842,white,Ridge,-0.038349323798446355
1843,white,Ridge,-0.03505073342307119
1844,white,Ridge,-0.01833622640145527
1845,white,Ridge,-0.0032850869691175566
1846,white,Ridge,-0.038972905665133006
1847,white,Ridge,-0.03453424499295066
1848,white,Ridge,-0.019765603311034052
1849,white,Ridge,-0.059532415714587006
1850,white,Ridge,-0.025968161039956694
1851,white,Ridge,-0.022178453482108895
1852,white,Ridge,-0.007011376574521222
1853,white,Ridge,-0.0069297909795754675
1854,white,Ridge,-0.0001677687170229536
1855,white,Ridge,-0.0258665650857951
1856,white,Ridge,-0.02976652855802242
1857,white,Ridge,-0.029987283965593914
1858,white,Ridge,-0.024657759608070373
1859,white,Ridge,0.0022094184330214706
1860,white,Ridge,-0.004910792386849661
1861,white,Ridge,-0.014002263669467219
1862,white,Ridge,-0.03333784820959751
1863,white,Ridge,-0.04663251518823597
1864,white,Ridge,-0.029267418867232275
1865,white,Ridge,-0.06356356811553854
1866,white,Ridge,-0.022645067339314484
1867,white,Ridge,-0.036956048365449745
1868,white,Ridge,-0.04181900182635723
1869,white,Ridge,-0.04168904246960181
1870,white,Ridge,0.0004610531468056678
1871,white,Ridge,-0.031316587853926436
1872,white,Ridge,-0.02560786656562397
1873,white,Ridge,0.00015843424560924024
1874,white,Ridge,-0.03244203155614367
1875,white,Ridge,-0.027296155703138814
1876,white,Ridge,-0.031665729599106074
1877,white,Ridge,-0.039856448342014295
1878,white,Ridge,-0.059586955699750144
1879,white,Ridge,0.0022288548292931365
1880,white,Ridge,-0.0006604019862236354
1881,white,Ridge,-0.022857510612184995
1882,white,Ridge,-0.02540865250788693
1883,white,Ridge,-0.008846646114696322
1884,white,Ridge,-0.02846893293710684
1885,white,Ridge,-0.02908312266266677
1886,white,Ridge,-0.014455599837071786
1887,white,Ridge,0.0003051562245588446
1888,white,Ridge,-0.008602900856779505
1889,white,Ridge,-0.024355156331218653
1890,white,Ridge,-0.03026782939870365
1891,white,Ridge,-0.04240001461310039
1892,white,Ridge,-0.03534753181392014
1893,white,Ridge,-0.0479622300113729
1894,white,Ridge,-0.022593451312555746
1895,white,Ridge,-0.0016268146776013959
1896,white,Ridge,-0.037541857183345795
1897,white,Ridge,-0.00712797961753231
1898,white,Ridge,-0.011551455734978622
1899,white,Ridge,-0.048940620023043
1900,white,Ridge,-0.05392702425411189
1901,white,Ridge,-0.02783091174849439
1902,white,Ridge,0.005288107877423842
1903,white,Ridge,-0.05005399629119711
1904,white,Ridge,-0.036943182670810204
1905,white,Ridge,-0.001838847070457006
1906,white,Ridge,-0.015494165742144461
1907,white,Ridge,-0.07290143615488232
1908,white,Ridge,-0.010973571845025787
1909,white,Ridge,-0.026811262458270257
1910,white,Ridge,-0.029878432552701395
1911,white,Ridge,-0.037325482527796994
1912,white,Ridge,-0.011577249520684618
1913,white,Ridge,-0.01258847742339908
1914,white,Ridge,-0.004899359351993704
1915,white,Ridge,-0.0166026247175175
1916,white,Ridge,-0.012102219632094346
1917,white,Ridge,-0.004521076687216463
1918,white,Ridge,-0.030894794140250093
1919,white,Ridge,-0.004873902885705661
1920,white,Ridge,-0.03979093626704744
1921,white,Ridge,-0.027631695860016348
1922,white,Ridge,-0.011677172660657709
1923,white,Ridge,0.0021980348880333844
1924,white,Ridge,-0.0011575921891040508
1925,white,Ridge,-0.014088713135671505
1926,white,Ridge,-0.04618817150685306
1927,white,Ridge,-0.02202560032048695
1928,white,Ridge,-0.02548602114233267
1929,white,Ridge,-0.015340440031472835
1930,white,Ridge,7.368977156896328e-05
1931,white,Ridge,-0.028680691565742045
1932,white,Ridge,-0.03469810126427897
1933,white,Ridge,-0.01919736616222989
1934,white,Ridge,-0.0006555270434320803
1935,white,Ridge,0.016488571090577997
1936,white,Ridge,-0.020974464882565158
1937,white,Ridge,-0.008000339772498366
1938,white,Ridge,-0.054007689217688726
1939,white,Ridge,-0.03268938772805019
1940,white,Ridge,-0.006556892735340325
1941,white,Ridge,-0.02834109892058978
1942,white,Ridge,-0.0044960287067097315
1943,white,Ridge,-0.03710636862562677
1944,white,Ridge,-0.01834920773303217
1945,white,Ridge,-0.02871590042922556
1946,white,Ridge,-0.038938173806676635
1947,white,Ridge,-0.0196951210366626
1948,white,Ridge,-0.03907265273909366
1949,white,Ridge,-0.007551272291288491
1950,white,Ridge,-0.03796026389970997
1951,white,Ridge,-0.05697782128053408
1952,white,Ridge,-0.0241869805121816
1953,white,Ridge,-0.02279890721093114
1954,white,Ridge,-0.02448419962961068
1955,white,Ridge,-0.032883104084163284
1956,white,Ridge,0.0041524170643714164
1957,white,Ridge,-0.013054773515884022
1958,white,Ridge,-0.032542908632059775
1959,white,Ridge,-0.013486842260367227
1960,white,Ridge,-0.018697568861836933
1961,white,Ridge,-0.0077805331121529875
1962,white,Ridge,0.02155788264128422
1963,white,Ridge,-0.022270879317577985
1964,white,Ridge,-0.025504856260626707
1965,white,Ridge,-0.020550091532717252
1966,white,Ridge,0.018378207620940556
1967,white,Ridge,-0.02720256454994119
1968,white,Ridge,-0.054089296800363784
1969,white,Ridge,-0.05798569920773422
1970,white,Ridge,-0.026511487770211617
1971,white,Ridge,-0.04028810949948991
1972,white,Ridge,-0.034987994013669255
1973,white,Ridge,-0.029701486639920782
1974,white,Ridge,-0.00025422868067048743
1975,white,Ridge,-0.016159800037276684
1976,white,Ridge,-0.038747087344073616
1977,white,Ridge,-0.029497269816232796
1978,white,Ridge,-0.011820700583115906
1979,white,Ridge,0.015705440142711913
1980,white,Ridge,-0.050457140515444365
1981,white,Ridge,-0.03156353877150442
1982,white,Ridge,-0.056827237115315565
1983,white,Ridge,-0.026828629040763552
1984,white,Ridge,-0.024100935605924745
1985,white,Ridge,-0.03468520356014848
1986,white,Ridge,0.006030121257134424
1987,white,Ridge,-0.05066633462803305
1988,white,Ridge,-0.047773978824483976
1989,white,Ridge,-0.058786325408766604
1990,white,Ridge,-0.013119116435827305
1991,white,Ridge,-0.002703293825650266
1992,white,Ridge,-0.010512448779067873
1993,white,Ridge,-0.00793029425421099
1994,white,Ridge,-0.023392656218215402
1995,white,Ridge,-0.07104383738576125
1996,white,Ridge,-0.04812311401804237
1997,white,Ridge,-0.044513008014053
1998,white,Ridge,0.009410720942804485
1999,white,Ridge,-0.030302093390482177
0,white,随机森林,-0.06760550433789547
1,white,随机森林,-0.06787450340644541
2,white,随机森林,-0.028337618469849724
3,white,随机森林,-0.09003477402288518
4,white,随机森林,-0.035909953700448694
5,white,随机森林,-0.07764926962375518
6,white,随机森林,-0.06397157527318664
7,white,随机森林,-0.10393105962441807
8,white,随机森林,-0.06612723130215414
9,white,随机森林,-0.10080745429471893
10,white,随机森林,-0.07611180922899108
11,white,随机森林,-0.06269861208902283
12,white,随机森林,-0.08971666327380134
13,white,随机森林,-0.10187318034729087
14,white,随机森林,-0.11049566462972826
15,white,随机森林,-0.06815844759684286
16,white,随机森林,-0.11794902745904567
17,white,随机森林,-0.09042217921968587
18,white,随机森林,-0.09274252804276994
19,white,随机森林,-0.057689536965784494
20,white,随机森林,-0.11711973761268579
21,white,随机森林,-0.04422604164004429
22,white,随机森林,-0.06227373725253893
23,white,随机森林,-0.08640912662217115
24,white,随机森林,-0.09527104305365008
25,white,随机森林,-0.03586063859642086
26,white,随机森林,-0.08617142918749265
27,white,随机森林,-0.09219855437526725
28,white,随机森林,-0.10038924056075138
29,white,随机森林,-0.06974873784347269
30,white,随机森林,-0.07055144661647617
31,white,随机森林,-0.05911681841200511
32,white,随机森林,-0.08242530619910504
33,white,随机森林,-0.06803175186829513
34,white,随机森林,-0.03296672570218773
35,white,随机森林,-0.09240749771261492
36,white,随机森林,-0.09709607092686612
37,white,随机森林,-0.07256572953446183
38,white,随机森林,-0.0561746720078683
39,white,随机森林,-0.04513193966932172
40,white,随机森林,-0.056892436744800934
41,white,随机森林,-0.05829317098122122
42,white,随机森林,-0.0947811444730291
43,white,随机森林,-0.05834776712799605
44,white,随机森林,-0.10483483401349514
45,white,随机森林,-0.056076579253570125
46,white,随机森林,-0.06723210827077797
47,white,随机森林,-0.06514101695506669
48,white,随机森林,-0.0988482476988104
49,white,随机森林,-0.050053495613575305
50,white,随机森林,-0.06653074375799095
51,white,随机森林,-0.08257106227371369
52,white,随机森林,-0.06151709076998935
53,white,随机森林,-0.0973889864500117
54,white,随机森林,-0.024768150828773483
55,white,随机森林,-0.0930572305514279
56,white,随机森林,-0.03604455363264569
57,white,随机森林,-0.08107879288724495
58,white,随机森林,-0.07543365767087107
59,white,随机森林,-0.0724803221538256
60,white,随机森林,-0.07779174266822875
61,white,随机森林,-0.0537347887845504
62,white,随机森林,-0.06814025922537503
63,white,随机森林,-0.06565456848162832
64,white,随机森林,-0.04580795876843169
65,white,随机森林,-0.06732674538733885
66,white,随机森林,-0.0922479363203127
67,white,随机森林,-0.10471354454694648
68,white,随机森林,-0.06494531266866144
69,white,随机森林,-0.04249201639975142
70,white,随机森林,-0.09082124166770533
71,white,随机森林,-0.06933314029468107
72,white,随机森林,-0.0758975009865589
73,white,随机森林,-0.0625312383051222
74,white,随机森林,-0.03710339584276112
75,white,随机森林,-0.0414212135075982
76,white,随机森林,-0.08590405464459117
77,white,随机森林,-0.025206129178806935
78,white,随机森林,-0.07398459726557494
79,white,随机森林,-0.08910524182885005
80,white,随机森林,-0.0769286181186406
81,white,随机森林,-0.09089215925313254
82,white,随机森林,-0.05962619231126354
83,white,随机森林,-0.07811400458977169
84,white,随机森林,-0.06677274636046882
85,white,随机森林,-0.0402899102932639
86,white,随机森林,-0.05995236665045456
87,white,随机森林,-0.07057551777891569
88,white,随机森林,-0.09952130077176646
89,white,随机森林,-0.05537471576460107
90,white,随机森林,-0.09336097431478108
91,white,随机森林,-0.045495387580601676
92,white,随机森林,-0.07449156277534696
93,white,随机森林,-0.07022694714466005
94,white,随机森林,-0.04726881806796357
95,white,随机森林,-0.0735585630299147
96,white,随机森林,-0.08243785495248479
97,white,随机森林,-0.06625458964467135
98,white,随机森林,-0.07521239351916953
99,white,随机森林,-0.07915659568554223
100,white,随机森林,-0.07305996932808967
101,white,随机森林,-0.06946245312904942
102,white,随机森林,-0.0576256035656596
103,white,随机森林,-0.07662427364298918
104,white,随机森林,-0.09432100214972039
105,white,随机森林,-0.06646489272990352
106,white,随机森林,-0.0824143412412921
107,white,随机森林,-0.09361867955183212
108,white,随机森林,-0.11240859201136832
109,white,随机森林,-0.06365570406249266
110,white,随机森林,-0.05819242087743459
111,white,随机森林,-0.07398841146193347
112,white,随机森林,-0.08891478795903496
113,white,随机森林,-0.04349216394076749
114,white,随机森林,-0.10254485930380963
115,white,随机森林,-0.08257805709579136
116,white,随机森林,-0.05757459753700778
117,white,随机森林,-0.05221143295140551
118,white,随机森林,-0.05840605402247878
119,white,随机森林,-0.0404366256009171
120,white,随机森林,-0.0785988221241043
121,white,随机森林,-0.06354318025594607
122,white,随机森林,-0.10708244320192228
123,white,随机森林,-0.08947418161114229
124,white,随机森林,-0.03511031573201007
125,white,随机森林,-0.09524625722756164
126,white,随机森林,-0.09124943379162054
127,white,随机森林,-0.04601441734506584
128,white,随机森林,-0.06775695375676871
129,white,随机森林,-0.06038175117110656
130,white,随机森林,-0.0535477834025464
131,white,随机森林,-0.09469172243935753
132,white,随机森林,-0.0675938146115792
133,white,随机森林,-0.06105148585606446
134,white,随机森林,-0.09134459326348043
135,white,随机森林,-0.053820774241298275
136,white,随机森林,-0.09418233747162885
137,white,随机森林,-0.05773588401692431
138,white,随机森林,-0.1060674250277086
139,white,随机森林,-0.10008913156130084
140,white,随机森林,-0.06134682011011661
141,white,随机森林,-0.08254857514353564
142,white,随机森林,-0.10578313017967933
143,white,随机森林,-0.06148824983064827
144,white,随机森林,-0.05421054507209355
145,white,随机森林,-0.06055682593969691
146,white,随机森林,-0.09476163604111187
147,white,随机森林,-0.06842018725035381
148,white,随机森林,-0.05271252558491424
149,white,随机森林,-0.07785555888009454
150,white,随机森林,-0.0757284666257706
151,white,随机森林,-0.08895398863333781
152,white,随机森林,-0.05288480077980784
153,white,随机森林,-0.07703427745412694
154,white,随机森林,-0.08559129556350131
155,white,随机森林,-0.0606187116117235
156,white,随机森林,-0.04567566042989768
157,white,随机森林,-0.039879471010256906
158,white,随机森林,-0.06205841560593739
159,white,随机森林,-0.07100629662048596
160,white,随机森林,-0.04802401007723378
161,white,随机森林,-0.06389711744632953
162,white,随机森林,-0.0849432869751201
163,white,随机森林,-0.08444667423428509
164,white,随机森林,-0.07139557458389201
165,white,随机森林,-0.07001643284937142
166,white,随机森林,-0.0972201598834721
167,white,随机森林,-0.10094341998291967
168,white,随机森林,-0.06923425958164608
169,white,随机森林,-0.05014343360756679
170,white,随机森林,-0.07858718940738518
171,white,随机森林,-0.10222240827694962
172,white,随机森林,-0.07923385802182503
173,white,随机森林,-0.07848240994375999
174,white,随机森林,-0.0590493969516076
175,white,随机森林,-0.08552340391156787
176,white,随机森林,-0.04159130171325176
177,white,随机森林,-0.07775700884067349
178,white,随机森林,-0.08042615765920091
179,white,随机森林,-0.06085631648353962
180,white,随机森林,-0.035139046807681984
181,white,随机森林,-0.07928870598246573
182,white,随机森林,-0.07791522936485529
183,white,随机森林,-0.06251266287083335
184,white,随机森林,-0.07798286978972857
185,white,随机森林,-0.043086071456026054
186,white,随机森林,-0.045875902278013636
187,white,随机森林,-0.09372653045566082
188,white,随机森林,-0.10118047818206177
189,white,随机森林,-0.13705209055921785
190,white,随机森林,-0.07381422338261379
191,white,随机森林,-0.0984821107228886
192,white,随机森林,-0.06786712635254188
193,white,随机森林,-0.08641494952874174
194,white,随机森林,-0.07771031894324232
195,white,随机森林,-0.07942886963152263
196,white,随机森林,-0.08569462593825894
197,white,随机森林,-0.08055420213014586
198,white,随机森林,-0.07686371674935577
199,white,随机森林,-0.06082142207579744
200,white,随机森林,-0.11637887483222553
201,white,随机森林,-0.06599746530470618
202,white,随机森林,-0.0263452594071224
203,white,随机森林,-0.06939296573907405
204,white,随机森林,-0.0706941116659946
205,white,随机森林,-0.06313419612710036
206,white,随机森林,-0.08445688363925485
207,white,随机森林,-0.038792726217016016
208,white,随机森林,-0.10857173012587329
209,white,随机森林,-0.0985932128871565
210,white,随机森林,-0.08334913657407084
211,white,随机森林,-0.0825312171715239
212,white,随机森林,-0.06698616303913651
213,white,随机森林,-0.05992811055179803
214,white,随机森林,-0.08510327953025676
215,white,随机森林,-0.11525018418452815
216,white,随机森林,-0.04651812605351058
217,white,随机森林,-0.07941831799152244
218,white,随机森林,-0.05974196533951781
219,white,随机森林,-0.09368503263158567
220,white,随机森林,-0.06784966140762105
221,white,随机森林,-0.06180406143446682
222,white,随机森林,-0.024716636972507477
223,white,随机森林,-0.07234687765095249
224,white,随机森林,-0.05186875643006317
225,white,随机森林,-0.06598877089912891
226,white,随机森林,-0.07464858003400066
227,white,随机森林,-0.05065138873247277
228,white,随机森林,-0.07340778037863804
229,white,随机森林,-0.028470549488595953
230,white,随机森林,-0.09600668690641356
231,white,随机森林,-0.09637987060226638
232,white,随机森林,-0.0833859840065938
233,white,随机森林,-0.056700940326848914
234,white,随机森林,-0.058970758055446715
235,white,随机森林,-0.09785030747800683
236,white,随机森林,-0.05799307027793621
237,white,随机森林,-0.0526831607734215
238,white,随机森林,-0.09952720280382021
239,white,随机森林,-0.10608183105911384
240,white,随机森林,-0.09552640008689772
241,white,随机森林,-0.06894601632714092
242,white,随机森林,-0.06772104329510886
243,white,随机森林,-0.07526539095223106
244,white,随机森林,-0.06794191614177647
245,white,随机森林,-0.04341343247306384
246,white,随机森林,-0.08273092747204436
247,white,随机森林,-0.06766012299940305
248,white,随机森林,-0.11943560594157421
249,white,随机森林,-0.062423802029309416
250,white,随机森林,-0.11929696734824491
251,white,随机森林,-0.06512203249527626
252,white,随机森林,-0.08649610770984917
253,white,随机森林,-0.07708209711606862
254,white,随机森林,-0.06402969520180002
255,white,随机森林,-0.05645733017418786
256,white,随机森林,-0.07383420687659037
257,white,随机森林,-0.052813136010454564
258,white,随机森林,-0.06917659949446975
259,white,随机森林,-0.08893259312510438
260,white,随机森林,-0.05651522097941486
261,white,随机森林,-0.06559064772731293
262,white,随机森林,-0.07647343813990737
263,white,随机森林,-0.08311169391139317
264,white,随机森林,-0.09005517873454982
265,white,随机森林,-0.042343441226524337
266,white,随机森林,-0.020495894078663923
267,white,随机森林,-0.07294679246045499
268,white,随机森林,-0.05804764381712835
269,white,随机森林,-0.0952960789000109
270,white,随机森林,-0.08403201338561139
271,white,随机森林,-0.08145829748474143
272,white,随机森林,-0.04186534559455324
273,white,随机森林,-0.07282972495357132
274,white,随机森林,-0.05978615012345034
275,white,随机森林,-0.08740064721245167
276,white,随机森林,-0.0638355678623348
277,white,随机森林,-0.08490732795651579
278,white,随机森林,-0.07850377227244554
279,white,随机森林,-0.07902495570195234
280,white,随机森林,-0.07436501368930937
281,white,随机森林,-0.05958310336174322
282,white,随机森林,-0.059004619003216074
283,white,随机森林,-0.03979802601847715
284,white,随机森林,-0.0718859564308102
285,white,随机森林,-0.06459919378334944
286,white,随机森林,-0.06300983164660312
287,white,随机森林,-0.060261822581633706
288,white,随机森林,-0.11258766817766563
289,white,随机森林,-0.08462594900150078
290,white,随机森林,-0.08074987934309696
291,white,随机森林,-0.11505153915136679
292,white,随机森林,-0.06339899027220763
293,white,随机森林,-0.11015034481694697
294,white,随机森林,-0.03221663811705022
295,white,随机森林,-0.07211968997376417
296,white,随机森林,-0.05635788556079335
297,white,随机森林,-0.07597308415604576
298,white,随机森林,-0.08306092174714974
299,white,随机森林,-0.09591815190147768
300,white,随机森林,-0.04795364494697718
301,white,随机森林,-0.0473385334833194
302,white,随机森林,-0.07306746994187163
303,white,随机森林,-0.04262026341008285
304,white,随机森林,-0.06827645504348756
305,white,随机森林,-0.0654104372783838
306,white,随机森林,-0.07244959372258264
307,white,随机森林,-0.10004047240700553
308,white,随机森林,-0.06826468838021493
309,white,随机森林,-0.04780801317346184
310,white,随机森林,-0.03264686394554517
311,white,随机森林,-0.050510506398048105
312,white,随机森林,-0.1016502589281596
313,white,随机森林,-0.09392320817807676
314,white,随机森林,-0.09017824422922527
315,white,随机森林,-0.10622792520946944
316,white,随机森林,-0.07364778808623884
317,white,随机森林,-0.065292417709931
318,white,随机森林,-0.06325303220746936
319,white,随机森林,-0.06641140385252964
320,white,随机森林,-0.07079718449941419
321,white,随机森林,-0.045650885125362195
322,white,随机森林,-0.06783488461759457
323,white,随机森林,-0.06804583826064259
324,white,随机森林,-0.05855108819732846
325,white,随机森林,-0.07020436211946857
326,white,随机森林,-0.08303687994900533
327,white,随机森林,-0.07486778672485472
328,white,随机森林,-0.08094785754278067
329,white,随机森林,-0.05989446877662419
330,white,随机森林,-0.08696137624738831
331,white,随机森林,-0.06763051688488608
332,white,随机森林,-0.059703450540434355
333,white,随机森林,-0.08767415898147679
334,white,随机森林,-0.08968432184852537
335,white,随机森林,-0.07833902164095652
336,white,随机森林,-0.07473763119113375
337,white,随机森林,-0.06924835830734943
338,white,随机森林,-0.10240680927077306
339,white,随机森林,-0.02917273569938983
340,white,随机森林,-0.05986862625433853
341,white,随机森林,-0.06661936524354362
342,white,随机森林,-0.09958614428177115
343,white,随机森林,-0.08199012915206239
344,white,随机森林,-0.04881109559216801
345,white,随机森林,-0.04639177827750951
346,white,随机森林,-0.09113963350153065
347,white,随机森林,-0.1010530611641457
348,white,随机森林,-0.09634433173273038
349,white,随机森林,-0.04947846795699096
350,white,随机森林,-0.06575331931655382
351,white,随机森林,-0.09222576163303686
352,white,随机森林,-0.049345655216144535
353,white,随机森林,-0.08337706995456695
354,white,随机森林,-0.05378203533656911
355,white,随机森林,-0.055733608271129054
356,white,随机森林,-0.0919243004929634
357,white,随机森林,-0.08412843845208651
358,white,随机森林,-0.05992041408807858
359,white,随机森林,-0.05447809514482993
360,white,随机森林,-0.05539151240577733
361,white,随机森林,-0.10140386639570154
362,white,随机森林,-0.05806214104355378
363,white,随机森林,-0.0487119769506551
364,white,随机森林,-0.07206781133887563
365,white,随机森林,-0.08259944988953805
366,white,随机森林,-0.046200503427451856
367,white,随机森林,-0.0777761254255881
368,white,随机森林,-0.11738875458454634
369,white,随机森林,-0.0893776671463915
370,white,随机森林,-0.09302044408398635
371,white,随机森林,-0.048250675651261954
372,white,随机森林,-0.07445889280197693
373,white,随机森林,-0.048808872315672214
374,white,随机森林,-0.06934958162971849
375,white,随机森林,-0.05329463696770087
376,white,随机森林,-0.056950165322816715
377,white,随机森林,-0.06792715010735195
378,white,随机森林,-0.08287468729205205
379,white,随机森林,-0.06664391416089954
380,white,随机森林,-0.08047050589885862
381,white,随机森林,-0.04702849687903443
382,white,随机森林,-0.0587299984370383
383,white,随机森林,-0.08296458381696836
384,white,随机森林,-0.05961748336144701
385,white,随机森林,-0.06729969013703152
386,white,随机森林,-0.0596160509418352
387,white,随机森林,-0.08237089367160921
388,white,随机森林,-0.04479812077036405
389,white,随机森林,-0.07807380897167016
390,white,随机森林,-0.08821136773712401
391,white,随机森林,-0.08139458937049349
392,white,随机森林,-0.058405271591448704
393,white,随机森林,-0.08071336377914073
394,white,随机森林,-0.08259313768993526
395,white,随机森林,-0.07501242624293314
396,white,随机森林,-0.06131465028773364
397,white,随机森林,-0.07900169975097049
398,white,随机森林,-0.046341261910741394
399,white,随机森林,-0.05358748697858384
400,white,随机森林,-0.039348705543942875
401,white,随机森林,-0.05952169177413491
402,white,随机森林,-0.048228337426814316
403,white,随机森林,-0.08779147874916193
404,white,随机森林,-0.0751757719533761
405,white,随机森林,-0.03360667339166867
406,white,随机森林,-0.08900140842359372
407,white,随机森林,-0.07676181571193719
408,white,随机森林,-0.06042668911822546
409,white,随机森林,-0.04466756190726906
410,white,随机森林,-0.05692848733575351
411,white,随机森林,-0.06346982909443866
412,white,随机森林,-0.07392457323178758
413,white,随机森林,-0.05714624165709137
414,white,随机森林,-0.08895185943942796
415,white,随机森林,-0.11014027103059276
416,white,随机森林,-0.07009834354055167
417,white,随机森林,-0.06934627985143071
418,white,随机森林,-0.052958993421224454
419,white,随机森林,-0.05660457353380044
420,white,随机森林,-0.08276579424219321
421,white,随机森林,-0.051030869622334496
422,white,随机森林,-0.05678624005516897
423,white,随机森林,-0.047141910975205814
424,white,随机森林,-0.07649296696539332
425,white,随机森林,-0.055525610988184426
426,white,随机森林,-0.06560179128149768
427,white,随机森林,-0.0842801175163741
428,white,随机森林,-0.08608158906288066
429,white,随机森林,-0.043962993120660876
430,white,随机森林,-0.08312952897740078
431,white,随机森林,-0.08063418394439725
432,white,随机森林,-0.10242276761642888
433,white,随机森林,-0.060592909082552215
434,white,随机森林,-0.06543071608761342
435,white,随机森林,-0.11527526889055129
436,white,随机森林,-0.07630333661837962
437,white,随机森林,-0.07576946751854974
438,white,随机森林,-0.05999134041942378
439,white,随机森林,-0.09249374142951783
440,white,随机森林,-0.04092361501799624
441,white,随机森林,-0.07594608184906859
442,white,随机森林,-0.06957966548677086
443,white,随机森林,-0.09019303207208262
444,white,随机森林,-0.05462080127884239
445,white,随机森林,-0.07012718766607817
446,white,随机森林,-0.039575826728948216
447,white,随机森林,-0.04640934946104047
448,white,随机森林,-0.09532419061381503
449,white,随机森林,-0.0821015187878551
450,white,随机森林,-0.08076650830979504
451,white,随机森林,-0.0666146836378132
452,white,随机森林,-0.05389854581042919
453,white,随机森林,-0.05095710766242112
454,white,随机森林,-0.08060558854869404
455,white,随机森林,-0.058359112104506505
456,white,随机森林,-0.07384759203861502
457,white,随机森林,-0.042310904736416854
458,white,随机森林,-0.06460085342865407
459,white,随机森林,-0.07514144154483149
460,white,随机森林,-0.09230837523339985
461,white,随机森林,-0.06845166037181116
462,white,随机森林,-0.08667501531093613
463,white,随机森林,-0.08213821765307061
464,white,随机森林,-0.08297131181127115
465,white,随机森林,-0.10430632986670985
466,white,随机森林,-0.07470596687565545
467,white,随机森林,-0.08860943370066698
468,white,随机森林,-0.04992080182866676
469,white,随机森林,-0.09073515863821413
470,white,随机森林,-0.030600414663032982
471,white,随机森林,-0.06525334477547073
472,white,随机森林,-0.054411178549462313
473,white,随机森林,-0.08183268200501193
474,white,随机森林,-0.08389053900655075
475,white,随机森林,-0.11984493310197264
476,white,随机森林,-0.07906058301613028
477,white,随机森林,-0.0723825899248759
478,white,随机森林,-0.054004689990027055
479,white,随机森林,-0.05508744773120944
480,white,随机森林,-0.07680576200440892
481,white,随机森林,-0.07568346700657513
482,white,随机森林,-0.06311519252135112
483,white,随机森林,-0.06943081929353256
484,white,随机森林,-0.06969402459901408
485,white,随机森林,-0.050660911933218755
486,white,随机森林,-0.039172979851213596
487,white,随机森林,-0.11687597793459614
488,white,随机森林,-0.05509353004507034
489,white,随机森林,-0.09738864205152031
490,white,随机森林,-0.08145011845824979
491,white,随机森林,-0.06745273789975559
492,white,随机森林,-0.06413475335605079
493,white,随机森林,-0.0479420463884469
494,white,随机森林,-0.05933873192855965
495,white,随机森林,-0.06137668151766085
496,white,随机森林,-0.05369028182930902
497,white,随机森林,-0.04110666821786757
498,white,随机森林,-0.05614877257627893
499,white,随机森林,-0.08618256750308073
500,white,随机森林,-0.06730698559196402
501,white,随机森林,-0.06585252777763106
502,white,随机森林,-0.058526136655876804
503,white,随机森林,-0.06932011939968996
504,white,随机森林,-0.051461861756251226
505,white,随机森林,-0.09379050588748894
506,white,随机森林,-0.07388414268112153
507,white,随机森林,-0.059405214256989636
508,white,随机森林,-0.08322590675530905
509,white,随机森林,-0.08415392026910118
510,white,随机森林,-0.06641250110609653
511,white,随机森林,-0.06856225251478787
512,white,随机森林,-0.07112049667490283
513,white,随机森林,-0.029209578741736353
514,white,随机森林,-0.0656938624229515
515,white,随机森林,-0.040273690278386454
516,white,随机森林,-0.0952848332657028
517,white,随机森林,-0.043640525357667825
518,white,随机森林,-0.09440659214003555
519,white,随机森林,-0.10746211576241826
520,white,随机森林,-0.12121960048838931
521,white,随机森林,-0.11447400744742964
522,white,随机森林,-0.07779297114908412
523,white,随机森林,-0.06977839088182503
524,white,随机森林,-0.09336364442262735
525,white,随机森林,-0.10368521234017691
526,white,随机森林,-0.06905534995032059
527,white,随机森林,-0.06498175664802908
528,white,随机森林,-0.07285164297148694
529,white,随机森林,-0.10436945798874864
530,white,随机森林,-0.08895173660585276
531,white,随机森林,-0.07590358814979437
532,white,随机森林,-0.04477608970316527
533,white,随机森林,-0.10666216170511977
534,white,随机森林,-0.06558812460891583
535,white,随机森林,-0.06269342654187116
536,white,随机森林,-0.08311480404763616
537,white,随机森林,-0.043447914751085004
538,white,随机森林,-0.09172357342475357
539,white,随机森林,-0.08128240951966648
540,white,随机森林,-0.09145023821086196
541,white,随机森林,-0.05202855427655573
542,white,随机森林,-0.09373515501004803
543,white,随机森林,-0.061182648373515836
544,white,随机森林,-0.06685087457309269
545,white,随机森林,-0.09913940504784269
546,white,随机森林,-0.07913438016767149
547,white,随机森林,-0.05439365510176042
548,white,随机森林,-0.06555445034276919
549,white,随机森林,-0.08616178522123197
550,white,随机森林,-0.10376745689870448
551,white,随机森林,-0.06971118871625659
552,white,随机森林,-0.07165437665402796
553,white,随机森林,-0.10030230481919056
554,white,随机森林,-0.08620085198812333
555,white,随机森林,-0.0831016347014022
556,white,随机森林,-0.04581369523648904
557,white,随机森林,-0.06510840830476083
558,white,随机森林,-0.055112267546968186
559,white,随机森林,-0.07673672168722168
560,white,随机森林,-0.05893809757679591
561,white,随机森林,-0.07917855186442768
562,white,随机森林,-0.09618196749742414
563,white,随机森林,-0.053175106739954514
564,white,随机森林,-0.06448323662352173
565,white,随机森林,-0.0639848207664464
566,white,随机森林,-0.06397590218213256
567,white,随机森林,-0.06644293488903386
568,white,随机森林,-0.02987216418432337
569,white,随机森林,-0.07606541687803026
570,white,随机森林,-0.06743887402118454
571,white,随机森林,-0.09050646835958553
572,white,随机森林,-0.06355352094631195
573,white,随机森林,-0.09076510454899656
574,white,随机森林,-0.10231480336402465
575,white,随机森林,-0.08226591061081256
576,white,随机森林,-0.06071663589894494
577,white,随机森林,-0.06430868938352252
578,white,随机森林,-0.08755259657545578
579,white,随机森林,-0.0753271778474327
580,white,随机森林,-0.05241494102949962
581,white,随机森林,-0.07727456011835343
582,white,随机森林,-0.12640537134147756
583,white,随机森林,-0.07484549909725347
584,white,随机森林,-0.08346373238286264
585,white,随机森林,-0.11368757014804198
586,white,随机森林,-0.10060127386008044
587,white,随机森林,-0.04776976431067348
588,white,随机森林,-0.09062055611170139
589,white,随机森林,-0.057703388388120946
590,white,随机森林,-0.06770150112336004
591,white,随机森林,-0.0569116854718974
592,white,随机森林,-0.08290878088076747
593,white,随机森林,-0.07178209160737237
594,white,随机森林,-0.07465135187244032
595,white,随机森林,-0.08060029187969209
596,white,随机森林,-0.03458191877752992
597,white,随机森林,-0.08586165073121499
598,white,随机森林,-0.05476920169833288
599,white,随机森林,-0.08303391816366146
600,white,随机森林,-0.09507015954768772
601,white,随机森林,-0.06571934759595977
602,white,随机森林,-0.10649772799308566
603,white,随机森林,-0.060609962101227155
604,white,随机森林,-0.06753228765727248
605,white,随机森林,-0.0695925032724698
606,white,随机森林,-0.056679892279026256
607,white,随机森林,-0.03496945646702443
608,white,随机森林,-0.062077986369992066
609,white,随机森林,-0.07181889351924353
610,white,随机森林,-0.06994277439335128
611,white,随机森林,-0.07418891043081766
612,white,随机森林,-0.07867576312356761
613,white,随机森林,-0.039730057907788274
614,white,随机森林,-0.03398603537199729
615,white,随机森林,-0.1138099042385925
616,white,随机森林,-0.06978541127604543
617,white,随机森林,-0.06777780542932332
618,white,随机森林,-0.08129533074437245
619,white,随机森林,-0.09014409750849739
620,white,随机森林,-0.0631485453208056
621,white,随机森林,-0.10423904542560691
622,white,随机森林,-0.06433927087629543
623,white,随机森林,-0.07816222896146563
624,white,随机森林,-0.06323600372968163
625,white,随机森林,-0.06519349902310112
626,white,随机森林,-0.0408922032396587
627,white,随机森林,-0.08363129373380718
628,white,随机森林,-0.07024456827190351
629,white,随机森林,-0.09493691057717046
630,white,随机森林,-0.06885630662779973
631,white,随机森林,-0.059482305966686466
632,white,随机森林,-0.08920904909144223
633,white,随机森林,-0.040934475640410195
634,white,随机森林,-0.05497352832600466
635,white,随机森林,-0.12142096941451486
636,white,随机森林,-0.09917085280029536
637,white,随机森林,-0.07928236025942292
638,white,随机森林,-0.08135156835148816
639,white,随机森林,-0.08039822252372464
640,white,随机森林,-0.05703132645979436
641,white,随机森林,-0.06110853346934009
642,white,随机森林,-0.0950904529311235
643,white,随机森林,-0.09055594574611625
644,white,随机森林,-0.05342279987132115
645,white,随机森林,-0.06986708102057781
646,white,随机森林,-0.05018268510884971
647,white,随机森林,-0.08052456115773765
648,white,随机森林,-0.07815449149846487
649,white,随机森林,-0.08395735746820365
650,white,随机森林,-0.09407767920199739
651,white,随机森林,-0.07149731117963487
652,white,随机森林,-0.08806603779571243
653,white,随机森林,-0.09579235614736226
654,white,随机森林,-0.07704896009953444
655,white,随机森林,-0.11046710622476985
656,white,随机森林,-0.08565621052121719
657,white,随机森林,-0.052732557219656195
658,white,随机森林,-0.0660172295349506
659,white,随机森林,-0.06913936554561151
660,white,随机森林,-0.09168115535802968
661,white,随机森林,-0.08095421699614724
662,white,随机森林,-0.08552522565589182
663,white,随机森林,-0.062447461741719
664,white,随机森林,-0.057966480163192946
665,white,随机森林,-0.05782173816789937
666,white,随机森林,-0.06696609573608059
667,white,随机森林,-0.06131195163817915
668,white,随机森林,-0.06810187276230739
669,white,随机森林,-0.0466447853203642
670,white,随机森林,-0.044388052631614494
671,white,随机森林,-0.04567353214582437
672,white,随机森林,-0.05023109030131179
673,white,随机森林,-0.06823441762805571
674,white,随机森林,-0.04530499026450929
675,white,随机森林,-0.07164400060244414
676,white,随机森林,-0.08781757978805427
677,white,随机森林,-0.04860055088750892
678,white,随机森林,-0.08193653357781205
679,white,随机森林,-0.05688260803068923
680,white,随机森林,-0.10817459973754961
681,white,随机森林,-0.05834904116294515
682,white,随机森林,-0.0772306621410096
683,white,随机森林,-0.05305212861670583
684,white,随机森林,-0.05545447054899033
685,white,随机森林,-0.06019066896936465
686,white,随机森林,-0.078033467238107
687,white,随机森林,-0.0795536329537132
688,white,随机森林,-0.06698545635519215
689,white,随机森林,-0.04507543457724572
690,white,随机森林,-0.07553381225362832
691,white,随机森林,-0.08941671271831075
692,white,随机森林,-0.10253983413992951
693,white,随机森林,-0.032403792961477884
694,white,随机森林,-0.0906151810900282
695,white,随机森林,-0.09617015869029755
696,white,随机森林,-0.08159189015063006
697,white,随机森林,-0.06498634126960645
698,white,随机森林,-0.08487607955008714
699,white,随机森林,-0.08275841306102572
700,white,随机森林,-0.08730215091152582
701,white,随机森林,-0.10626276526773304
702,white,随机森林,-0.06050741791211056
703,white,随机森林,-0.091388973781099
704,white,随机森林,-0.06932796808312569
705,white,随机森林,-0.10050960622722915
706,white,随机森林,-0.03551899178493667
707,white,随机森林,-0.11180110456789294
708,white,随机森林,-0.05688523511246335
709,white,随机森林,-0.08929522208377483
710,white,随机森林,-0.049075094922814144
711,white,随机森林,-0.03761020412889593
712,white,随机森林,-0.05623242113355964
713,white,随机森林,-0.07422792841310366
714,white,随机森林,-0.056477188973205195
715,white,随机森林,-0.10731280007137689
716,white,随机森林,-0.043584379301918275
717,white,随机森林,-0.06077563752011128
718,white,随机森林,-0.04998396220995671
719,white,随机森林,-0.07883516664031498
720,white,随机森林,-0.08016429715648388
721,white,随机森林,-0.034443543419757416
722,white,随机森林,-0.02216091893932659
723,white,随机森林,-0.03651463478972483
724,white,随机森林,-0.0747076931564793
725,white,随机森林,-0.05889964207437881
726,white,随机森林,-0.05905050716453675
727,white,随机森林,-0.058455188970629735
728,white,随机森林,-0.0789661903974912
729,white,随机森林,-0.04735795472841686
730,white,随机森林,-0.08947960552940581
731,white,随机森林,-0.08374280012286628
732,white,随机森林,-0.09384253084223959
733,white,随机森林,-0.06664355036224157
734,white,随机森林,-0.06090509530785326
735,white,随机森林,-0.1189565082005366
736,white,随机森林,-0.08712522614285023
737,white,随机森林,-0.0544334955015916
738,white,随机森林,-0.10585366551799091
739,white,随机森林,-0.07866180081772878
740,white,随机森林,-0.11184329597289444
741,white,随机森林,-0.07433095694363079
742,white,随机森林,-0.0976888396378588
743,white,随机森林,-0.09945388318517301
744,white,随机森林,-0.05321216732726586
745,white,随机森林,-0.06208961369926347
746,white,随机森林,-0.08592697892031587
747,white,随机森林,-0.04405533775963999
748,white,随机森林,-0.11798444143321452
749,white,随机森林,-0.09328664081423377
750,white,随机森林,-0.11043441472555815
751,white,随机森林,-0.08134813867247437
752,white,随机森林,-0.07232504480634239
753,white,随机森林,-0.10481620267058067
754,white,随机森林,-0.08326566472764829
755,white,随机森林,-0.0708229222815977
756,white,随机森林,-0.07832315035012305
757,white,随机森林,-0.08898779352404818
758,white,随机森林,-0.07725474252383435
759,white,随机森林,-0.056299925702879006
760,white,随机森林,-0.05840464035974058
761,white,随机森林,-0.049074150107468406
762,white,随机森林,-0.06869007578014619
763,white,随机森林,-0.08358722346327996
764,white,随机森林,-0.05655470187688649
765,white,随机森林,-0.10165615799724725
766,white,随机森林,-0.06244133226829773
767,white,随机森林,-0.0825984176316914
768,white,随机森林,-0.06972548707339854
769,white,随机森林,-0.08180297302800932
770,white,随机森林,-0.0408321720376742
771,white,随机森林,-0.06761952232941537
772,white,随机森林,-0.059240878291197174
773,white,随机森林,-0.0803041325264543
774,white,随机森林,-0.06770876153073646
775,white,随机森林,-0.058265440535077095
776,white,随机森林,-0.12385298050736482
777,white,随机森林,-0.09884148501200729
778,white,随机森林,-0.09588555454087178
779,white,随机森林,-0.07206416666296678
780,white,随机森林,-0.08325289202881425
781,white,随机森林,-0.05454737906666762
782,white,随机森林,-0.06640262361501781
783,white,随机森林,-0.07756806087745749
784,white,随机森林,-0.07740903498897334
785,white,随机森林,-0.07751303877877924
786,white,随机森林,-0.09407374558781467
787,white,随机森林,-0.04112784347835052
788,white,随机森林,-0.07611401548463959
789,white,随机森林,-0.09265350453736798
790,white,随机森林,-0.09128590694542915
791,white,随机森林,-0.07809825914584856
792,white,随机森林,-0.06901610486739507
793,white,随机森林,-0.06876918565353662
794,white,随机森林,-0.09687218196392644
795,white,随机森林,-0.051315655000564786
796,white,随机森林,-0.08594941396810207
797,white,随机森林,-0.07887413333691518
798,white,随机森林,-0.05689370402649574
799,white,随机森林,-0.09679707060476017
800,white,随机森林,-0.11396469980685098
801,white,随机森林,-0.04167244179692842
802,white,随机森林,-0.09954853611002523
803,white,随机森林,-0.09496706869613725
804,white,随机森林,-0.04605708819939225
805,white,随机森林,-0.03060514216221477
806,white,随机森林,-0.08811530852308425
807,white,随机森林,-0.08492614521007003
808,white,随机森林,-0.04198757736975378
809,white,随机森林,-0.08131119210254656
810,white,随机森林,-0.09237484946803953
811,white,随机森林,-0.10177614102392352
812,white,随机森林,-0.06624962798417167
813,white,随机森林,-0.07403147428742629
814,white,随机森林,-0.07617075551900421
815,white,随机森林,-0.04276239387095315
816,white,随机森林,-0.03799679962154956
817,white,随机森林,-0.04637205118064047
818,white,随机森林,-0.11082603484121867
819,white,随机森林,-0.10514692852992791
820,white,随机森林,-0.06143762153030419
821,white,随机森林,-0.050375797487901885
822,white,随机森林,-0.05487070237976199
823,white,随机森林,-0.07399846919451292
824,white,随机森林,-0.0541180359157013
825,white,随机森林,-0.044497769617236727
826,white,随机森林,-0.031260830927926864
827,white,随机森林,-0.07583508713830278
828,white,随机森林,-0.04278811877154853
829,white,随机森林,-0.07463557981212476
830,white,随机森林,-0.07143947462616262
831,white,随机森林,-0.08836487892247957
832,white,随机森林,-0.04954562848783817
833,white,随机森林,-0.10011586261054772
834,white,随机森林,-0.08301707170592454
835,white,随机森林,-0.08273570829048016
836,white,随机森林,-0.04433776941084533
837,white,随机森林,-0.06894151345845889
838,white,随机森林,-0.062084446752197375
839,white,随机森林,-0.078805776959737
840,white,随机森林,-0.07357045184107514
841,white,随机森林,-0.02143329496258428
842,white,随机森林,-0.06249991370101504
843,white,随机森林,-0.04849973031525645
844,white,随机森林,-0.055845635784378955
845,white,随机森林,-0.08301006108504849
846,white,随机森林,-0.06158291371530278
847,white,随机森林,-0.08084971921528072
848,white,随机森林,-0.06404582725550212
849,white,随机森林,-0.06576131100141058
850,white,随机森林,-0.07650140948172335
851,white,随机森林,-0.08825615559806599
852,white,随机森林,-0.07490323264434318
853,white,随机森林,-0.09687166251236679
854,white,随机森林,-0.07957976415414647
855,white,随机森林,-0.09807585297776178
856,white,随机森林,-0.08288199262877483
857,white,随机森林,-0.06177388864027944
858,white,随机森林,-0.04889505047114562
859,white,随机森林,-0.06437202965748678
860,white,随机森林,-0.10396975399466668
861,white,随机森林,-0.06750249805682385
862,white,随机森林,-0.10981805872635964
863,white,随机森林,-0.05047425977977693
864,white,随机森林,-0.0848227184027196
865,white,随机森林,-0.017559405249153337
866,white,随机森林,-0.009752877759417244
867,white,随机森林,-0.040567061613653865
868,white,随机森林,-0.06317341380657682
869,white,随机森林,-0.032438579654138655
870,white,随机森林,-0.06641039829297946
871,white,随机森林,-0.08080042356026307
872,white,随机森林,-0.08337060849259836
873,white,随机森林,-0.08689110386007692
874,white,随机森林,-0.06536923331463262
875,white,随机森林,-0.05496111798567682
876,white,随机森林,-0.06547400754534694
877,white,随机森林,-0.05504361334442953
878,white,随机森林,-0.07540107072239399
879,white,随机森林,-0.09237765848415158
880,white,随机森林,-0.040108354329964735
881,white,随机森林,-0.06359363276071295
882,white,随机森林,-0.07989889956199125
883,white,随机森林,-0.09442948165440845
884,white,随机森林,-0.05239192016509975
885,white,随机森林,-0.08675340560262568
886,white,随机森林,-0.06623549187657352
887,white,随机森林,-0.09229935028358649
888,white,随机森林,-0.04698435805140766
889,white,随机森林,-0.08797970525357379
890,white,随机森林,-0.08026491039055028
891,white,随机森林,-0.06675773762422199
892,white,随机森林,-0.04230916044061539
893,white,随机森林,-0.09183976475071964
894,white,随机森林,-0.09402613634158452
895,white,随机森林,-0.10107291233885585
896,white,随机森林,-0.023501653623438923
897,white,随机森林,-0.11108857662172933
898,white,随机森林,-0.10204199017245208
899,white,随机森林,-0.07871558466594109
900,white,随机森林,-0.02972768340303089
901,white,随机森林,-0.06063301794335907
902,white,随机森林,-0.10605670951205382
903,white,随机森林,-0.09553959733888617
904,white,随机森林,-0.05832044310994089
905,white,随机森林,-0.04820933376466929
906,white,随机森林,-0.10821672905940216
907,white,随机森林,-0.09180495649871101
908,white,随机森林,-0.06668844071251645
909,white,随机森林,-0.06621631156415797
910,white,随机森林,-0.07391308302053867
911,white,随机森林,-0.0703786363872313
912,white,随机森林,-0.08661065625596787
913,white,随机森林,-0.06175417851269249
914,white,随机森林,-0.06542915886141543
915,white,随机森林,-0.062140070413155946
916,white,随机森林,-0.06927158135754441
917,white,随机森林,-0.07783098323049287
918,white,随机森林,-0.05442251004635712
919,white,随机森林,-0.09260384443971081
920,white,随机森林,-0.06690929359056852
921,white,随机森林,-0.03921546033163115
922,white,随机森林,-0.04271181084560216
923,white,随机森林,-0.09914399289537079
924,white,随机森林,-0.08762448970279069
925,white,随机森林,-0.08029076842784866
926,white,随机森林,-0.08069293365074959
927,white,随机森林,-0.0792325239777163
928,white,随机森林,-0.07679305039597295
929,white,随机森林,-0.07587534714143862
930,white,随机森林,-0.07352215584527266
931,white,随机森林,-0.10287867266000339
932,white,随机森林,-0.031061522089804172
933,white,随机森林,-0.05605859609620578
934,white,随机森林,-0.11055950734411069
935,white,随机森林,-0.10579207989467632
936,white,随机森林,-0.07212377057430941
937,white,随机森林,-0.0680894805042137
938,white,随机森林,-0.07998908123971338
939,white,随机森林,-0.03169201966238644
940,white,随机森林,-0.050688883514634964
941,white,随机森林,-0.04596713729697832
942,white,随机森林,-0.07094917861752115
943,white,随机森林,-0.060046633589693865
944,white,随机森林,-0.06998946058895572
945,white,随机森林,-0.06727892279580805
946,white,随机森林,-0.10496271452753603
947,white,随机森林,-0.07058701017889246
948,white,随机森林,-0.05082524649654985
949,white,随机森林,-0.09109762538406962
950,white,随机森林,-0.08677489211443656
951,white,随机森林,-0.06985462976273393
952,white,随机森林,-0.07629420121448272
953,white,随机森林,-0.04810522308927412
954,white,随机森林,-0.06505084924852089
955,white,随机森林,-0.05270275832092097
956,white,随机森林,-0.08282163830148426
957,white,随机森林,-0.09222859011351436
958,white,随机森林,-0.060674113940680674
959,white,随机森林,-0.057837152229892275
960,white,随机森林,-0.07305343594385372
961,white,随机森林,-0.057258055506442695
962,white,随机森林,-0.036618400878760005
963,white,随机森林,-0.07006719390753824
964,white,随机森林,-0.053359280671907205
965,white,随机森林,-0.0764118911609134
966,white,随机森林,-0.03969338857098681
967,white,随机森林,-0.06673652227559612
968,white,随机森林,-0.09059610995442491
969,white,随机森林,-0.06465060246457244
970,white,随机森林,-0.08356644593230755
971,white,随机森林,-0.0404678950009687
972,white,随机森林,-0.07445852284700483
973,white,随机森林,-0.10660889854933953
974,white,随机森林,-0.08193019500008714
975,white,随机森林,-0.07084179884094566
976,white,随机森林,-0.06961056756951711
977,white,随机森林,-0.08190518239639022
978,white,随机森林,-0.08473419750386113
979,white,随机森林,-0.11129307511247499
980,white,随机森林,-0.04741987201832887
981,white,随机森林,-0.06349688554348176
982,white,随机森林,-0.07913204616726066
983,white,随机森林,-0.08333627682694122
984,white,随机森林,-0.06887013533658692
985,white,随机森林,-0.08614025591398022
986,white,随机森林,-0.04814025296850988
987,white,随机森林,-0.08565382091391027
988,white,随机森林,-0.06539920071811722
989,white,随机森林,-0.06891408773070162
990,white,随机森林,-0.05585962534469591
991,white,随机森林,-0.07862217001303495
992,white,随机森林,-0.0667276203615439
993,white,随机森林,-0.09504442934977064
994,white,随机森林,-0.04685957528185025
995,white,随机森林,-0.07923297498950244
996,white,随机森林,-0.1038246497746308
997,white,随机森林,-0.09477359603697699
998,white,随机森林,-0.10389472325594695
999,white,随机森林,-0.0958927604080414
1000,white,随机森林,-0.05606386337297975
1001,white,随机森林,-0.052642280711737155
1002,white,随机森林,-0.09169420358470315
1003,white,随机森林,-0.05006994044874957
1004,white,随机森林,-0.0694728703236629
1005,white,随机森林,-0.04481012435994036
1006,white,随机森林,-0.09340451794420312
1007,white,随机森林,-0.07639656808067441
1008,white,随机森林,-0.07200605561933349
1009,white,随机森林,-0.07707966313715808
1010,white,随机森林,-0.06686002688559445
1011,white,随机森林,-0.05035848005474153
1012,white,随机森林,-0.06796458425229757
1013,white,随机森林,-0.055090402000733674
1014,white,随机森林,-0.02996184868989149
1015,white,随机森林,-0.07841299335779361
1016,white,随机森林,-0.06494673389543903
1017,white,随机森林,-0.05347560364027004
1018,white,随机森林,-0.07037178422526846
1019,white,随机森林,-0.06225918005612141
1020,white,随机森林,-0.07917435622269309
1021,white,随机森林,-0.06565800456663973
1022,white,随机森林,-0.08300500357814544
1023,white,随机森林,-0.04785625104498126
1024,white,随机森林,-0.07768146628550832
1025,white,随机森林,-0.061473212052630455
1026,white,随机森林,-0.07657899192110718
1027,white,随机森林,-0.08162518380476103
1028,white,随机森林,-0.07810064785285498
1029,white,随机森林,-0.08331838588253104
1030,white,随机森林,-0.04649529944265429
1031,white,随机森林,-0.08538405268496885
1032,white,随机森林,-0.0746576050974187
1033,white,随机森林,-0.09052403478371229
1034,white,随机森林,-0.10580172922381015
1035,white,随机森林,-0.06877328605391075
1036,white,随机森林,-0.09323389868857601
1037,white,随机森林,-0.08235836427269427
1038,white,随机森林,-0.0865452559318195
1039,white,随机森林,-0.09818601874188027
1040,white,随机森林,-0.08857703825272656
1041,white,随机森林,-0.07678278749210943
1042,white,随机森林,-0.0906344476223796
1043,white,随机森林,-0.11633500291094045
1044,white,随机森林,-0.03730405896991096
1045,white,随机森林,-0.11076032514729439
1046,white,随机森林,-0.06963951194612261
1047,white,随机森林,-0.10248350030190978
1048,white,随机森林,-0.0712445353907295
1049,white,随机森林,-0.07692376546735658
1050,white,随机森林,-0.02464459661514662
1051,white,随机森林,-0.09810027796249199
1052,white,随机森林,-0.05532586919954463
1053,white,随机森林,-0.024944710037518636
1054,white,随机森林,-0.07514113453508608
1055,white,随机森林,-0.061184205076582954
1056,white,随机森林,-0.029064001801542894
1057,white,随机森林,-0.06149434798561482
1058,white,随机森林,-0.06758149324998441
1059,white,随机森林,-0.060318955558818055
1060,white,随机森林,-0.04022342661980738
1061,white,随机森林,-0.08769904683907359
1062,white,随机森林,-0.05898072729600723
1063,white,随机森林,-0.0585856432000057
1064,white,随机森林,-0.05280422847095312
1065,white,随机森林,-0.04103292464242325
1066,white,随机森林,-0.07341458279294377
1067,white,随机森林,-0.07631708206418608
1068,white,随机森林,-0.060010495751664616
1069,white,随机森林,-0.056083794467782666
1070,white,随机森林,-0.04896109292324735
1071,white,随机森林,-0.05687728569796591
1072,white,随机森林,-0.06378519804473581
1073,white,随机森林,-0.05567251265819917
1074,white,随机森林,-0.05180475568111875
1075,white,随机森林,-0.03815631860299906
1076,white,随机森林,-0.04641107127925015
1077,white,随机森林,-0.05294598693961472
1078,white,随机森林,-0.09636149356393298
1079,white,随机森林,-0.07836480677408653
1080,white,随机森林,-0.09336543135316688
1081,white,随机森林,-0.04617565745724084
1082,white,随机森林,-0.09636504577894645
1083,white,随机森林,-0.07936928560247603
1084,white,随机森林,-0.07455319756278722
1085,white,随机森林,-0.08505165263053915
1086,white,随机森林,-0.10665265638560595
1087,white,随机森林,-0.0460659422167925
1088,white,随机森林,-0.09501370008320575
1089,white,随机森林,-0.04925478660840188
1090,white,随机森林,-0.03130574367001682
1091,white,随机森林,-0.09219393211390337
1092,white,随机森林,-0.0972944838656179
1093,white,随机森林,-0.052354126271045964
1094,white,随机森林,-0.06248291532179151
1095,white,随机森林,-0.07377421131095696
1096,white,随机森林,-0.07339739759847841
1097,white,随机森林,-0.030803018114700875
1098,white,随机森林,-0.06938061195533607
1099,white,随机森林,-0.03673730212793369
1100,white,随机森林,-0.04825623273723134
1101,white,随机森林,-0.10024744649174033
1102,white,随机森林,-0.08031322591911705
1103,white,随机森林,-0.07120687548499649
1104,white,随机森林,-0.07820246706856104
1105,white,随机森林,-0.036859317295459326
1106,white,随机森林,-0.038517491240372514
1107,white,随机森林,-0.049438427535591245
1108,white,随机森林,-0.07358474240104707
1109,white,随机森林,-0.05739306803937849
1110,white,随机森林,-0.04874769007644997
1111,white,随机森林,-0.07388067454297698
1112,white,随机森林,-0.09087551335559396
1113,white,随机森林,-0.09401544432750453
1114,white,随机森林,-0.07697327413320365
1115,white,随机森林,-0.05813319748226253
1116,white,随机森林,-0.07682919467427307
1117,white,随机森林,-0.04828104935002697
1118,white,随机森林,-0.06926944564568915
1119,white,随机森林,-0.07581242220709494
1120,white,随机森林,-0.1285910252178245
1121,white,随机森林,-0.06666714463939338
1122,white,随机森林,-0.0761827851157193
1123,white,随机森林,-0.07051442566435284
1124,white,随机森林,-0.07882409287657333
1125,white,随机森林,-0.05855128498151607
1126,white,随机森林,-0.06791706860581348
1127,white,随机森林,-0.10607771631918395
1128,white,随机森林,-0.0473582751489271
1129,white,随机森林,-0.14145994337711842
1130,white,随机森林,-0.08500520251298416
1131,white,随机森林,-0.11784391482756262
1132,white,随机森林,-0.0722911831292935
1133,white,随机森林,-0.06509978147507323
1134,white,随机森林,-0.04444264615670557
1135,white,随机森林,-0.08187949277146456
1136,white,随机森林,-0.08545684038444457
1137,white,随机森林,-0.08625523993115891
1138,white,随机森林,-0.07833951220718482
1139,white,随机森林,-0.0570075105069362
1140,white,随机森林,-0.05956821102661636
1141,white,随机森林,-0.09632022133487295
1142,white,随机森林,-0.04212220085180707
1143,white,随机森林,-0.07316838635241607
1144,white,随机森林,-0.0829673614560914
1145,white,随机森林,-0.06564500410165197
1146,white,随机森林,-0.062386519655543426
1147,white,随机森林,-0.090936017130965
1148,white,随机森林,-0.032061603234276315
1149,white,随机森林,-0.0758701443430535
1150,white,随机森林,-0.06033775969001742
1151,white,随机森林,-0.053297327358252766
1152,white,随机森林,-0.07669121365905396
1153,white,随机森林,-0.046675317747896905
1154,white,随机森林,-0.08162765572720776
1155,white,随机森林,-0.0451715105172551
1156,white,随机森林,-0.07297459953194563
1157,white,随机森林,-0.0544229608054434
1158,white,随机森林,-0.07320159221723599
1159,white,随机森林,-0.05472448779563577
1160,white,随机森林,-0.06939047470546034
1161,white,随机森林,-0.05800562650529517
1162,white,随机森林,-0.05028307615105365
1163,white,随机森林,-0.04516156901642043
1164,white,随机森林,-0.06620691548840707
1165,white,随机森林,-0.05465533179886084
1166,white,随机森林,-0.07354008284412739
1167,white,随机森林,-0.057579295449027845
1168,white,随机森林,-0.08420529030200707
1169,white,随机森林,-0.05932255118844887
1170,white,随机森林,-0.04685460437013145
1171,white,随机森林,-0.10898902631461838
1172,white,随机森林,-0.07834363359272578
1173,white,随机森林,-0.057839984139297806
1174,white,随机森林,-0.09357295583230885
1175,white,随机森林,-0.06270483373589852
1176,white,随机森林,-0.12032147971481189
1177,white,随机森林,-0.07908217881068214
1178,white,随机森林,-0.07936423072293397
1179,white,随机森林,-0.08359159267487859
1180,white,随机森林,-0.1188169415852739
1181,white,随机森林,-0.12038313542701429
1182,white,随机森林,-0.11057981378593551
1183,white,随机森林,-0.08082955549007742
1184,white,随机森林,-0.08434400823865795
1185,white,随机森林,-0.08767540558743647
1186,white,随机森林,-0.08313977195674782
1187,white,随机森林,-0.0988288467593279
1188,white,随机森林,-0.06713897843799799
1189,white,随机森林,-0.08348976883130987
1190,white,随机森林,-0.0775524588346641
1191,white,随机森林,-0.053212243827066685
1192,white,随机森林,-0.07547436003297237
1193,white,随机森林,-0.06981786827261827
1194,white,随机森林,-0.057571516841556925
1195,white,随机森林,-0.06755473604795315
1196,white,随机森林,-0.03610901431686819
1197,white,随机森林,-0.07601754416436546
1198,white,随机森林,-0.06323923964938194
1199,white,随机森林,-0.0431673516985257
1200,white,随机森林,-0.08249139810409245
1201,white,随机森林,-0.09024452568339358
1202,white,随机森林,-0.07686429725920663
1203,white,随机森林,-0.09249375054743025
1204,white,随机森林,-0.08214841860060451
1205,white,随机森林,-0.0864664464332916
1206,white,随机森林,-0.09610973979329895
1207,white,随机森林,-0.08497308398870851
1208,white,随机森林,-0.05717966157608079
1209,white,随机森林,-0.0651172466718154
1210,white,随机森林,-0.07468832665692149
1211,white,随机森林,-0.1095856983038036
1212,white,随机森林,-0.08414450344417124
1213,white,随机森林,-0.04116255825744197
1214,white,随机森林,-0.0689001155144382
1215,white,随机森林,-0.08955071987184704
1216,white,随机森林,-0.046133258999992544
1217,white,随机森林,-0.08315188937395479
1218,white,随机森林,-0.044393669447813866
1219,white,随机森林,-0.09906952716158401
1220,white,随机森林,-0.11028846914810952
1221,white,随机森林,-0.07504747841042847
1222,white,随机森林,-0.07999696480146212
1223,white,随机森林,-0.08101117415612114
1224,white,随机森林,-0.052180580679438315
1225,white,随机森林,-0.07391430846934921
1226,white,随机森林,-0.1011130578462397
1227,white,随机森林,-0.08012443299951721
1228,white,随机森林,-0.055145110639810424
1229,white,随机森林,-0.061041884337762586
1230,white,随机森林,-0.07654691142618086
1231,white,随机森林,-0.06912826595166155
1232,white,随机森林,-0.059407303155816105
1233,white,随机森林,-0.06119463751687648
1234,white,随机森林,-0.13740405837841907
1235,white,随机森林,-0.0899454786106586
1236,white,随机森林,-0.05650472904036685
1237,white,随机森林,-0.1109591131762463
1238,white,随机森林,-0.06366002625298184
1239,white,随机森林,-0.08871204072318617
1240,white,随机森林,-0.06209335046090936
1241,white,随机森林,-0.060980729079383234
1242,white,随机森林,-0.07087074553685557
1243,white,随机森林,-0.08092400541677536
1244,white,随机森林,-0.06723261904767996
1245,white,随机森林,-0.0545415400573801
1246,white,随机森林,-0.08475046791588225
1247,white,随机森林,-0.07667988663022074
1248,white,随机森林,-0.03588099685078305
1249,white,随机森林,-0.08125658847526629
1250,white,随机森林,-0.0686722411850158
1251,white,随机森林,-0.049595010939529005
1252,white,随机森林,-0.07436886733815806
1253,white,随机森林,-0.08538885127279261
1254,white,随机森林,-0.09695918645333645
1255,white,随机森林,-0.07144373651696223
1256,white,随机森林,-0.03335074872076338
1257,white,随机森林,-0.08729703955424972
1258,white,随机森林,-0.07548478005159065
1259,white,随机森林,-0.033141822971903157
1260,white,随机森林,-0.07136629744298373
1261,white,随机森林,-0.08867866473365948
1262,white,随机森林,-0.10965240154999545
1263,white,随机森林,-0.057028213638934844
1264,white,随机森林,-0.10014892591848357
1265,white,随机森林,-0.0268025603692571
1266,white,随机森林,-0.06205666707634405
1267,white,随机森林,-0.053337408473814296
1268,white,随机森林,-0.03192487346032424
1269,white,随机森林,-0.04908585069414739
1270,white,随机森林,-0.09199181307305615
1271,white,随机森林,-0.058911230664496106
1272,white,随机森林,-0.08063379682579308
1273,white,随机森林,-0.055722926069198375
1274,white,随机森林,-0.0147954356443053
1275,white,随机森林,-0.08479316017871164
1276,white,随机森林,-0.07074264929750984
1277,white,随机森林,-0.062332312701197545
1278,white,随机森林,-0.06214905857222308
1279,white,随机森林,-0.07035710845035503
1280,white,随机森林,-0.020870836285199812
1281,white,随机森林,-0.03197738364058389
1282,white,随机森林,-0.09349404150925045
1283,white,随机森林,-0.057237032303303015
1284,white,随机森林,-0.09276637779292662
1285,white,随机森林,-0.07376827661687435
1286,white,随机森林,-0.07174525705124801
1287,white,随机森林,-0.08969853411719009
1288,white,随机森林,-0.05332031976767415
1289,white,随机森林,-0.06495490845084295
1290,white,随机森林,-0.060636221994081696
1291,white,随机森林,-0.05893874325453752
1292,white,随机森林,-0.1034974370879842
1293,white,随机森林,-0.05504362660622064
1294,white,随机森林,-0.07673170288908537
1295,white,随机森林,-0.08503294040753051
1296,white,随机森林,-0.12503059384588922
1297,white,随机森林,-0.09601057234747734
1298,white,随机森林,-0.057758092031297226
1299,white,随机森林,-0.09287096528885896
1300,white,随机森林,-0.05734706779946386
1301,white,随机森林,-0.06524244776451193
1302,white,随机森林,-0.0657020945136586
1303,white,随机森林,-0.07198766733107043
1304,white,随机森林,-0.07909976342927871
1305,white,随机森林,-0.06781194229735898
1306,white,随机森林,-0.0814292155378914
1307,white,随机森林,-0.042720317844795797
1308,white,随机森林,-0.06714267990267153
1309,white,随机森林,-0.047553885070664714
1310,white,随机森林,-0.042426518589355644
1311,white,随机森林,-0.07277783403337579
1312,white,随机森林,-0.07184340124586308
1313,white,随机森林,-0.0772563070523693
1314,white,随机森林,-0.0566313656980173
1315,white,随机森林,-0.09136640784740213
1316,white,随机森林,-0.0883152788601349
1317,white,随机森林,-0.04685775613970811
1318,white,随机森林,-0.07497230219632633
1319,white,随机森林,-0.1122076264552968
1320,white,随机森林,-0.0522756229306619
1321,white,随机森林,-0.06232193812299125
1322,white,随机森林,-0.07726458400414515
1323,white,随机森林,-0.05372643823866363
1324,white,随机森林,-0.10114874873198276
1325,white,随机森林,-0.034311925870596394
1326,white,随机森林,-0.07675945393476935
1327,white,随机森林,-0.10517245771481443
1328,white,随机森林,-0.06302830125491021
1329,white,随机森林,-0.0760487603761466
1330,white,随机森林,-0.053813341407883075
1331,white,随机森林,-0.08003582408586107
1332,white,随机森林,-0.0926609286878074
1333,white,随机森林,-0.012106774002889842
1334,white,随机森林,-0.05526866535238961
1335,white,随机森林,-0.09354168305431243
1336,white,随机森林,-0.074849536486424
1337,white,随机森林,-0.10762920578669988
1338,white,随机森林,-0.10873638295455812
1339,white,随机森林,-0.06564653652769892
1340,white,随机森林,-0.09598279030535095
1341,white,随机森林,-0.0652765884734906
1342,white,随机森林,-0.017387694331896908
1343,white,随机森林,-0.09462979913065683
1344,white,随机森林,-0.0663408655760731
1345,white,随机森林,-0.07611636173868375
1346,white,随机森林,-0.035177164428919494
1347,white,随机森林,-0.06925550912236089
1348,white,随机森林,-0.07129197625801598
1349,white,随机森林,-0.0786939577015805
1350,white,随机森林,-0.08397017694045827
1351,white,随机森林,-0.027585119571557626
1352,white,随机森林,-0.052243790602726436
1353,white,随机森林,-0.07720329544576232
1354,white,随机森林,-0.029846750901839747
1355,white,随机森林,-0.11129308209803213
1356,white,随机森林,-0.09611123040791592
1357,white,随机森林,-0.06162901461603765
1358,white,随机森林,-0.0636549537003942
1359,white,随机森林,-0.03268756321637267
1360,white,随机森林,-0.08056626624755725
1361,white,随机森林,-0.028393263565315352
1362,white,随机森林,-0.0511973377009497
1363,white,随机森林,-0.10051482526176825
1364,white,随机森林,-0.07735035197199058
1365,white,随机森林,-0.06140573410599626
1366,white,随机森林,-0.06456038140727605
1367,white,随机森林,-0.0605346145530401
1368,white,随机森林,-0.07151349217666303
1369,white,随机森林,-0.05935406550381506
1370,white,随机森林,-0.06774977524852843
1371,white,随机森林,-0.08692787657162049
1372,white,随机森林,-0.07440219134056425
1373,white,随机森林,-0.06679546610619003
1374,white,随机森林,-0.04728565746180402
1375,white,随机森林,-0.06548991790202652
1376,white,随机森林,-0.028145550497614247
1377,white,随机森林,-0.06337749074716537
1378,white,随机森林,-0.041088310079132495
1379,white,随机森林,-0.07381927616707074
1380,white,随机森林,-0.05602388443214268
1381,white,随机森林,-0.09656703926930488
1382,white,随机森林,-0.08132938040975002
1383,white,随机森林,-0.08855503464852432
1384,white,随机森林,-0.04330678293695345
1385,white,随机森林,-0.04326343809803346
1386,white,随机森林,-0.061895370504337466
1387,white,随机森林,-0.07355564365680789
1388,white,随机森林,-0.0447768329371977
1389,white,随机森林,-0.047983759319908614
1390,white,随机森林,-0.06082738217580663
1391,white,随机森林,-0.05169732179809239
1392,white,随机森林,-0.08356791381620299
1393,white,随机森林,-0.09878257169264382
1394,white,随机森林,-0.047531272294422
1395,white,随机森林,-0.06611247117131525
1396,white,随机森林,-0.07665165082879544
1397,white,随机森林,-0.07167300278738509
1398,white,随机森林,-0.07740417504545616
1399,white,随机森林,-0.0738062680700704
1400,white,随机森林,-0.08677229858591962
1401,white,随机森林,-0.08317838965149416
1402,white,随机森林,-0.07534316635531757
1403,white,随机森林,-0.07498893923716199
1404,white,随机森林,-0.06926318059313141
1405,white,随机森林,-0.059229704649860104
1406,white,随机森林,-0.08154801682299562
1407,white,随机森林,-0.06573032080952956
1408,white,随机森林,-0.09028878596084122
1409,white,随机森林,-0.11234041012415219
1410,white,随机森林,-0.08794345304168905
1411,white,随机森林,-0.04299494792791947
1412,white,随机森林,-0.0738219184319373
1413,white,随机森林,-0.08552397497622966
1414,white,随机森林,-0.04682486684400311
1415,white,随机森林,-0.08165043067800715
1416,white,随机森林,-0.08169211979633739
1417,white,随机森林,-0.07171184751369397
1418,white,随机森林,-0.09035457553514248
1419,white,随机森林,-0.03941078604829906
1420,white,随机森林,-0.09771035381117676
1421,white,随机森林,-0.09100305421330313
1422,white,随机森林,-0.0794356437399959
1423,white,随机森林,-0.08059475296160978
1424,white,随机森林,-0.023239447387594203
1425,white,随机森林,-0.06874035014460633
1426,white,随机森林,-0.06012961904416758
1427,white,随机森林,-0.055968229839839956
1428,white,随机森林,-0.050994618450507456
1429,white,随机森林,-0.06575126221855343
1430,white,随机森林,-0.08909652127546419
1431,white,随机森林,-0.11025730488658902
1432,white,随机森林,-0.06514505725374142
1433,white,随机森林,-0.04796799958039011
1434,white,随机森林,-0.06935499805343082
1435,white,随机森林,-0.06656535889849557
1436,white,随机森林,-0.11368892436939815
1437,white,随机森林,-0.050286316825166266
1438,white,随机森林,-0.09040666644807271
1439,white,随机森林,-0.05631312250820997
1440,white,随机森林,-0.05680442208832914
1441,white,随机森林,-0.06446517177292121
1442,white,随机森林,-0.04987806549667417
1443,white,随机森林,-0.08385247082186886
1444,white,随机森林,-0.06839857359180712
1445,white,随机森林,-0.05354801716833746
1446,white,随机森林,-0.07274401713035583
1447,white,随机森林,-0.04249102076838396
1448,white,随机森林,-0.07564050639689612
1449,white,随机森林,-0.051290642721872115
1450,white,随机森林,-0.1047664136074381
1451,white,随机森林,-0.07971267436281548
1452,white,随机森林,-0.058899736408193126
1453,white,随机森林,-0.08250049067877141
1454,white,随机森林,-0.045739226155152246
1455,white,随机森林,-0.08743735899090943
1456,white,随机森林,-0.060451359817423445
1457,white,随机森林,-0.11200094576730668
1458,white,随机森林,-0.09409575559983319
1459,white,随机森林,-0.09733186696334561
1460,white,随机森林,-0.07772341530155813
1461,white,随机森林,-0.03958611011142643
1462,white,随机森林,-0.04650605125105167
1463,white,随机森林,-0.07456735961909555
1464,white,随机森林,-0.061392509651460814
1465,white,随机森林,-0.08178977742453786
1466,white,随机森林,-0.04165857247664362
1467,white,随机森林,-0.08447193418679144
1468,white,随机森林,-0.06635111152024942
1469,white,随机森林,-0.09943127870172774
1470,white,随机森林,-0.06430554992769533
1471,white,随机森林,-0.06006827590854946
1472,white,随机森林,-0.03132218367758688
1473,white,随机森林,-0.041944386608719686
1474,white,随机森林,-0.0870610334722175
1475,white,随机森林,-0.10353503003855813
1476,white,随机森林,-0.07303692569557041
1477,white,随机森林,-0.09643439235312445
1478,white,随机森林,-0.05144657725661095
1479,white,随机森林,-0.09603288395214249
1480,white,随机森林,-0.07519750719739116
1481,white,随机森林,-0.07594769562630121
1482,white,随机森林,-0.04925528942843693
1483,white,随机森林,-0.09360905148105458
1484,white,随机森林,-0.07813024833122095
1485,white,随机森林,-0.09597653267604134
1486,white,随机森林,-0.06719868596135192
1487,white,随机森林,-0.0759199278977718
1488,white,随机森林,-0.10283473970430224
1489,white,随机森林,-0.04375671698827677
1490,white,随机森林,-0.09241673588088506
1491,white,随机森林,-0.07273340530480032
1492,white,随机森林,-0.022104442874373742
1493,white,随机森林,-0.04902124930415952
1494,white,随机森林,-0.07303313434350478
1495,white,随机森林,-0.034301275441958934
1496,white,随机森林,-0.051618448243909154
1497,white,随机森林,-0.09237905134278046
1498,white,随机森林,-0.03755065861476958
1499,white,随机森林,-0.054283664354434435
1500,white,随机森林,-0.05864612251378187
1501,white,随机森林,-0.06307790452295303
1502,white,随机森林,-0.05952519895217989
1503,white,随机森林,-0.07940012116166695
1504,white,随机森林,-0.08448268900879063
1505,white,随机森林,-0.06590928417648545
1506,white,随机森林,-0.0419847067452942
1507,white,随机森林,-0.07676389996810085
1508,white,随机森林,-0.06688252953143292
1509,white,随机森林,-0.09195200227141043
1510,white,随机森林,-0.042260880806424095
1511,white,随机森林,-0.03135157096318786
1512,white,随机森林,-0.09919197529564017
1513,white,随机森林,-0.050394114844465765
1514,white,随机森林,-0.07665819388503181
1515,white,随机森林,-0.07724979296644352
1516,white,随机森林,-0.07239942284790113
1517,white,随机森林,-0.07883380395650785
1518,white,随机森林,-0.05843891402683299
1519,white,随机森林,-0.12137754914979115
1520,white,随机森林,-0.0670203361694861
1521,white,随机森林,-0.09006217899177882
1522,white,随机森林,-0.0788085263581807
1523,white,随机森林,-0.06765951600209064
1524,white,随机森林,-0.03452544771631727
1525,white,随机森林,-0.09074672429024722
1526,white,随机森林,-0.07269631531643705
1527,white,随机森林,-0.09381043418301804
1528,white,随机森林,-0.05095705981551435
1529,white,随机森林,-0.08122887642554033
1530,white,随机森林,-0.09018742923317957
1531,white,随机森林,-0.0511638957836974
1532,white,随机森林,-0.046668214688979304
1533,white,随机森林,-0.06591048647802034
1534,white,随机森林,-0.06924654799778174
1535,white,随机森林,-0.05164185165769397
1536,white,随机森林,-0.0870603126986379
1537,white,随机森林,-0.05186757897345473
1538,white,随机森林,-0.11758424915161858
1539,white,随机森林,-0.08447323738894075
1540,white,随机森林,-0.057346320271842166
1541,white,随机森林,-0.05315017111894749
1542,white,随机森林,-0.042876627637802756
1543,white,随机森林,-0.07646758698418132
1544,white,随机森林,-0.06380085697265336
1545,white,随机森林,-0.07817323085541461
1546,white,随机森林,-0.06496879159563518
1547,white,随机森林,-0.08847472963430658
1548,white,随机森林,-0.07627231120559941
1549,white,随机森林,-0.09636673630274051
1550,white,随机森林,-0.042256601210231226
1551,white,随机森林,-0.05684849426451344
1552,white,随机森林,-0.11621922027889531
1553,white,随机森林,-0.08513496123240372
1554,white,随机森林,-0.08010426412373406
1555,white,随机森林,-0.08773181991831713
1556,white,随机森林,-0.08562929094168592
1557,white,随机森林,-0.06855422401948497
1558,white,随机森林,-0.0703745236842307
1559,white,随机森林,-0.07866014888074757
1560,white,随机森林,-0.10109085047690214
1561,white,随机森林,-0.08699740260908029
1562,white,随机森林,-0.07665575528453461
1563,white,随机森林,-0.06359601958358407
1564,white,随机森林,-0.08214496551066741
1565,white,随机森林,-0.05540251210924929
1566,white,随机森林,-0.05236481463130316
1567,white,随机森林,-0.044532197306999755
1568,white,随机森林,-0.062171253276827154
1569,white,随机森林,-0.05855243259779874
1570,white,随机森林,-0.058438690103353785
1571,white,随机森林,-0.09806053856963626
1572,white,随机森林,-0.07122216446977248
1573,white,随机森林,-0.07891321940086204
1574,white,随机森林,-0.03999262467401532
1575,white,随机森林,-0.0657286154570248
1576,white,随机森林,-0.06828188576895478
1577,white,随机森林,-0.05449222869149262
1578,white,随机森林,-0.05930707372795474
1579,white,随机森林,-0.03564096848191767
1580,white,随机森林,-0.05946192691197805
1581,white,随机森林,-0.07613150714305328
1582,white,随机森林,-0.06608438795650251
1583,white,随机森林,-0.06449864894421076
1584,white,随机森林,-0.057627174610933696
1585,white,随机森林,-0.0825774130293202
1586,white,随机森林,-0.07284147943042973
1587,white,随机森林,-0.06834473644411043
1588,white,随机森林,-0.03563477271000559
1589,white,随机森林,-0.08596326365702722
1590,white,随机森林,-0.07083015772769596
1591,white,随机森林,-0.06035356285415783
1592,white,随机森林,-0.06788665510851633
1593,white,随机森林,-0.06296313439272494
1594,white,随机森林,-0.07497651438049269
1595,white,随机森林,-0.07623864741899766
1596,white,随机森林,-0.08450865654107109
1597,white,随机森林,-0.07597879525114304
1598,white,随机森林,-0.05418424478983597
1599,white,随机森林,-0.05764626059772726
1600,white,随机森林,-0.059682598895728134
1601,white,随机森林,-0.08395070586080988
1602,white,随机森林,-0.11751856953166706
1603,white,随机森林,-0.07561327142812024
1604,white,随机森林,-0.07669150037413508
1605,white,随机森林,-0.05520324267828125
1606,white,随机森林,-0.07537591886334938
1607,white,随机森林,-0.08507011326580927
1608,white,随机森林,-0.07925604425853694
1609,white,随机森林,-0.038066091926675205
1610,white,随机森林,-0.05013943101907903
1611,white,随机森林,-0.060969280412928706
1612,white,随机森林,-0.05523594776702301
1613,white,随机森林,-0.07544736612348357
1614,white,随机森林,-0.08366627259268955
1615,white,随机森林,-0.0662137397707021
1616,white,随机森林,-0.11408555211801885
1617,white,随机森林,-0.08135443032222645
1618,white,随机森林,-0.08749016351554562
1619,white,随机森林,-0.053598291549500576
1620,white,随机森林,-0.07403045231516858
1621,white,随机森林,-0.05248448026097585
1622,white,随机森林,-0.0563957562369406
1623,white,随机森林,-0.07390362802765105
1624,white,随机森林,-0.039763014133283314
1625,white,随机森林,-0.06498792256912111
1626,white,随机森林,-0.0800930709629103
1627,white,随机森林,-0.08148913172526073
1628,white,随机森林,-0.09491631919029853
1629,white,随机森林,-0.04054043923752071
1630,white,随机森林,-0.05703919684128156
1631,white,随机森林,-0.08721277140478256
1632,white,随机森林,-0.10564551579694448
1633,white,随机森林,-0.11999908956535288
1634,white,随机森林,-0.05457341921383252
1635,white,随机森林,-0.05045269063860702
1636,white,随机森林,-0.1039724591075768
1637,white,随机森林,-0.06475361597736506
1638,white,随机森林,-0.07965436902830336
1639,white,随机森林,-0.06651171309671255
1640,white,随机森林,-0.0708376246445861
1641,white,随机森林,-0.09080783891580435
1642,white,随机森林,-0.05027471319355392
1643,white,随机森林,-0.07375980567753948
1644,white,随机森林,-0.1152016774156891
1645,white,随机森林,-0.07875541203096481
1646,white,随机森林,-0.06463738089808979
1647,white,随机森林,-0.10317673464390964
1648,white,随机森林,-0.07037678915599987
1649,white,随机森林,-0.056942554808747214
1650,white,随机森林,-0.07316297419837092
1651,white,随机森林,-0.08797732637714384
1652,white,随机森林,-0.05311173155913029
1653,white,随机森林,-0.060215206089416884
1654,white,随机森林,-0.0782957858046126
1655,white,随机森林,-0.07493466664626869
1656,white,随机森林,-0.07867461572163503
1657,white,随机森林,-0.039577214132064276
1658,white,随机森林,-0.10322108392796914
1659,white,随机森林,-0.054301614989882396
1660,white,随机森林,-0.02702608876640633
1661,white,随机森林,-0.08455488023652846
1662,white,随机森林,-0.07194816237253954
1663,white,随机森林,-0.06536189433018846
1664,white,随机森林,-0.08728711280280321
1665,white,随机森林,-0.07612192609035517
1666,white,随机森林,-0.09072370587827949
1667,white,随机森林,-0.07219698119522155
1668,white,随机森林,-0.059634866099265826
1669,white,随机森林,-0.0431702562726306
1670,white,随机森林,-0.09162872798392319
1671,white,随机森林,-0.07666023986108528
1672,white,随机森林,-0.034286022717681996
1673,white,随机森林,-0.0418091193257486
1674,white,随机森林,-0.08745139107216204
1675,white,随机森林,-0.10565960596378587
1676,white,随机森林,-0.07369446579092509
1677,white,随机森林,-0.07520538902685348
1678,white,随机森林,-0.026997527741032923
1679,white,随机森林,-0.06533248348777076
1680,white,随机森林,-0.08938266374534898
1681,white,随机森林,-0.07975106730177772
1682,white,随机森林,-0.06927289881877174
1683,white,随机森林,-0.12692446882020814
1684,white,随机森林,-0.08865812520939265
1685,white,随机森林,-0.08638326977894506
1686,white,随机森林,-0.13053277199750324
1687,white,随机森林,-0.04572992435741463
1688,white,随机森林,-0.06949331399661418
1689,white,随机森林,-0.07820873026562014
1690,white,随机森林,-0.08089835099040532
1691,white,随机森林,-0.06572662533450224
1692,white,随机森林,-0.035944570792635244
1693,white,随机森林,-0.074681798471806
1694,white,随机森林,-0.05502467939618161
1695,white,随机森林,-0.10037337548318448
1696,white,随机森林,-0.07316346462303802
1697,white,随机森林,-0.05498358621819055
1698,white,随机森林,-0.09965302617650296
1699,white,随机森林,-0.09369336133462358
1700,white,随机森林,-0.0471515780962839
1701,white,随机森林,-0.06347835936894464
1702,white,随机森林,-0.03573030909105801
1703,white,随机森林,-0.06047941394808887
1704,white,随机森林,-0.05357467189722809
1705,white,随机森林,-0.08691035136548453
1706,white,随机森林,-0.05122773638398159
1707,white,随机森林,-0.0388999348833744
1708,white,随机森林,-0.03760381292332138
1709,white,随机森林,-0.0531754708272163
1710,white,随机森林,-0.09069385195060697
1711,white,随机森林,-0.06396806755980511
1712,white,随机森林,-0.11286834844692029
1713,white,随机森林,-0.04959224412104746
1714,white,随机森林,-0.0894315174061322
1715,white,随机森林,-0.0885643331129361
1716,white,随机森林,-0.06452811111378065
1717,white,随机森林,-0.0801273709744793
1718,white,随机森林,-0.05675428818529593
1719,white,随机森林,-0.06017715812772029
1720,white,随机森林,-0.045564286676656796
1721,white,随机森林,-0.0025563657028960796
1722,white,随机森林,-0.08522634265290907
1723,white,随机森林,-0.11874720393230598
1724,white,随机森林,-0.10388765002231382
1725,white,随机森林,-0.05831060244678132
1726,white,随机森林,-0.08240648472649426
1727,white,随机森林,-0.08263662698148289
1728,white,随机森林,-0.05800170565205709
1729,white,随机森林,-0.09699629940180898
1730,white,随机森林,-0.09652667638504364
1731,white,随机森林,-0.04737614181609118
1732,white,随机森林,-0.05323206287099613
1733,white,随机森林,-0.05795801495835795
1734,white,随机森林,-0.08370809991096517
1735,white,随机森林,-0.038051789744302456
1736,white,随机森林,-0.05257300117285946
1737,white,随机森林,-0.05776320999934215
1738,white,随机森林,-0.08740143634105724
1739,white,随机森林,-0.1215101053983414
1740,white,随机森林,-0.05345375399071739
1741,white,随机森林,-0.03572448780005888
1742,white,随机森林,-0.07808635819934329
1743,white,随机森林,-0.09734342017585418
1744,white,随机森林,-0.056185978558153216
1745,white,随机森林,-0.08129135424823974
1746,white,随机森林,-0.004795446580574403
1747,white,随机森林,-0.06885657664316203
1748,white,随机森林,-0.0208265114063515
1749,white,随机森林,-0.10043058870586641
1750,white,随机森林,-0.0906913465028295
1751,white,随机森林,-0.09854531321348425
1752,white,随机森林,-0.07211837481961536
1753,white,随机森林,-0.07733448725355552
1754,white,随机森林,-0.06738671814357333
1755,white,随机森林,-0.06832643256809534
1756,white,随机森林,-0.03197139197210752
1757,white,随机森林,-0.07478647043243258
1758,white,随机森林,-0.05589187418293118
1759,white,随机森林,-0.05266300523107725
1760,white,随机森林,-0.08957636819740555
1761,white,随机森林,-0.08274073585864072
1762,white,随机森林,-0.06672639815216763
1763,white,随机森林,-0.07399594800853293
1764,white,随机森林,-0.054337350660449646
1765,white,随机森林,-0.10746805317481789
1766,white,随机森林,-0.08599171756977875
1767,white,随机森林,-0.08321624960288976
1768,white,随机森林,-0.07696668457808287
1769,white,随机森林,-0.0643474996135921
1770,white,随机森林,-0.0768119089686563
1771,white,随机森林,-0.06826188711301873
1772,white,随机森林,-0.05501291607388281
1773,white,随机森林,-0.05569543221650941
1774,white,随机森林,-0.08742584619463323
1775,white,随机森林,-0.04628389112093867
1776,white,随机森林,-0.041557023449150465
1777,white,随机森林,-0.07685639711098036
1778,white,随机森林,-0.08444881953299477
1779,white,随机森林,-0.07712099594184119
1780,white,随机森林,-0.05020662279522303
1781,white,随机森林,-0.08997961685784828
1782,white,随机森林,-0.05028468953813969
1783,white,随机森林,-0.07243575742903186
1784,white,随机森林,-0.06682050335763445
1785,white,随机森林,-0.06296739179523847
1786,white,随机森林,-0.09916885343566295
1787,white,随机森林,-0.07414170664312025
1788,white,随机森林,-0.05870894136759808
1789,white,随机森林,-0.07111332654851366
1790,white,随机森林,-0.07098974691283044
1791,white,随机森林,-0.08189574085211848
1792,white,随机森林,-0.07503634005398019
1793,white,随机森林,-0.06781068929989709
1794,white,随机森林,-0.04252803751254275
1795,white,随机森林,-0.057287700497624994
1796,white,随机森林,-0.10758637932538595
1797,white,随机森林,-0.046246318510615225
1798,white,随机森林,-0.07094573945162086
1799,white,随机森林,-0.0764223041747607
1800,white,随机森林,-0.07749589633598764
1801,white,随机森林,-0.08897605192775582
1802,white,随机森林,-0.0553470446923805
1803,white,随机森林,-0.1131810442423693
1804,white,随机森林,-0.0785311985778685
1805,white,随机森林,-0.08268396172140458
1806,white,随机森林,-0.08711324971128342
1807,white,随机森林,-0.07605066184585774
1808,white,随机森林,-0.0627266059042565
1809,white,随机森林,-0.045731072073413204
1810,white,随机森林,-0.09687171785841331
1811,white,随机森林,-0.0498832153632468
1812,white,随机森林,-0.06856323683596766
1813,white,随机森林,-0.07671047893680272
1814,white,随机森林,-0.08680201619623829
1815,white,随机森林,-0.06816068981383483
1816,white,随机森林,-0.054941563254828796
1817,white,随机森林,-0.08665954643829255
1818,white,随机森林,-0.08976284893459474
1819,white,随机森林,-0.08754690823863676
1820,white,随机森林,-0.0862367377039287
1821,white,随机森林,-0.03681166245034684
1822,white,随机森林,-0.09510022924253503
1823,white,随机森林,-0.10812416377753953
1824,white,随机森林,-0.05760003603284736
1825,white,随机森林,-0.048971531042899974
1826,white,随机森林,-0.07996611610052295
1827,white,随机森林,-0.0671838721329836
1828,white,随机森林,-0.07800457246129122
1829,white,随机森林,-0.09171315411869285
1830,white,随机森林,-0.08504862027615712
1831,white,随机森林,-0.0834647932860858
1832,white,随机森林,-0.046001624985800516
1833,white,随机森林,-0.0775660892437432
1834,white,随机森林,-0.0718619617555557
1835,white,随机森林,-0.0782338893822464
1836,white,随机森林,-0.0588878738776617
1837,white,随机森林,-0.057204909933641246
1838,white,随机森林,-0.09030314240319481
1839,white,随机森林,-0.07223106831380244
1840,white,随机森林,-0.02333035272716677
1841,white,随机森林,-0.08131108846741697
1842,white,随机森林,-0.07794832023332565
1843,white,随机森林,-0.0735653204451141
1844,white,随机森林,-0.05625000166484073
1845,white,随机森林,-0.05156753743464504
1846,white,随机森林,-0.08008051925528403
1847,white,随机森林,-0.0670881199838651
1848,white,随机森林,-0.06842021938528697
1849,white,随机森林,-0.09235866652738034
1850,white,随机森林,-0.059022340195968526
1851,white,随机森林,-0.08879581284493887
1852,white,随机森林,-0.06266145097274156
1853,white,随机森林,-0.05180567334731123
1854,white,随机森林,-0.0500277109307381
1855,white,随机森林,-0.06351534013604154
1856,white,随机森林,-0.07177746349261493
1857,white,随机森林,-0.07456076109889731
1858,white,随机森林,-0.06566562200663528
1859,white,随机森林,-0.06120025517455363
1860,white,随机森林,-0.051060118623099116
1861,white,随机森林,-0.05883786660514223
1862,white,随机森林,-0.07602600660332215
1863,white,随机森林,-0.0793335387200923
1864,white,随机森林,-0.0467294177947154
1865,white,随机森林,-0.1049128032878871
1866,white,随机森林,-0.06447191417731324
1867,white,随机森林,-0.08814357905161152
1868,white,随机森林,-0.1016604988795331
1869,white,随机森林,-0.08251925252099102
1870,white,随机森林,-0.07315850957664982
1871,white,随机森林,-0.07703853446665976
1872,white,随机森林,-0.07120384277138758
1873,white,随机森林,-0.059859529180271154
1874,white,随机森林,-0.06703139643279721
1875,white,随机森林,-0.07031007582976867
1876,white,随机森林,-0.09780275196479016
1877,white,随机森林,-0.08466649337638488
1878,white,随机森林,-0.083314255343515
1879,white,随机森林,-0.04210153610033107
1880,white,随机森林,-0.05154898379459727
1881,white,随机森林,-0.059084024566840254
1882,white,随机森林,-0.07414158925009973
1883,white,随机森林,-0.059169980262949284
1884,white,随机森林,-0.05761386683169689
1885,white,随机森林,-0.08063068925196859
1886,white,随机森林,-0.05022035730462815
1887,white,随机森林,-0.05683712638519678
1888,white,随机森林,-0.07592442386598197
1889,white,随机森林,-0.06168964519244269
1890,white,随机森林,-0.07882013715849412
1891,white,随机森林,-0.08640694438249197
1892,white,随机森林,-0.09361257028335401
1893,white,随机森林,-0.07677165649002615
1894,white,随机森林,-0.07650071306011763
1895,white,随机森林,-0.07387767125215039
1896,white,随机森林,-0.07431455908678308
1897,white,随机森林,-0.05823277856652642
1898,white,随机森林,-0.03822970571120454
1899,white,随机森林,-0.10795146550338397
1900,white,随机森林,-0.10036633429836539
1901,white,随机森林,-0.09706238772918985
1902,white,随机森林,-0.06609933183158512
1903,white,随机森林,-0.09216984706508424
1904,white,随机森林,-0.0873873301152559
1905,white,随机森林,-0.0557339772094706
1906,white,随机森林,-0.06366222519612919
1907,white,随机森林,-0.10598541207672785
1908,white,随机森林,-0.052845600115095204
1909,white,随机森林,-0.05041185574859153
1910,white,随机森林,-0.08716976015035172
1911,white,随机森林,-0.09055054100250937
1912,white,随机森林,-0.06301538878046131
1913,white,随机森林,-0.060358252267570744
1914,white,随机森林,-0.04576384770951336
1915,white,随机森林,-0.04460773714613453
1916,white,随机森林,-0.058677432861406253
1917,white,随机森林,-0.029804117606355707
1918,white,随机森林,-0.07372298001446276
1919,white,随机森林,-0.04669380919221322
1920,white,随机森林,-0.08877853555511528
1921,white,随机森林,-0.08207613957371862
1922,white,随机森林,-0.06368927594277685
1923,white,随机森林,-0.055703748528586505
1924,white,随机森林,-0.02671069219195865
1925,white,随机森林,-0.08147163741873364
1926,white,随机森林,-0.09522170348936376
1927,white,随机森林,-0.07248740974079071
1928,white,随机森林,-0.08152918060597747
1929,white,随机森林,-0.03451735739964579
1930,white,随机森林,-0.04446260830863202
1931,white,随机森林,-0.08687616641872487
1932,white,随机森林,-0.08549467246938391
1933,white,随机森林,-0.07751867359942755
1934,white,随机森林,-0.05381363743238399
1935,white,随机森林,-0.045961093635356165
1936,white,随机森林,-0.04357945476282821
1937,white,随机森林,-0.04525693591631319
1938,white,随机森林,-0.08992244452399678
1939,white,随机森林,-0.0682241722983199
1940,white,随机森林,-0.05980131075738959
1941,white,随机森林,-0.08717333669887561
1942,white,随机森林,-0.08081759644042807
1943,white,随机森林,-0.05968449499838735
1944,white,随机森林,-0.023414373641637676
1945,white,随机森林,-0.07296429059587162
1946,white,随机森林,-0.09956627329387158
1947,white,随机森林,-0.06585156358390509
1948,white,随机森林,-0.07540641060957887
1949,white,随机森林,-0.04173078587054058
1950,white,随机森林,-0.09274806593974738
1951,white,随机森林,-0.0881736307609754
1952,white,随机森林,-0.09006181725799711
1953,white,随机森林,-0.05390017283820925
1954,white,随机森林,-0.0745807830944949
1955,white,随机森林,-0.08919698326400782
1956,white,随机森林,-0.02806011515906004
1957,white,随机森林,-0.07150960725028388
1958,white,随机森林,-0.10654937117901453
1959,white,随机森林,-0.04788819137808065
1960,white,随机森林,-0.07869519621535936
1961,white,随机森林,-0.07710693446877104
1962,white,随机森林,-0.04181850931337072
1963,white,随机森林,-0.06558353587278454
1964,white,随机森林,-0.069767288705754
1965,white,随机森林,-0.06707490555190898
1966,white,随机森林,-0.020904405404964077
1967,white,随机森林,-0.08261506779211802
1968,white,随机森林,-0.09398971796853339
1969,white,随机森林,-0.0816440480941204
1970,white,随机森林,-0.06218398930014024
1971,white,随机森林,-0.08197563080887371
1972,white,随机森林,-0.07252796681975304
1973,white,随机森林,-0.09183446304645349
1974,white,随机森林,-0.047486164365316275
1975,white,随机森林,-0.07127674873744372
1976,white,随机森林,-0.11354180727333352
1977,white,随机森林,-0.07661440174728329
1978,white,随机森林,-0.048288237935660394
1979,white,随机森林,-0.05818495409063895
1980,white,随机森林,-0.09716252138229664
1981,white,随机森林,-0.08152170098657241
1982,white,随机森林,-0.10514122239329138
1983,white,随机森林,-0.06602345908030116
1984,white,随机森林,-0.04830576122938257
1985,white,随机森林,-0.07124366125842163
1986,white,随机森林,-0.031101098432045893
1987,white,随机森林,-0.09301409396204297
1988,white,随机森林,-0.07358250593374971
1989,white,随机森林,-0.10448976248023212
1990,white,随机森林,-0.07522000823538177
1991,white,随机森林,-0.06490075897406877
1992,white,随机森林,-0.05333152272202035
1993,white,随机森林,-0.05810077362200683
1994,white,随机森林,-0.07015454700933521
1995,white,随机森林,-0.10911185882969121
1996,white,随机森林,-0.08171578302400995
1997,white,随机森林,-0.0666717118211112
1998,white,随机森林,-0.014808167904689307
1999,white,随机森林,-0.09553325029247728
