wine,source_row,feature_group_id,candidate,quality,prediction,baseline_prediction,abs_error,baseline_abs_error
red,3,aa8ed2a845205f4d5357592cc1b2591ea5d4cb53efab33a4e5887007d3ccb1b6,Ridge,5.0,5.180809227776541,6.0,0.18080922777654074,1.0
red,6,a895f2554842c84459c6366e146a2abc802435e1107179fa8c9c7182053dd4e2,Ridge,5.0,5.0291813686782,6.0,0.029181368678200315,1.0
red,8,362f2a0eac6d64f3006b6bddb470902580d8f5e1adb103e673c43aa5ea3b8235,Ridge,7.0,5.314157167098238,6.0,1.6858428329017618,1.0
red,11,7f35e6718fe13961e0a500b3d5546938582cbec2ad64566ae817eaa99c4252ae,Ridge,5.0,4.979466073315635,6.0,0.020533926684365156,1.0
red,15,34409c55f0f0b10a1e19cc9308227cc4af80ae57c020d8a593fd62a767ca6b41,Ridge,5.0,5.055751825948015,6.0,0.055751825948014755,1.0
red,21,b9b5b0fa4114d9478beb00f4ec23b7cc0ac620894d37180c0974af6dd98777da,Ridge,6.0,5.482927581344241,6.0,0.5170724186557587,0.0
red,24,0dc11a6583a362342333843edb10900d534b410044e73743406a5756582ac7aa,Ridge,5.0,5.1740413226228625,6.0,0.17404132262286254,1.0
red,30,348adb092ca976e3ffa3a840bc90a2e768b8adfd2a7328096c28eac06f967695,Ridge,6.0,5.330280542141913,6.0,0.6697194578580872,0.0
red,43,8c2449ff9d86b9e2ebc425a7c13478f72581b8f7c66312f7bee5ac6a26c92736,Ridge,6.0,5.525612214068065,6.0,0.47438778593193476,0.0
red,52,004be92dbea6c13aefeb12247ee094d19b8029d61f01880f4544e3d38a5d1911,Ridge,6.0,5.367301669134559,6.0,0.6326983308654412,0.0
red,54,f2f4d540a81488e6373cd217b0b71e22201c7a8ac7ead26d3d85c54436c06ae2,Ridge,5.0,5.206492029677239,6.0,0.20649202967723923,1.0
red,55,f1e11e0b7bee67f167296132c256bca93f04d64e9ecfcf228563cce11c8c4e74,Ridge,6.0,5.522119536189119,6.0,0.4778804638108811,0.0
red,59,7c06483c701dc4afb4cc1ab627186a45d14f5d440455aac6c22832a83cb0a8e7,Ridge,5.0,5.30650468314542,6.0,0.3065046831454197,1.0
red,65,38bf9ee64064ec9de1f794903175864a88f1ab421e5b94d5c3528232c1a12987,Ridge,5.0,5.460586616711067,6.0,0.46058661671106726,1.0
red,66,38bf9ee64064ec9de1f794903175864a88f1ab421e5b94d5c3528232c1a12987,Ridge,5.0,5.460586616711067,6.0,0.46058661671106726,1.0
red,72,df99203fa58023a11571a162689d30e0c74bd242b48a8720852f6faa790f3a4d,Ridge,5.0,4.869625567531968,6.0,0.13037443246803182,1.0
red,75,47a969305a829818c5acde4ca454c648fd2c42aa09693c133303a65bb5f991cc,Ridge,5.0,5.627013443234996,6.0,0.6270134432349961,1.0
red,76,dba8101b196952d5d0d0e458c6c684be87c6dcaa5c75549412553e248ccff9a3,Ridge,5.0,5.633792266975857,6.0,0.6337922669758571,1.0
red,77,dba8101b196952d5d0d0e458c6c684be87c6dcaa5c75549412553e248ccff9a3,Ridge,5.0,5.633792266975857,6.0,0.6337922669758571,1.0
red,85,5b6d8e7518368660c8a171121045fd9dc173e616f05faf7d6340ab3aeae2c402,Ridge,6.0,5.761602457413636,6.0,0.23839754258636425,0.0
red,86,b70e632d047d1880e4cad4302b80ad59a85c46fbb6494f77273d96c4ebf30485,Ridge,5.0,5.436446054267052,6.0,0.4364460542670523,1.0
red,90,cc8671a5d52e6d293fd7fe4c2c55aa7067643cbc16dab61d0818473c104ac876,Ridge,5.0,4.969816213934639,6.0,0.030183786065361318,1.0
red,96,32305b844effdaca46e81886187e7cc4a6cfcbf8debb56cf188b3b73f52c432d,Ridge,6.0,5.786560183483471,6.0,0.2134398165165292,0.0
red,102,f60b1d1090960803a44fbd505cf442d2cc8e48faea9570fc05f0a6976b9cda02,Ridge,6.0,5.621542437619834,6.0,0.3784575623801656,0.0
red,108,9a60c33db8ace898be4d8e14a3b860bf182826aa07c77c282fa29c354c88d65f,Ridge,5.0,5.1261727076853685,6.0,0.12617270768536848,1.0
red,126,f4fedf76ce72adf3792e54ad3525d131c21517ccbf495be0d8db58f6780a0429,Ridge,5.0,5.053990106325591,6.0,0.05399010632559076,1.0
red,137,628f6aec46bc7aac875895f2e5ab838d2a8bc97a243dde3b1917dddc1a6cbeb7,Ridge,5.0,5.249935143589739,6.0,0.249935143589739,1.0
red,140,4b9bb0627b4469fe98733faf3b7ab09085e2228a76ef2cd646dfdc32b6cc1748,Ridge,5.0,4.968425172596281,6.0,0.031574827403718864,1.0
red,142,628f6aec46bc7aac875895f2e5ab838d2a8bc97a243dde3b1917dddc1a6cbeb7,Ridge,5.0,5.249935143589739,6.0,0.249935143589739,1.0
red,156,b1545d4ef12656d17d4d52343dc028f269316f85302bcf1aa3434f217148b709,Ridge,5.0,5.539534111102147,6.0,0.5395341111021468,1.0
red,158,b1545d4ef12656d17d4d52343dc028f269316f85302bcf1aa3434f217148b709,Ridge,5.0,5.539534111102147,6.0,0.5395341111021468,1.0
red,166,0e04fbc3484e12684a91b7bef7b65cc37c27d989d65602210cb52fa2c25c3951,Ridge,5.0,5.034851374451597,6.0,0.034851374451596584,1.0
red,169,edb29fe913f7ed575273bed2a0eafdbdd5946d76f199e4254ba5da1fc718706a,Ridge,6.0,5.33002857252562,6.0,0.6699714274743798,0.0
red,171,41ccae070c4673a073f76167fe43aabda285dfec10f54acd78711670c765ebf2,Ridge,4.0,4.769234964071935,6.0,0.7692349640719351,2.0
red,175,0a5bcce065e74089d79ebd07f54c66918c2297f925dadc24cdf1faa7943ea3d2,Ridge,5.0,5.296007427611423,6.0,0.29600742761142307,1.0
red,177,0a5bcce065e74089d79ebd07f54c66918c2297f925dadc24cdf1faa7943ea3d2,Ridge,5.0,5.296007427611423,6.0,0.29600742761142307,1.0
red,189,16286d5a1707a1ff7fe67a51fa784f1fd882b3d371e31dfa16e3c920dd94ec35,Ridge,5.0,4.898531093608681,6.0,0.101468906391319,1.0
red,194,53738a1d025cf252cf0259a3b77ea1ec200aa8e3a36f2e3a8988a99844d12103,Ridge,5.0,5.354948769361301,6.0,0.35494876936130115,1.0
red,195,53738a1d025cf252cf0259a3b77ea1ec200aa8e3a36f2e3a8988a99844d12103,Ridge,5.0,5.354948769361301,6.0,0.35494876936130115,1.0
red,200,2e5370b18053854a3b930a60d215428365f9b672e98c96c6a31e5dcc2488bbc4,Ridge,4.0,5.245687625257212,6.0,1.2456876252572124,2.0
red,206,f2d92c82c01c225f99c86f2b5b4a83cb9b916fc6e738b33cb22f4a5a9adf43ea,Ridge,7.0,6.185221837118753,6.0,0.8147781628812467,1.0
red,207,f2d92c82c01c225f99c86f2b5b4a83cb9b916fc6e738b33cb22f4a5a9adf43ea,Ridge,7.0,6.185221837118753,6.0,0.8147781628812467,1.0
red,208,f34d19345ebdd27ed824a627faa3ea40f463345a53ca82849e2827178c7aaa12,Ridge,5.0,4.920951310973122,6.0,0.07904868902687756,1.0
red,212,3de0e05046569e7d4b4c94f66e055819bb1098f01694213549dc8517d6dcb67f,Ridge,6.0,5.161274026562081,6.0,0.8387259734379189,0.0
red,214,aeabe2f4e94dd97fc5de3835cd599956cf327686d2b657da2a548be777d8830e,Ridge,5.0,5.336190629641597,6.0,0.33619062964159685,1.0
red,220,43f7323cd7d2936fda5f9d6a85670a6593a403a2e99c812b72d281ef1eba7f90,Ridge,5.0,4.950438064521519,6.0,0.04956193547848109,1.0
red,223,c17c065637c7b9e64d394cf5a31bafe2864807319bf650d27268099df3d5b342,Ridge,5.0,5.310325649136323,6.0,0.3103256491363231,1.0
red,230,b141af4518e53c5347e224374eb3218139006fc6e98f6f66483ed854bb502b41,Ridge,5.0,5.578117399167714,6.0,0.5781173991677138,1.0
red,232,6d69c78efed3dbd580aa4ccf6bfb7c0b6ac5ea710b7bb456fe7f5ab800023b3e,Ridge,6.0,5.405746175399838,6.0,0.5942538246001616,0.0
red,234,b141af4518e53c5347e224374eb3218139006fc6e98f6f66483ed854bb502b41,Ridge,5.0,5.578117399167714,6.0,0.5781173991677138,1.0
red,243,3352e632eff41bdead8890a6268d70204c6c92fb16ec5a2bd733c52fc0cc6065,Ridge,6.0,5.0647285599743785,6.0,0.9352714400256215,0.0
red,247,4ed3296b29cfe28f36da910cdc8fe6d4e99c74e5203ca0f27d0499b044dd2777,Ridge,5.0,5.032727956802567,6.0,0.03272795680256735,1.0
red,252,a4642e1fa8e5494144c2f33147a8c4c0d1be31e8e66580391a7b3eca5c1b0cde,Ridge,6.0,5.390671177414518,6.0,0.609328822585482,0.0
red,255,a4642e1fa8e5494144c2f33147a8c4c0d1be31e8e66580391a7b3eca5c1b0cde,Ridge,6.0,5.390671177414518,6.0,0.609328822585482,0.0
red,256,7f435948a875557a4f1af16099056aba1b0e757039d49660e8c0973376872442,Ridge,5.0,4.95728619286118,6.0,0.04271380713881978,1.0
red,268,2bd08d481a4235f78be0d73a51f6fe6a5a7ed5baa67c8ac62d838f83b16fb746,Ridge,8.0,6.648185319515937,6.0,1.351814680484063,2.0
red,270,81f83428d3ff7e2021a232f9d6d08cb4ab6c19d424ff4dfb38f462b9f941a731,Ridge,6.0,6.205950452987553,6.0,0.20595045298755288,0.0
red,272,81f83428d3ff7e2021a232f9d6d08cb4ab6c19d424ff4dfb38f462b9f941a731,Ridge,6.0,6.205950452987553,6.0,0.20595045298755288,0.0
red,274,4d8308066ca3065b031d7f0cd16dd317ad54d6d2bcb16d667facde5ba298e14f,Ridge,5.0,5.18474572256787,6.0,0.18474572256786992,1.0
red,275,dfdf60c39d92e859b98c4275b73cb0f30925ff11a7aeaac7662c1f73d50f234a,Ridge,5.0,5.2402867397958355,6.0,0.24028673979583548,1.0
red,278,81f83428d3ff7e2021a232f9d6d08cb4ab6c19d424ff4dfb38f462b9f941a731,Ridge,6.0,6.205950452987553,6.0,0.20595045298755288,0.0
red,293,bdedd5eea0444a2713d08f5bb320e0aca011056a654c1affe6eb37a254949bb1,Ridge,6.0,5.584936535111529,6.0,0.4150634648884708,0.0
red,294,4a722de71e3918768b50ae99298edb517889ac9de99cbf307ea3c54aff12a373,Ridge,6.0,5.598248189390174,6.0,0.40175181060982634,0.0
red,306,7d8761ec2e3b074791caee6327a5aeee7a39bd959d15289c8bac0824dcf9956b,Ridge,6.0,5.406267209660501,6.0,0.5937327903394989,0.0
red,311,7d8761ec2e3b074791caee6327a5aeee7a39bd959d15289c8bac0824dcf9956b,Ridge,6.0,5.406267209660501,6.0,0.5937327903394989,0.0
red,312,deaa7eebac90c18318ce0910f3d090d2639da7509f1a6f121d44853691284d3e,Ridge,6.0,5.011164637694094,6.0,0.9888353623059061,0.0
red,317,4e2b18cb79c7302cf9204d89dc5fb96f23505360df5c268f2986b782e87dbc40,Ridge,5.0,5.3859536963185075,6.0,0.3859536963185075,1.0
red,318,db10494587bdbb1b16f8d9a749b1c312af2b78a8663efd6b9942ef94b665304b,Ridge,6.0,5.367778385490785,6.0,0.6322216145092154,0.0
red,320,db10494587bdbb1b16f8d9a749b1c312af2b78a8663efd6b9942ef94b665304b,Ridge,6.0,5.367778385490785,6.0,0.6322216145092154,0.0
red,329,fdcf4c0b3a833dec1884ea2e9541aa919b0f75a812ef48033e854596552d31ce,Ridge,6.0,5.866385450304086,6.0,0.13361454969591424,0.0
red,334,32247f09b9d609e7626cdb366db11020c42760f6e68eb3f5a21f90830851c226,Ridge,5.0,5.656969114612938,6.0,0.6569691146129379,1.0
red,335,64d66b205878efe7c0ce1588523a128855cb7ac5f0a0d7258f6eb871ba486dcf,Ridge,7.0,5.965530612312039,6.0,1.0344693876879614,1.0
red,345,1f7d07ba58cda66902f9b81a40d238b541a10cb8e9114f2bc24693b12743768b,Ridge,6.0,5.893828955496172,6.0,0.10617104450382797,0.0
red,348,bd5ee724d783c8e278ac825b66b0126874585d06f66d4d512ec1e74a012db3ab,Ridge,6.0,6.6554550553690675,6.0,0.6554550553690675,0.0
red,360,1ab47b158ae9eb3fcd495477f6a947fae883f6d6038887acc9e7fe8a79e38ad0,Ridge,6.0,5.694375976393322,6.0,0.3056240236066783,0.0
red,373,b9a774b89fe0a16c3fcfa9e48232a0b72e05e500eafff8424d3c84ed9c46ea87,Ridge,6.0,6.295412274341869,6.0,0.295412274341869,0.0
red,391,e86b0cef97fdd730186cefb12f484af787de9b4f790cda20e65f7043db587a00,Ridge,8.0,5.946260250703494,6.0,2.053739749296506,2.0
red,395,43ff447f3957dc468cc5e0ebefae139a46e4d372c112df1079df002c64b0f6e4,Ridge,5.0,5.608885728065029,6.0,0.6088857280650286,1.0
red,406,fcd7b4be643b1db210e6fb8b2d787b2b9e4de367b28d8b756707a82c035d616a,Ridge,6.0,5.888079829903617,6.0,0.11192017009638278,0.0
red,410,b5875bde39ee10e4ad080f123acce9c43ecc02250aea34fcc9d4e0712626c53c,Ridge,4.0,5.707995195184292,6.0,1.7079951951842922,2.0
red,413,fd9a34e98b2b06eb2453d72eb5a0c565882a9d9aa27c895d1d750980204dc875,Ridge,5.0,4.923710641659589,6.0,0.07628935834041073,1.0
red,418,58074e82ae26a7ffe5a723299fb8403dc178ea4832afb1065cccde1cfd30fd8f,Ridge,5.0,5.110202426554226,6.0,0.11020242655422585,1.0
red,420,cfa8fc95587e344e128fea6270c8cdd4f2798093f6243847122bfdeaadd33277,Ridge,5.0,5.198802113189766,6.0,0.1988021131897657,1.0
red,423,834092b3f6ad8c8072d2b442f4936078752016c14f826cd872e9089976852a79,Ridge,5.0,5.20090949919621,6.0,0.20090949919620993,1.0
red,425,834092b3f6ad8c8072d2b442f4936078752016c14f826cd872e9089976852a79,Ridge,5.0,5.20090949919621,6.0,0.20090949919620993,1.0
red,429,81ca1d1d133bafdef5df49c0bbd597d00d843335c47a28ff100df960bb079204,Ridge,5.0,5.321722914588845,6.0,0.32172291458884494,1.0
red,443,f575f4d2c730d2c88a139c4bf38e0d9047813055b2674aad61a067e980dd07c2,Ridge,7.0,5.940669441212064,6.0,1.059330558787936,1.0
red,444,cee54ec2fd21f214202b7e337cacf419413b8f363a3b715537c3528138b3e935,Ridge,7.0,6.206897419317485,6.0,0.7931025806825147,1.0
red,445,3172a7d4bdac7306156d86fd89308db7bdeb38b0adacb8aa870012deccc691a0,Ridge,7.0,6.254869833180932,6.0,0.7451301668190684,1.0
red,449,faff65916f6681599dfef6eac01d9abf1eaac00e10b02f1337fc07d06ca99be6,Ridge,6.0,5.508731765873571,6.0,0.49126823412642917,0.0
red,453,686ddaf3e24b17d092a965997ab800aaa39e1096e071a8f10ad374dec233ef91,Ridge,6.0,5.382671453791498,6.0,0.6173285462085021,0.0
red,455,c0a6cc443d9be4c9360482794885f8c8469edc2d026e05e3353bc7ac69a27e1c,Ridge,5.0,5.913110713890329,6.0,0.9131107138903287,1.0
red,462,aa346c203830fb2f2825831914d1c824f83437f19a77b0eb5f179c547f69c95c,Ridge,5.0,5.251781781620925,6.0,0.2517817816209247,1.0
red,466,60f74a550a59b1d8cec7b5edb8ca8cafaa0bb30ee086e4aec4987cffbcea61de,Ridge,5.0,5.807209527556722,6.0,0.8072095275567222,1.0
red,472,c0d84ed2b52a7a86a5b29ba853da7ead7e8f95da84d8ed5174da058319613953,Ridge,6.0,6.0259145743566584,6.0,0.02591457435665845,0.0
red,474,92c7da4a2413a17ff9040b53fd20a1169c98f5f760ada63f1f8a25c87e8b0801,Ridge,5.0,6.118758939550743,6.0,1.1187589395507427,1.0
red,475,60d3a9b2d9221e26d9916630cebd0427e0c0703706843a37b5f735a01a6ce5d4,Ridge,6.0,5.8774989860012,6.0,0.12250101399880009,0.0
red,476,5f8680a9d2e73c83c41b3df1e264ca382e87e39019e4e5f451a01c0a7f36e7dd,Ridge,5.0,5.444801711492731,6.0,0.4448017114927314,1.0
red,479,5f8680a9d2e73c83c41b3df1e264ca382e87e39019e4e5f451a01c0a7f36e7dd,Ridge,5.0,5.444801711492731,6.0,0.4448017114927314,1.0
red,482,71158470f2f226694d2e40763ef1ff80b4096aad15baee1a31773a633b2a1ca5,Ridge,8.0,6.586285227320208,6.0,1.4137147726797918,2.0
red,502,ddcf95162761a5d6b25bc8631af2d2cd2862e34149cb561ce8fba7dd0efc2d44,Ridge,7.0,6.520280526273687,6.0,0.47971947372631263,1.0
red,503,ddcf95162761a5d6b25bc8631af2d2cd2862e34149cb561ce8fba7dd0efc2d44,Ridge,7.0,6.520280526273687,6.0,0.47971947372631263,1.0
red,505,250ad3f381b16b7b4cc2e218b90cfa5e68751c1969af429e48b390adbad7d532,Ridge,7.0,6.431365929564294,6.0,0.5686340704357056,1.0
red,518,c8d614f4e7640ab2edb4c892687763220d708fe9624e5431908bb19a178b2e3d,Ridge,3.0,4.9002107555386125,6.0,1.9002107555386125,3.0
red,522,5e77f51b5dba5f0c53ee413468ea5b24708a31cedd68264594905af269463053,Ridge,5.0,5.247511391188227,6.0,0.24751139118822696,1.0
red,532,2db91e7804fd0efcf0399f7cbf61d0ee3b4adcc82ae38ebf548029b765678da4,Ridge,5.0,5.741047258853311,6.0,0.7410472588533112,1.0
red,533,2db91e7804fd0efcf0399f7cbf61d0ee3b4adcc82ae38ebf548029b765678da4,Ridge,5.0,5.741047258853311,6.0,0.7410472588533112,1.0
red,535,baaabe09966946243eb9f905f126d766b71c772f6908e371519d46558428f714,Ridge,6.0,5.469416286230861,6.0,0.5305837137691389,0.0
red,538,ca3f296377d67ea95fe1339e1f6d8d5d1060e649d74a44384111bfce6fbd03e6,Ridge,6.0,5.598556552413688,6.0,0.40144344758631156,0.0
red,563,01071e8c090406ce8f2625adede8ee778f48efd78f9c0aebc468ca6f87e0515b,Ridge,5.0,5.159767503912741,6.0,0.1597675039127413,1.0
red,574,a4522fe872b436875b831b7c24b4301c3ebd86cc7491da98b8256a1b4b1fcdc3,Ridge,4.0,5.30333647586878,6.0,1.3033364758687798,2.0
red,579,4bf33137621557cdbb1369bd1269ddd8349b099af1f2d5a56887f9df46f6c807,Ridge,5.0,5.206969018292773,6.0,0.2069690182927726,1.0
red,580,d3bcfd8e9e74803b910623253a03517a026398a0fc03b6e3f01da9180c8d56ab,Ridge,6.0,5.685729709806612,6.0,0.31427029019338804,0.0
red,583,3dc8ead4b80c3cc53acc3654e7fafcc4e955108b4207d071bf7252d3bf7cb08a,Ridge,5.0,5.283233567346555,6.0,0.2832335673465547,1.0
red,585,632ee32f2e3dffbf91dcdd081072ea84d11411cddc87470ff81ed04b01596425,Ridge,7.0,6.05020082655738,6.0,0.9497991734426199,1.0
red,586,93e5805bdafc872a49575817398698aede916332222d21456d0dff7eee66af02,Ridge,6.0,5.2975580095245745,6.0,0.7024419904754255,0.0
red,590,9d352bfad604b332581bb06d861efab5f94c740b48154845393139e853ba83f6,Ridge,7.0,6.178178015730147,6.0,0.8218219842698531,1.0
red,596,44b6d85a41b990eb34f961c8fc717c98cebce960557b6c066a117ef69f87d19a,Ridge,5.0,5.150073467322962,6.0,0.15007346732296156,1.0
red,603,3e58a1cbe66df5a4e2d06f4c5ca8d61e64705298adcdf4d203f6abd028349abf,Ridge,5.0,4.999469713183977,6.0,0.0005302868160228513,1.0
red,606,1300bc3a3fafb677f5b6e2d67fc9f3ef6205dfcaffb6ab02d25747198cf80fca,Ridge,6.0,5.175971419794049,6.0,0.824028580205951,0.0
red,608,f40c708da19f5f01575cdad0c7c22408568fb6f5bf4baeeac9f36e07aebda82d,Ridge,6.0,5.602357705608829,6.0,0.39764229439117127,0.0
red,612,7af1761b6f4eed9407deabb88a79985ffdd5ac514e33311f425d0763abc5041b,Ridge,5.0,5.638020220326133,6.0,0.6380202203261334,1.0
red,625,67373af4f26d69eeb49279bcf10500dc6991b629151419bb99f1bfb709589362,Ridge,5.0,5.317356271959871,6.0,0.3173562719598708,1.0
red,626,67373af4f26d69eeb49279bcf10500dc6991b629151419bb99f1bfb709589362,Ridge,5.0,5.317356271959871,6.0,0.3173562719598708,1.0
red,629,e73d8a757df29ee710734095004df9975c98d0c9c2299a706605fd72985bf7e1,Ridge,6.0,5.262152282146429,6.0,0.7378477178535707,0.0
red,631,e73d8a757df29ee710734095004df9975c98d0c9c2299a706605fd72985bf7e1,Ridge,6.0,5.262152282146429,6.0,0.7378477178535707,0.0
red,632,d089b28567aedb62a52b458e2d6bffaae32b25f4a94dc23a04bf3a72f7a8893a,Ridge,5.0,5.636663952803381,6.0,0.6366639528033806,1.0
red,633,7aa7136795d6abc01c0fcf2f1ac5c32081b92f3c8711b1c5a48427216dc1ff0a,Ridge,6.0,5.684931483876981,6.0,0.3150685161230191,0.0
red,640,d90054ee734a0443bc91a4348ba3e7198c8c4cd277f700813e44c33f2098c2b9,Ridge,6.0,6.453485919741051,6.0,0.453485919741051,0.0
red,652,7a58d1e193453eb68a2471a3048e4174fbe92069b79cb7017aa671ea7dd60115,Ridge,5.0,5.083708583216021,6.0,0.08370858321602093,1.0
red,654,27773dbd453f80d908dcdb3578ca746e07800bc3ec82605aa241d5c2029b7a55,Ridge,6.0,6.259729477689624,6.0,0.25972947768962396,0.0
red,663,a5f899b89be3fbbd0605de817a6a415a2ecf61bed8eee5f2bb322f279a2653cb,Ridge,6.0,5.358823724556649,6.0,0.6411762754433514,0.0
red,678,0ba3be47fd288ed3b967867ee489ade27c417dfb4109b28553d0bbbe4b34965c,Ridge,5.0,5.095652211691033,6.0,0.095652211691033,1.0
red,679,627bad17dc9e8145e4636191b97184ce8765ce42001eb7c88cb3bd453d654251,Ridge,5.0,5.07436229933611,6.0,0.07436229933611038,1.0
red,682,3cfaa1e8d371492fb1cffb03dc45ebdc3c62e004bcf770d34045f8167ee50bec,Ridge,6.0,5.553145509338297,6.0,0.44685449066170335,0.0
red,685,06b577786f9dbd089866bf3b1b23b32fe826c84f9f1f9b31c3933be678c6c9f7,Ridge,5.0,4.525203858690751,6.0,0.4747961413092492,1.0
red,691,b81ea4920578892eee104ed3efb3c7206427bc83a75f94203fdd51eb2f76e3dd,Ridge,3.0,5.0577555318214396,6.0,2.0577555318214396,3.0
red,701,860c35766253e53cacff30d641fb98638cc85530d59643cfaac4b3b7520faeb1,Ridge,6.0,5.086852712115746,6.0,0.9131472878842537,0.0
red,703,3b4efa37c57c3bdc379694c32c904e4c9613f99986bf52de480191526cbd1dd9,Ridge,6.0,5.23674176625553,6.0,0.7632582337444704,0.0
red,707,f330226725425e19bfc5116fe03d91c63ce4ce6826b21b57fe12de24acff7c5c,Ridge,5.0,5.14262379425795,6.0,0.14262379425794958,1.0
red,712,3532b8029cccca6e56d50418e7a6612e4d6780b7151a831d84f33812b7c9a42e,Ridge,5.0,4.9630434840468,6.0,0.03695651595320015,1.0
red,713,a2e50571344f083d71819ead04cd01765bb80f48869d304666416680c8124364,Ridge,5.0,5.025583441022809,6.0,0.02558344102280863,1.0
red,716,0673b9555dfe928fa3ebbf0b333dd8cc7e1e6f41bdc980c9eab91ff4d2f1ff27,Ridge,6.0,5.205006446565712,6.0,0.7949935534342876,0.0
red,720,57ca91675281936d4d99f131cd430c8d9e3bd94dbd314311a920f1d1371775cb,Ridge,5.0,5.099555990186203,6.0,0.09955599018620287,1.0
red,723,a6177308062f2b3d7134796d407c5686009eef1071573863bb91b07680c80fa2,Ridge,5.0,5.522914046820006,6.0,0.5229140468200058,1.0
red,727,cda785421342db7774bef3729d6f48997b058c694b13bfaee15b68c2a553ef1c,Ridge,6.0,5.602278339542875,6.0,0.3977216604571252,0.0
red,728,ea2a9e662f7d4fc36fd1559df002e8106f460a959d9639ca0869b17e25974af8,Ridge,5.0,5.327994151688947,6.0,0.3279941516889471,1.0
red,729,ea2a9e662f7d4fc36fd1559df002e8106f460a959d9639ca0869b17e25974af8,Ridge,5.0,5.327994151688947,6.0,0.3279941516889471,1.0
red,745,57ab2de4702a9fee915b56003ab0c3795468c6ba0fa37f2e124cc32878a9bdd9,Ridge,5.0,5.2231724529306005,6.0,0.2231724529306005,1.0
red,747,e244c8b373c8c7212ead6f7c779115d54cceb936602523348a02f985982bc62e,Ridge,6.0,5.152246352091425,6.0,0.8477536479085748,0.0
red,748,c73d6618a47a9c3f56433f82b6ee79836934f3cdcb353e6234c610b5c390b6c3,Ridge,5.0,5.262226687818546,6.0,0.2622266878185462,1.0
red,755,06e209411a61d380b816e563ca3d030e5eacce1538e0c922b9ab5aa21e08c836,Ridge,6.0,5.145849956551825,6.0,0.8541500434481746,0.0
red,758,9dfd99a07a53af5374bd5a8ce187c454db9baddb15b6d8bff4092d142d409650,Ridge,5.0,5.067541792294547,6.0,0.06754179229454671,1.0
red,759,9dfd99a07a53af5374bd5a8ce187c454db9baddb15b6d8bff4092d142d409650,Ridge,5.0,5.067541792294547,6.0,0.06754179229454671,1.0
red,762,ad8c188dcfedfdc63adae4842d032411c19ab53dd707faea8500869b2c119925,Ridge,5.0,5.08520483416896,6.0,0.08520483416895974,1.0
red,764,ad8c188dcfedfdc63adae4842d032411c19ab53dd707faea8500869b2c119925,Ridge,5.0,5.08520483416896,6.0,0.08520483416895974,1.0
red,773,c6700b53f9bbeaab1576f1c64f12970821823741af51eb699d2f0ee5918c4297,Ridge,5.0,4.866503996455871,6.0,0.1334960035441286,1.0
red,778,0e0bb58cfa8211a0d9cce8658c5af611d535310009542ddbea4273e0fe910b8b,Ridge,6.0,5.161558761926458,6.0,0.8384412380735418,0.0
red,779,db618d68130e0a2f5c54b4c735ae243bc97ed342e86497129477fb6428b65ac5,Ridge,5.0,5.6939576938771195,6.0,0.6939576938771195,1.0
red,783,bdd0958ac2ea598cde2393a9094009182b9b34f85d11716779d27770dcf2250a,Ridge,5.0,4.9672418104272085,6.0,0.03275818957279153,1.0
red,795,41914b505823b0318608510b384d5e7e4038f80a24e33ae826c555028c312bb9,Ridge,6.0,6.507660317565213,6.0,0.5076603175652128,0.0
red,807,944ac200ef2c2cbffce60415e2e591dc75db4b7ae39a6ef84211831d95452d6f,Ridge,7.0,6.703855043772881,6.0,0.2961449562271188,1.0
red,810,d0d9267cbd6a812ac1b3dcbacd282b97a30a445486116925509cafb58136028f,Ridge,6.0,5.649785046149018,6.0,0.35021495385098156,0.0
red,822,752502f1383cea88e7423bc0b2d5a9c59e0c282550993ef35357350daeeb2020,Ridge,7.0,6.697106985477128,6.0,0.3028930145228719,1.0
red,837,520f8eaeee7a1e722b4ac6af2357a81a3bb2d21b630dd075e7ed3824144f4e88,Ridge,7.0,6.0392761704146904,6.0,0.9607238295853096,1.0
red,838,520f8eaeee7a1e722b4ac6af2357a81a3bb2d21b630dd075e7ed3824144f4e88,Ridge,7.0,6.0392761704146904,6.0,0.9607238295853096,1.0
red,839,fbd6b2ce7d49d83c14f210e8f19c839b1c9ab5ec2747d6551baa8c0b2e4f6cb3,Ridge,7.0,6.2728335999169795,6.0,0.7271664000830205,1.0
red,843,6b9651babdaec10c03ce071b9f3cf24eedc59b1e79f596bcac4aa7396bf56f91,Ridge,6.0,5.866397035161356,6.0,0.1336029648386443,0.0
red,848,e694ec2a5d40e7a3019188fb21a4b1104a0428ee140a1808b3659e34f06c057b,Ridge,6.0,5.281744233045834,6.0,0.718255766954166,0.0
red,850,563b2dbf724d7727e1f9f8207671b7eecaaa00b8ac84fbb8f848199a0657b04e,Ridge,5.0,5.244812401960137,6.0,0.24481240196013676,1.0
red,859,8758dc8ee4bcf6d1288848292aa6d90b2176585008a10e50e72488e50efb7949,Ridge,7.0,6.1418963515707485,6.0,0.8581036484292515,1.0
red,861,e857819bc254a87a927552d37d637aaa96093634c5ea9ff9665524a2dc976db6,Ridge,5.0,4.925702649782356,6.0,0.07429735021764383,1.0
red,865,e857819bc254a87a927552d37d637aaa96093634c5ea9ff9665524a2dc976db6,Ridge,5.0,4.925702649782356,6.0,0.07429735021764383,1.0
red,870,b58131c2bda3c6b1fee86d49ad7979ea293bdf4243444d95f47b4899127d4e19,Ridge,6.0,5.656298416319373,6.0,0.34370158368062675,0.0
red,874,b9e39a66c2d4951e00d79a865ad0f3c244431c876a2d2b5bb9d2b8c41988a9fc,Ridge,7.0,6.184311212048829,6.0,0.8156887879511707,1.0
red,887,ae90972d2adf38950c06d3e4f735e973986567f2ac66a0a6c36d304b1d53f75d,Ridge,6.0,5.401646300590649,6.0,0.5983536994093512,0.0
red,889,966a50856ef26ae7fb859fbee81886d72c32f4215079ff2c862e7e53f5839211,Ridge,6.0,5.678738934932124,6.0,0.3212610650678762,0.0
red,892,60e7341d39f39616d5b36b7fb83afe40280e2b602616432d4bde6d2df0c81bb4,Ridge,5.0,4.951465996509551,6.0,0.048534003490448896,1.0
red,893,9a57777ef68502c2508cb49e252ed3ad0fdd6dcee7690577d1ad778a69a85a80,Ridge,6.0,5.506524738465677,6.0,0.4934752615343232,0.0
red,894,60e7341d39f39616d5b36b7fb83afe40280e2b602616432d4bde6d2df0c81bb4,Ridge,5.0,4.951465996509551,6.0,0.048534003490448896,1.0
red,904,6483ad241d9604cbd69aa01c406784fdc01c33696edbc79f84921e0fd23a6ffe,Ridge,7.0,5.80022427437669,6.0,1.1997757256233097,1.0
red,905,6483ad241d9604cbd69aa01c406784fdc01c33696edbc79f84921e0fd23a6ffe,Ridge,7.0,5.80022427437669,6.0,1.1997757256233097,1.0
red,913,00540af8db6e1429ab85d45d0246741f8511c08d1429d69114e81fe86b1a3afb,Ridge,6.0,6.344946740479726,6.0,0.34494674047972573,0.0
red,917,7fb371d5072f06d2d8fdc47d62240fc3710478581cb20573638c0f7c777f462e,Ridge,5.0,5.177374474005811,6.0,0.17737447400581097,1.0
red,920,e82a65e052244f25c2f5cecef89fa2ce0639e984df7f08204d2ab948d8c56e9e,Ridge,6.0,6.239192589240547,6.0,0.2391925892405471,0.0
red,923,e82a65e052244f25c2f5cecef89fa2ce0639e984df7f08204d2ab948d8c56e9e,Ridge,6.0,6.239192589240547,6.0,0.2391925892405471,0.0
red,928,562ff8b187b427976e0de9209d7091287e5cc47d4f01ed83e3cf566183cc9b8b,Ridge,4.0,4.965471921890433,6.0,0.9654719218904333,2.0
red,938,0a4cf3be4a4bc5cbfaadcbf6ca42ed6b1bda8d704dc14096bc6badbeea0fbc4a,Ridge,4.0,5.692021841108383,6.0,1.6920218411083834,2.0
red,953,12b7066f86ebf0302fcef9ebfbfdf77dd544b2e8b93d194b8cd5bbc4d9579389,Ridge,7.0,6.209666642949227,6.0,0.7903333570507733,1.0
red,964,4e953035caddbdcadcf82787d060555626ca1831b3f68c48ceaea13f7c854352,Ridge,6.0,6.2227290648869955,6.0,0.2227290648869955,0.0
red,973,19220b1f9373c808e1c373d292856c60baf56aacc5bbbeac186b5e0f349d159b,Ridge,7.0,6.2172406125401825,6.0,0.7827593874598175,1.0
red,980,debedf0d8a8aa20fa724dac2a7b30c87de6a1120dded82e6704cfe855e6ac0ba,Ridge,5.0,5.934813965807419,6.0,0.934813965807419,1.0
red,983,0d49baa7f5459e042ffd5202e5cac412cc2138e4bdffb79da3c95aa1d882d03c,Ridge,6.0,6.542269577023942,6.0,0.5422695770239416,0.0
red,985,debedf0d8a8aa20fa724dac2a7b30c87de6a1120dded82e6704cfe855e6ac0ba,Ridge,5.0,5.934813965807419,6.0,0.934813965807419,1.0
red,989,9c6ada439e77e3f3a63eb50870adc6474b6f5ac8df51246346b6495a4e0cf9fc,Ridge,5.0,5.384642748566687,6.0,0.38464274856668723,1.0
red,991,9c6ada439e77e3f3a63eb50870adc6474b6f5ac8df51246346b6495a4e0cf9fc,Ridge,5.0,5.384642748566687,6.0,0.38464274856668723,1.0
red,993,08f961b26f4c54b08ce410993cbea3aba611d2b475fdbc44d6bbed6d6f80cabf,Ridge,6.0,5.295684315330874,6.0,0.7043156846691261,0.0
red,995,a33b220b8a92e9ab3aeb4a36e3828e120c7fcbd48ae46ea6a98679e5e0eb325a,Ridge,5.0,5.179570971762758,6.0,0.17957097176275827,1.0
red,996,eec02a599c85e1bb4e8ffb2d58d4c098a30e824445342cdd2c0e7b726be9e20e,Ridge,6.0,5.410938697817349,6.0,0.5890613021826514,0.0
red,1002,ac50cc63cfca4259a99077d79736c694b8422df41f32c5b143b66e39e1887785,Ridge,7.0,6.109084998857888,6.0,0.8909150011421119,1.0
red,1004,803d1e4b866ed315bcd0d08ca9404166c3426dc88ad322709915714dea3c5acc,Ridge,7.0,6.453735575740969,6.0,0.5462644242590313,1.0
red,1006,803d1e4b866ed315bcd0d08ca9404166c3426dc88ad322709915714dea3c5acc,Ridge,7.0,6.453735575740969,6.0,0.5462644242590313,1.0
red,1011,2e7be2b3065e89fd62c8e5aa002605e09ee8d979d63422462471a24aca55721e,Ridge,7.0,6.468179774108366,6.0,0.531820225891634,1.0
red,1023,9ee3b62e5c7b28bcf90b8f395629ee4af3ffb84de56e9f32ce7888c3b8a7dfd0,Ridge,5.0,5.638091376906864,6.0,0.6380913769068641,1.0
red,1025,025f706ba8056fd7d3f18b62ab00934811681e1e4612e38a3abfd3ec591c4c56,Ridge,7.0,5.570035305196833,6.0,1.429964694803167,1.0
red,1029,4832001344e4113a3f2ef9dc10d0619fd624ea53dc75610e7b2e026066c5d674,Ridge,6.0,5.589103218733263,6.0,0.4108967812667368,0.0
red,1030,025f706ba8056fd7d3f18b62ab00934811681e1e4612e38a3abfd3ec591c4c56,Ridge,7.0,5.570035305196833,6.0,1.429964694803167,1.0
red,1037,7adad3e27f43e7eb8119de0674e4a067209fde40cd3c1263dc6fb17fbf2712e1,Ridge,7.0,6.483680454255808,6.0,0.5163195457441923,1.0
red,1054,c0fa89b1fa2c90585ee63001cbcc556b80ceba3aaf8ca41e2019011d16a0225a,Ridge,7.0,6.642721618638007,6.0,0.35727838136199264,1.0
red,1055,0a8e1294193b9210182003fe46ba3b8eb5b30d31274916bf4bc7232a0908f656,Ridge,6.0,4.958531881915351,6.0,1.0414681180846488,0.0
red,1056,0a8e1294193b9210182003fe46ba3b8eb5b30d31274916bf4bc7232a0908f656,Ridge,6.0,4.958531881915351,6.0,1.0414681180846488,0.0
red,1059,db7d1f56290d8efd7da487fa14726dd677373d577301943dae14e1c230c0a987,Ridge,7.0,6.1543135974377945,6.0,0.8456864025622055,1.0
red,1065,145ab205a90a34e374dc671d5c71f5234da3e25bcacb96220fa59a43d2ab7edb,Ridge,6.0,5.920307096523172,6.0,0.07969290347682811,0.0
red,1073,37e1e526e513f9eacf3c07b0453b68a773a99c19bf626c56d1f53f3f3ca60046,Ridge,6.0,5.320169121970344,6.0,0.679830878029656,0.0
red,1074,196d1cd3c3e665e1d321b864f294b3a064dddf498da15f47c867e9f2d4c75bd4,Ridge,6.0,5.582404359519069,6.0,0.4175956404809309,0.0
red,1081,0a8822d26d424c9df0e0069393b17f260f90a3bfca2ff1f1880d80cf3add483e,Ridge,6.0,6.383152970973987,6.0,0.3831529709739874,0.0
red,1082,bfb3f38fc03f4ee60d6e2db778206d913f706dacabaaeb7ba756eff3dfdf057b,Ridge,7.0,5.727817088038101,6.0,1.2721829119618988,1.0
red,1092,6a19202b43943752e2c7a6dc4b37c71235361e12d63814baa1e240414ef33d10,Ridge,6.0,6.061658988350104,6.0,0.061658988350104416,0.0
red,1110,575393f05d4e16e73f5fdb67da77184b7316de722d8de519d6bd5b17755322ef,Ridge,6.0,5.756554141045237,6.0,0.24344585895476278,0.0
red,1115,ad5c31b790d77b73f00f26fdfb8a82eea01ab2ef61a498ced86a67f563ae62d7,Ridge,6.0,6.653561808411833,6.0,0.6535618084118333,0.0
red,1123,43641c8840e4a0b807b68ddfaf3652079780c515b3f6c4a08747c73fc4254ac2,Ridge,6.0,6.127604014385235,6.0,0.12760401438523505,0.0
red,1127,2391cb28b1b3a3ae22d201299abf8bf0a1acdfe5caa0d91f7c70475d88bd73a6,Ridge,6.0,6.661884442144505,6.0,0.6618844421445047,0.0
red,1128,7f5ba3407d428168f26f510b3440a2b582b9316489c4e324dd548deadf852eae,Ridge,6.0,5.666558862143897,6.0,0.3334411378561031,0.0
red,1130,5fe48abfc39c2096ad8d93ec9961ffc697e2f174173224d19641fe3b95b78275,Ridge,6.0,5.781053339888518,6.0,0.21894666011148178,0.0
red,1132,97e866a5f5a18e79ebe35707bbe6e8400b97392c6a774f4cacd8899466253cfc,Ridge,5.0,5.30906118999365,6.0,0.30906118999364995,1.0
red,1146,d8945044b0c9318811eafd853badc9e267b8078cb7b00824c09a96c90d36beb6,Ridge,6.0,6.020917229013606,6.0,0.020917229013606153,0.0
red,1148,8988c4dae2a52afaae7d50e3b56279a44d87c63945e00dc6583e26cdf9155d49,Ridge,7.0,6.281548290558364,6.0,0.718451709441636,1.0
red,1150,23ac7727042aec92ba7ba295d9f3568834b6821cf06ee968ec53de5e6dc3f913,Ridge,6.0,6.315944423589874,6.0,0.3159444235898743,0.0
red,1151,2119dd9afd3576ff1baaa48a6d86c22f96c7692a20701dcb80e00120dc1c9ddc,Ridge,7.0,6.696218003020182,6.0,0.30378199697981767,1.0
red,1158,3252a897cff817e0ff8c6e03343006c0e875d50820691f7218c92a58406e19d8,Ridge,7.0,6.276708195689395,6.0,0.7232918043106054,1.0
red,1161,f7e89a228b13f4d0db1cc07901aec8cab56a8218e79ca97675f87820d88dbccf,Ridge,7.0,6.193693685302587,6.0,0.8063063146974132,1.0
red,1164,a6c1ff438293c70b1c10a8df64836f84bc169ac48bc79e573d836941bfe95d45,Ridge,5.0,5.399374334331818,6.0,0.3993743343318181,1.0
red,1165,a6c1ff438293c70b1c10a8df64836f84bc169ac48bc79e573d836941bfe95d45,Ridge,5.0,5.399374334331818,6.0,0.3993743343318181,1.0
red,1168,17608538b48e6172cc9d0968e7dbfecbaa3d5733ffa3646edb0395670f535c23,Ridge,7.0,6.620463756245559,6.0,0.3795362437544414,1.0
red,1176,e4319e4c7cec3402ab8f65666bd0230fea2b7302a5e787d41ccab4e283957b71,Ridge,6.0,5.818270862263749,6.0,0.18172913773625066,0.0
red,1194,8ed2ca4ac6a93ff30840b4c5998c1381ca84fa0d4a51b47078cb67cdea4a9744,Ridge,5.0,5.127553665441582,6.0,0.12755366544158164,1.0
red,1196,a16daae97be1e21424b700fd70f2b6b92238a0e20ad8d85de3e1765e0c271da9,Ridge,6.0,5.247083890080971,6.0,0.7529161099190294,0.0
red,1203,28c201cb28872acf4b6dfe2eb5895f26550589446f0192d59bf152547242d459,Ridge,8.0,6.231215287946972,6.0,1.7687847120530282,2.0
red,1208,9d03bcdd0ed1ea4810ab9764a1ba7bc11a0a3ae205062e2cef938731297c25f4,Ridge,5.0,5.534488149799126,6.0,0.5344881497991256,1.0
red,1216,96db8023c392737972c6b65e877e66df468c03d6c1fb2a6381c40049614c5f8e,Ridge,6.0,6.128287979156363,6.0,0.12828797915636336,0.0
red,1227,3b631b4025d93d26646ab3aa3c1fc9716c66d3b68e112ab61403219a9a8ec281,Ridge,5.0,5.263875307277301,6.0,0.263875307277301,1.0
red,1232,110b8c164f7ed3f38742fa43294f256ec9670ebb8c882368e227a7e5c0e90287,Ridge,5.0,5.41072721103154,6.0,0.4107272110315403,1.0
red,1240,8b94423665f30004d232d59892e56f55ed46fb003af2a0cd8e69325667ce708f,Ridge,4.0,5.924638363448138,6.0,1.924638363448138,2.0
red,1243,04b6c4eedcc51b2a93e2940edcb910b91bb806361ad3420057db0346eff66b8b,Ridge,6.0,6.331388283096928,6.0,0.3313882830969277,0.0
red,1249,1151e85b2998da137ddd08b021076ab31bd046eabf876d7c6799924aae7adf95,Ridge,6.0,6.020799919971091,6.0,0.020799919971090652,0.0
red,1261,bb7bd40aa435d39266919f9c587b0bb86caaea6472b4b57d91734aaa60538976,Ridge,5.0,5.155593394230766,6.0,0.1555933942307659,1.0
red,1262,80c62d5178b1af979f93e154ecd95f5b734b51d66abf77cfdc27ec596f6780f9,Ridge,4.0,5.321769445194302,6.0,1.3217694451943016,2.0
red,1263,06f980f5be0e520c956b5d9379f45fa61017ffe8697a448076514c994201ad58,Ridge,5.0,5.548771130517273,6.0,0.5487711305172729,1.0
red,1265,f0ba2f8ff95565e4b5c865149a233203cc596ccab0bc3534e18f6031b7585ca8,Ridge,6.0,6.254326452840958,6.0,0.25432645284095834,0.0
red,1266,a44a37be87387a96515d827cfd1f75bb7e73e9f5b63e490502573ece50c0f7e5,Ridge,6.0,5.502219174026009,6.0,0.4977808259739911,0.0
red,1267,a44a37be87387a96515d827cfd1f75bb7e73e9f5b63e490502573ece50c0f7e5,Ridge,6.0,5.502219174026009,6.0,0.4977808259739911,0.0
red,1268,d1217e33f1cda8961ca2ca8ee613299d946f904e65ced23692b6cad2d388c7c9,Ridge,6.0,6.43881658177322,6.0,0.4388165817732199,0.0
red,1269,397f92e54c7657984954e331e373d471c4512c236c2cbdc80fa95b213254b101,Ridge,6.0,5.281814405872761,6.0,0.718185594127239,0.0
red,1272,10aeed90642b22997e042ca24cf3ebf2874fe97a7d3649dab22c499116966fc4,Ridge,6.0,5.978771121161264,6.0,0.02122887883873581,0.0
red,1275,a719b64e68f195e9c7afdbef99dc94c56565e5a29de7a4ffbe9402610aa9039c,Ridge,6.0,5.732242042297101,6.0,0.2677579577028988,0.0
red,1276,09aa9bdc4f333b6dea0856b48deab226724e112199b2752a6cfa480b2b4addd2,Ridge,6.0,4.977620800532178,6.0,1.0223791994678217,0.0
red,1277,230f6ad84847b812bb3495348659fa2766c861a1f5b00aa5ed47e1d8cdafcb24,Ridge,4.0,6.407960575244992,6.0,2.407960575244992,2.0
red,1279,09aa9bdc4f333b6dea0856b48deab226724e112199b2752a6cfa480b2b4addd2,Ridge,6.0,4.977620800532178,6.0,1.0223791994678217,0.0
red,1284,18977acc55cbf3a135d683edd3d5d934fa3f6621acf51930debe70cbc58f8f13,Ridge,6.0,5.368239628003341,6.0,0.6317603719966591,0.0
red,1294,afd2b71191a5cfc77b166b6ed3101c5207963ff7d215f2e1f039f2ad1fffde8a,Ridge,4.0,5.123885259892913,6.0,1.123885259892913,2.0
red,1296,0bb8038f185c411b529ea85b508ad19b4d36fa518b6ffca6e23f71f515979855,Ridge,5.0,5.175141991284455,6.0,0.1751419912844554,1.0
red,1297,0bb8038f185c411b529ea85b508ad19b4d36fa518b6ffca6e23f71f515979855,Ridge,5.0,5.175141991284455,6.0,0.1751419912844554,1.0
red,1302,0f3124808b6c867e0406ef8c0bcc6bb371a5b8a135777766a411d22aac3b6456,Ridge,6.0,5.57207631244204,6.0,0.42792368755795973,0.0
red,1334,3ad4df292257ae63092d0ad1db2c3c4077197ff029d6d56a0fd904e4dbf3ce15,Ridge,5.0,5.090271157705769,6.0,0.09027115770576888,1.0
red,1348,b1282660cbef8ccf3a7d6ec2756835dfebc2643f8275d0e395eab01cb844abb9,Ridge,5.0,5.086715143436769,6.0,0.086715143436769,1.0
red,1349,b1282660cbef8ccf3a7d6ec2756835dfebc2643f8275d0e395eab01cb844abb9,Ridge,5.0,5.086715143436769,6.0,0.086715143436769,1.0
red,1350,97ff32c0f1f455b614b2edc332adbae7d3bb6aacc8cfd605b5ed50b50b62c1e1,Ridge,5.0,5.577109652079377,6.0,0.5771096520793773,1.0
red,1361,11382b8191b8a861217e526cef03bc7fca1a53cad777e6cab785f7a506d3eb68,Ridge,5.0,5.6599942202826,6.0,0.6599942202826004,1.0
red,1362,c736c0dffcc3a6eda4419856dd0c90c6c488d618a045364ae498ee6d64664dbb,Ridge,5.0,5.08056083079389,6.0,0.08056083079388987,1.0
red,1365,53ff98bfdb29bf93342ebc3b35587da6773ac04277c432e4d9838a444f90521e,Ridge,6.0,5.7620210762760005,6.0,0.23797892372399954,0.0
red,1367,2cb04c4761f49858eb02fac992cd42e2e662583d04a70be0b25fb8b3c8713468,Ridge,5.0,5.077674961928411,6.0,0.07767496192841072,1.0
red,1371,0d5bc7ab779f1e9e63cd0ddc92c9559c63c5cbc19543f78d07c241ff348f33a9,Ridge,5.0,4.928835370200802,6.0,0.07116462979919813,1.0
red,1372,829e5914c51ee27102ab3e1ec9d5cb01a530d8e6994993d8f03c285bdce7b4ed,Ridge,6.0,6.274135515138772,6.0,0.2741355151387719,0.0
red,1373,0d5bc7ab779f1e9e63cd0ddc92c9559c63c5cbc19543f78d07c241ff348f33a9,Ridge,5.0,4.928835370200802,6.0,0.07116462979919813,1.0
red,1374,f66b86476b106873861c77c689aa455c5799e341cb8172266136458f6b7608b3,Ridge,5.0,4.869316450360741,6.0,0.13068354963925888,1.0
red,1379,aa6ae090091365bf992e1067fba7c059879f907bc1bafa8ee35470524a488bdb,Ridge,6.0,5.43484055512807,6.0,0.5651594448719299,0.0
red,1380,7ddd58d5005fe3e38dc185bae4f9403a10a29455a5f3a9c9b1ce4fc151156039,Ridge,6.0,5.669237861663932,6.0,0.33076213833606793,0.0
red,1381,7ddd58d5005fe3e38dc185bae4f9403a10a29455a5f3a9c9b1ce4fc151156039,Ridge,6.0,5.669237861663932,6.0,0.33076213833606793,0.0
red,1390,6a6f7b7adeb50e3a2a87ca26584fcd47dce167e7075124cfe603ae0ddb6a9509,Ridge,5.0,5.2002064604041465,6.0,0.20020646040414647,1.0
red,1393,8deed0a92e4bb21fe07539726e6e6360899da9775428731778c104f22a6575b9,Ridge,5.0,5.349135635263144,6.0,0.34913563526314384,1.0
red,1396,886dafcb7610fe7fdf3371d4b2f67b0e623ea998af748bda1c7097f75f97a39f,Ridge,6.0,5.273207072832246,6.0,0.7267929271677538,0.0
red,1415,2d2a223e13e1635bf376490313d46aa88bee1c03229cd53ac3044e08947ee000,Ridge,5.0,5.795064409672333,6.0,0.7950644096723334,1.0
red,1417,2d2a223e13e1635bf376490313d46aa88bee1c03229cd53ac3044e08947ee000,Ridge,5.0,5.795064409672333,6.0,0.7950644096723334,1.0
red,1422,a8c5b12cdb239878f6850a35b456ca520255d44864008053f76dbf33853169e3,Ridge,5.0,5.311008448316377,6.0,0.3110084483163771,1.0
red,1423,3dad37bb551bee7e0574fcaf071b2ed2966912eff89a855afa6339950b7e9cd5,Ridge,6.0,6.044891251920523,6.0,0.044891251920523345,0.0
red,1424,4a3e63345fffe3f2ff21f4aa147a9fbc33966a61860dd6e6cd3a0f33e6cf644c,Ridge,4.0,5.6902660468408905,6.0,1.6902660468408905,2.0
red,1428,b82f73d4bbdff80748b4544d780812fd720ac7a18bfba313446314db0f9744f1,Ridge,5.0,5.933154034960774,6.0,0.9331540349607739,1.0
red,1432,9275b78cc2861a8494fc043e5c08a3e5c854d96af83aeb407f5c75f6cec378e1,Ridge,6.0,5.358965497237907,6.0,0.6410345027620927,0.0
red,1435,5fb72d8e3364a785bfa7e792981dee0e5fffc09cbdfd8d53df742d174a15d9c2,Ridge,6.0,5.462632913072331,6.0,0.5373670869276692,0.0
red,1436,5fb72d8e3364a785bfa7e792981dee0e5fffc09cbdfd8d53df742d174a15d9c2,Ridge,6.0,5.462632913072331,6.0,0.5373670869276692,0.0
red,1449,47f0fd0250caae33e6eee79ea50f98a645f16127a74668a2a2c7c7c1ea910f51,Ridge,5.0,5.421859448890657,6.0,0.42185944889065663,1.0
red,1467,3d6ed58789a8f1edf9ec9b154b264ea28dc05056e043a9995a158b381308a937,Ridge,7.0,5.567152118781946,6.0,1.4328478812180538,1.0
red,1469,3d6ed58789a8f1edf9ec9b154b264ea28dc05056e043a9995a158b381308a937,Ridge,7.0,5.567152118781946,6.0,1.4328478812180538,1.0
red,1471,04b4b5e97a5190720b89c886dd7215a8f4ab0e33bae7fab2c29fe2d96866c067,Ridge,5.0,5.345350771281304,6.0,0.3453507712813044,1.0
red,1476,39afa8a540efa03e8240184a5c7687c51edbc71a1ce68e44c0a95969b50d2e2d,Ridge,7.0,6.5322470406922575,6.0,0.4677529593077425,1.0
red,1480,34ad23d57dd1e7a4c7928703d03605fbdddb50fa72c19a26e15dc090108c98f9,Ridge,5.0,5.906240638451874,6.0,0.906240638451874,1.0
red,1482,34ad23d57dd1e7a4c7928703d03605fbdddb50fa72c19a26e15dc090108c98f9,Ridge,5.0,5.906240638451874,6.0,0.906240638451874,1.0
red,1487,fd3d33cdf4ee88262914307b312751eae6f6fbb109c06807cde19aef8f88f975,Ridge,5.0,5.453159965638653,6.0,0.4531599656386529,1.0
red,1494,75d47ba554c5807fdd7112f05551510ab86e9e1c0c2941800f8a0d5664195740,Ridge,5.0,4.94438476897832,6.0,0.05561523102168042,1.0
red,1497,75d47ba554c5807fdd7112f05551510ab86e9e1c0c2941800f8a0d5664195740,Ridge,5.0,4.94438476897832,6.0,0.05561523102168042,1.0
red,1501,1a4bd79163cde594c20cd4008e991a13203a8878cbb32aed155ae07091297425,Ridge,5.0,5.216908268070949,6.0,0.21690826807094865,1.0
red,1507,0b064d29e909d4a7e51c5e8c54e62dd26f238cc8b25f23322e69ff0e87757d12,Ridge,6.0,5.504236687741365,6.0,0.4957633122586351,0.0
red,1510,cbb649c155d7a5f40accc18cb3f1512306b58c212f1b8ab43c5195b8c8298c7d,Ridge,5.0,6.272576225806507,6.0,1.2725762258065068,1.0
red,1511,0d082f4ddb90cb2f9cf6e5d85fd36867c5361174aea8315d4e58d05c563bdbd7,Ridge,6.0,5.646133368630141,6.0,0.35386663136985863,0.0
red,1524,33ae08bd79eb4a546c291d7f23684c14eff75144685593d675f465507af5849e,Ridge,5.0,5.577167756917529,6.0,0.5771677569175289,1.0
red,1525,1bf2258ef00f275e3f32fef3b6472c7103df748fc8678978a4a706648f3226d3,Ridge,6.0,5.656477339292722,6.0,0.3435226607072783,0.0
red,1532,b3a1c1b070821617fca7da99aaf6276bef450227bb7f3d15b99f12f231302e9f,Ridge,5.0,5.3451059267367675,6.0,0.34510592673676754,1.0
red,1534,b136e25b04158f5c6d1727f2a5507a9513521552733e1a519a016ab3174dab8f,Ridge,5.0,5.179684181936383,6.0,0.17968418193638325,1.0
red,1543,5481dc11da73ce2b439936376849f9f9b25d62501b97a32197e8dc1496999c34,Ridge,6.0,5.459111366961244,6.0,0.5408886330387563,0.0
red,1548,b399bbfcc1f7c54fcb1cc18d279270ab6e77025b747843e8ef7b6c2b86689050,Ridge,5.0,5.933862858754337,6.0,0.9338628587543374,1.0
red,1554,cbb3fc5bc53fd2c192144599f3a36049a77427c4963fce6d30dd08515dc1baa2,Ridge,5.0,5.111890530805635,6.0,0.11189053080563482,1.0
red,1559,baefb4b968d7bfcdb6865dbf52b4218f94732bc724c428d61dad60c697166a66,Ridge,5.0,4.981271550613248,6.0,0.01872844938675211,1.0
red,1581,cbcc41f90e1bfce1d0a74c1c41e7b78e28a3cce7952a1141c623768cd4e7e9b1,Ridge,6.0,6.203880173470237,6.0,0.20388017347023712,0.0
red,1583,fc4ca80c1e86b60cbe6b79e61b6387729fe3126ccd96561af2b485b3bc21d4b7,Ridge,5.0,5.780527210371614,6.0,0.7805272103716137,1.0
red,1586,78e5ad95a10e6303e0c4168edc22dfe057a521410ea4a10c45390bcf79233adb,Ridge,6.0,6.264153338413142,6.0,0.26415333841314226,0.0
red,1587,38a75702cf11bd1108b167c83b095044a26680ef5471cc4c4be5d11ccd11ad50,Ridge,6.0,6.305933134818638,6.0,0.3059331348186376,0.0
red,1594,36d6ef14414d59bce7c278ec606f8202f3ec9f5972656ae182b21971b51ac9d6,Ridge,6.0,5.450457105971936,6.0,0.5495428940280638,0.0
red,1598,24487af39cd2fb650ded921c64c28f216d1f94e164f5ee726254d0564dbf9a47,Ridge,5.0,5.463741831413815,6.0,0.46374183141381486,1.0
red,3,aa8ed2a845205f4d5357592cc1b2591ea5d4cb53efab33a4e5887007d3ccb1b6,随机森林,5.0,5.145945846092907,6.0,0.14594584609290706,1.0
red,6,a895f2554842c84459c6366e146a2abc802435e1107179fa8c9c7182053dd4e2,随机森林,5.0,5.271139528972347,6.0,0.2711395289723466,1.0
red,8,362f2a0eac6d64f3006b6bddb470902580d8f5e1adb103e673c43aa5ea3b8235,随机森林,7.0,4.979928092762069,6.0,2.0200719072379307,1.0
red,11,7f35e6718fe13961e0a500b3d5546938582cbec2ad64566ae817eaa99c4252ae,随机森林,5.0,5.265514633242579,6.0,0.26551463324257885,1.0
red,15,34409c55f0f0b10a1e19cc9308227cc4af80ae57c020d8a593fd62a767ca6b41,随机森林,5.0,4.9376387122222996,6.0,0.06236128777770045,1.0
red,21,b9b5b0fa4114d9478beb00f4ec23b7cc0ac620894d37180c0974af6dd98777da,随机森林,6.0,5.185013111440491,6.0,0.8149868885595088,0.0
red,24,0dc11a6583a362342333843edb10900d534b410044e73743406a5756582ac7aa,随机森林,5.0,5.220042718447129,6.0,0.22004271844712875,1.0
red,30,348adb092ca976e3ffa3a840bc90a2e768b8adfd2a7328096c28eac06f967695,随机森林,6.0,5.344160831614778,6.0,0.6558391683852216,0.0
red,43,8c2449ff9d86b9e2ebc425a7c13478f72581b8f7c66312f7bee5ac6a26c92736,随机森林,6.0,5.726758913300318,6.0,0.2732410866996817,0.0
red,52,004be92dbea6c13aefeb12247ee094d19b8029d61f01880f4544e3d38a5d1911,随机森林,6.0,5.309708954644714,6.0,0.690291045355286,0.0
red,54,f2f4d540a81488e6373cd217b0b71e22201c7a8ac7ead26d3d85c54436c06ae2,随机森林,5.0,5.105909451659451,6.0,0.10590945165945076,1.0
red,55,f1e11e0b7bee67f167296132c256bca93f04d64e9ecfcf228563cce11c8c4e74,随机森林,6.0,5.482333190430713,6.0,0.5176668095692873,0.0
red,59,7c06483c701dc4afb4cc1ab627186a45d14f5d440455aac6c22832a83cb0a8e7,随机森林,5.0,5.419883476817302,6.0,0.41988347681730165,1.0
red,65,38bf9ee64064ec9de1f794903175864a88f1ab421e5b94d5c3528232c1a12987,随机森林,5.0,5.0780737476031605,6.0,0.07807374760316055,1.0
red,66,38bf9ee64064ec9de1f794903175864a88f1ab421e5b94d5c3528232c1a12987,随机森林,5.0,5.0780737476031605,6.0,0.07807374760316055,1.0
red,72,df99203fa58023a11571a162689d30e0c74bd242b48a8720852f6faa790f3a4d,随机森林,5.0,4.98421003996004,6.0,0.01578996003996025,1.0
red,75,47a969305a829818c5acde4ca454c648fd2c42aa09693c133303a65bb5f991cc,随机森林,5.0,5.512925072877471,6.0,0.5129250728774712,1.0
red,76,dba8101b196952d5d0d0e458c6c684be87c6dcaa5c75549412553e248ccff9a3,随机森林,5.0,5.869332002420237,6.0,0.8693320024202373,1.0
red,77,dba8101b196952d5d0d0e458c6c684be87c6dcaa5c75549412553e248ccff9a3,随机森林,5.0,5.869332002420237,6.0,0.8693320024202373,1.0
red,85,5b6d8e7518368660c8a171121045fd9dc173e616f05faf7d6340ab3aeae2c402,随机森林,6.0,5.806046500612679,6.0,0.19395349938732132,0.0
red,86,b70e632d047d1880e4cad4302b80ad59a85c46fbb6494f77273d96c4ebf30485,随机森林,5.0,5.621029104882045,6.0,0.6210291048820453,1.0
red,90,cc8671a5d52e6d293fd7fe4c2c55aa7067643cbc16dab61d0818473c104ac876,随机森林,5.0,5.153533184408188,6.0,0.15353318440818775,1.0
red,96,32305b844effdaca46e81886187e7cc4a6cfcbf8debb56cf188b3b73f52c432d,随机森林,6.0,5.697862977279001,6.0,0.3021370227209994,0.0
red,102,f60b1d1090960803a44fbd505cf442d2cc8e48faea9570fc05f0a6976b9cda02,随机森林,6.0,5.411130848053447,6.0,0.588869151946553,0.0
red,108,9a60c33db8ace898be4d8e14a3b860bf182826aa07c77c282fa29c354c88d65f,随机森林,5.0,5.194898771507131,6.0,0.1948987715071313,1.0
red,126,f4fedf76ce72adf3792e54ad3525d131c21517ccbf495be0d8db58f6780a0429,随机森林,5.0,5.060615690810738,6.0,0.06061569081073781,1.0
red,137,628f6aec46bc7aac875895f2e5ab838d2a8bc97a243dde3b1917dddc1a6cbeb7,随机森林,5.0,5.14974394611237,6.0,0.14974394611236974,1.0
red,140,4b9bb0627b4469fe98733faf3b7ab09085e2228a76ef2cd646dfdc32b6cc1748,随机森林,5.0,5.181777386012681,6.0,0.18177738601268079,1.0
red,142,628f6aec46bc7aac875895f2e5ab838d2a8bc97a243dde3b1917dddc1a6cbeb7,随机森林,5.0,5.14974394611237,6.0,0.14974394611236974,1.0
red,156,b1545d4ef12656d17d4d52343dc028f269316f85302bcf1aa3434f217148b709,随机森林,5.0,5.091759339430778,6.0,0.0917593394307783,1.0
red,158,b1545d4ef12656d17d4d52343dc028f269316f85302bcf1aa3434f217148b709,随机森林,5.0,5.091759339430778,6.0,0.0917593394307783,1.0
red,166,0e04fbc3484e12684a91b7bef7b65cc37c27d989d65602210cb52fa2c25c3951,随机森林,5.0,5.076968350377407,6.0,0.07696835037740701,1.0
red,169,edb29fe913f7ed575273bed2a0eafdbdd5946d76f199e4254ba5da1fc718706a,随机森林,6.0,5.296262233137231,6.0,0.7037377668627691,0.0
red,171,41ccae070c4673a073f76167fe43aabda285dfec10f54acd78711670c765ebf2,随机森林,4.0,4.694830128333998,6.0,0.6948301283339982,2.0
red,175,0a5bcce065e74089d79ebd07f54c66918c2297f925dadc24cdf1faa7943ea3d2,随机森林,5.0,5.225487656492687,6.0,0.2254876564926871,1.0
red,177,0a5bcce065e74089d79ebd07f54c66918c2297f925dadc24cdf1faa7943ea3d2,随机森林,5.0,5.225487656492687,6.0,0.2254876564926871,1.0
red,189,16286d5a1707a1ff7fe67a51fa784f1fd882b3d371e31dfa16e3c920dd94ec35,随机森林,5.0,5.0755149202649195,6.0,0.07551492026491946,1.0
red,194,53738a1d025cf252cf0259a3b77ea1ec200aa8e3a36f2e3a8988a99844d12103,随机森林,5.0,5.43891403150227,6.0,0.4389140315022697,1.0
red,195,53738a1d025cf252cf0259a3b77ea1ec200aa8e3a36f2e3a8988a99844d12103,随机森林,5.0,5.43891403150227,6.0,0.4389140315022697,1.0
red,200,2e5370b18053854a3b930a60d215428365f9b672e98c96c6a31e5dcc2488bbc4,随机森林,4.0,5.285939579183,6.0,1.2859395791830002,2.0
red,206,f2d92c82c01c225f99c86f2b5b4a83cb9b916fc6e738b33cb22f4a5a9adf43ea,随机森林,7.0,6.3739768268796855,6.0,0.6260231731203145,1.0
red,207,f2d92c82c01c225f99c86f2b5b4a83cb9b916fc6e738b33cb22f4a5a9adf43ea,随机森林,7.0,6.3739768268796855,6.0,0.6260231731203145,1.0
red,208,f34d19345ebdd27ed824a627faa3ea40f463345a53ca82849e2827178c7aaa12,随机森林,5.0,5.079743446912565,6.0,0.0797434469125653,1.0
red,212,3de0e05046569e7d4b4c94f66e055819bb1098f01694213549dc8517d6dcb67f,随机森林,6.0,5.13331922623873,6.0,0.8666807737612698,0.0
red,214,aeabe2f4e94dd97fc5de3835cd599956cf327686d2b657da2a548be777d8830e,随机森林,5.0,5.119579556064849,6.0,0.11957955606484916,1.0
red,220,43f7323cd7d2936fda5f9d6a85670a6593a403a2e99c812b72d281ef1eba7f90,随机森林,5.0,5.096377296450825,6.0,0.09637729645082516,1.0
red,223,c17c065637c7b9e64d394cf5a31bafe2864807319bf650d27268099df3d5b342,随机森林,5.0,5.115545186094717,6.0,0.11554518609471742,1.0
red,230,b141af4518e53c5347e224374eb3218139006fc6e98f6f66483ed854bb502b41,随机森林,5.0,5.304514269256149,6.0,0.3045142692561491,1.0
red,232,6d69c78efed3dbd580aa4ccf6bfb7c0b6ac5ea710b7bb456fe7f5ab800023b3e,随机森林,6.0,5.261795292398234,6.0,0.7382047076017662,0.0
red,234,b141af4518e53c5347e224374eb3218139006fc6e98f6f66483ed854bb502b41,随机森林,5.0,5.304514269256149,6.0,0.3045142692561491,1.0
red,243,3352e632eff41bdead8890a6268d70204c6c92fb16ec5a2bd733c52fc0cc6065,随机森林,6.0,5.164567983215043,6.0,0.8354320167849574,0.0
red,247,4ed3296b29cfe28f36da910cdc8fe6d4e99c74e5203ca0f27d0499b044dd2777,随机森林,5.0,5.143815755323108,6.0,0.14381575532310809,1.0
red,252,a4642e1fa8e5494144c2f33147a8c4c0d1be31e8e66580391a7b3eca5c1b0cde,随机森林,6.0,5.394902798454266,6.0,0.6050972015457337,0.0
red,255,a4642e1fa8e5494144c2f33147a8c4c0d1be31e8e66580391a7b3eca5c1b0cde,随机森林,6.0,5.394902798454266,6.0,0.6050972015457337,0.0
red,256,7f435948a875557a4f1af16099056aba1b0e757039d49660e8c0973376872442,随机森林,5.0,5.187483208312155,6.0,0.18748320831215537,1.0
red,268,2bd08d481a4235f78be0d73a51f6fe6a5a7ed5baa67c8ac62d838f83b16fb746,随机森林,8.0,6.776432908594673,6.0,1.223567091405327,2.0
red,270,81f83428d3ff7e2021a232f9d6d08cb4ab6c19d424ff4dfb38f462b9f941a731,随机森林,6.0,6.090810934020686,6.0,0.09081093402068596,0.0
red,272,81f83428d3ff7e2021a232f9d6d08cb4ab6c19d424ff4dfb38f462b9f941a731,随机森林,6.0,6.090810934020686,6.0,0.09081093402068596,0.0
red,274,4d8308066ca3065b031d7f0cd16dd317ad54d6d2bcb16d667facde5ba298e14f,随机森林,5.0,5.241787312833364,6.0,0.24178731283336408,1.0
red,275,dfdf60c39d92e859b98c4275b73cb0f30925ff11a7aeaac7662c1f73d50f234a,随机森林,5.0,5.141342097029789,6.0,0.1413420970297894,1.0
red,278,81f83428d3ff7e2021a232f9d6d08cb4ab6c19d424ff4dfb38f462b9f941a731,随机森林,6.0,6.090810934020686,6.0,0.09081093402068596,0.0
red,293,bdedd5eea0444a2713d08f5bb320e0aca011056a654c1affe6eb37a254949bb1,随机森林,6.0,5.820887583821409,6.0,0.17911241617859108,0.0
red,294,4a722de71e3918768b50ae99298edb517889ac9de99cbf307ea3c54aff12a373,随机森林,6.0,5.726166964027257,6.0,0.2738330359727428,0.0
red,306,7d8761ec2e3b074791caee6327a5aeee7a39bd959d15289c8bac0824dcf9956b,随机森林,6.0,5.378581560052147,6.0,0.6214184399478526,0.0
red,311,7d8761ec2e3b074791caee6327a5aeee7a39bd959d15289c8bac0824dcf9956b,随机森林,6.0,5.378581560052147,6.0,0.6214184399478526,0.0
red,312,deaa7eebac90c18318ce0910f3d090d2639da7509f1a6f121d44853691284d3e,随机森林,6.0,5.127439888814888,6.0,0.8725601111851118,0.0
red,317,4e2b18cb79c7302cf9204d89dc5fb96f23505360df5c268f2986b782e87dbc40,随机森林,5.0,5.301360805588751,6.0,0.3013608055887511,1.0
red,318,db10494587bdbb1b16f8d9a749b1c312af2b78a8663efd6b9942ef94b665304b,随机森林,6.0,5.518038874996692,6.0,0.48196112500330823,0.0
red,320,db10494587bdbb1b16f8d9a749b1c312af2b78a8663efd6b9942ef94b665304b,随机森林,6.0,5.518038874996692,6.0,0.48196112500330823,0.0
red,329,fdcf4c0b3a833dec1884ea2e9541aa919b0f75a812ef48033e854596552d31ce,随机森林,6.0,6.164229013833888,6.0,0.16422901383388844,0.0
red,334,32247f09b9d609e7626cdb366db11020c42760f6e68eb3f5a21f90830851c226,随机森林,5.0,5.607758678842658,6.0,0.6077586788426581,1.0
red,335,64d66b205878efe7c0ce1588523a128855cb7ac5f0a0d7258f6eb871ba486dcf,随机森林,7.0,6.495895404869833,6.0,0.5041045951301673,1.0
red,345,1f7d07ba58cda66902f9b81a40d238b541a10cb8e9114f2bc24693b12743768b,随机森林,6.0,5.880202152659936,6.0,0.11979784734006405,0.0
red,348,bd5ee724d783c8e278ac825b66b0126874585d06f66d4d512ec1e74a012db3ab,随机森林,6.0,6.587040167936064,6.0,0.5870401679360642,0.0
red,360,1ab47b158ae9eb3fcd495477f6a947fae883f6d6038887acc9e7fe8a79e38ad0,随机森林,6.0,6.18354539930314,6.0,0.1835453993031404,0.0
red,373,b9a774b89fe0a16c3fcfa9e48232a0b72e05e500eafff8424d3c84ed9c46ea87,随机森林,6.0,6.172595610329356,6.0,0.17259561032935622,0.0
red,391,e86b0cef97fdd730186cefb12f484af787de9b4f790cda20e65f7043db587a00,随机森林,8.0,6.926847076126487,6.0,1.0731529238735131,2.0
red,395,43ff447f3957dc468cc5e0ebefae139a46e4d372c112df1079df002c64b0f6e4,随机森林,5.0,5.430913074140627,6.0,0.4309130741406273,1.0
red,406,fcd7b4be643b1db210e6fb8b2d787b2b9e4de367b28d8b756707a82c035d616a,随机森林,6.0,6.15605226418462,6.0,0.15605226418461982,0.0
red,410,b5875bde39ee10e4ad080f123acce9c43ecc02250aea34fcc9d4e0712626c53c,随机森林,4.0,5.239248554163415,6.0,1.2392485541634146,2.0
red,413,fd9a34e98b2b06eb2453d72eb5a0c565882a9d9aa27c895d1d750980204dc875,随机森林,5.0,5.09369424148836,6.0,0.09369424148836014,1.0
red,418,58074e82ae26a7ffe5a723299fb8403dc178ea4832afb1065cccde1cfd30fd8f,随机森林,5.0,5.264691576941578,6.0,0.2646915769415781,1.0
red,420,cfa8fc95587e344e128fea6270c8cdd4f2798093f6243847122bfdeaadd33277,随机森林,5.0,4.993358154587647,6.0,0.006641845412352687,1.0
red,423,834092b3f6ad8c8072d2b442f4936078752016c14f826cd872e9089976852a79,随机森林,5.0,5.308976953601954,6.0,0.3089769536019542,1.0
red,425,834092b3f6ad8c8072d2b442f4936078752016c14f826cd872e9089976852a79,随机森林,5.0,5.308976953601954,6.0,0.3089769536019542,1.0
red,429,81ca1d1d133bafdef5df49c0bbd597d00d843335c47a28ff100df960bb079204,随机森林,5.0,5.50934906732701,6.0,0.50934906732701,1.0
red,443,f575f4d2c730d2c88a139c4bf38e0d9047813055b2674aad61a067e980dd07c2,随机森林,7.0,5.698554810084993,6.0,1.3014451899150066,1.0
red,444,cee54ec2fd21f214202b7e337cacf419413b8f363a3b715537c3528138b3e935,随机森林,7.0,6.131562148529221,6.0,0.8684378514707793,1.0
red,445,3172a7d4bdac7306156d86fd89308db7bdeb38b0adacb8aa870012deccc691a0,随机森林,7.0,6.690414790547142,6.0,0.30958520945285795,1.0
red,449,faff65916f6681599dfef6eac01d9abf1eaac00e10b02f1337fc07d06ca99be6,随机森林,6.0,5.318685137574844,6.0,0.6813148624251557,0.0
red,453,686ddaf3e24b17d092a965997ab800aaa39e1096e071a8f10ad374dec233ef91,随机森林,6.0,5.54928342382019,6.0,0.4507165761798104,0.0
red,455,c0a6cc443d9be4c9360482794885f8c8469edc2d026e05e3353bc7ac69a27e1c,随机森林,5.0,5.784828742064038,6.0,0.7848287420640379,1.0
red,462,aa346c203830fb2f2825831914d1c824f83437f19a77b0eb5f179c547f69c95c,随机森林,5.0,5.403367861512989,6.0,0.4033678615129892,1.0
red,466,60f74a550a59b1d8cec7b5edb8ca8cafaa0bb30ee086e4aec4987cffbcea61de,随机森林,5.0,5.82722441698022,6.0,0.8272244169802203,1.0
red,472,c0d84ed2b52a7a86a5b29ba853da7ead7e8f95da84d8ed5174da058319613953,随机森林,6.0,5.953642804979105,6.0,0.04635719502089497,0.0
red,474,92c7da4a2413a17ff9040b53fd20a1169c98f5f760ada63f1f8a25c87e8b0801,随机森林,5.0,6.429293183324532,6.0,1.429293183324532,1.0
red,475,60d3a9b2d9221e26d9916630cebd0427e0c0703706843a37b5f735a01a6ce5d4,随机森林,6.0,5.740205715580717,6.0,0.2597942844192831,0.0
red,476,5f8680a9d2e73c83c41b3df1e264ca382e87e39019e4e5f451a01c0a7f36e7dd,随机森林,5.0,5.777590530656707,6.0,0.777590530656707,1.0
red,479,5f8680a9d2e73c83c41b3df1e264ca382e87e39019e4e5f451a01c0a7f36e7dd,随机森林,5.0,5.777590530656707,6.0,0.777590530656707,1.0
red,482,71158470f2f226694d2e40763ef1ff80b4096aad15baee1a31773a633b2a1ca5,随机森林,8.0,6.786590347832995,6.0,1.2134096521670052,2.0
red,502,ddcf95162761a5d6b25bc8631af2d2cd2862e34149cb561ce8fba7dd0efc2d44,随机森林,7.0,6.4192158027158035,6.0,0.5807841972841965,1.0
red,503,ddcf95162761a5d6b25bc8631af2d2cd2862e34149cb561ce8fba7dd0efc2d44,随机森林,7.0,6.4192158027158035,6.0,0.5807841972841965,1.0
red,505,250ad3f381b16b7b4cc2e218b90cfa5e68751c1969af429e48b390adbad7d532,随机森林,7.0,6.466267100002392,6.0,0.5337328999976076,1.0
red,518,c8d614f4e7640ab2edb4c892687763220d708fe9624e5431908bb19a178b2e3d,随机森林,3.0,5.5140156053813145,6.0,2.5140156053813145,3.0
red,522,5e77f51b5dba5f0c53ee413468ea5b24708a31cedd68264594905af269463053,随机森林,5.0,5.436593095629862,6.0,0.4365930956298616,1.0
red,532,2db91e7804fd0efcf0399f7cbf61d0ee3b4adcc82ae38ebf548029b765678da4,随机森林,5.0,5.8779336413786885,6.0,0.8779336413786885,1.0
red,533,2db91e7804fd0efcf0399f7cbf61d0ee3b4adcc82ae38ebf548029b765678da4,随机森林,5.0,5.8779336413786885,6.0,0.8779336413786885,1.0
red,535,baaabe09966946243eb9f905f126d766b71c772f6908e371519d46558428f714,随机森林,6.0,5.215157008296715,6.0,0.7848429917032851,0.0
red,538,ca3f296377d67ea95fe1339e1f6d8d5d1060e649d74a44384111bfce6fbd03e6,随机森林,6.0,5.610950715950715,6.0,0.3890492840492854,0.0
red,563,01071e8c090406ce8f2625adede8ee778f48efd78f9c0aebc468ca6f87e0515b,随机森林,5.0,5.022186072999927,6.0,0.022186072999926587,1.0
red,574,a4522fe872b436875b831b7c24b4301c3ebd86cc7491da98b8256a1b4b1fcdc3,随机森林,4.0,5.0003659300222765,6.0,1.0003659300222765,2.0
red,579,4bf33137621557cdbb1369bd1269ddd8349b099af1f2d5a56887f9df46f6c807,随机森林,5.0,5.0784788648171,6.0,0.0784788648171002,1.0
red,580,d3bcfd8e9e74803b910623253a03517a026398a0fc03b6e3f01da9180c8d56ab,随机森林,6.0,5.242634273989669,6.0,0.757365726010331,0.0
red,583,3dc8ead4b80c3cc53acc3654e7fafcc4e955108b4207d071bf7252d3bf7cb08a,随机森林,5.0,5.018528574080432,6.0,0.01852857408043196,1.0
red,585,632ee32f2e3dffbf91dcdd081072ea84d11411cddc87470ff81ed04b01596425,随机森林,7.0,5.752980692624654,6.0,1.2470193073753464,1.0
red,586,93e5805bdafc872a49575817398698aede916332222d21456d0dff7eee66af02,随机森林,6.0,5.524360453630191,6.0,0.4756395463698091,0.0
red,590,9d352bfad604b332581bb06d861efab5f94c740b48154845393139e853ba83f6,随机森林,7.0,6.341857618473719,6.0,0.6581423815262806,1.0
red,596,44b6d85a41b990eb34f961c8fc717c98cebce960557b6c066a117ef69f87d19a,随机森林,5.0,5.107829992376046,6.0,0.10782999237604596,1.0
red,603,3e58a1cbe66df5a4e2d06f4c5ca8d61e64705298adcdf4d203f6abd028349abf,随机森林,5.0,4.753895426869886,6.0,0.2461045731301139,1.0
red,606,1300bc3a3fafb677f5b6e2d67fc9f3ef6205dfcaffb6ab02d25747198cf80fca,随机森林,6.0,5.49049298250769,6.0,0.50950701749231,0.0
red,608,f40c708da19f5f01575cdad0c7c22408568fb6f5bf4baeeac9f36e07aebda82d,随机森林,6.0,5.184093534948025,6.0,0.8159064650519747,0.0
red,612,7af1761b6f4eed9407deabb88a79985ffdd5ac514e33311f425d0763abc5041b,随机森林,5.0,5.422566055690668,6.0,0.42256605569066785,1.0
red,625,67373af4f26d69eeb49279bcf10500dc6991b629151419bb99f1bfb709589362,随机森林,5.0,5.549741709271118,6.0,0.5497417092711183,1.0
red,626,67373af4f26d69eeb49279bcf10500dc6991b629151419bb99f1bfb709589362,随机森林,5.0,5.549741709271118,6.0,0.5497417092711183,1.0
red,629,e73d8a757df29ee710734095004df9975c98d0c9c2299a706605fd72985bf7e1,随机森林,6.0,5.523260440267795,6.0,0.47673955973220483,0.0
red,631,e73d8a757df29ee710734095004df9975c98d0c9c2299a706605fd72985bf7e1,随机森林,6.0,5.523260440267795,6.0,0.47673955973220483,0.0
red,632,d089b28567aedb62a52b458e2d6bffaae32b25f4a94dc23a04bf3a72f7a8893a,随机森林,5.0,5.590426407280644,6.0,0.5904264072806438,1.0
red,633,7aa7136795d6abc01c0fcf2f1ac5c32081b92f3c8711b1c5a48427216dc1ff0a,随机森林,6.0,5.406303738558768,6.0,0.5936962614412318,0.0
red,640,d90054ee734a0443bc91a4348ba3e7198c8c4cd277f700813e44c33f2098c2b9,随机森林,6.0,5.919066848513831,6.0,0.08093315148616931,0.0
red,652,7a58d1e193453eb68a2471a3048e4174fbe92069b79cb7017aa671ea7dd60115,随机森林,5.0,5.504341957062544,6.0,0.504341957062544,1.0
red,654,27773dbd453f80d908dcdb3578ca746e07800bc3ec82605aa241d5c2029b7a55,随机森林,6.0,6.043873439741087,6.0,0.043873439741086706,0.0
red,663,a5f899b89be3fbbd0605de817a6a415a2ecf61bed8eee5f2bb322f279a2653cb,随机森林,6.0,5.454606972619745,6.0,0.5453930273802552,0.0
red,678,0ba3be47fd288ed3b967867ee489ade27c417dfb4109b28553d0bbbe4b34965c,随机森林,5.0,4.805516785459121,6.0,0.19448321454087925,1.0
red,679,627bad17dc9e8145e4636191b97184ce8765ce42001eb7c88cb3bd453d654251,随机森林,5.0,5.11305907980908,6.0,0.11305907980908003,1.0
red,682,3cfaa1e8d371492fb1cffb03dc45ebdc3c62e004bcf770d34045f8167ee50bec,随机森林,6.0,5.122863346076581,6.0,0.8771366539234187,0.0
red,685,06b577786f9dbd089866bf3b1b23b32fe826c84f9f1f9b31c3933be678c6c9f7,随机森林,5.0,4.7583696638615365,6.0,0.24163033613846352,1.0
red,691,b81ea4920578892eee104ed3efb3c7206427bc83a75f94203fdd51eb2f76e3dd,随机森林,3.0,4.9155717974549225,6.0,1.9155717974549225,3.0
red,701,860c35766253e53cacff30d641fb98638cc85530d59643cfaac4b3b7520faeb1,随机森林,6.0,4.953165989511576,6.0,1.046834010488424,0.0
red,703,3b4efa37c57c3bdc379694c32c904e4c9613f99986bf52de480191526cbd1dd9,随机森林,6.0,5.175846227645762,6.0,0.8241537723542383,0.0
red,707,f330226725425e19bfc5116fe03d91c63ce4ce6826b21b57fe12de24acff7c5c,随机森林,5.0,4.821010004157063,6.0,0.17898999584293662,1.0
red,712,3532b8029cccca6e56d50418e7a6612e4d6780b7151a831d84f33812b7c9a42e,随机森林,5.0,5.251261312761314,6.0,0.25126131276131414,1.0
red,713,a2e50571344f083d71819ead04cd01765bb80f48869d304666416680c8124364,随机森林,5.0,4.9156857319094165,6.0,0.08431426809058351,1.0
red,716,0673b9555dfe928fa3ebbf0b333dd8cc7e1e6f41bdc980c9eab91ff4d2f1ff27,随机森林,6.0,5.057280030112071,6.0,0.9427199698879294,0.0
red,720,57ca91675281936d4d99f131cd430c8d9e3bd94dbd314311a920f1d1371775cb,随机森林,5.0,5.209798175537339,6.0,0.2097981755373386,1.0
red,723,a6177308062f2b3d7134796d407c5686009eef1071573863bb91b07680c80fa2,随机森林,5.0,5.471670095971563,6.0,0.47167009597156273,1.0
red,727,cda785421342db7774bef3729d6f48997b058c694b13bfaee15b68c2a553ef1c,随机森林,6.0,5.940841864212577,6.0,0.05915813578742313,0.0
red,728,ea2a9e662f7d4fc36fd1559df002e8106f460a959d9639ca0869b17e25974af8,随机森林,5.0,5.222042592011243,6.0,0.22204259201124277,1.0
red,729,ea2a9e662f7d4fc36fd1559df002e8106f460a959d9639ca0869b17e25974af8,随机森林,5.0,5.222042592011243,6.0,0.22204259201124277,1.0
red,745,57ab2de4702a9fee915b56003ab0c3795468c6ba0fa37f2e124cc32878a9bdd9,随机森林,5.0,5.028848453719193,6.0,0.028848453719192868,1.0
red,747,e244c8b373c8c7212ead6f7c779115d54cceb936602523348a02f985982bc62e,随机森林,6.0,4.917820313401192,6.0,1.082179686598808,0.0
red,748,c73d6618a47a9c3f56433f82b6ee79836934f3cdcb353e6234c610b5c390b6c3,随机森林,5.0,4.9831872508116115,6.0,0.016812749188388487,1.0
red,755,06e209411a61d380b816e563ca3d030e5eacce1538e0c922b9ab5aa21e08c836,随机森林,6.0,5.29908730447972,6.0,0.7009126955202802,0.0
red,758,9dfd99a07a53af5374bd5a8ce187c454db9baddb15b6d8bff4092d142d409650,随机森林,5.0,4.648367094435203,6.0,0.35163290556479687,1.0
red,759,9dfd99a07a53af5374bd5a8ce187c454db9baddb15b6d8bff4092d142d409650,随机森林,5.0,4.648367094435203,6.0,0.35163290556479687,1.0
red,762,ad8c188dcfedfdc63adae4842d032411c19ab53dd707faea8500869b2c119925,随机森林,5.0,4.893733855325961,6.0,0.10626614467403872,1.0
red,764,ad8c188dcfedfdc63adae4842d032411c19ab53dd707faea8500869b2c119925,随机森林,5.0,4.893733855325961,6.0,0.10626614467403872,1.0
red,773,c6700b53f9bbeaab1576f1c64f12970821823741af51eb699d2f0ee5918c4297,随机森林,5.0,5.102413186472398,6.0,0.10241318647239783,1.0
red,778,0e0bb58cfa8211a0d9cce8658c5af611d535310009542ddbea4273e0fe910b8b,随机森林,6.0,5.564156181423204,6.0,0.4358438185767959,0.0
red,779,db618d68130e0a2f5c54b4c735ae243bc97ed342e86497129477fb6428b65ac5,随机森林,5.0,5.666361065133123,6.0,0.6663610651331231,1.0
red,783,bdd0958ac2ea598cde2393a9094009182b9b34f85d11716779d27770dcf2250a,随机森林,5.0,4.994978595478596,6.0,0.005021404521404094,1.0
red,795,41914b505823b0318608510b384d5e7e4038f80a24e33ae826c555028c312bb9,随机森林,6.0,6.193176786720903,6.0,0.19317678672090288,0.0
red,807,944ac200ef2c2cbffce60415e2e591dc75db4b7ae39a6ef84211831d95452d6f,随机森林,7.0,6.953880624306321,6.0,0.046119375693678855,1.0
red,810,d0d9267cbd6a812ac1b3dcbacd282b97a30a445486116925509cafb58136028f,随机森林,6.0,5.2701533403959875,6.0,0.7298466596040125,0.0
red,822,752502f1383cea88e7423bc0b2d5a9c59e0c282550993ef35357350daeeb2020,随机森林,7.0,6.8745006880374495,6.0,0.12549931196255049,1.0
red,837,520f8eaeee7a1e722b4ac6af2357a81a3bb2d21b630dd075e7ed3824144f4e88,随机森林,7.0,5.960477626174992,6.0,1.0395223738250081,1.0
red,838,520f8eaeee7a1e722b4ac6af2357a81a3bb2d21b630dd075e7ed3824144f4e88,随机森林,7.0,5.960477626174992,6.0,1.0395223738250081,1.0
red,839,fbd6b2ce7d49d83c14f210e8f19c839b1c9ab5ec2747d6551baa8c0b2e4f6cb3,随机森林,7.0,6.308633062070371,6.0,0.6913669379296294,1.0
red,843,6b9651babdaec10c03ce071b9f3cf24eedc59b1e79f596bcac4aa7396bf56f91,随机森林,6.0,5.5081004400512885,6.0,0.4918995599487115,0.0
red,848,e694ec2a5d40e7a3019188fb21a4b1104a0428ee140a1808b3659e34f06c057b,随机森林,6.0,5.468755355211236,6.0,0.5312446447887638,0.0
red,850,563b2dbf724d7727e1f9f8207671b7eecaaa00b8ac84fbb8f848199a0657b04e,随机森林,5.0,4.968799439738681,6.0,0.031200560261319232,1.0
red,859,8758dc8ee4bcf6d1288848292aa6d90b2176585008a10e50e72488e50efb7949,随机森林,7.0,6.334021083763729,6.0,0.6659789162362708,1.0
red,861,e857819bc254a87a927552d37d637aaa96093634c5ea9ff9665524a2dc976db6,随机森林,5.0,5.0414835953806545,6.0,0.04148359538065449,1.0
red,865,e857819bc254a87a927552d37d637aaa96093634c5ea9ff9665524a2dc976db6,随机森林,5.0,5.0414835953806545,6.0,0.04148359538065449,1.0
red,870,b58131c2bda3c6b1fee86d49ad7979ea293bdf4243444d95f47b4899127d4e19,随机森林,6.0,5.872372689946223,6.0,0.1276273100537768,0.0
red,874,b9e39a66c2d4951e00d79a865ad0f3c244431c876a2d2b5bb9d2b8c41988a9fc,随机森林,7.0,6.09213763373709,6.0,0.9078623662629104,1.0
red,887,ae90972d2adf38950c06d3e4f735e973986567f2ac66a0a6c36d304b1d53f75d,随机森林,6.0,5.811686935885464,6.0,0.18831306411453586,0.0
red,889,966a50856ef26ae7fb859fbee81886d72c32f4215079ff2c862e7e53f5839211,随机森林,6.0,5.560002471685522,6.0,0.43999752831447836,0.0
red,892,60e7341d39f39616d5b36b7fb83afe40280e2b602616432d4bde6d2df0c81bb4,随机森林,5.0,5.1547173659673655,6.0,0.15471736596736552,1.0
red,893,9a57777ef68502c2508cb49e252ed3ad0fdd6dcee7690577d1ad778a69a85a80,随机森林,6.0,5.5408916315166366,6.0,0.45910836848336345,0.0
red,894,60e7341d39f39616d5b36b7fb83afe40280e2b602616432d4bde6d2df0c81bb4,随机森林,5.0,5.1547173659673655,6.0,0.15471736596736552,1.0
red,904,6483ad241d9604cbd69aa01c406784fdc01c33696edbc79f84921e0fd23a6ffe,随机森林,7.0,5.633694900959609,6.0,1.3663050990403907,1.0
red,905,6483ad241d9604cbd69aa01c406784fdc01c33696edbc79f84921e0fd23a6ffe,随机森林,7.0,5.633694900959609,6.0,1.3663050990403907,1.0
red,913,00540af8db6e1429ab85d45d0246741f8511c08d1429d69114e81fe86b1a3afb,随机森林,6.0,6.380808684707676,6.0,0.38080868470767637,0.0
red,917,7fb371d5072f06d2d8fdc47d62240fc3710478581cb20573638c0f7c777f462e,随机森林,5.0,5.337526006744661,6.0,0.33752600674466127,1.0
red,920,e82a65e052244f25c2f5cecef89fa2ce0639e984df7f08204d2ab948d8c56e9e,随机森林,6.0,6.802196366814017,6.0,0.8021963668140168,0.0
red,923,e82a65e052244f25c2f5cecef89fa2ce0639e984df7f08204d2ab948d8c56e9e,随机森林,6.0,6.802196366814017,6.0,0.8021963668140168,0.0
red,928,562ff8b187b427976e0de9209d7091287e5cc47d4f01ed83e3cf566183cc9b8b,随机森林,4.0,5.13540191126956,6.0,1.1354019112695601,2.0
red,938,0a4cf3be4a4bc5cbfaadcbf6ca42ed6b1bda8d704dc14096bc6badbeea0fbc4a,随机森林,4.0,5.7923479055487554,6.0,1.7923479055487554,2.0
red,953,12b7066f86ebf0302fcef9ebfbfdf77dd544b2e8b93d194b8cd5bbc4d9579389,随机森林,7.0,6.349123093338265,6.0,0.6508769066617353,1.0
red,964,4e953035caddbdcadcf82787d060555626ca1831b3f68c48ceaea13f7c854352,随机森林,6.0,6.2550193836664425,6.0,0.2550193836664425,0.0
red,973,19220b1f9373c808e1c373d292856c60baf56aacc5bbbeac186b5e0f349d159b,随机森林,7.0,6.333303468318168,6.0,0.6666965316818318,1.0
red,980,debedf0d8a8aa20fa724dac2a7b30c87de6a1120dded82e6704cfe855e6ac0ba,随机森林,5.0,5.82838829280741,6.0,0.8283882928074098,1.0
red,983,0d49baa7f5459e042ffd5202e5cac412cc2138e4bdffb79da3c95aa1d882d03c,随机森林,6.0,6.8554881058484005,6.0,0.8554881058484005,0.0
red,985,debedf0d8a8aa20fa724dac2a7b30c87de6a1120dded82e6704cfe855e6ac0ba,随机森林,5.0,5.82838829280741,6.0,0.8283882928074098,1.0
red,989,9c6ada439e77e3f3a63eb50870adc6474b6f5ac8df51246346b6495a4e0cf9fc,随机森林,5.0,5.2274288608994475,6.0,0.22742886089944747,1.0
red,991,9c6ada439e77e3f3a63eb50870adc6474b6f5ac8df51246346b6495a4e0cf9fc,随机森林,5.0,5.2274288608994475,6.0,0.22742886089944747,1.0
red,993,08f961b26f4c54b08ce410993cbea3aba611d2b475fdbc44d6bbed6d6f80cabf,随机森林,6.0,5.118767398723281,6.0,0.8812326012767189,0.0
red,995,a33b220b8a92e9ab3aeb4a36e3828e120c7fcbd48ae46ea6a98679e5e0eb325a,随机森林,5.0,5.033910716762882,6.0,0.0339107167628816,1.0
red,996,eec02a599c85e1bb4e8ffb2d58d4c098a30e824445342cdd2c0e7b726be9e20e,随机森林,6.0,5.636840143516613,6.0,0.3631598564833869,0.0
red,1002,ac50cc63cfca4259a99077d79736c694b8422df41f32c5b143b66e39e1887785,随机森林,7.0,6.10165621829438,6.0,0.8983437817056199,1.0
red,1004,803d1e4b866ed315bcd0d08ca9404166c3426dc88ad322709915714dea3c5acc,随机森林,7.0,5.846885380214329,6.0,1.1531146197856712,1.0
red,1006,803d1e4b866ed315bcd0d08ca9404166c3426dc88ad322709915714dea3c5acc,随机森林,7.0,5.846885380214329,6.0,1.1531146197856712,1.0
red,1011,2e7be2b3065e89fd62c8e5aa002605e09ee8d979d63422462471a24aca55721e,随机森林,7.0,6.278127804957913,6.0,0.7218721950420868,1.0
red,1023,9ee3b62e5c7b28bcf90b8f395629ee4af3ffb84de56e9f32ce7888c3b8a7dfd0,随机森林,5.0,5.304204598591978,6.0,0.3042045985919781,1.0
red,1025,025f706ba8056fd7d3f18b62ab00934811681e1e4612e38a3abfd3ec591c4c56,随机森林,7.0,5.590842139542602,6.0,1.4091578604573982,1.0
red,1029,4832001344e4113a3f2ef9dc10d0619fd624ea53dc75610e7b2e026066c5d674,随机森林,6.0,5.401061555546849,6.0,0.5989384444531511,0.0
red,1030,025f706ba8056fd7d3f18b62ab00934811681e1e4612e38a3abfd3ec591c4c56,随机森林,7.0,5.590842139542602,6.0,1.4091578604573982,1.0
red,1037,7adad3e27f43e7eb8119de0674e4a067209fde40cd3c1263dc6fb17fbf2712e1,随机森林,7.0,6.144521783227661,6.0,0.8554782167723394,1.0
red,1054,c0fa89b1fa2c90585ee63001cbcc556b80ceba3aaf8ca41e2019011d16a0225a,随机森林,7.0,6.964165695730708,6.0,0.035834304269291906,1.0
red,1055,0a8e1294193b9210182003fe46ba3b8eb5b30d31274916bf4bc7232a0908f656,随机森林,6.0,5.123068725936373,6.0,0.8769312740636268,0.0
red,1056,0a8e1294193b9210182003fe46ba3b8eb5b30d31274916bf4bc7232a0908f656,随机森林,6.0,5.123068725936373,6.0,0.8769312740636268,0.0
red,1059,db7d1f56290d8efd7da487fa14726dd677373d577301943dae14e1c230c0a987,随机森林,7.0,6.2808253301709165,6.0,0.7191746698290835,1.0
red,1065,145ab205a90a34e374dc671d5c71f5234da3e25bcacb96220fa59a43d2ab7edb,随机森林,6.0,5.814428215875975,6.0,0.18557178412402475,0.0
red,1073,37e1e526e513f9eacf3c07b0453b68a773a99c19bf626c56d1f53f3f3ca60046,随机森林,6.0,5.330414784833905,6.0,0.6695852151660953,0.0
red,1074,196d1cd3c3e665e1d321b864f294b3a064dddf498da15f47c867e9f2d4c75bd4,随机森林,6.0,5.517154890316657,6.0,0.4828451096833426,0.0
red,1081,0a8822d26d424c9df0e0069393b17f260f90a3bfca2ff1f1880d80cf3add483e,随机森林,6.0,6.2815219330033605,6.0,0.2815219330033605,0.0
red,1082,bfb3f38fc03f4ee60d6e2db778206d913f706dacabaaeb7ba756eff3dfdf057b,随机森林,7.0,6.2975516109707295,6.0,0.7024483890292705,1.0
red,1092,6a19202b43943752e2c7a6dc4b37c71235361e12d63814baa1e240414ef33d10,随机森林,6.0,5.855960508030552,6.0,0.14403949196944765,0.0
red,1110,575393f05d4e16e73f5fdb67da77184b7316de722d8de519d6bd5b17755322ef,随机森林,6.0,5.55287516810388,6.0,0.4471248318961196,0.0
red,1115,ad5c31b790d77b73f00f26fdfb8a82eea01ab2ef61a498ced86a67f563ae62d7,随机森林,6.0,6.390639166432121,6.0,0.3906391664321207,0.0
red,1123,43641c8840e4a0b807b68ddfaf3652079780c515b3f6c4a08747c73fc4254ac2,随机森林,6.0,5.856090374537744,6.0,0.14390962546225605,0.0
red,1127,2391cb28b1b3a3ae22d201299abf8bf0a1acdfe5caa0d91f7c70475d88bd73a6,随机森林,6.0,5.568052653300722,6.0,0.43194734669927826,0.0
red,1128,7f5ba3407d428168f26f510b3440a2b582b9316489c4e324dd548deadf852eae,随机森林,6.0,5.724562890812893,6.0,0.2754371091871066,0.0
red,1130,5fe48abfc39c2096ad8d93ec9961ffc697e2f174173224d19641fe3b95b78275,随机森林,6.0,5.58234070760967,6.0,0.4176592923903302,0.0
red,1132,97e866a5f5a18e79ebe35707bbe6e8400b97392c6a774f4cacd8899466253cfc,随机森林,5.0,5.0889287754728905,6.0,0.08892877547289046,1.0
red,1146,d8945044b0c9318811eafd853badc9e267b8078cb7b00824c09a96c90d36beb6,随机森林,6.0,6.023223802126668,6.0,0.02322380212666797,0.0
red,1148,8988c4dae2a52afaae7d50e3b56279a44d87c63945e00dc6583e26cdf9155d49,随机森林,7.0,6.110398010514885,6.0,0.889601989485115,1.0
red,1150,23ac7727042aec92ba7ba295d9f3568834b6821cf06ee968ec53de5e6dc3f913,随机森林,6.0,6.255190880198233,6.0,0.2551908801982332,0.0
red,1151,2119dd9afd3576ff1baaa48a6d86c22f96c7692a20701dcb80e00120dc1c9ddc,随机森林,7.0,6.864741451946172,6.0,0.13525854805382842,1.0
red,1158,3252a897cff817e0ff8c6e03343006c0e875d50820691f7218c92a58406e19d8,随机森林,7.0,6.893263151336679,6.0,0.10673684866332067,1.0
red,1161,f7e89a228b13f4d0db1cc07901aec8cab56a8218e79ca97675f87820d88dbccf,随机森林,7.0,6.488589347743758,6.0,0.5114106522562416,1.0
red,1164,a6c1ff438293c70b1c10a8df64836f84bc169ac48bc79e573d836941bfe95d45,随机森林,5.0,5.6380601386630795,6.0,0.6380601386630795,1.0
red,1165,a6c1ff438293c70b1c10a8df64836f84bc169ac48bc79e573d836941bfe95d45,随机森林,5.0,5.6380601386630795,6.0,0.6380601386630795,1.0
red,1168,17608538b48e6172cc9d0968e7dbfecbaa3d5733ffa3646edb0395670f535c23,随机森林,7.0,6.757703098100155,6.0,0.2422969018998451,1.0
red,1176,e4319e4c7cec3402ab8f65666bd0230fea2b7302a5e787d41ccab4e283957b71,随机森林,6.0,6.056585739151919,6.0,0.056585739151919334,0.0
red,1194,8ed2ca4ac6a93ff30840b4c5998c1381ca84fa0d4a51b47078cb67cdea4a9744,随机森林,5.0,5.015325232201005,6.0,0.015325232201004901,1.0
red,1196,a16daae97be1e21424b700fd70f2b6b92238a0e20ad8d85de3e1765e0c271da9,随机森林,6.0,5.262555542081473,6.0,0.7374444579185271,0.0
red,1203,28c201cb28872acf4b6dfe2eb5895f26550589446f0192d59bf152547242d459,随机森林,8.0,6.641318381237503,6.0,1.358681618762497,2.0
red,1208,9d03bcdd0ed1ea4810ab9764a1ba7bc11a0a3ae205062e2cef938731297c25f4,随机森林,5.0,5.568357881769652,6.0,0.5683578817696517,1.0
red,1216,96db8023c392737972c6b65e877e66df468c03d6c1fb2a6381c40049614c5f8e,随机森林,6.0,6.011932704135103,6.0,0.011932704135102945,0.0
red,1227,3b631b4025d93d26646ab3aa3c1fc9716c66d3b68e112ab61403219a9a8ec281,随机森林,5.0,5.122152175983058,6.0,0.12215217598305816,1.0
red,1232,110b8c164f7ed3f38742fa43294f256ec9670ebb8c882368e227a7e5c0e90287,随机森林,5.0,5.55218385971327,6.0,0.5521838597132698,1.0
red,1240,8b94423665f30004d232d59892e56f55ed46fb003af2a0cd8e69325667ce708f,随机森林,4.0,5.886888921922595,6.0,1.886888921922595,2.0
red,1243,04b6c4eedcc51b2a93e2940edcb910b91bb806361ad3420057db0346eff66b8b,随机森林,6.0,6.194372603503019,6.0,0.19437260350301866,0.0
red,1249,1151e85b2998da137ddd08b021076ab31bd046eabf876d7c6799924aae7adf95,随机森林,6.0,6.237842171717171,6.0,0.2378421717171708,0.0
red,1261,bb7bd40aa435d39266919f9c587b0bb86caaea6472b4b57d91734aaa60538976,随机森林,5.0,5.215421030494561,6.0,0.21542103049456074,1.0
red,1262,80c62d5178b1af979f93e154ecd95f5b734b51d66abf77cfdc27ec596f6780f9,随机森林,4.0,5.214838846582272,6.0,1.2148388465822721,2.0
red,1263,06f980f5be0e520c956b5d9379f45fa61017ffe8697a448076514c994201ad58,随机森林,5.0,5.070895664162693,6.0,0.070895664162693,1.0
red,1265,f0ba2f8ff95565e4b5c865149a233203cc596ccab0bc3534e18f6031b7585ca8,随机森林,6.0,6.593320266062914,6.0,0.5933202660629142,0.0
red,1266,a44a37be87387a96515d827cfd1f75bb7e73e9f5b63e490502573ece50c0f7e5,随机森林,6.0,5.780696699542288,6.0,0.21930330045771207,0.0
red,1267,a44a37be87387a96515d827cfd1f75bb7e73e9f5b63e490502573ece50c0f7e5,随机森林,6.0,5.780696699542288,6.0,0.21930330045771207,0.0
red,1268,d1217e33f1cda8961ca2ca8ee613299d946f904e65ced23692b6cad2d388c7c9,随机森林,6.0,6.147902082981803,6.0,0.14790208298180296,0.0
red,1269,397f92e54c7657984954e331e373d471c4512c236c2cbdc80fa95b213254b101,随机森林,6.0,5.2955161948617855,6.0,0.7044838051382145,0.0
red,1272,10aeed90642b22997e042ca24cf3ebf2874fe97a7d3649dab22c499116966fc4,随机森林,6.0,5.958451830576828,6.0,0.04154816942317208,0.0
red,1275,a719b64e68f195e9c7afdbef99dc94c56565e5a29de7a4ffbe9402610aa9039c,随机森林,6.0,5.680608329192309,6.0,0.3193916708076907,0.0
red,1276,09aa9bdc4f333b6dea0856b48deab226724e112199b2752a6cfa480b2b4addd2,随机森林,6.0,5.148291902055058,6.0,0.8517080979449423,0.0
red,1277,230f6ad84847b812bb3495348659fa2766c861a1f5b00aa5ed47e1d8cdafcb24,随机森林,4.0,6.345900254873552,6.0,2.345900254873552,2.0
red,1279,09aa9bdc4f333b6dea0856b48deab226724e112199b2752a6cfa480b2b4addd2,随机森林,6.0,5.148291902055058,6.0,0.8517080979449423,0.0
red,1284,18977acc55cbf3a135d683edd3d5d934fa3f6621acf51930debe70cbc58f8f13,随机森林,6.0,5.453766958732132,6.0,0.5462330412678682,0.0
red,1294,afd2b71191a5cfc77b166b6ed3101c5207963ff7d215f2e1f039f2ad1fffde8a,随机森林,4.0,4.8593776194708855,6.0,0.8593776194708855,2.0
red,1296,0bb8038f185c411b529ea85b508ad19b4d36fa518b6ffca6e23f71f515979855,随机森林,5.0,5.127476573277659,6.0,0.12747657327765882,1.0
red,1297,0bb8038f185c411b529ea85b508ad19b4d36fa518b6ffca6e23f71f515979855,随机森林,5.0,5.127476573277659,6.0,0.12747657327765882,1.0
red,1302,0f3124808b6c867e0406ef8c0bcc6bb371a5b8a135777766a411d22aac3b6456,随机森林,6.0,6.362307990283998,6.0,0.3623079902839983,0.0
red,1334,3ad4df292257ae63092d0ad1db2c3c4077197ff029d6d56a0fd904e4dbf3ce15,随机森林,5.0,5.012644578188695,6.0,0.012644578188695021,1.0
red,1348,b1282660cbef8ccf3a7d6ec2756835dfebc2643f8275d0e395eab01cb844abb9,随机森林,5.0,5.012169982107676,6.0,0.01216998210767617,1.0
red,1349,b1282660cbef8ccf3a7d6ec2756835dfebc2643f8275d0e395eab01cb844abb9,随机森林,5.0,5.012169982107676,6.0,0.01216998210767617,1.0
red,1350,97ff32c0f1f455b614b2edc332adbae7d3bb6aacc8cfd605b5ed50b50b62c1e1,随机森林,5.0,5.515119328512906,6.0,0.5151193285129061,1.0
red,1361,11382b8191b8a861217e526cef03bc7fca1a53cad777e6cab785f7a506d3eb68,随机森林,5.0,5.564738036330141,6.0,0.5647380363301409,1.0
red,1362,c736c0dffcc3a6eda4419856dd0c90c6c488d618a045364ae498ee6d64664dbb,随机森林,5.0,5.172882793333261,6.0,0.17288279333326084,1.0
red,1365,53ff98bfdb29bf93342ebc3b35587da6773ac04277c432e4d9838a444f90521e,随机森林,6.0,6.066290954415957,6.0,0.06629095441595734,0.0
red,1367,2cb04c4761f49858eb02fac992cd42e2e662583d04a70be0b25fb8b3c8713468,随机森林,5.0,5.048646755477638,6.0,0.048646755477638415,1.0
red,1371,0d5bc7ab779f1e9e63cd0ddc92c9559c63c5cbc19543f78d07c241ff348f33a9,随机森林,5.0,5.183519719659424,6.0,0.18351971965942404,1.0
red,1372,829e5914c51ee27102ab3e1ec9d5cb01a530d8e6994993d8f03c285bdce7b4ed,随机森林,6.0,6.551988629218502,6.0,0.5519886292185019,0.0
red,1373,0d5bc7ab779f1e9e63cd0ddc92c9559c63c5cbc19543f78d07c241ff348f33a9,随机森林,5.0,5.183519719659424,6.0,0.18351971965942404,1.0
red,1374,f66b86476b106873861c77c689aa455c5799e341cb8172266136458f6b7608b3,随机森林,5.0,4.933662760442168,6.0,0.0663372395578321,1.0
red,1379,aa6ae090091365bf992e1067fba7c059879f907bc1bafa8ee35470524a488bdb,随机森林,6.0,5.159848853488558,6.0,0.8401511465114417,0.0
red,1380,7ddd58d5005fe3e38dc185bae4f9403a10a29455a5f3a9c9b1ce4fc151156039,随机森林,6.0,5.863671826267415,6.0,0.13632817373258543,0.0
red,1381,7ddd58d5005fe3e38dc185bae4f9403a10a29455a5f3a9c9b1ce4fc151156039,随机森林,6.0,5.863671826267415,6.0,0.13632817373258543,0.0
red,1390,6a6f7b7adeb50e3a2a87ca26584fcd47dce167e7075124cfe603ae0ddb6a9509,随机森林,5.0,5.208226404715568,6.0,0.20822640471556841,1.0
red,1393,8deed0a92e4bb21fe07539726e6e6360899da9775428731778c104f22a6575b9,随机森林,5.0,5.101085730846952,6.0,0.10108573084695216,1.0
red,1396,886dafcb7610fe7fdf3371d4b2f67b0e623ea998af748bda1c7097f75f97a39f,随机森林,6.0,5.27061146785218,6.0,0.7293885321478202,0.0
red,1415,2d2a223e13e1635bf376490313d46aa88bee1c03229cd53ac3044e08947ee000,随机森林,5.0,5.747922587961285,6.0,0.747922587961285,1.0
red,1417,2d2a223e13e1635bf376490313d46aa88bee1c03229cd53ac3044e08947ee000,随机森林,5.0,5.747922587961285,6.0,0.747922587961285,1.0
red,1422,a8c5b12cdb239878f6850a35b456ca520255d44864008053f76dbf33853169e3,随机森林,5.0,5.240568385318388,6.0,0.24056838531838842,1.0
red,1423,3dad37bb551bee7e0574fcaf071b2ed2966912eff89a855afa6339950b7e9cd5,随机森林,6.0,5.997590550116092,6.0,0.0024094498839080103,0.0
red,1424,4a3e63345fffe3f2ff21f4aa147a9fbc33966a61860dd6e6cd3a0f33e6cf644c,随机森林,4.0,5.862981325562981,6.0,1.8629813255629806,2.0
red,1428,b82f73d4bbdff80748b4544d780812fd720ac7a18bfba313446314db0f9744f1,随机森林,5.0,5.706362563491435,6.0,0.7063625634914352,1.0
red,1432,9275b78cc2861a8494fc043e5c08a3e5c854d96af83aeb407f5c75f6cec378e1,随机森林,6.0,5.184167369581456,6.0,0.8158326304185444,0.0
red,1435,5fb72d8e3364a785bfa7e792981dee0e5fffc09cbdfd8d53df742d174a15d9c2,随机森林,6.0,5.063552779249762,6.0,0.9364472207502379,0.0
red,1436,5fb72d8e3364a785bfa7e792981dee0e5fffc09cbdfd8d53df742d174a15d9c2,随机森林,6.0,5.063552779249762,6.0,0.9364472207502379,0.0
red,1449,47f0fd0250caae33e6eee79ea50f98a645f16127a74668a2a2c7c7c1ea910f51,随机森林,5.0,5.167951005994354,6.0,0.16795100599435386,1.0
red,1467,3d6ed58789a8f1edf9ec9b154b264ea28dc05056e043a9995a158b381308a937,随机森林,7.0,5.579042284240813,6.0,1.4209577157591866,1.0
red,1469,3d6ed58789a8f1edf9ec9b154b264ea28dc05056e043a9995a158b381308a937,随机森林,7.0,5.579042284240813,6.0,1.4209577157591866,1.0
red,1471,04b4b5e97a5190720b89c886dd7215a8f4ab0e33bae7fab2c29fe2d96866c067,随机森林,5.0,5.131883664523757,6.0,0.1318836645237571,1.0
red,1476,39afa8a540efa03e8240184a5c7687c51edbc71a1ce68e44c0a95969b50d2e2d,随机森林,7.0,6.871240526086114,6.0,0.12875947391388642,1.0
red,1480,34ad23d57dd1e7a4c7928703d03605fbdddb50fa72c19a26e15dc090108c98f9,随机森林,5.0,6.2123474038145075,6.0,1.2123474038145075,1.0
red,1482,34ad23d57dd1e7a4c7928703d03605fbdddb50fa72c19a26e15dc090108c98f9,随机森林,5.0,6.2123474038145075,6.0,1.2123474038145075,1.0
red,1487,fd3d33cdf4ee88262914307b312751eae6f6fbb109c06807cde19aef8f88f975,随机森林,5.0,5.696286409124641,6.0,0.6962864091246406,1.0
red,1494,75d47ba554c5807fdd7112f05551510ab86e9e1c0c2941800f8a0d5664195740,随机森林,5.0,5.172812557812557,6.0,0.17281255781255744,1.0
red,1497,75d47ba554c5807fdd7112f05551510ab86e9e1c0c2941800f8a0d5664195740,随机森林,5.0,5.172812557812557,6.0,0.17281255781255744,1.0
red,1501,1a4bd79163cde594c20cd4008e991a13203a8878cbb32aed155ae07091297425,随机森林,5.0,5.171252561708446,6.0,0.17125256170844594,1.0
red,1507,0b064d29e909d4a7e51c5e8c54e62dd26f238cc8b25f23322e69ff0e87757d12,随机森林,6.0,5.669637124585653,6.0,0.3303628754143473,0.0
red,1510,cbb649c155d7a5f40accc18cb3f1512306b58c212f1b8ab43c5195b8c8298c7d,随机森林,5.0,6.33081719914073,6.0,1.3308171991407303,1.0
red,1511,0d082f4ddb90cb2f9cf6e5d85fd36867c5361174aea8315d4e58d05c563bdbd7,随机森林,6.0,5.628850922225924,6.0,0.371149077774076,0.0
red,1524,33ae08bd79eb4a546c291d7f23684c14eff75144685593d675f465507af5849e,随机森林,5.0,5.6165064216828915,6.0,0.6165064216828915,1.0
red,1525,1bf2258ef00f275e3f32fef3b6472c7103df748fc8678978a4a706648f3226d3,随机森林,6.0,5.857106548680078,6.0,0.14289345131992182,0.0
red,1532,b3a1c1b070821617fca7da99aaf6276bef450227bb7f3d15b99f12f231302e9f,随机森林,5.0,5.63604597390627,6.0,0.6360459739062696,1.0
red,1534,b136e25b04158f5c6d1727f2a5507a9513521552733e1a519a016ab3174dab8f,随机森林,5.0,5.267011114287042,6.0,0.26701111428704216,1.0
red,1543,5481dc11da73ce2b439936376849f9f9b25d62501b97a32197e8dc1496999c34,随机森林,6.0,5.617155219780219,6.0,0.38284478021978074,0.0
red,1548,b399bbfcc1f7c54fcb1cc18d279270ab6e77025b747843e8ef7b6c2b86689050,随机森林,5.0,5.692969601548548,6.0,0.6929696015485476,1.0
red,1554,cbb3fc5bc53fd2c192144599f3a36049a77427c4963fce6d30dd08515dc1baa2,随机森林,5.0,5.267830937308876,6.0,0.26783093730887586,1.0
red,1559,baefb4b968d7bfcdb6865dbf52b4218f94732bc724c428d61dad60c697166a66,随机森林,5.0,5.152637596321806,6.0,0.15263759632180562,1.0
red,1581,cbcc41f90e1bfce1d0a74c1c41e7b78e28a3cce7952a1141c623768cd4e7e9b1,随机森林,6.0,6.107475506276204,6.0,0.10747550627620406,0.0
red,1583,fc4ca80c1e86b60cbe6b79e61b6387729fe3126ccd96561af2b485b3bc21d4b7,随机森林,5.0,5.663495080942451,6.0,0.6634950809424511,1.0
red,1586,78e5ad95a10e6303e0c4168edc22dfe057a521410ea4a10c45390bcf79233adb,随机森林,6.0,6.469311389484347,6.0,0.46931138948434725,0.0
red,1587,38a75702cf11bd1108b167c83b095044a26680ef5471cc4c4be5d11ccd11ad50,随机森林,6.0,5.980837919161449,6.0,0.019162080838550644,0.0
red,1594,36d6ef14414d59bce7c278ec606f8202f3ec9f5972656ae182b21971b51ac9d6,随机森林,6.0,5.112785297691647,6.0,0.887214702308353,0.0
red,1598,24487af39cd2fb650ded921c64c28f216d1f94e164f5ee726254d0564dbf9a47,随机森林,5.0,5.660278534918243,6.0,0.660278534918243,1.0
white,4,0ec3695ac52a814d2b0fae5712f4d7b284ad45a5a6d59ef8fca09126593d6218,Ridge,6.0,5.739376697724261,6.0,0.2606233022757394,0.0
white,5,0ec3695ac52a814d2b0fae5712f4d7b284ad45a5a6d59ef8fca09126593d6218,Ridge,6.0,5.739376697724261,6.0,0.2606233022757394,0.0
white,11,7105101663046c3689cef9034eaa79dd6bfcb2d2d934d9c8f91b00961216a7ee,Ridge,5.0,6.194432147582621,6.0,1.1944321475826207,1.0
white,14,32913f21ecba6a3309ea9d0c8aa93016666380c03ffa2d1c150d3bea7b649663,Ridge,7.0,6.779221643791869,6.0,0.2207783562081307,1.0
white,19,c91755874c0fbc333731d1e3d86d6e772c33df0ff377426cdbc00e6df3f9a0ad,Ridge,6.0,5.774418635128625,6.0,0.22558136487137492,0.0
white,25,946c809a7277b7ec65f594ee38371467e54f43720961b2d3d5d74958b211a330,Ridge,6.0,5.328472171786779,6.0,0.6715278282132209,0.0
white,31,63bd9156096cbff61bb0540310cbd8ab8ea1bfcffb23e5e583c1548399d51b53,Ridge,6.0,5.7306425675328985,6.0,0.26935743246710153,0.0
white,36,97303defd6b7d56de8da06ddae9fc3bc76c44985b091740906fa5f38a09e8e07,Ridge,5.0,6.426854344759301,6.0,1.4268543447593007,1.0
white,54,2c942b47ddedc21d2068b46da86328d106c933dd20f559c83fbf19d020ee7350,Ridge,6.0,6.114798593498519,6.0,0.11479859349851917,0.0
white,58,672315fa999b043a5a6bc5716d769b324df9d918bab06eccc64532159ce1e7b6,Ridge,6.0,5.702088885901271,6.0,0.2979111140987287,0.0
white,59,51f32873b6f8619a590095fa2d9018d456dffed966a151efff5e9f5bd4a8409c,Ridge,6.0,5.464655987405612,6.0,0.535344012594388,0.0
white,62,672315fa999b043a5a6bc5716d769b324df9d918bab06eccc64532159ce1e7b6,Ridge,6.0,5.702088885901271,6.0,0.2979111140987287,0.0
white,64,51f32873b6f8619a590095fa2d9018d456dffed966a151efff5e9f5bd4a8409c,Ridge,6.0,5.464655987405612,6.0,0.535344012594388,0.0
white,66,5a31d05fcd0f56eddcec1ec168b473ef93aa974d2b29b6b681dd2985e6f91108,Ridge,5.0,5.0915213693312324,6.0,0.09152136933123245,1.0
white,67,b530d92f1247183f7c53dc5d47e56ddf7e753198b9320c0565315b91d31f3268,Ridge,7.0,6.822182241711852,6.0,0.17781775828814794,1.0
white,69,c97446056bbf9716c3f1d47491f2307880eff338933ff39b0a5aa133edce6b4c,Ridge,8.0,6.028377105898556,6.0,1.9716228941014444,2.0
white,70,628a0744bf59e7b4259e7e86a71452af609a3bfa245ce0c7990cd2a11cdefc35,Ridge,5.0,5.575519202150884,6.0,0.5755192021508844,1.0
white,74,5604d95f27cf7bcbeb46b752df81a5b304f7f4de47d0ce56dcbbecdc17d8dcbb,Ridge,6.0,5.0939711706662765,6.0,0.9060288293337235,0.0
white,75,c97446056bbf9716c3f1d47491f2307880eff338933ff39b0a5aa133edce6b4c,Ridge,8.0,6.028377105898556,6.0,1.9716228941014444,2.0
white,76,628a0744bf59e7b4259e7e86a71452af609a3bfa245ce0c7990cd2a11cdefc35,Ridge,5.0,5.575519202150884,6.0,0.5755192021508844,1.0
white,81,2b2716ef688e0ab6fbe51944d3aa2c72a9076a41d8bbb30bb7469bb02c6de204,Ridge,6.0,6.046620418500732,6.0,0.04662041850073173,0.0
white,83,b78f80f918056f48857be58df237a96a2a1a1b174ece09b7b45a5ea24f1f2880,Ridge,5.0,5.5101091268011215,6.0,0.5101091268011215,1.0
white,87,cb94409d24bca223af2cd07bd105899d5c4f6cf72f4647083bfa7c305775e1d0,Ridge,6.0,5.175353900082684,6.0,0.8246460999173157,0.0
white,91,cb94409d24bca223af2cd07bd105899d5c4f6cf72f4647083bfa7c305775e1d0,Ridge,6.0,5.175353900082684,6.0,0.8246460999173157,0.0
white,96,f479f042330c78e93c065d9cdb8e2add2cea755e2c804319db0ba4f8222753fa,Ridge,6.0,5.5803903657722245,6.0,0.41960963422777553,0.0
white,103,9b034d8c22a74bf7a68bfbbd02b27dc98aa68cf6a5b6f97773b4b21d44c60ca9,Ridge,5.0,5.830531070632317,6.0,0.8305310706323166,1.0
white,108,2d7112b56bc49045e149fc92931599f17e61cfcc435d937acec830f1e6c6690c,Ridge,6.0,5.857018915983168,6.0,0.1429810840168324,0.0
white,109,2d7112b56bc49045e149fc92931599f17e61cfcc435d937acec830f1e6c6690c,Ridge,6.0,5.857018915983168,6.0,0.1429810840168324,0.0
white,127,f4617fd48578f2c7dafcca91fb3ce538098c4735bd6ff648a5a3080fd8849e15,Ridge,5.0,5.644404815059534,6.0,0.6444048150595343,1.0
white,137,bba95c83a4faa76db47f73ef3dbd7ba8f8664f4b115631865279f0ae46d773d8,Ridge,6.0,5.833136114009579,6.0,0.1668638859904208,0.0
white,138,8e515509db79497e94aa139208fdba79781d3a4ce2bfab4cbf9505e6100b9dae,Ridge,5.0,5.18783289742234,6.0,0.18783289742234022,1.0
white,142,8e515509db79497e94aa139208fdba79781d3a4ce2bfab4cbf9505e6100b9dae,Ridge,5.0,5.18783289742234,6.0,0.18783289742234022,1.0
white,146,8f21f78f0e06a3e4bda85aa8018c3daeab76110dc032361f147bd0356dc5a5a4,Ridge,6.0,5.881104455335669,6.0,0.11889554466433072,0.0
white,147,7c31ca721a729ce4581e3969e911182ce8d9993af78c25987b07597b24713341,Ridge,6.0,5.876837220845107,6.0,0.12316277915489326,0.0
white,148,3037f5007236109a459350fcbd10ef21516e27ddacbe2e1415a52a43ac0f7624,Ridge,4.0,4.708173601071378,6.0,0.708173601071378,2.0
white,152,dbd50444b5bf850850949941553b59880a8f036c1c1aa1c26dc7f4bd6d74ef52,Ridge,6.0,5.880118072063491,6.0,0.11988192793650931,0.0
white,165,1ab84f8ba219a0af73d405232626b4da774fff9a03b1f6511dac8bca1ae33541,Ridge,5.0,5.85333522967362,6.0,0.8533352296736201,1.0
white,169,1fb2b80f362e187b3f8b73a7ae45283abd3702334a0876f7537453e194096420,Ridge,5.0,5.32931009943687,6.0,0.32931009943686984,1.0
white,186,e66b8732ca2a1e024c55a3788113f7e36e97f2a7d09bfad3e1624321c6761485,Ridge,5.0,5.6141688904422615,6.0,0.6141688904422615,1.0
white,188,7c667fe03a3107005ce54b7795e2af77fda696ead95e6569585238e15cd50e38,Ridge,5.0,5.9568833976570446,6.0,0.9568833976570446,1.0
white,207,fe418ba93ad724e3603e1e46907a0e2a354b13516ce7fcaf9da686b43e43bd45,Ridge,5.0,5.644143373470997,6.0,0.6441433734709969,1.0
white,208,e4d98c23671470ee86ba8952e3878b89dc2f50d314669a1d01b804510d1024b3,Ridge,4.0,5.092232841095415,6.0,1.0922328410954147,2.0
white,209,2f9819e7e67d5c7ad5014e5db404cb0ce7b907d395817c7c502694e7a4ea2d38,Ridge,5.0,5.184817551511947,6.0,0.184817551511947,1.0
white,210,c82443ace37c079469dbf40470e935c4e35efca30691160062ee06b710b79b08,Ridge,6.0,5.230543814918108,6.0,0.769456185081892,0.0
white,212,16d2256d106180ad7898335e8ae14efce4862388489d1bd065d61b13484ade16,Ridge,7.0,6.267175768346289,6.0,0.7328242316537112,1.0
white,213,fe418ba93ad724e3603e1e46907a0e2a354b13516ce7fcaf9da686b43e43bd45,Ridge,5.0,5.644143373470997,6.0,0.6441433734709969,1.0
white,217,eb384428e9c903e498156bd45e1a13aa8e07eb1b451c9637c61e65db65c9499c,Ridge,5.0,5.912060533842215,6.0,0.9120605338422152,1.0
white,221,eb384428e9c903e498156bd45e1a13aa8e07eb1b451c9637c61e65db65c9499c,Ridge,5.0,5.912060533842215,6.0,0.9120605338422152,1.0
white,233,df6c0fc7306f4618e332735720aad76c0775ada44951497c0611f38732f02367,Ridge,6.0,5.452944703208879,6.0,0.5470552967911209,0.0
white,234,f7f2e4edd656e1e83989f9f2d3eefdd6cdfd112097db79c2d8e7b6ee955d8f55,Ridge,6.0,5.655899812725042,6.0,0.3441001872749583,0.0
white,235,f7f2e4edd656e1e83989f9f2d3eefdd6cdfd112097db79c2d8e7b6ee955d8f55,Ridge,6.0,5.655899812725042,6.0,0.3441001872749583,0.0
white,236,f7f2e4edd656e1e83989f9f2d3eefdd6cdfd112097db79c2d8e7b6ee955d8f55,Ridge,6.0,5.655899812725042,6.0,0.3441001872749583,0.0
white,237,f7f2e4edd656e1e83989f9f2d3eefdd6cdfd112097db79c2d8e7b6ee955d8f55,Ridge,6.0,5.655899812725042,6.0,0.3441001872749583,0.0
white,239,63a26014c5a8eb0107fb1be4423b7ebf73015319e038da25d43b82b4d767134b,Ridge,7.0,6.056561108067403,6.0,0.9434388919325967,1.0
white,242,b5e5185ad0c93b094492a0e5507254f04e882431df4bb8a4b0c8cf924fe97aeb,Ridge,5.0,5.823069622143181,6.0,0.8230696221431808,1.0
white,247,d8d447650bcf16d8f13cf7c83e577a2bec86daae919e0cff01c845403ffbcafa,Ridge,7.0,6.669033281505497,6.0,0.3309667184945031,1.0
white,254,55d4d6be63e8b36e61a4e756f74c8212632ca494884460c923ec7e353e982bf2,Ridge,3.0,6.418956192733152,6.0,3.4189561927331518,3.0
white,265,e0848410d8848374bf912708635712636cf4ea0de818c4307c486612d771fb72,Ridge,6.0,5.788662903488006,6.0,0.21133709651199428,0.0
white,276,cd5b725020b3bbe7bed66c50f3ca5bd7b245b5cbdaa39cf841a0ee0f03e94323,Ridge,6.0,5.91669775898714,6.0,0.0833022410128601,0.0
white,277,bb3d392b268817b50b21e5995bfbe21be3f051e83b64b5883eb6e81b7ad5edd0,Ridge,6.0,5.921373769704311,6.0,0.07862623029568905,0.0
white,281,4a3db7e4ec9c686e1a12e9d34380c24e52feafa4e666cc07a373d28a26cb3637,Ridge,8.0,6.578107657113373,6.0,1.4218923428866272,2.0
white,286,1f0b90fa8fd75f2d6829cd484a56a9b0a96da97fc4f6abc3293c7bad9a768463,Ridge,5.0,5.137979036660145,6.0,0.13797903666014477,1.0
white,297,18446890726130bb34b117e2c2dcc23d4b05f91dc9824765746873d66dc3a8e0,Ridge,5.0,5.3195037763023985,6.0,0.31950377630239846,1.0
white,302,00ad088484d2b85ad431153ba2842d932321e13f8aa66c11de917bdf3138fc91,Ridge,6.0,5.765260762108221,6.0,0.23473923789177942,0.0
white,311,b7b4ad8a36adfca45b7c85338010ed6ca01e2cc53ca7737144e035fe093523f7,Ridge,7.0,6.109859209580697,6.0,0.890140790419303,1.0
white,313,6afb4fd80a8fbc4c01f48093ba0cdd46603abbe32c5e6af1c7dc464850b1569b,Ridge,6.0,5.558244874545724,6.0,0.441755125454276,0.0
white,328,88008ecfe922cc353564897c8d60d3a3434503e494c199e49510be42caeee1fd,Ridge,6.0,5.65390741554991,6.0,0.3460925844500897,0.0
white,332,f971ea829b6447b250c532a4cbf3fc94c47b09a535d2155c8b8b477d7baa050f,Ridge,5.0,5.951645608522048,6.0,0.9516456085220479,1.0
white,334,99f636d175ccc740caaa348883fb7a62098d0ab0c45799b431882786c0387e61,Ridge,5.0,5.6868992623202965,6.0,0.6868992623202965,1.0
white,355,9ee83e07e332bcdca6ac663e47ae0fe5a0044fe3f9d51c523f92b97ec839fe6e,Ridge,6.0,5.3421744263541955,6.0,0.6578255736458045,0.0
white,360,5a14aac693f77f5418253bc4bc69d69ff9116e7e1e28fc5d697e2345d97dbfc2,Ridge,6.0,5.973889892398764,6.0,0.026110107601236443,0.0
white,363,ad163f1d8798668f1b89ce84b0e52976c7d96587b733aaea9435f262fed29151,Ridge,6.0,5.898228168337881,6.0,0.101771831662119,0.0
white,369,0c919432e22aee32181cde140fe3059e8312e6ca059e4b2f5846226e9b4fe4c4,Ridge,6.0,5.773673442880643,6.0,0.22632655711935712,0.0
white,372,0c919432e22aee32181cde140fe3059e8312e6ca059e4b2f5846226e9b4fe4c4,Ridge,6.0,5.773673442880643,6.0,0.22632655711935712,0.0
white,377,b65c57196fbcda04c685267935c5b1f2d3a89563cca0a88c0b6fc022fe60563a,Ridge,7.0,5.703301065516452,6.0,1.2966989344835476,1.0
white,380,b65c57196fbcda04c685267935c5b1f2d3a89563cca0a88c0b6fc022fe60563a,Ridge,7.0,5.703301065516452,6.0,1.2966989344835476,1.0
white,382,4b521edb393c5e89ccad0b40284136ca931772473028f47dd82cce628febc706,Ridge,6.0,5.512980292334535,6.0,0.487019707665465,0.0
white,387,056d5a6078bddbabf389a91d29bab79672749aae1ba485dd80f1a2c705cef645,Ridge,7.0,6.2655038268218854,6.0,0.7344961731781146,1.0
white,392,b390be78c0df5b93a179bfe8cd8387eecdeccd9433658198a78e604ff218496f,Ridge,5.0,5.545895754672324,6.0,0.5458957546723244,1.0
white,393,e08a77108c94c76a1bd48fbe3d001d9e64bce9982a6499167ec9f3583d4157f1,Ridge,6.0,5.370855129367101,6.0,0.6291448706328993,0.0
white,399,8c903df71d3dbd218f73087334e2646fa9fbec4b7bb2b785eccf556a84da88ca,Ridge,5.0,5.925265719272629,6.0,0.9252657192726286,1.0
white,413,92989d1a1d1b10f44a9e46b7c8e6fe1718066537dbe0637b6ff4a4285817223b,Ridge,5.0,5.943166973667618,6.0,0.9431669736676183,1.0
white,414,92989d1a1d1b10f44a9e46b7c8e6fe1718066537dbe0637b6ff4a4285817223b,Ridge,5.0,5.943166973667618,6.0,0.9431669736676183,1.0
white,418,0ad8cd187b3dce8064edca7037a39c847c7175145a220e4ceb1e397423e8048d,Ridge,5.0,5.362568522425863,6.0,0.362568522425863,1.0
white,420,c175de99e034960f9f4bb0136a1f5ae392a4e8eb9666c115312a0e33b8100ea5,Ridge,6.0,5.716555160170235,6.0,0.2834448398297651,0.0
white,421,c31ef163993e47c6554490c5286d60778cae9e83c1a942dece67a0c170299d4b,Ridge,7.0,6.67295944053069,6.0,0.3270405594693102,1.0
white,441,3447315e0ec544f329183a1b93b9b72d1061e685e424b9f45ec882fdc064daab,Ridge,7.0,6.315453283912936,6.0,0.6845467160870644,1.0
white,445,4b5fe84666c743ae6b2e27b7d42b6459272f1797fc44cecf4304d01ac0174d2a,Ridge,6.0,6.613983402515914,6.0,0.6139834025159141,0.0
white,458,81d82a4eccfc5e0129c432994aec85e2f2d22dd9ffe16d2424f26d257ea5e341,Ridge,5.0,5.571042982501332,6.0,0.5710429825013321,1.0
white,461,81d82a4eccfc5e0129c432994aec85e2f2d22dd9ffe16d2424f26d257ea5e341,Ridge,5.0,5.571042982501332,6.0,0.5710429825013321,1.0
white,462,f586a65de70e7290fd36c3bc07b1de95111294f16b9e8b563a23aa2c4cc15162,Ridge,5.0,5.758762487242646,6.0,0.7587624872426462,1.0
white,465,1558d0fa3f739ba4384a30f5ef96818b95395ddb59f7b7728be1eb64021208a0,Ridge,5.0,5.247840958494386,6.0,0.24784095849438614,1.0
white,469,1558d0fa3f739ba4384a30f5ef96818b95395ddb59f7b7728be1eb64021208a0,Ridge,5.0,5.247840958494386,6.0,0.24784095849438614,1.0
white,471,b0b14b9ce255469fa38504cc7827829ca3e4f7c4c7341f270a4bcfc60ad90beb,Ridge,6.0,5.368073844639281,6.0,0.6319261553607189,0.0
white,474,f623f3347e763122f54645fd86a6c22cf3825d6f5eecb158acb22d50cfdde85b,Ridge,7.0,5.7928235414358795,6.0,1.2071764585641205,1.0
white,478,aa75de9d89c2c9f0acb78a723f026464cca713054f1d656190c55a1f0267c51b,Ridge,6.0,5.752663275391004,6.0,0.2473367246089957,0.0
white,485,7d039ea23615467cbd66ae72a2c418ab8ea1fd72d8c9c556cdbdc80d80339bf5,Ridge,5.0,5.4385128459676135,6.0,0.43851284596761353,1.0
white,487,9f572410c4261daff7358b469a8bbefa0fde0e034119d3a240157c85d4da232e,Ridge,6.0,5.882559812798968,6.0,0.11744018720103178,0.0
white,496,4b0911cf750a8c29a4d457f8ec989dc9d187ee3bb66c9796cf69209ed65e3485,Ridge,6.0,6.411669343017168,6.0,0.4116693430171683,0.0
white,499,211061bce64123d68f76a4453b8137abd3dd614cccc253d0cf008124585d4da5,Ridge,5.0,5.522168210537329,6.0,0.5221682105373286,1.0
white,507,33ef05baafb31c5878a3cfc85decdbbbc617f5226ad1d08ffcc5072c99a1ad45,Ridge,5.0,4.598903971707462,6.0,0.401096028292538,1.0
white,513,eaa09202b591593372f5587cc43f2914af24a0be5790367fee61e023b0716e07,Ridge,6.0,6.079919484209359,6.0,0.07991948420935913,0.0
white,514,a8b0dad3c47d3e210e9e03041c6ab26a27101218bbbbde806882878e0638e9d5,Ridge,6.0,5.800681567509312,6.0,0.1993184324906876,0.0
white,523,c7ffcf79cbbb86c209ffe80cbd84895b891b535c2afcc177f5109c85d79753f7,Ridge,6.0,6.071268394932915,6.0,0.0712683949329147,0.0
white,527,43000448ea09f92012a41a5805d9aebc9c760d10a8b0b9aa10c021c076762ada,Ridge,4.0,6.505227927228522,6.0,2.505227927228522,2.0
white,536,21bf382c1e4f7bdccbe56c39aba131e2a950c73806a21cddb4f448ff6a212fdc,Ridge,5.0,5.536914708165514,6.0,0.5369147081655141,1.0
white,537,21bf382c1e4f7bdccbe56c39aba131e2a950c73806a21cddb4f448ff6a212fdc,Ridge,5.0,5.536914708165514,6.0,0.5369147081655141,1.0
white,541,1facd2fa49eaffb9126fa45d2b221f07b524655b9af7a6fa18e129fc8df20d1f,Ridge,4.0,6.21214143454441,6.0,2.21214143454441,2.0
white,544,ebcfea1bb4888c97825b044e484ed03d45234d1399ec082029ecae0f1c7adef7,Ridge,6.0,5.886977180770041,6.0,0.11302281922995938,0.0
white,545,429ae68059b3f74be3fa49f382c7d8109fb254cb3a29fa5e3ddde7b64180f15c,Ridge,6.0,5.57038772934295,6.0,0.4296122706570502,0.0
white,551,a0d26967939552766111f9a9b0e6bfd80bd7c4056f33cee6eee6de1f9fcfc0f8,Ridge,7.0,5.663825326645676,6.0,1.336174673354324,1.0
white,554,a0d26967939552766111f9a9b0e6bfd80bd7c4056f33cee6eee6de1f9fcfc0f8,Ridge,7.0,5.663825326645676,6.0,1.336174673354324,1.0
white,557,8d5aa69e814a22fa69bfebf06d1f4c921467d140ef9f58cb1a3962a40804d296,Ridge,5.0,5.3811358083399945,6.0,0.3811358083399945,1.0
white,576,a92d4ef10e13d6f750f9f9ed3c70f71dfbcc7ce0bc6235ffa78093af8da32b3a,Ridge,6.0,5.67263436094548,6.0,0.3273656390545199,0.0
white,599,53467d29a0b20ff29183496222de15746eeef74882c8550cfbeef6fe1b915bdd,Ridge,8.0,6.199302734413934,6.0,1.8006972655860656,2.0
white,612,1f1a0bd47eb0f602351e0d93df0e64fa56cc8a9fa1789dcbefc5e867a38dbe44,Ridge,6.0,6.021782227006229,6.0,0.021782227006228894,0.0
white,614,9ff470d2e4a837328675691239e2aca2ceb6516bcc87b3167d07004545af51d9,Ridge,5.0,5.310504576413516,6.0,0.3105045764135159,1.0
white,615,9ff470d2e4a837328675691239e2aca2ceb6516bcc87b3167d07004545af51d9,Ridge,5.0,5.310504576413516,6.0,0.3105045764135159,1.0
white,618,cc6a3cafef496801444151ee51f0e563716b9100d7e34455e8354be47608b78c,Ridge,6.0,5.8888875846908615,6.0,0.11111241530913851,0.0
white,625,eb267efcf8fce8791141678bd4d5bd9192a0be05037222a70ded6ce6fd771ded,Ridge,5.0,5.150362083738262,6.0,0.150362083738262,1.0
white,638,78f88a907e41afded0bc4e4a964e06487cad11bd7f3864f63210730ed13451c0,Ridge,5.0,5.504938730892351,6.0,0.5049387308923512,1.0
white,642,4241764014bcf9dca2351235d249ab76a2abce91dca33cf2e0fd8cf192be3101,Ridge,4.0,5.448969917100602,6.0,1.4489699171006016,2.0
white,647,c8bc90c153bf5a1c0d6c7c76c440cc862e04d69c37cfde726b20aec4eaaaca7b,Ridge,4.0,5.189012758914786,6.0,1.189012758914786,2.0
white,648,8741d0c501895c22fb00f030a13f0e6cbcd55945a982466d00c57f37fedc286e,Ridge,6.0,5.841938726352527,6.0,0.1580612736474727,0.0
white,661,eeda2be06d3bd9af02a7165eddfee67de438e81ea48b54a13245ab0e18f0ab6a,Ridge,5.0,5.2273425439240695,6.0,0.2273425439240695,1.0
white,664,eeda2be06d3bd9af02a7165eddfee67de438e81ea48b54a13245ab0e18f0ab6a,Ridge,5.0,5.2273425439240695,6.0,0.2273425439240695,1.0
white,670,0b643e3ec32be75e60d9a02f13f9be5d42d9992cd8310abb6ffcfbc107ae0d85,Ridge,5.0,5.793805341761899,6.0,0.7938053417618987,1.0
white,681,42d9c54a79dbc5b43612275c4f31c631629351b98387d5ef1bff15166fb4443a,Ridge,5.0,5.621709573890783,6.0,0.621709573890783,1.0
white,682,47e659c85776522d36e8c36d78f3217b3856360b951dbda96a6e437353086788,Ridge,5.0,5.159450744284462,6.0,0.15945074428446215,1.0
white,685,a6e4baf1d2bed8fdc84e4e8b780f7a767b5f145831920fdb3f0b2e091f9da627,Ridge,5.0,5.496961249220162,6.0,0.4969612492201616,1.0
white,687,efe8aab62cd438e4434be10ad34871da18079fa4d3c6b9877d12873853e00011,Ridge,7.0,6.037215985640252,6.0,0.9627840143597481,1.0
white,692,a49c5030cf2c9179c5fb61123f391979c069325e6bf068b697e1b8040d736ee5,Ridge,6.0,5.523822494038049,6.0,0.4761775059619513,0.0
white,697,bb3980786b149dea5da4ac65c539944df804061d07241c1c1969a4c4a74621df,Ridge,6.0,6.1696466994081955,6.0,0.16964669940819554,0.0
white,698,771b6b1f38d8b279017c54276fe7e4802953c9d59cc336e2f9619e0668054015,Ridge,5.0,5.742993692385279,6.0,0.7429936923852791,1.0
white,699,771b6b1f38d8b279017c54276fe7e4802953c9d59cc336e2f9619e0668054015,Ridge,5.0,5.742993692385279,6.0,0.7429936923852791,1.0
white,707,47269b41235376532df4f109a3e8fd4b3bd805e24dac8428b593e9a82116a75d,Ridge,5.0,5.682040809260467,6.0,0.6820408092604673,1.0
white,708,b15540b0d41f09c44275bcd8bf2fd39dafd7ead9655765ae6a6866df1eed480d,Ridge,6.0,6.131609198020704,6.0,0.13160919802070392,0.0
white,709,ec678a9ed9dc19bf24f512347f3fc870636d46b7d4d233997801041d9669a0c4,Ridge,6.0,5.891314586046119,6.0,0.10868541395388132,0.0
white,711,beef749c16045eae95670255a4e8152c99d1e016c5c1941a66e9cc5b84f08729,Ridge,5.0,5.685893033357496,6.0,0.6858930333574964,1.0
white,717,acbabf0cb4a58cc7d99db6353a223218a770006d607b292cb67c8f5f67d68bed,Ridge,6.0,5.083496702381756,6.0,0.9165032976182443,0.0
white,721,5f98c21ac173a6cece7dd23f7fe031574d28f5f9d54dcd4746c6628b61955487,Ridge,5.0,5.250539987856695,6.0,0.25053998785669496,1.0
white,722,659fa35e6c3a752b274997b7b84c90b636985e5c8c1fabb679a46118b5c6a639,Ridge,5.0,5.487591851510156,6.0,0.4875918515101558,1.0
white,741,bb486e8c327c8ff4d61f7caac0170c0b4b89c5de35eabb3cff85147ae91f952f,Ridge,3.0,6.331670559321103,6.0,3.331670559321103,3.0
white,743,aacf4478494ad7f5920752102820b65e4f9e5b218773f630db385fc7a55eaa52,Ridge,6.0,5.822404210966079,6.0,0.17759578903392104,0.0
white,748,074cd3fd656c7db06d3899dcf8608fa412ec1ed6fa68fcbec6cccb7cbd4ed72d,Ridge,6.0,6.198385432344278,6.0,0.19838543234427775,0.0
white,750,2e0876a5b631346951f26ae7f50cf4bb59ea76401338995ce6c1c6703be82731,Ridge,6.0,6.129486438324658,6.0,0.12948643832465834,0.0
white,751,074cd3fd656c7db06d3899dcf8608fa412ec1ed6fa68fcbec6cccb7cbd4ed72d,Ridge,6.0,6.198385432344278,6.0,0.19838543234427775,0.0
white,756,11e124410ba0e1b555ad499b4cd92010f022b4891fc3429defa0a46d62d5dc74,Ridge,7.0,6.393813852715152,6.0,0.6061861472848484,1.0
white,773,dfe643c7fc177d2626956debd9bb8af19bd89867e09c50b24eca2a6256574a17,Ridge,7.0,5.456907828405544,6.0,1.5430921715944557,1.0
white,779,d2d6f2740903f2dff95f28913ad82c040f47eee60bc008f8a1aac634d0ca1bfd,Ridge,7.0,6.074071076880749,6.0,0.9259289231192511,1.0
white,783,d2d6f2740903f2dff95f28913ad82c040f47eee60bc008f8a1aac634d0ca1bfd,Ridge,7.0,6.074071076880749,6.0,0.9259289231192511,1.0
white,787,c1c86c02d86a7808a05fc5b00d0233cacf950ffb0ffd5de76868ef96639dfefc,Ridge,6.0,5.246966089142183,6.0,0.753033910857817,0.0
white,788,c1c86c02d86a7808a05fc5b00d0233cacf950ffb0ffd5de76868ef96639dfefc,Ridge,6.0,5.246966089142183,6.0,0.753033910857817,0.0
white,791,c1c86c02d86a7808a05fc5b00d0233cacf950ffb0ffd5de76868ef96639dfefc,Ridge,6.0,5.246966089142183,6.0,0.753033910857817,0.0
white,796,189e2c0346e3a5e5e1427cab5126b6dc2afe1d5047baebf5931dc817594029ed,Ridge,5.0,5.156155445639185,6.0,0.15615544563918515,1.0
white,797,4d767375a1c047b06b833d57ab3454ca12f82ffbf15572f66853f56e6bacdced,Ridge,6.0,5.048656633334863,6.0,0.951343366665137,0.0
white,798,cea5e261c5ccb65fc3976f24d2e2727554d86c827b52e60d84d08e7393450c44,Ridge,6.0,5.881051173997001,6.0,0.11894882600299894,0.0
white,801,cb49f741a560bc726296d2028d4745cce11742ce51a2a681112fe00d96e16fbf,Ridge,6.0,5.3556332035552305,6.0,0.6443667964447695,0.0
white,803,599ae4cd4f1162801006444600d73d1c387b01d67253001f9d3bb56be1d9f7d1,Ridge,5.0,5.2806781931923465,6.0,0.28067819319234655,1.0
white,806,cb49f741a560bc726296d2028d4745cce11742ce51a2a681112fe00d96e16fbf,Ridge,6.0,5.3556332035552305,6.0,0.6443667964447695,0.0
white,813,bdb29faadc9ceac51171b3fedda0263d4f6cb400a0fd1102edbe0e3c1c75e72d,Ridge,7.0,5.056578908834496,6.0,1.9434210911655043,1.0
white,818,1d3a63ad59840f3db3dbd5bb3a8d8d55007dd29a137260b3bbb4add9e60c08a7,Ridge,5.0,4.867796408529456,6.0,0.13220359147054417,1.0
white,820,1d3a63ad59840f3db3dbd5bb3a8d8d55007dd29a137260b3bbb4add9e60c08a7,Ridge,5.0,4.867796408529456,6.0,0.13220359147054417,1.0
white,828,b6dac751b6bba4bc51f5bfb527af4f4f7536a821f877556549a8e7d62db63a39,Ridge,9.0,6.554218645067475,6.0,2.4457813549325254,3.0
white,830,3c736b5fb5c336bdf457078725e8e3720336b3c0f7afd1a734c1ac92a813a9ed,Ridge,7.0,5.93644389447483,6.0,1.06355610552517,1.0
white,841,b7035ab0ac5f0ed75fe4636b0d6afcb93b373e09100b9b33bd574a672234dea3,Ridge,7.0,6.204214157773089,6.0,0.7957858422269108,1.0
white,845,600467494d095b173b46baa3a966f0d485de017f586be4e8a35af3c0dee64e80,Ridge,8.0,6.118926531241233,6.0,1.8810734687587667,2.0
white,846,600467494d095b173b46baa3a966f0d485de017f586be4e8a35af3c0dee64e80,Ridge,8.0,6.118926531241233,6.0,1.8810734687587667,2.0
white,848,d13066b6fd1a9bb09ee3c89c953232bf8b96d0c2272358ba7acd30f34b9b5d87,Ridge,5.0,5.616069879479938,6.0,0.6160698794799382,1.0
white,853,e6a0f630c5535a2c16d76588bbf1dfce210ba8287944b760dfbd1f363d2d54dc,Ridge,7.0,5.8464214027814005,6.0,1.1535785972185995,1.0
white,855,e6a0f630c5535a2c16d76588bbf1dfce210ba8287944b760dfbd1f363d2d54dc,Ridge,7.0,5.8464214027814005,6.0,1.1535785972185995,1.0
white,859,f8df487d2dafa4da5429894c552f4e60b24cc3f9dc2a43af3e2dbc3e12bcaf39,Ridge,7.0,5.8230120489208,6.0,1.1769879510791998,1.0
white,860,3b08f52c99eea267480473444bf02abeac953c2738214c25e8bbdc17442555c5,Ridge,5.0,5.381032726603999,6.0,0.38103272660399856,1.0
white,861,13e478f685ff4302a36c8ae460a06d828e67d811394b497ea0e38cc0468d59d0,Ridge,8.0,5.866737314021927,6.0,2.133262685978073,2.0
white,862,c31b4b8e07ac1edbc347ec9b1884a35a45aff5f34a43b16eda26a3dd858bf86b,Ridge,7.0,5.745858871694698,6.0,1.254141128305302,1.0
white,863,70ed059f12325e8336ddcf92a7b061475a5cf597e29d669ca6a67bbe943d4947,Ridge,6.0,5.696316697241142,6.0,0.30368330275885835,0.0
white,865,4476470e3e64b075a0fcd3021f5e06ae2b88bd6449f63894c0172fff262e0c15,Ridge,5.0,5.7355274896082715,6.0,0.7355274896082715,1.0
white,867,e6a0f630c5535a2c16d76588bbf1dfce210ba8287944b760dfbd1f363d2d54dc,Ridge,7.0,5.8464214027814005,6.0,1.1535785972185995,1.0
white,869,f3104af6c428a2a20ad7566c4a2014328d06e4999155c2a7bd7650bdfd294d30,Ridge,7.0,5.720345351176578,6.0,1.2796546488234224,1.0
white,875,edb5a3b94390170a3e2091aedf4e9ee58d014276ab3e41fa2d130cc389cd348c,Ridge,5.0,5.765933882481642,6.0,0.765933882481642,1.0
white,878,df42e4a414ac4f21686811c883281813f1b66715efa0e4091b154734b5360986,Ridge,6.0,5.583370457456917,6.0,0.4166295425430828,0.0
white,882,d454c914f4f93caebc38b967e4351dbd77a1647dd6a3c86f919c708a127dba54,Ridge,6.0,5.094138026673571,6.0,0.905861973326429,0.0
white,883,e4053490f2a5a707a408008524658d780c4cf19afd107aaedc46067ae28a1ba4,Ridge,6.0,6.246829403075013,6.0,0.24682940307501333,0.0
white,884,e4053490f2a5a707a408008524658d780c4cf19afd107aaedc46067ae28a1ba4,Ridge,6.0,6.246829403075013,6.0,0.24682940307501333,0.0
white,888,0f5c23be24a7e4020a59a461b58d37bcd7325c67ef73233ca2491558f3abd861,Ridge,7.0,6.117205728295999,6.0,0.8827942717040012,1.0
white,890,0f5c23be24a7e4020a59a461b58d37bcd7325c67ef73233ca2491558f3abd861,Ridge,7.0,6.117205728295999,6.0,0.8827942717040012,1.0
white,893,adfefe6c72c3669c28c3728c9dffb5de9a8f7d69ad50e1d440dc511b3c9a4f77,Ridge,5.0,5.630978945895866,6.0,0.6309789458958663,1.0
white,896,d8a1f3989992532b293a48aa5cc38174561ff0e5ef1486e6dbee140ae23a8db3,Ridge,6.0,5.857825548673695,6.0,0.14217445132630502,0.0
white,899,d38a6d18bb9dfb62c3903df6ddab2b321d9717286dc57ecac253e150e35175dc,Ridge,6.0,5.808425360805269,6.0,0.19157463919473106,0.0
white,902,73e82d5a0ef2b7aee237e34fa7798be2e9ffa0e53684c27c153fed9a1e2738a9,Ridge,6.0,5.619047576676405,6.0,0.3809524233235946,0.0
white,905,ffeaa125dc70077f5319af85c4fc04b6f2d149917d99ca2d647a8ab018f15421,Ridge,8.0,5.162486273896928,6.0,2.8375137261030723,2.0
white,927,f28f213b47dfd1adf72a62fba7e886278139a1d0d3d4bf0b3f83acc21804d208,Ridge,5.0,4.848013021104841,6.0,0.15198697889515866,1.0
white,928,4a6fe70ffd38b1fdd645d211e8db91befa159bcca46d5851436093f9dd31a886,Ridge,7.0,5.419001589930569,6.0,1.580998410069431,1.0
white,933,4642d130b206e4fd78c254cafc37f6e1e52ba14fe69b4bde374989cc886098b9,Ridge,6.0,5.90620435133628,6.0,0.09379564866372014,0.0
white,937,f870c1db8c5e47a3152c0d46838139cb19b6aacde66a840a70c163f2ad7e1d62,Ridge,5.0,5.5220142125025085,6.0,0.5220142125025085,1.0
white,941,7219fe26f957aa9dc194bdf213ded79a99a6b2150b68386bb0df0b6af5afbde3,Ridge,5.0,5.537396815273118,6.0,0.5373968152731177,1.0
white,942,6b06f4b888970dc42bbd3d5d2eeb1c36cc2c6a7109958b0a81946d5a2cbdabbf,Ridge,6.0,5.757247499912528,6.0,0.24275250008747218,0.0
white,943,d5f5bcca066f78c78cfea52864b8ff06c5fd7e477331ffe793ae3c3294339aab,Ridge,7.0,5.446651239141723,6.0,1.5533487608582766,1.0
white,948,c8d001566b9f039bb8b01f24842078afc7d2dd527ec964be8521af36855c7eeb,Ridge,5.0,5.47609785731467,6.0,0.47609785731467014,1.0
white,949,57fd7fe475d644d4f9235e41f714be07a7d288ee0ea9028a67e568ec142b3db8,Ridge,4.0,4.480692192056435,6.0,0.4806921920564351,2.0
white,954,d661c59137363a51cbef356c16be6dadbb5960abfa07100d05cf370b17e4cb5e,Ridge,5.0,5.4912910375818464,6.0,0.49129103758184645,1.0
white,960,d9c1e40883a85b66f925f608f39a69bc229210a8339380bf410a9809df0046ce,Ridge,6.0,5.57949434195178,6.0,0.4205056580482198,0.0
white,961,d9c1e40883a85b66f925f608f39a69bc229210a8339380bf410a9809df0046ce,Ridge,6.0,5.57949434195178,6.0,0.4205056580482198,0.0
white,963,d9c1e40883a85b66f925f608f39a69bc229210a8339380bf410a9809df0046ce,Ridge,6.0,5.57949434195178,6.0,0.4205056580482198,0.0
white,977,aea9f8706fb49bd283961ce953c147df0c93821ae7b3932dc5d066ce0e3ce573,Ridge,6.0,6.106785118224609,6.0,0.10678511822460912,0.0
white,980,bda0076cb55cf78851a48a8352089500e8bfc1ff3826bf9f977843762eb3339f,Ridge,5.0,5.545245856685607,6.0,0.5452458566856073,1.0
white,983,3d481b52007986c48d96ec8d3e3289a9733364c95e9be02a03d6211b5e7bc815,Ridge,6.0,6.4413310499788965,6.0,0.4413310499788965,0.0
white,988,1c26657bda8f796ef125f07d784ffa231f2e0182f3c25ab642e9583ce5ade152,Ridge,6.0,5.648334149929728,6.0,0.3516658500702716,0.0
white,993,223de1ea553cbbb7aa1cfae638d922c86d87c5039f72beb7f216d8c5a02cc6fe,Ridge,5.0,6.036412102319744,6.0,1.0364121023197441,1.0
white,995,de100b37d02d6d68982d03ebe0806fa3b35dddff46ce40e096f7de01c20a4887,Ridge,6.0,5.34712153950171,6.0,0.6528784604982896,0.0
white,997,b07ed0ceab163ee63295f8a59934d755e2316a6f4c8ea843bbbd78060c05a624,Ridge,5.0,5.783006627092299,6.0,0.7830066270922993,1.0
white,998,e6d58ea287609ebf93b4c5c8be684f9c6cef7143ffdbb9f6a5632b0a2bcef46a,Ridge,6.0,5.64613081305196,6.0,0.3538691869480397,0.0
white,1001,d05a916c8a15e9aad7851317f638761d2d20b6576078e5f18a12525edf8271af,Ridge,7.0,5.537945265745981,6.0,1.4620547342540187,1.0
white,1004,7d40646fa1baa158723356cc373634b18b75502b1eb9f98d4ce433a97a34be06,Ridge,7.0,5.707924692252691,6.0,1.292075307747309,1.0
white,1010,43d08e91d182a10fac83efbb2c247e99d3a5be349747d324a73dab11c85a9484,Ridge,6.0,5.759478518546349,6.0,0.24052148145365138,0.0
white,1013,e91f699c380cfc0daab011944fae26609506a61367361830258dca32432dbc5e,Ridge,6.0,5.651257451577824,6.0,0.3487425484221758,0.0
white,1026,7c9b790f33642d044236b75d5e683c94ea3692f10c464405b30ab99e2999c4bb,Ridge,6.0,5.824639340920322,6.0,0.17536065907967835,0.0
white,1028,3a9ccd64909820b28697ec8de72a89e6f2d6ed81568f375f895126e6901331f1,Ridge,4.0,4.921151388615058,6.0,0.9211513886150584,2.0
white,1031,01f1cdb33bcdc8cb6396c90b00fd3f2f3b3cec0e6bc85987deaf0c4f7de5501a,Ridge,6.0,5.809813029270089,6.0,0.1901869707299113,0.0
white,1033,ed283077ebb39c626df900115a5de891f35cefd91bb6df8944727fb593b1e87f,Ridge,6.0,5.649301052626167,6.0,0.3506989473738331,0.0
white,1034,ed283077ebb39c626df900115a5de891f35cefd91bb6df8944727fb593b1e87f,Ridge,6.0,5.649301052626167,6.0,0.3506989473738331,0.0
white,1042,328e8be12bec0382b9c23ef9c9d001aa451805493f30ee7a35904be61bd4dcb2,Ridge,5.0,5.708959716559208,6.0,0.7089597165592076,1.0
white,1066,9585e3c8681b2bd2bc2b404bb94d6bd2e7b2a368cb7a7deba56ec62029257487,Ridge,5.0,5.704956572531122,6.0,0.7049565725311222,1.0
white,1072,9585e3c8681b2bd2bc2b404bb94d6bd2e7b2a368cb7a7deba56ec62029257487,Ridge,5.0,5.704956572531122,6.0,0.7049565725311222,1.0
white,1074,c458d0aae8378fb92b0adde2a1ba2dbd0bd7fbe4c7621a20749aba9b9abac359,Ridge,5.0,5.645826682950121,6.0,0.6458266829501209,1.0
white,1082,5e2d820310dd2b04490afb9842b640a0cc8cb7a742f1c9a6c8f15fefc82ff158,Ridge,6.0,5.478693588749119,6.0,0.5213064112508814,0.0
white,1083,5e2d820310dd2b04490afb9842b640a0cc8cb7a742f1c9a6c8f15fefc82ff158,Ridge,6.0,5.478693588749119,6.0,0.5213064112508814,0.0
white,1085,d54a143db5f3053b6467d6c41777fc39e4ae6e98d2f084b6fb1eb785190faa8f,Ridge,7.0,5.713455077198801,6.0,1.2865449228011991,1.0
white,1086,5cffde7304784768045880f43f8a6142a993586e690e62c7b62f35de490ddfb5,Ridge,5.0,5.202434048506552,6.0,0.2024340485065519,1.0
white,1087,e4304b1c404334be18fde5dc698963cc9c56df4be67c4b95b4f10c02642d1789,Ridge,8.0,6.306031015120026,6.0,1.693968984879974,2.0
white,1094,24af06aa0fd0965ec48f2030074085d500a53bfa3679192851a66e09bbd77d12,Ridge,7.0,5.9294929504362734,6.0,1.0705070495637266,1.0
white,1096,c563112f8ef636d04e5f7a8436b95f46c837566558079c0b632a26bd2ee956a4,Ridge,8.0,6.234899090986037,6.0,1.765100909013963,2.0
white,1098,d54a143db5f3053b6467d6c41777fc39e4ae6e98d2f084b6fb1eb785190faa8f,Ridge,7.0,5.713455077198801,6.0,1.2865449228011991,1.0
white,1101,5e2d820310dd2b04490afb9842b640a0cc8cb7a742f1c9a6c8f15fefc82ff158,Ridge,6.0,5.478693588749119,6.0,0.5213064112508814,0.0
white,1102,10dcd19cf0d89ddb98485a0388c8afbf7b641c0d53a50166e894d25892519ad4,Ridge,6.0,6.55609197885451,6.0,0.5560919788545098,0.0
white,1103,5a388453df24a71f65a87804eb89e43b1e0b3ae56e67e5fff93ff2ff4327559f,Ridge,5.0,6.4985073302623775,6.0,1.4985073302623775,1.0
white,1105,5cffde7304784768045880f43f8a6142a993586e690e62c7b62f35de490ddfb5,Ridge,5.0,5.202434048506552,6.0,0.2024340485065519,1.0
white,1107,e4304b1c404334be18fde5dc698963cc9c56df4be67c4b95b4f10c02642d1789,Ridge,8.0,6.306031015120026,6.0,1.693968984879974,2.0
white,1110,078bd228116d334089ae647db35e126ed22af46f8da5797313545fc12c0ee2a7,Ridge,4.0,5.162780796753546,6.0,1.1627807967535464,2.0
white,1112,1a4151f9ab112dfa5fd1e3eedd3d4ef16e3ba8e405cebdfe4ed222da42f767e2,Ridge,6.0,6.372318202285639,6.0,0.37231820228563883,0.0
white,1113,27d37a09b914be2031c13ea0d190907d57288c58c735e46c7081664ef2d6ba0c,Ridge,6.0,5.919505841966602,6.0,0.08049415803339777,0.0
white,1114,be47494fc98297ea5e74b8a3153d927f5e8827a0fecf970f400afa73321e16d6,Ridge,5.0,5.808024173273816,6.0,0.8080241732738163,1.0
white,1119,48abcd941723300eca37efe2b63f7938c599e88df3ef104748667cf449264653,Ridge,5.0,5.475249972609673,6.0,0.4752499726096726,1.0
white,1127,7e32b46ee8572921fe32f04fde7ed4eeff00159d9aa84f8bccbdd1d3bbf56601,Ridge,7.0,6.9229967832961545,6.0,0.07700321670384547,1.0
white,1128,a15ab9164e11982add81985dfdb34b343cef16820145d0e83c7259252fc58244,Ridge,7.0,6.595407057910396,6.0,0.4045929420896037,1.0
white,1130,ce9cadb96a139c386c3d6d41352684e627dff5b82b1cf8277135cca2e6832b1f,Ridge,7.0,6.276722895615442,6.0,0.7232771043845583,1.0
white,1132,d047e66c7e7ad4c1a97ad1fb6ea148a73a53bfbe009d7c6d1761d9c44fc5d757,Ridge,6.0,5.539060034632799,6.0,0.46093996536720105,0.0
white,1149,b17da9de507eee9b1624ed36e1620a1954ba5cd2c67714d18abb39d978e5f0e0,Ridge,6.0,6.1201709566737525,6.0,0.12017095667375255,0.0
white,1153,0b93740f715f801f4db2900f386dd8468af5ec86cbe42f518b605ca9a05b9bdc,Ridge,4.0,4.667033519161905,6.0,0.6670335191619046,2.0
white,1165,632479b9bdbc5e66f67e69224d3f68d34c2f156d42da4fc2ada8933e5024f451,Ridge,6.0,5.571594246616197,6.0,0.42840575338380305,0.0
white,1166,75e2f18cbd8cdf356a87233f8a5a37827d1aa8e7a238c00ad761abfcde099b62,Ridge,5.0,5.973177207327163,6.0,0.9731772073271632,1.0
white,1167,6e32f2667fa03124df7aa674a7d1cb154196a567ffbccf1e459e904144fdc810,Ridge,5.0,4.950853998304012,6.0,0.04914600169598771,1.0
white,1174,30baad43f6c11aee101ca9994c59831efce38f9ff83cff4392af248153e3a521,Ridge,5.0,6.1727597209717455,6.0,1.1727597209717455,1.0
white,1179,23c8cd68006a73fb569e0ed9f1218496e128f3fac95bb1ed1f06f01bf897ffda,Ridge,5.0,4.719021756258418,6.0,0.28097824374158176,1.0
white,1183,30baad43f6c11aee101ca9994c59831efce38f9ff83cff4392af248153e3a521,Ridge,5.0,6.1727597209717455,6.0,1.1727597209717455,1.0
white,1190,c91e6aa657645c734cbe4093b83319db7359136898e5b973d56bd272dd5b8cd0,Ridge,5.0,5.197043215585055,6.0,0.19704321558505544,1.0
white,1193,207c47c32c02225da55d0ce29fdbd8d0f885c58d4a9609b93375cef72be03d55,Ridge,6.0,5.5071471477933525,6.0,0.49285285220664754,0.0
white,1196,010aefb5009b959551abafefc47151e1467d368db6016225eb68d906d05e5fe8,Ridge,6.0,5.5849657812958755,6.0,0.4150342187041245,0.0
white,1199,207c47c32c02225da55d0ce29fdbd8d0f885c58d4a9609b93375cef72be03d55,Ridge,6.0,5.5071471477933525,6.0,0.49285285220664754,0.0
white,1200,57c75143d0ccf67857f35fb8a97082d30dc7dcbd451dd62eded61dcdc8b369b2,Ridge,7.0,5.876717050638503,6.0,1.1232829493614966,1.0
white,1210,4890fe6131abb9534372066b67389477ccf7f9fa9dd0024333273cd19376d8e1,Ridge,6.0,6.52742784065101,6.0,0.5274278406510096,0.0
white,1213,919ccdc076d380206c2570a296f9b4980881cbe711781fd409c7cf6f04ad4d7d,Ridge,6.0,5.804623513243752,6.0,0.1953764867562482,0.0
white,1219,730e84e845e22f4cfef63b43982e0a013105f1d98601e602f8c5d4cec3b76074,Ridge,8.0,6.028916176829214,6.0,1.971083823170786,2.0
white,1232,1e1bce93fe2078d8a49899429516808eb8173942c530af9d7c00057310262ddc,Ridge,7.0,6.270384931077194,6.0,0.729615068922806,1.0
white,1233,a15af83214a4571293d80df049768b1419b8216f6870c353a805135bdd3e38e8,Ridge,7.0,6.32529110289214,6.0,0.6747088971078599,1.0
white,1241,75b56ff486b1992bffb878b182d9dabf432be9b31285587430e64e3fc71550b7,Ridge,6.0,5.470986821088599,6.0,0.5290131789114012,0.0
white,1242,2c9ef3a77056ee38f482e769969eed9506cedfde6a43030fa0e7ed54e0d7f0d7,Ridge,7.0,5.860962354918727,6.0,1.139037645081273,1.0
white,1249,5c1402487a2eb246489f13b2bf245520484198aedb3511ed3a3437c15ae63904,Ridge,7.0,5.940952275416885,6.0,1.059047724583115,1.0
white,1256,6b77b59bbe46ad9b1aca4b09e1c6163ad3080bb577bc6251430b08e844b26895,Ridge,6.0,5.770586090730712,6.0,0.2294139092692884,0.0
white,1266,279e270475c868952d27abfe7c072bee57a536787d60c84e69aba1613d8b4546,Ridge,7.0,5.961937075727022,6.0,1.0380629242729782,1.0
white,1268,22758bb564f3246c7027a8555c15b8d88e6c288906c95012f2a4f14851365f84,Ridge,7.0,5.5375451277051955,6.0,1.4624548722948045,1.0
white,1269,162c9a53b27dcc3b20bf287b166d2bcec031680aefa4c6b5ae50d1b017559f04,Ridge,5.0,5.339279936918623,6.0,0.339279936918623,1.0
white,1271,22758bb564f3246c7027a8555c15b8d88e6c288906c95012f2a4f14851365f84,Ridge,7.0,5.5375451277051955,6.0,1.4624548722948045,1.0
white,1272,d508a625f3d07417446b34b7c9dc9318e88f48253c8d0ca6958d3689587a6afc,Ridge,5.0,5.2079574587653505,6.0,0.20795745876535054,1.0
white,1274,d508a625f3d07417446b34b7c9dc9318e88f48253c8d0ca6958d3689587a6afc,Ridge,5.0,5.2079574587653505,6.0,0.20795745876535054,1.0
white,1277,22758bb564f3246c7027a8555c15b8d88e6c288906c95012f2a4f14851365f84,Ridge,7.0,5.5375451277051955,6.0,1.4624548722948045,1.0
white,1278,162c9a53b27dcc3b20bf287b166d2bcec031680aefa4c6b5ae50d1b017559f04,Ridge,5.0,5.339279936918623,6.0,0.339279936918623,1.0
white,1289,075223bf0ececabb56da74330495cedf8a65fadd9dfc765222b4b082b930bebc,Ridge,7.0,6.430607202960599,6.0,0.5693927970394013,1.0
white,1293,345cfbfc6383310286e8dcc27f45ef61060e4e1f583984e62e1a5a6d6fd13c12,Ridge,6.0,5.9163389748358775,6.0,0.08366102516412255,0.0
white,1297,dca436cccfc72b5de6937cafe4d5451cad4a453e86c5f5f55a2646432d1b1c35,Ridge,6.0,5.718200185358082,6.0,0.28179981464191783,0.0
white,1299,0bd1ab45a8bdc8606da71c5c19c2a0b56e36d39cd3d1eb69a581f50dd400bb66,Ridge,6.0,6.39517853658827,6.0,0.3951785365882703,0.0
white,1312,e34096508a933e8a1af6eee2c73005e95d82883783a0ed7983cabff055ab4093,Ridge,6.0,5.989009247632997,6.0,0.010990752367002976,0.0
white,1317,bca4c91d76a484ebd5bb6a7e64ab900f07fc10bfcc5425e0a55c4c26504adefc,Ridge,6.0,5.721241282898523,6.0,0.2787587171014767,0.0
white,1318,77b7bfcd3a35463d2b7fdea1ea18f208a88749d874e5238a591b6c1aaebd014e,Ridge,5.0,6.053673130493671,6.0,1.0536731304936708,1.0
white,1320,3aa22c433510fbb1a42235cb4d9c09e6f8a1ad555a2724976bf2732d39ffe9d1,Ridge,5.0,5.24590475260884,6.0,0.2459047526088396,1.0
white,1337,91add354717b22df6c57ac16c8c013e474e192a480d476e8bcc4e581d0da5fa5,Ridge,8.0,6.05174174447957,6.0,1.9482582555204297,2.0
white,1347,66fe0872cc0650e02f7e39a3cc563f6220adcb0fcf119330080ce284cdef6ba9,Ridge,7.0,6.04495865217258,6.0,0.9550413478274198,1.0
white,1349,91add354717b22df6c57ac16c8c013e474e192a480d476e8bcc4e581d0da5fa5,Ridge,8.0,6.05174174447957,6.0,1.9482582555204297,2.0
white,1352,e8cbf3b2908ad586ecfacdfd6788f3d933db486007d5f361f3b03465dcbf62d8,Ridge,7.0,6.469699810717809,6.0,0.5303001892821912,1.0
white,1355,2f86d9feab8dcb6bebb8c5eb4eeb5fc4ef0422355332bbd60af4475d859a7c1e,Ridge,5.0,5.401939342137345,6.0,0.4019393421373447,1.0
white,1358,2c06914e5878495478811e632a1a5f56a82c85fa12f08e9333e4a2559348279d,Ridge,6.0,5.364532977767832,6.0,0.6354670222321683,0.0
white,1360,f7231a6513e34b77229c418caf77e28461ea6cf4650f4c7680310869bb279a09,Ridge,7.0,6.064710158343313,6.0,0.9352898416566866,1.0
white,1362,f372ddebaf82a9056408198f34c111b52e12b20ec509307c5fcf5f7e9e9550dc,Ridge,7.0,6.230013169810319,6.0,0.7699868301896808,1.0
white,1366,7ce8287cb736751e8fabf0904d0664596a2384d1beac1e00047e822664b934e1,Ridge,7.0,5.80878164581183,6.0,1.1912183541881696,1.0
white,1371,60c82b10e3cc8c2c544e70912363d3c2ce37977aa7ffaf7b613ff56bcedb64c6,Ridge,6.0,5.4931512628379195,6.0,0.5068487371620805,0.0
white,1376,26ec0c20e8c4d8aab603d72eb0e0072c712e82fe5a2b12393ef6214fc355f220,Ridge,7.0,5.990501752139768,6.0,1.0094982478602317,1.0
white,1383,7f09f8f08cfd823cc4d2d84037216c10b88a11c046f9c85c8660fe6a906ef120,Ridge,6.0,4.663780386927538,6.0,1.336219613072462,0.0
white,1384,6d8c774a665126d76b73a8646b227f897742aed5177e693e0e32805b9e0019dc,Ridge,6.0,5.525621478906545,6.0,0.47437852109345524,0.0
white,1387,6013aca0594512833051071925807148b91ef434ba6d33e22061e6f4c9dd5144,Ridge,7.0,6.766152713392832,6.0,0.23384728660716814,1.0
white,1395,6013aca0594512833051071925807148b91ef434ba6d33e22061e6f4c9dd5144,Ridge,7.0,6.766152713392832,6.0,0.23384728660716814,1.0
white,1400,16885d1fb0aabba8daa0a962ed08265d89bbc044654d89b68113d0ea8a421094,Ridge,6.0,6.3491451592200345,6.0,0.34914515922003453,0.0
white,1402,567643c0557f51fd22b38c3a63975a940c552aae0f69c0395c7a07a1e559eed1,Ridge,6.0,4.890681533769213,6.0,1.1093184662307873,0.0
white,1404,8208fab639f2dffb4b24bc0b66d6eaed6b2ec18e468f93b65a252cf4271890fd,Ridge,8.0,5.892389069646582,6.0,2.1076109303534176,2.0
white,1412,16885d1fb0aabba8daa0a962ed08265d89bbc044654d89b68113d0ea8a421094,Ridge,6.0,6.3491451592200345,6.0,0.34914515922003453,0.0
white,1415,d76c5c4667435cff85c68e6b91572523fada3a8d489fcd53387ec3035aa12cbd,Ridge,6.0,6.299178125373955,6.0,0.29917812537395516,0.0
white,1416,6ecce987bd5fe4803423df5343d94016c009546330134ac69d964e05354c56d3,Ridge,5.0,5.015889190127263,6.0,0.015889190127262864,1.0
white,1420,df89b08ff7bdb824dca5098c1fd78cdb58bf3c40f3c9c5e7a1e2f5f435313773,Ridge,7.0,6.065300015968568,6.0,0.9346999840314316,1.0
white,1421,bc7f10c83464875c184f80b668513f5b7822d6ee4d3b80488edbdb526fc537f6,Ridge,4.0,5.610546766830034,6.0,1.6105467668300344,2.0
white,1423,98b733de1357901451e2a2e315d4507d1a0cb9dbb560d3f857334dcdb4bf597d,Ridge,5.0,5.538507991001849,6.0,0.5385079910018487,1.0
white,1424,0e14be72cd7e8a54222f0353a38afd8b6b26d1dd7e69835ed5ee857f9d9ad8e8,Ridge,4.0,5.583153272153257,6.0,1.5831532721532566,2.0
white,1431,6f8ad1fe0a2078045260b47a3f5aaf40e08bc431f83212923d9f90b766a85d9f,Ridge,4.0,5.097019571601177,6.0,1.0970195716011766,2.0
white,1433,e15b9dd8bdc870f314e1369547f71afe11718ab67bd274cb50beb63fc845142e,Ridge,7.0,6.224759856098895,6.0,0.7752401439011054,1.0
white,1443,ac3c0d0e7607f34fd76a62d9a4ca695b5b36665c6696f8e6e7665ecae6770793,Ridge,5.0,5.193553742902818,6.0,0.19355374290281802,1.0
white,1466,ff7ca65c4cfd063714f3401ce96dc1fe2c989e2f3ee5e5b56bef275b9b9e0e1e,Ridge,5.0,5.81247808175268,6.0,0.8124780817526798,1.0
white,1469,aacf13f73a39585fdcba10bd3fe5d3128b71d3b8e3570c37a9fa32c71bab09ef,Ridge,5.0,5.476794315007926,6.0,0.47679431500792635,1.0
white,1473,3191201c4f2b5f126473aa0b56073f1ede8f1cf5892989d872e5d1f81644d5af,Ridge,5.0,6.050976196621575,6.0,1.0509761966215754,1.0
white,1474,b276609c0c2fe8a3a20184af323597ea7a262429e61011c0fca4d1e679c6bc50,Ridge,6.0,6.112887644338753,6.0,0.11288764433875276,0.0
white,1485,2fd594900c6dc9b0b4a902dbe1a3cd6da9d10ccb64bbf96bd066b7d9ef1187fd,Ridge,3.0,5.01709151772578,6.0,2.01709151772578,3.0
white,1494,e583506fb274ee5f2face1a500a76463db37bf0bba98b1e1a6c59e0b2c1ca6b0,Ridge,8.0,6.364454974404911,6.0,1.6355450255950892,2.0
white,1500,1d5b791f67fda4060a92976157c38fc4e4bac6809d37a7b7b20bd57b28ee54db,Ridge,6.0,6.1570974269511805,6.0,0.15709742695118045,0.0
white,1508,a6fdca77c71068dc27781948ae3ed4856d1d89d6946fb66d0ddf197a25f38bc8,Ridge,6.0,5.854755284232268,6.0,0.14524471576773212,0.0
white,1513,086880f2877ed6dce38c9cbafc35c380c236c88c4f63ad724fef0f5d36e813c0,Ridge,7.0,6.117872483537824,6.0,0.8821275164621758,1.0
white,1516,8aca4daf9147a08213659d4f078608ed14a5d59d63145d96cf444081ad0748fb,Ridge,6.0,6.037513013357582,6.0,0.03751301335758228,0.0
white,1517,c1164b274972af6839e6fa700ee7b0f4dd9201272d1e0c37316d5b3655d5a1b6,Ridge,6.0,6.009597687898503,6.0,0.009597687898502905,0.0
white,1523,e1830e1d77eab8c7b2e32a00f84790cac94c1b57f16f73a484ff7d91bc5d2332,Ridge,5.0,5.954850960636847,6.0,0.9548509606368469,1.0
white,1525,c05b3323c79e29843209927b71e35cd81d27fcf8d2178b74eb0f43fe11276222,Ridge,6.0,5.744830683007138,6.0,0.2551693169928617,0.0
white,1529,b5774bd0172a0b1d2fb6b438d7804aed44c1b6a5835d417f2b1bb1365ca9da2d,Ridge,6.0,5.904083017418294,6.0,0.09591698258170567,0.0
white,1530,c05b3323c79e29843209927b71e35cd81d27fcf8d2178b74eb0f43fe11276222,Ridge,6.0,5.744830683007138,6.0,0.2551693169928617,0.0
white,1532,472698abf8b5334bdd7b220fcbcc914fa91c6ceaebb1d1c712d424bb173e9de7,Ridge,7.0,5.930285864718644,6.0,1.0697141352813562,1.0
white,1551,1954b10820a2c9a8b099e96a9c31f7d88ecd932e7796f53de80c72aa809cbe03,Ridge,6.0,5.846804330177625,6.0,0.15319566982237465,0.0
white,1555,fa496c2a7f5e3b74a21994572e7584bdb54c145d5344cbd798c0a0fe38c60695,Ridge,7.0,5.748239986617858,6.0,1.2517600133821416,1.0
white,1557,bacc783cad5f719cfcbc83ad555ff3f70ad0d38d083aa08c35d15eb5c37eb760,Ridge,6.0,5.704759803894147,6.0,0.29524019610585306,0.0
white,1558,1954b10820a2c9a8b099e96a9c31f7d88ecd932e7796f53de80c72aa809cbe03,Ridge,6.0,5.846804330177625,6.0,0.15319566982237465,0.0
white,1561,f13d4bf8925a3922ca7fb34fb05ecb0d016e3a1fad6895af07d54fabd13bcaca,Ridge,6.0,6.535773859322398,6.0,0.535773859322398,0.0
white,1563,7e6a9c7887a9ab82bbfa2eb36912e780be61604acf299284d49414217d8aafa1,Ridge,7.0,6.279263213612555,6.0,0.7207367863874454,1.0
white,1564,f13d4bf8925a3922ca7fb34fb05ecb0d016e3a1fad6895af07d54fabd13bcaca,Ridge,6.0,6.535773859322398,6.0,0.535773859322398,0.0
white,1566,c2a1de29560b67f85a68838941b51fdc6fee4dd47670d0a79ea9ebef9901e306,Ridge,6.0,5.786985024511753,6.0,0.21301497548824688,0.0
white,1570,54ed6427cd92b534bb25f3097d489716d2c09f81ba390649ea4ca12f2ac029a6,Ridge,5.0,5.551311634622605,6.0,0.5513116346226052,1.0
white,1574,d45f3df2e2106772edb2440e63e820f9d12427d8e100035e9b0f6e65092d7b53,Ridge,5.0,5.644760868477637,6.0,0.6447608684776371,1.0
white,1582,50ff0800399d7dd908664c19c4237aee57e97c370d1f3caa8a6bcb3039ae908a,Ridge,6.0,6.004227854362859,6.0,0.004227854362858885,0.0
white,1585,fbeafc06ebb9f7a03e3b4b4987054a0c946e2c80c9e1fe3282530aaf7b4f5b28,Ridge,6.0,5.537357190609967,6.0,0.462642809390033,0.0
white,1588,fbeafc06ebb9f7a03e3b4b4987054a0c946e2c80c9e1fe3282530aaf7b4f5b28,Ridge,6.0,5.537357190609967,6.0,0.462642809390033,0.0
white,1596,0337e76d9bbc498b43afa1f31abdb2175f1b26afc84fa3e731b5d93da9b5bdf2,Ridge,6.0,5.469237205284423,6.0,0.5307627947155771,0.0
white,1598,0337e76d9bbc498b43afa1f31abdb2175f1b26afc84fa3e731b5d93da9b5bdf2,Ridge,6.0,5.469237205284423,6.0,0.5307627947155771,0.0
white,1617,3695c4c46a3d98ebd2a6dc61411debec832ea9da1450fa74c3177844f3ada1c0,Ridge,6.0,5.218459287417441,6.0,0.7815407125825589,0.0
white,1625,9ca2221f8d2fe919b6e5267a624e0da0b3fe1abce1025562c1cb19321de1ad0e,Ridge,7.0,5.864103307417056,6.0,1.1358966925829437,1.0
white,1629,841112adf5eb139cda761ea31b4c308c315c6f1d70a13267d47df234b54962d8,Ridge,6.0,6.105455686972226,6.0,0.10545568697222585,0.0
white,1632,841112adf5eb139cda761ea31b4c308c315c6f1d70a13267d47df234b54962d8,Ridge,6.0,6.105455686972226,6.0,0.10545568697222585,0.0
white,1643,896c32a8d257382084780b58fc14c5585dbc4fb5651ef4720a9465af4ac70a92,Ridge,7.0,5.802601536714516,6.0,1.1973984632854844,1.0
white,1645,896c32a8d257382084780b58fc14c5585dbc4fb5651ef4720a9465af4ac70a92,Ridge,7.0,5.802601536714516,6.0,1.1973984632854844,1.0
white,1650,0652d2ae8b86c22f531537e42dd648ee3e3b3ea2765f8c471f0f414ccb20cd0b,Ridge,4.0,5.303481428099441,6.0,1.303481428099441,2.0
white,1651,20f8d1910117b552594c2f5cefc3782c6bde00696ab25b1e5fbedf57ffae7541,Ridge,7.0,6.55930634953901,6.0,0.4406936504609904,1.0
white,1652,e1fe2332a06079ea543fc72f719b6750f2a1128afd9c220623c80d85f9c48b38,Ridge,6.0,5.291555627437591,6.0,0.7084443725624094,0.0
white,1654,551558449dc50408644b6237da0fa11e271c3fa1e7d1c5bce53aed464b36d6fd,Ridge,6.0,5.132030807909215,6.0,0.8679691920907846,0.0
white,1662,bceb8463a0989aaa651ae6392de428cbe244240f5c8ef59961561feb21fe8c9d,Ridge,6.0,5.8379398111685665,6.0,0.16206018883143347,0.0
white,1663,464494202712e0a8ad9bc05c3a62ec82e1a29db878aab8977a15b682ac06d764,Ridge,7.0,5.815137773264787,6.0,1.1848622267352127,1.0
white,1664,551558449dc50408644b6237da0fa11e271c3fa1e7d1c5bce53aed464b36d6fd,Ridge,6.0,5.132030807909215,6.0,0.8679691920907846,0.0
white,1675,5db489076def221c6ec32c5b5257be7325000b9c7789f9e3c3bab5db0af3bd27,Ridge,6.0,6.07974277157059,6.0,0.07974277157059007,0.0
white,1679,15bd038258b88a8e06f19a5f4948344dfbc8e843298326ee807c5ef816c1ec75,Ridge,6.0,5.827156396936845,6.0,0.17284360306315527,0.0
white,1681,bc7811160f868d97868a948c54d65acf4987a972bd531551b5de685880461f7b,Ridge,5.0,5.549412732726472,6.0,0.5494127327264717,1.0
white,1689,9dc1de72ca6c70e43901602fcdf96dbf8faa9764e399d32742cea63c64d1d3c3,Ridge,3.0,5.711727625225289,6.0,2.711727625225289,3.0
white,1690,795ad799dbe2df395d829b6b68e95e33372621e5fc9906685c5f6ecc76cfad2a,Ridge,6.0,6.294540802736597,6.0,0.2945408027365968,0.0
white,1695,e3360a7dce27c446f9c662775d32a00c09e8b9b4eff3fc67070a5a4c74015172,Ridge,6.0,5.4629901588788154,6.0,0.5370098411211846,0.0
white,1696,190efd6bcea4cb6b72c692262867129692cb9c2218fe4540dcc93e3b15a8f879,Ridge,6.0,6.011387181586206,6.0,0.011387181586205664,0.0
white,1702,74b1ed6c3933275534afad8b3c2fbffb37a0a330db3d0c54f472f5973d05a281,Ridge,5.0,5.766021657261497,6.0,0.7660216572614971,1.0
white,1707,c0be38a86ac9c2ef7ad9d6d7ed23eb1f8282a44016cbcf6af64e073f66186a45,Ridge,6.0,5.659556470282784,6.0,0.34044352971721636,0.0
white,1711,f87325f31c691fb52822b168d4b4443eb274d6417f81ff5dab38242485247806,Ridge,5.0,5.575451611473164,6.0,0.5754516114731638,1.0
white,1712,a72cf6d1a2da26447b80eabd2565d56fcfaf8b4934af2b617dfd2d9fe36b4683,Ridge,5.0,6.110460673300061,6.0,1.1104606733000608,1.0
white,1716,71fa6cf40bb1ee102b17cc9bfa698bac769235e9543ad73595e9f2f24662fb8a,Ridge,8.0,6.415567086248977,6.0,1.584432913751023,2.0
white,1717,4456b62fe9feda75375ac9f06a591d94bac8b45fbd37fadb788b60ed075a7bf5,Ridge,6.0,6.091193347462374,6.0,0.09119334746237406,0.0
white,1724,71fa6cf40bb1ee102b17cc9bfa698bac769235e9543ad73595e9f2f24662fb8a,Ridge,8.0,6.415567086248977,6.0,1.584432913751023,2.0
white,1730,544f06bf94e5c009958bd0f9902e09941757b08e9368a9b16035b540e606b087,Ridge,6.0,6.378808067411564,6.0,0.3788080674115637,0.0
white,1734,210b4f00bddfb71c088cff5d3a4083ab146a35fd22f847b6c4a996d64c3f6888,Ridge,6.0,5.848585242582363,6.0,0.151414757417637,0.0
white,1741,06a97228307087ace5b536a61a856a0fa567733fe37c95fe70c4a5b8407150d4,Ridge,6.0,5.235379255082985,6.0,0.764620744917015,0.0
white,1753,7e0a5123d2d1f59b3bf0b26fc8000791620bb5bfb74c641d566e69e2f4b32a45,Ridge,6.0,5.84418199785908,6.0,0.15581800214092034,0.0
white,1755,c27771f6e88e58fcd410d913caa81819fcba59ac63905a0aea8d10c487dba324,Ridge,6.0,6.273479338946647,6.0,0.2734793389466468,0.0
white,1760,991a0d7964ec2a014ab527c085847eb1ab3e030adb51990d7c4329c5e3aec74f,Ridge,5.0,4.93813655488608,6.0,0.061863445113919724,1.0
white,1770,2bf40005a5585b98e777e70c37ddd95fea6e49441c0d362b565a08ad7fb5fdd5,Ridge,7.0,6.181771106963928,6.0,0.8182288930360722,1.0
white,1772,2e7ddbb16ffbce61cb2ff04f150007420da87a84940f313842d22d54b6cc66f4,Ridge,6.0,5.649016964714597,6.0,0.3509830352854033,0.0
white,1778,2e7ddbb16ffbce61cb2ff04f150007420da87a84940f313842d22d54b6cc66f4,Ridge,6.0,5.649016964714597,6.0,0.3509830352854033,0.0
white,1782,2624203779ba157498e7e035289120db11b74cd0028658f7be80e19848946112,Ridge,4.0,5.432157285396639,6.0,1.432157285396639,2.0
white,1784,ee3f2e473112679fe61a413d2d422b73824024302d3d9ef2d0506b5b74fe3508,Ridge,6.0,5.023386312654536,6.0,0.9766136873454636,0.0
white,1789,740a742aa00d41dc5e1242da0232169c65465cc86fae87aeba7821e08cb639a0,Ridge,5.0,6.129608124278445,6.0,1.1296081242784446,1.0
white,1797,af3a85f9957413aeea295479831723ed0611e06b5b1612d56cd6f8c1a33e4edf,Ridge,5.0,6.021693957138585,6.0,1.0216939571385852,1.0
white,1799,7af575ffde78a0f33c6aad5ff349a258fff40928e6cc5129a91eb033c9cc962a,Ridge,6.0,5.558049426834817,6.0,0.44195057316518316,0.0
white,1800,2e83b88247851492bfbf14d8934310e564e424aa9bf7182c3321aa5ec7101289,Ridge,6.0,5.75099323079142,6.0,0.24900676920858,0.0
white,1801,9f562599b3ad9391f393f095decb5569038676ade5557660eecc8143f1863317,Ridge,6.0,5.442957776039318,6.0,0.557042223960682,0.0
white,1803,7af575ffde78a0f33c6aad5ff349a258fff40928e6cc5129a91eb033c9cc962a,Ridge,6.0,5.558049426834817,6.0,0.44195057316518316,0.0
white,1804,2e83b88247851492bfbf14d8934310e564e424aa9bf7182c3321aa5ec7101289,Ridge,6.0,5.75099323079142,6.0,0.24900676920858,0.0
white,1805,9f562599b3ad9391f393f095decb5569038676ade5557660eecc8143f1863317,Ridge,6.0,5.442957776039318,6.0,0.557042223960682,0.0
white,1811,28568d608749e1a905fbd6d6ec7fe188daf5fb02df3651b9377e1cd65a1bd8c8,Ridge,6.0,5.291468051478391,6.0,0.7085319485216086,0.0
white,1820,fda3ec4e8fa020a9facfd2e1a0c28ca08b8fcf89d978ba08154ea37cb9bb21b3,Ridge,6.0,6.57321009294797,6.0,0.5732100929479698,0.0
white,1837,3ab91c131cb6afcfaae45f1fd2bc46e1d8cb0c37eab40bc5c2a7f9679fd341e8,Ridge,6.0,5.442837047456168,6.0,0.5571629525438322,0.0
white,1840,3ab91c131cb6afcfaae45f1fd2bc46e1d8cb0c37eab40bc5c2a7f9679fd341e8,Ridge,6.0,5.442837047456168,6.0,0.5571629525438322,0.0
white,1847,56213e585adcadb861c16b16f67b2bda9916cd8bfad49d8657bbceccd1e7bf24,Ridge,5.0,5.320118879859215,6.0,0.3201188798592147,1.0
white,1856,0f2fb14a0e2b1e116e991b351273f88552ac0d79893d525a6cadb5bf0be67b39,Ridge,6.0,5.954193547754934,6.0,0.045806452245066076,0.0
white,1858,906cf5bd45e6f8274267f32a399617d2b569fca39e3d3486731a6af492192591,Ridge,5.0,5.080924823770293,6.0,0.08092482377029331,1.0
white,1860,0f2fb14a0e2b1e116e991b351273f88552ac0d79893d525a6cadb5bf0be67b39,Ridge,6.0,5.954193547754934,6.0,0.045806452245066076,0.0
white,1863,909b471b8a1bbfe27166a207bd81bc5f7b152da3167c20fd5f6658424a3f35b4,Ridge,7.0,6.511913693249641,6.0,0.48808630675035936,1.0
white,1873,4c9b9e8da55a2efb8a29d0d52eef4b7098349b80d602b084750d3bf522fb5ee0,Ridge,5.0,5.494493076024529,6.0,0.4944930760245292,1.0
white,1874,4c9b9e8da55a2efb8a29d0d52eef4b7098349b80d602b084750d3bf522fb5ee0,Ridge,5.0,5.494493076024529,6.0,0.4944930760245292,1.0
white,1875,449c4e9a045428f7419616a86355b2bb31f472d9e8555e7405c1ee09e9257f23,Ridge,5.0,5.864934336584731,6.0,0.8649343365847306,1.0
white,1878,a2ddc9892455395a7ced1b04cd9c866101713228100dbd827a2f7c01f0452b41,Ridge,6.0,5.73804163726749,6.0,0.2619583627325097,0.0
white,1879,eae5d141edfad693af5f995940199810dd4628c433cf6f25a22261b43dfddeb0,Ridge,6.0,5.419559263751988,6.0,0.5804407362480122,0.0
white,1899,80b94f42ebf33419280a42f6acf77120c5e20da36cf46012c191c63c7b645eb0,Ridge,6.0,5.514547917289404,6.0,0.48545208271059614,0.0
white,1902,90f67c1d7922783d76cf9b3f299efb50e66f113b9adceaa5579f673fee9cb308,Ridge,5.0,5.786061338701792,6.0,0.7860613387017921,1.0
white,1907,a74f57b5a11683c9679e8cf51fb45ea026640983fa567125aa839c1f1bfad657,Ridge,5.0,5.662534136037951,6.0,0.6625341360379506,1.0
white,1908,cdc6a3db3ce2b426deb732ab2594f875fe357523e18cf3f98c744549786dd77f,Ridge,7.0,6.207114114611892,6.0,0.7928858853881078,1.0
white,1909,14ef9116bb84a7908a62bbf0c378f3ee20643556473ceed5be5b7cdf1f7057aa,Ridge,7.0,6.35788601898868,6.0,0.6421139810113203,1.0
white,1910,657415bd5b0119d9503b94ecb17394f8daf70aec5fcddb93271c604bf229eeeb,Ridge,5.0,5.813883493500483,6.0,0.8138834935004828,1.0
white,1916,14ef9116bb84a7908a62bbf0c378f3ee20643556473ceed5be5b7cdf1f7057aa,Ridge,7.0,6.35788601898868,6.0,0.6421139810113203,1.0
white,1920,2ffab540e015d2a963d7b86681766799ff3e87fd1d9870084ebcb0ed7c30d308,Ridge,6.0,5.682312912244904,6.0,0.3176870877550959,0.0
white,1921,554e7dd8b60c8c885a941cb67048106648edae3998301559fbe572a6dad8d5f1,Ridge,7.0,5.7125426931352585,6.0,1.2874573068647415,1.0
white,1922,657415bd5b0119d9503b94ecb17394f8daf70aec5fcddb93271c604bf229eeeb,Ridge,5.0,5.813883493500483,6.0,0.8138834935004828,1.0
white,1925,f401ae119fd29a13bfc19e3006aae8226bad0cf3a67ad5cbe08854abfadac0e7,Ridge,4.0,5.534122184479474,6.0,1.5341221844794743,2.0
white,1956,4ba897ff66e16205be1f1a4debfe9ee6a8df8a3998e8ae6ef3eacf3b2b995b91,Ridge,5.0,5.346679765009957,6.0,0.3466797650099567,1.0
white,1965,300d9f5a82eea69bf817dcdcfe8111cfc49f1ddc26b41ce513dc5cbd347e012f,Ridge,5.0,5.298104405984693,6.0,0.29810440598469334,1.0
white,1970,b340a330d8f60434900b2c65dd01a989757b93eb842e65c511171d39d527a254,Ridge,7.0,6.2299035485082745,6.0,0.7700964514917255,1.0
white,1972,b340a330d8f60434900b2c65dd01a989757b93eb842e65c511171d39d527a254,Ridge,7.0,6.2299035485082745,6.0,0.7700964514917255,1.0
white,1981,05eaaead215adc13e1de405cce8bc4aaea7ed6dcf89f212ff1e6fe292e5dd276,Ridge,8.0,5.574083039610176,6.0,2.4259169603898236,2.0
white,1982,05eaaead215adc13e1de405cce8bc4aaea7ed6dcf89f212ff1e6fe292e5dd276,Ridge,8.0,5.574083039610176,6.0,2.4259169603898236,2.0
white,1983,05eaaead215adc13e1de405cce8bc4aaea7ed6dcf89f212ff1e6fe292e5dd276,Ridge,8.0,5.574083039610176,6.0,2.4259169603898236,2.0
white,1984,05eaaead215adc13e1de405cce8bc4aaea7ed6dcf89f212ff1e6fe292e5dd276,Ridge,8.0,5.574083039610176,6.0,2.4259169603898236,2.0
white,1985,05eaaead215adc13e1de405cce8bc4aaea7ed6dcf89f212ff1e6fe292e5dd276,Ridge,8.0,5.574083039610176,6.0,2.4259169603898236,2.0
white,1988,bd6d246d44c1fcf6f2528a7915135fd3ac95452c02f19a63fff612b06e6b21be,Ridge,5.0,5.851061265474728,6.0,0.851061265474728,1.0
white,1990,aa46b35027e44c7ebc421a15e16cd178214f59cea7ca68501bffd4c110256925,Ridge,7.0,6.159448781094375,6.0,0.8405512189056248,1.0
white,1992,05eaaead215adc13e1de405cce8bc4aaea7ed6dcf89f212ff1e6fe292e5dd276,Ridge,8.0,5.574083039610176,6.0,2.4259169603898236,2.0
white,1995,b11c3e0c87cc3a5bcf13086f7b0a66901ec92d3e0f137cc06bd978de81beb990,Ridge,6.0,5.621778203488224,6.0,0.37822179651177557,0.0
white,1997,b11c3e0c87cc3a5bcf13086f7b0a66901ec92d3e0f137cc06bd978de81beb990,Ridge,6.0,5.621778203488224,6.0,0.37822179651177557,0.0
white,2002,6aef3a2e1345f972f5bbbd59995c38134be7fb84bfd8cbe92f851a0c78ec8425,Ridge,5.0,5.564055878825161,6.0,0.5640558788251608,1.0
white,2006,b11c3e0c87cc3a5bcf13086f7b0a66901ec92d3e0f137cc06bd978de81beb990,Ridge,6.0,5.621778203488224,6.0,0.37822179651177557,0.0
white,2010,5da889dc331a2617561c76c21a2af7a834a6094e792fd08e9228fa0c86e389de,Ridge,7.0,6.191678686181546,6.0,0.8083213138184542,1.0
white,2013,d63ab368df7ef5a4b8634e7867e0d0ecd0202d2c19d2f8b3ad1040d418a02648,Ridge,5.0,6.104706649303436,6.0,1.104706649303436,1.0
white,2021,c849655b2c4a3159a0870125535ff3187ca578a11d9c99903c4e4121f716a751,Ridge,6.0,6.299200994997547,6.0,0.2992009949975474,0.0
white,2022,47e8872eb1c00a3ebfd259e4bcbcd508cdd2e90256e01186d0114bf0e9978e35,Ridge,6.0,5.682114724305237,6.0,0.31788527569476344,0.0
white,2024,47e8872eb1c00a3ebfd259e4bcbcd508cdd2e90256e01186d0114bf0e9978e35,Ridge,6.0,5.682114724305237,6.0,0.31788527569476344,0.0
white,2041,e3ae4beacf99244b84837888d9344ba613b4b7158c1e609dd3ebaa5b7f861cdb,Ridge,6.0,5.644038561793492,6.0,0.35596143820650816,0.0
white,2043,2a6711657b238da0a9291ad89a14a92e77c0593aa08fbd3f18dd980cce506964,Ridge,6.0,5.622550712824114,6.0,0.3774492871758861,0.0
white,2045,f5d49ffd3ca26403dcfcdd9c89d0ee2fe0184a8ae514d2a262225f3cb786e784,Ridge,6.0,5.737206071925945,6.0,0.2627939280740552,0.0
white,2050,023410626ec583cad6e8d8997f745a5c506b6e12eef5bc7d1f8371ce8239ac10,Ridge,7.0,5.7250334010739286,6.0,1.2749665989260714,1.0
white,2058,89b231e41eff22d9c39eeba4445a760531af63694ae82632025e2588e10b1703,Ridge,7.0,6.45073295879663,6.0,0.54926704120337,1.0
white,2059,7306e5d909c12fed67bb971c82056c908de746a4b0c329daca45c56981ac72d7,Ridge,5.0,5.264230338722221,6.0,0.26423033872222135,1.0
white,2063,1ad184a00b63b93ddc6241abe188a5b403e0d110be1979b8cf8b5b7daa984918,Ridge,5.0,6.2076460684829025,6.0,1.2076460684829025,1.0
white,2065,41cef49c0f4227b600eaa8de09779baf3a00931f9d2b2fb8a0dd4dcc953983b8,Ridge,6.0,5.7071071272940515,6.0,0.29289287270594855,0.0
white,2068,d3b9e125acd78b74c1084707ded79faa21fdbf618c1f119f56a0e6ac2809dc2e,Ridge,5.0,5.557049673662133,6.0,0.5570496736621333,1.0
white,2074,5d70092495141896080014b84ba8b358abb2289b7e3bf5ef1c36c80800cc1e52,Ridge,5.0,5.747136000926043,6.0,0.7471360009260426,1.0
white,2075,41cef49c0f4227b600eaa8de09779baf3a00931f9d2b2fb8a0dd4dcc953983b8,Ridge,6.0,5.7071071272940515,6.0,0.29289287270594855,0.0
white,2078,1357637d80f0d264df199dd0016915b7821946c0cd0ef5c7762cf47b8aa6696a,Ridge,6.0,5.674025030380093,6.0,0.3259749696199066,0.0
white,2088,ddef51f1797703f5990c58b2d9e84d300c5ac017227bbddb446f3027a718d932,Ridge,6.0,5.5045053815589124,6.0,0.49549461844108755,0.0
white,2089,059688991d73b2741b4657269805691629abb9f775317a71566347baf4b1e5fc,Ridge,6.0,5.559865375415705,6.0,0.440134624584295,0.0
white,2092,a0213720a66a96c610c37c60d23e51bffc40b99d8cb5578824688abf2b065d98,Ridge,5.0,5.538304444202179,6.0,0.5383044442021792,1.0
white,2094,2f0368c4c35de4bd3ca020c9e80d5c3767307d271727a5b5d13de9ef3a58c7bb,Ridge,5.0,5.520502667748548,6.0,0.5205026677485476,1.0
white,2095,2f0368c4c35de4bd3ca020c9e80d5c3767307d271727a5b5d13de9ef3a58c7bb,Ridge,5.0,5.520502667748548,6.0,0.5205026677485476,1.0
white,2096,8c788c8b3fbfb1868c70e00d0b17e5ede293cb38a2e2c73689db045303b370f7,Ridge,5.0,5.33917233302794,6.0,0.3391723330279399,1.0
white,2097,5511c3d28e9a1697420a581878a06de4d4e044ec2b0c0e32247593cb81cf8383,Ridge,5.0,5.139438567291163,6.0,0.13943856729116266,1.0
white,2100,9d0c18c585e83a610812d5be66d21969de7de39d27c7af45fe7ddfcd629974a1,Ridge,5.0,6.233745973886212,6.0,1.2337459738862124,1.0
white,2105,9d0c18c585e83a610812d5be66d21969de7de39d27c7af45fe7ddfcd629974a1,Ridge,5.0,6.233745973886212,6.0,1.2337459738862124,1.0
white,2106,5511c3d28e9a1697420a581878a06de4d4e044ec2b0c0e32247593cb81cf8383,Ridge,5.0,5.139438567291163,6.0,0.13943856729116266,1.0
white,2108,a4e7dc9427a65f6b7055d55870ddb378fd88efb33a6e1e5b7225e89bb14f82cb,Ridge,6.0,5.821021382242779,6.0,0.17897861775722124,0.0
white,2110,cf7c00158b68e0415dd7a63198bd2bfc2598b852c451a744075688b22f0fff7b,Ridge,6.0,5.743631718992236,6.0,0.2563682810077639,0.0
white,2114,3d5ab091a5f5a4abfaafe78dc061ab25426f91a91c60f654131da6a33e5a683e,Ridge,5.0,5.493648231776781,6.0,0.4936482317767812,1.0
white,2115,cf7c00158b68e0415dd7a63198bd2bfc2598b852c451a744075688b22f0fff7b,Ridge,6.0,5.743631718992236,6.0,0.2563682810077639,0.0
white,2122,b91fb207bbdf98d68e112f4274051f60cbd5bab124b4b53826ce991bee8794d0,Ridge,7.0,6.320307563068016,6.0,0.6796924369319841,1.0
white,2125,b91fb207bbdf98d68e112f4274051f60cbd5bab124b4b53826ce991bee8794d0,Ridge,7.0,6.320307563068016,6.0,0.6796924369319841,1.0
white,2128,847b2eeac73cff3ff2da4fac7f3970ad50f0aae139efcd98f4976278bc73bc87,Ridge,5.0,5.045049885516097,6.0,0.045049885516096566,1.0
white,2140,506cbf318d645dfc99f128074f22a23dc61488916a1f4922c6e9528355ddbe94,Ridge,5.0,5.415953632628058,6.0,0.4159536326280584,1.0
white,2141,71b17e55d9a8adb75e5fffe97e44f5c1e5f598b0209e27ae839d7964cb8af726,Ridge,5.0,5.671485489427637,6.0,0.6714854894276368,1.0
white,2142,71b17e55d9a8adb75e5fffe97e44f5c1e5f598b0209e27ae839d7964cb8af726,Ridge,5.0,5.671485489427637,6.0,0.6714854894276368,1.0
white,2148,d0fd000720e161c71dc641878d1b4cb4c97f080cec051859981650371459d883,Ridge,5.0,6.1645447509018645,6.0,1.1645447509018645,1.0
white,2149,506cbf318d645dfc99f128074f22a23dc61488916a1f4922c6e9528355ddbe94,Ridge,5.0,5.415953632628058,6.0,0.4159536326280584,1.0
white,2152,71b17e55d9a8adb75e5fffe97e44f5c1e5f598b0209e27ae839d7964cb8af726,Ridge,5.0,5.671485489427637,6.0,0.6714854894276368,1.0
white,2153,eec57d04df99e60c0bb9a437a49c4df410bfbe5717b6e81db0b4885d647f9213,Ridge,6.0,5.741022241002942,6.0,0.2589777589970579,0.0
white,2155,32a259da7d132044d63808f9160ad5d231cfac181f1bfa94c90d23affb8230c1,Ridge,4.0,4.2273405694071435,6.0,0.22734056940714353,2.0
white,2156,ab1b7f0e535f1263f54aa44d34c799d5e5a6cc40c45300c6e1ad941882b0330f,Ridge,5.0,5.731329409673474,6.0,0.7313294096734744,1.0
white,2158,33ccce7cad315a8454f8d5e555a6a8957d9c922613acc55f1ba2b677ab255839,Ridge,6.0,6.229251171281159,6.0,0.22925117128115868,0.0
white,2161,d55c893c45ebfb99a1879dc20f8682e3e751e9c0b9d91aad096370af3053fbb8,Ridge,6.0,6.098703859573906,6.0,0.09870385957390582,0.0
white,2164,33ccce7cad315a8454f8d5e555a6a8957d9c922613acc55f1ba2b677ab255839,Ridge,6.0,6.229251171281159,6.0,0.22925117128115868,0.0
white,2184,1885ea4cf2158d7c2ad946528b390fe2bca67252220c5b76146b9a8b2894ee00,Ridge,5.0,5.479858599939329,6.0,0.47985859993932856,1.0
white,2186,f363cc477649f83548acf4de43ff7879372b7c8e6e2c6acdfab7f7a4ea3d2358,Ridge,7.0,5.806581390396564,6.0,1.1934186096034356,1.0
white,2189,d4e5129aec941a6d6f63686db97a1f89d06452d9feffb5842eda6d0ae3d9db91,Ridge,6.0,5.811201781222071,6.0,0.18879821877792935,0.0
white,2190,4459a89d02ddfae45cb47d73c486af206b77cbdb52b5e8b8d70ccfe7da62fd51,Ridge,6.0,5.751172163235036,6.0,0.24882783676496434,0.0
white,2194,4459a89d02ddfae45cb47d73c486af206b77cbdb52b5e8b8d70ccfe7da62fd51,Ridge,6.0,5.751172163235036,6.0,0.24882783676496434,0.0
white,2195,d4e5129aec941a6d6f63686db97a1f89d06452d9feffb5842eda6d0ae3d9db91,Ridge,6.0,5.811201781222071,6.0,0.18879821877792935,0.0
white,2204,8212ae9191c78a35451b91f3eb115e8435ff8061e8926bf1046b4ccb0678c530,Ridge,5.0,5.4773994675624245,6.0,0.47739946756242446,1.0
white,2209,6c8b49ca5e4c8bce3a51d5858cbf5011de26e0d061d6d11af6e9e9160bf585d9,Ridge,5.0,6.016986842461531,6.0,1.016986842461531,1.0
white,2215,6c8b49ca5e4c8bce3a51d5858cbf5011de26e0d061d6d11af6e9e9160bf585d9,Ridge,5.0,6.016986842461531,6.0,1.016986842461531,1.0
white,2227,4226942dca48d7175337d09b841d480b34babb2399577247bbd58ea2db15f801,Ridge,5.0,5.404785596255493,6.0,0.4047855962554934,1.0
white,2235,279d401169173c0710571b1059c735f1042bf3f8e4e82507078206d2ad522a3c,Ridge,5.0,5.76636687730596,6.0,0.76636687730596,1.0
white,2245,12b6102842a45b3d1659d3075c6c481b1b03605c846308c2668f94f48b338a18,Ridge,5.0,5.185294048503055,6.0,0.18529404850305475,1.0
white,2251,51efa9991e8815a7e8f2296f5ecfc26bf714b8cf1fff29c4966b5883bfbb0ffb,Ridge,6.0,5.265562908503166,6.0,0.7344370914968339,0.0
white,2258,96c0f3b742485f8506e160b074f5e29652310a65dbd867c95ea840c2199c48fb,Ridge,6.0,4.8675701454809115,6.0,1.1324298545190885,0.0
white,2260,96c0f3b742485f8506e160b074f5e29652310a65dbd867c95ea840c2199c48fb,Ridge,6.0,4.8675701454809115,6.0,1.1324298545190885,0.0
white,2271,24fdb01c788daa92b21320c564274db440a5b12f0bb442245fe7804df5053bce,Ridge,7.0,6.028533701541448,6.0,0.9714662984585516,1.0
white,2274,e72572ccad63c49c4c6537ab920419bf7051600760204631b754a9dc311df069,Ridge,5.0,5.27776837836992,6.0,0.2777683783699203,1.0
white,2275,24fdb01c788daa92b21320c564274db440a5b12f0bb442245fe7804df5053bce,Ridge,7.0,6.028533701541448,6.0,0.9714662984585516,1.0
white,2276,fd956bb522387c430801f5f1f0cc7821a9da424bebd4e17d58e130c89a52ff39,Ridge,4.0,5.558534534696799,6.0,1.5585345346967987,2.0
white,2281,8096c8f56de9227af754510063d9bfc48451837dc4507c2089c189bd47951741,Ridge,6.0,5.976046614832435,6.0,0.023953385167565067,0.0
white,2293,42f73c33786b1377f88e7cb43974b889e9b93667cde97e457c81ebf13e67fe76,Ridge,6.0,5.361010452293317,6.0,0.6389895477066831,0.0
white,2295,0129a15fabd38d1d26a2dbf6106481e34d02ea78108fcd907f86dd5d064ba174,Ridge,7.0,6.589323555262464,6.0,0.4106764447375362,1.0
white,2300,0129a15fabd38d1d26a2dbf6106481e34d02ea78108fcd907f86dd5d064ba174,Ridge,7.0,6.589323555262464,6.0,0.4106764447375362,1.0
white,2316,b885d236214e0afd209844f28a73eece252cb95533cdb3f27698e3adf7a28238,Ridge,6.0,5.786569789387165,6.0,0.2134302106128354,0.0
white,2317,49aea5201663b02c1ca86d9cb777fb94f331a7d04f936c89ab60db1ce0fe5827,Ridge,7.0,6.360186455778912,6.0,0.6398135442210879,1.0
white,2333,2320b1c891cda00196fa0965fa9934970350b888ff74d40da75f47f8054249cd,Ridge,6.0,5.355437471145227,6.0,0.6445625288547729,0.0
white,2336,1c527de4e92fd195047da1df20e8887a6bb4c40fbc400c447f436fd22c3e437c,Ridge,5.0,5.834762235764248,6.0,0.8347622357642477,1.0
white,2343,f9a175eaf132b7522510a73e7c7683a4e13d867844520c39e0ea1abdd6965024,Ridge,8.0,6.299309633197431,6.0,1.7006903668025686,2.0
white,2352,ed87238aaf4949304ce36466309d090d0c163931a9e995072af5fd37b2545bdb,Ridge,6.0,5.745734523013626,6.0,0.25426547698637414,0.0
white,2357,7fd8a238ebe55a6039b85e55f39ef73b78dda21d1d239312559981ff303b8ae1,Ridge,6.0,5.537082422376303,6.0,0.46291757762369734,0.0
white,2362,35e83ddcae2b4780188f99d6aa2279431be929c11faa122f8cbf894938d6a950,Ridge,5.0,5.500837575985075,6.0,0.5008375759850754,1.0
white,2367,69f1b9707ae8df8f10bd24b5f34e35b85633c100db55f9125984c7254b77db00,Ridge,5.0,5.138695064547389,6.0,0.138695064547389,1.0
white,2368,b5bde08b3aeb1c83c173e3ddfa0172582430f29259a09e1fb079e732a7220826,Ridge,6.0,5.288399886162596,6.0,0.7116001138374042,0.0
white,2369,17134144d270e155de970f243186c00f13b1e80bd7796855a1ae1c6808cc80a1,Ridge,6.0,6.072255748872304,6.0,0.0722557488723039,0.0
white,2373,2f5befbe12bbf239351344e9f15b8a105178415bb6aeab0b218e0d7805466de9,Ridge,4.0,6.001724482945979,6.0,2.0017244829459786,2.0
white,2386,1838ea0a032418fbff3ec4d28fe658fb3ffec089f629774565f3ac93d97a7906,Ridge,5.0,5.50351120695963,6.0,0.5035112069596304,1.0
white,2387,ae113abe416ff3e3c83e3acc7148cf07ed4eb0dd47fec59354374da7997240fa,Ridge,4.0,5.387388718507173,6.0,1.3873887185071734,2.0
white,2395,df15b5a69a67dc07aa2a602ea8de2b9f95b195793f8281d7734668dad61277a6,Ridge,5.0,4.760834213551547,6.0,0.23916578644845288,1.0
white,2396,bfa9a9e98a7924cf84adf4682c2d218f8cf630f1a31eddc903f7b771b29a7c44,Ridge,5.0,5.609604872697937,6.0,0.6096048726979371,1.0
white,2398,b4288b841f599fd6b763c160b5c963c502410bf11c3d7137971e90f15de2357e,Ridge,6.0,6.391933464527585,6.0,0.39193346452758515,0.0
white,2401,991333e43800bad7cd10cbbe64aa1db9b5d5999f1f37fd4838f49b2ce604b3be,Ridge,4.0,5.516272342834106,6.0,1.5162723428341058,2.0
white,2404,887ba3c268425966cdd9e5f918c37800a59fa8b78994e684076a51a5ce1a62b5,Ridge,6.0,6.408681809812431,6.0,0.40868180981243096,0.0
white,2406,d4388bd585f7dc7cfa88703d3b2f430ffed837241cc1ec80e4a8f7e595344c2e,Ridge,5.0,5.686741060454507,6.0,0.6867410604545068,1.0
white,2411,e1dca779931d69c6527c01b648fb475c9ec893352c252fc8d9fd80163b1f3980,Ridge,6.0,5.88014580438531,6.0,0.1198541956146899,0.0
white,2428,927f9419ba7ff6101a23acdca4f1d980f74568c574f62a3111e6f4d0e36e71b5,Ridge,6.0,5.580487148591072,6.0,0.41951285140892836,0.0
white,2430,927f9419ba7ff6101a23acdca4f1d980f74568c574f62a3111e6f4d0e36e71b5,Ridge,6.0,5.580487148591072,6.0,0.41951285140892836,0.0
white,2432,8bbf8a9c5a406e4e31ba9b8fa5f6e2f8326a94ce010256bb39715de71a83a55d,Ridge,5.0,5.321244337357255,6.0,0.3212443373572551,1.0
white,2433,9567081313e111e8856b13fa1286a5eb695010daed842b10fffe76654dfff4ed,Ridge,5.0,5.571579876696579,6.0,0.5715798766965792,1.0
white,2440,a2e5e9c56d1ad405e9c3ab4aaac74579cf42c21de190b268dec64b464331a9c3,Ridge,6.0,5.853682526372987,6.0,0.14631747362701297,0.0
white,2446,e4f0f8b30f750b384e6983c885bd41d5cf5b97518f170714f53cdb07aa0318e5,Ridge,5.0,5.48030785318423,6.0,0.48030785318422975,1.0
white,2449,6ecef4bf5f18ab8a68fc3375f7bb58c99b1b313abae2a6fc9d850c9c9eab87aa,Ridge,6.0,5.799749089097435,6.0,0.20025091090256542,0.0
white,2451,fabeb2f0ec73aaa19aa26a514ac3c354c729b9e0f952e663ab78303c997caaa6,Ridge,5.0,5.127349895258635,6.0,0.12734989525863494,1.0
white,2452,fabeb2f0ec73aaa19aa26a514ac3c354c729b9e0f952e663ab78303c997caaa6,Ridge,5.0,5.127349895258635,6.0,0.12734989525863494,1.0
white,2454,b1d02557fa62bfcbcb27085d46bee003af149d66e4e2d90049f96229c69a5318,Ridge,6.0,6.122364450650142,6.0,0.12236445065014223,0.0
white,2460,94edd657b6e11153b34419d209346740e16aef019d9ae73f50076d31c511f2d2,Ridge,5.0,5.5710241179088245,6.0,0.5710241179088245,1.0
white,2461,94edd657b6e11153b34419d209346740e16aef019d9ae73f50076d31c511f2d2,Ridge,5.0,5.5710241179088245,6.0,0.5710241179088245,1.0
white,2467,448f2b31e14adbe7bbfe12e66705bf2288dfe73ac5a0875ba66a041b8fa0dfeb,Ridge,5.0,5.278407761424949,6.0,0.2784077614249494,1.0
white,2473,a25176cdaf4d9fef191ebe5bc0ae7f660bf4b436d7bbd34ac315ca294b75bb1f,Ridge,6.0,5.976668470701097,6.0,0.023331529298903142,0.0
white,2476,49139c27ed7e97a506563c8dd47dbd605371d69957585d32c92f8c0a86fafe3d,Ridge,5.0,4.719716705353591,6.0,0.28028329464640933,1.0
white,2482,43ef3d8672ce98abaa5d6173ee19e28b9dd2853dacbfd4590cdb5864c6b7d5eb,Ridge,6.0,5.30145415769484,6.0,0.69854584230516,0.0
white,2483,866ff589c86dafcdccd0c4a4adfa56c833d0b4ed021a54e54c2263e3ae76d1d9,Ridge,6.0,5.570227656282271,6.0,0.42977234371772877,0.0
white,2491,b1aade8b095a147979e94ca080bc141f13249a3c52df194278fa8232a5c631da,Ridge,6.0,5.549061670288479,6.0,0.45093832971152104,0.0
white,2494,49db54cf841f7dfc31142710c8d99b25e6961f2d139e563eebd78459c75fac2d,Ridge,4.0,5.498593208362409,6.0,1.4985932083624087,2.0
white,2495,49db54cf841f7dfc31142710c8d99b25e6961f2d139e563eebd78459c75fac2d,Ridge,4.0,5.498593208362409,6.0,1.4985932083624087,2.0
white,2500,e1261fd9e161834f8f6767aa5297043fa3f5bbcb2950e7c83a113d00c369e041,Ridge,6.0,6.25120929805863,6.0,0.25120929805862957,0.0
white,2507,1111ed86a36c2f80047b416287f71a7ee96623ca8002463def623204732a23ca,Ridge,6.0,5.602781545633669,6.0,0.39721845436633085,0.0
white,2514,dd02b0412aa27c5fae0d2efbd339cfab79c1d7db42de44b3a05b18c24da9ecb3,Ridge,5.0,5.33735107653026,6.0,0.3373510765302603,1.0
white,2516,9db185393b2abdc9fd659df2168fe8cadb36532ee4da2b3d0eb10d4e52957311,Ridge,7.0,6.635717010978475,6.0,0.36428298902152534,1.0
white,2519,9db185393b2abdc9fd659df2168fe8cadb36532ee4da2b3d0eb10d4e52957311,Ridge,7.0,6.635717010978475,6.0,0.36428298902152534,1.0
white,2520,bd0a3daf67b822a0df706b7d4957f9a8abdd0aaacd0859b4fb1d0969a9329ec6,Ridge,5.0,5.617625422177412,6.0,0.6176254221774116,1.0
white,2522,3522571043afec8ef471ba92c1ee02ca83232eb6179a5af2de6ddbfe528d2671,Ridge,7.0,6.421467787353578,6.0,0.5785322126464223,1.0
white,2523,34fd44a1e1a13aa25285ef712b13e6b3b57508586e7bff7abe0d80b029c7b0d7,Ridge,8.0,5.91425350184914,6.0,2.0857464981508604,2.0
white,2526,34fd44a1e1a13aa25285ef712b13e6b3b57508586e7bff7abe0d80b029c7b0d7,Ridge,8.0,5.91425350184914,6.0,2.0857464981508604,2.0
white,2527,3522571043afec8ef471ba92c1ee02ca83232eb6179a5af2de6ddbfe528d2671,Ridge,7.0,6.421467787353578,6.0,0.5785322126464223,1.0
white,2531,3650117fc4f44c373d0d7b8536a00d979c1aaae8418f5855f06b2172f0dc7bdd,Ridge,6.0,5.855190603257947,6.0,0.14480939674205295,0.0
white,2532,3e8cf511ef3ff2b61278b0a9e0a792980c988ef7773e9da0fabc6a1796e92c47,Ridge,4.0,4.877311731488512,6.0,0.8773117314885122,2.0
white,2533,3e8cf511ef3ff2b61278b0a9e0a792980c988ef7773e9da0fabc6a1796e92c47,Ridge,4.0,4.877311731488512,6.0,0.8773117314885122,2.0
white,2538,8e70f2dd83ee5da6aaf01be8754978baefb8da61aace1465143f619b69555d0f,Ridge,6.0,5.584078779593327,6.0,0.41592122040667334,0.0
white,2539,8e70f2dd83ee5da6aaf01be8754978baefb8da61aace1465143f619b69555d0f,Ridge,6.0,5.584078779593327,6.0,0.41592122040667334,0.0
white,2549,ef4a5442517df31237e351e5c55cdc12b3c1649937efdc4cd769a682afb83370,Ridge,6.0,5.60753754429013,6.0,0.39246245570986993,0.0
white,2552,ef4a5442517df31237e351e5c55cdc12b3c1649937efdc4cd769a682afb83370,Ridge,6.0,5.60753754429013,6.0,0.39246245570986993,0.0
white,2575,d84c6114f25238f8c0766d4077934fecb0d9105fb23eda25cb03d8ca93d7ea74,Ridge,5.0,5.831253774636775,6.0,0.8312537746367754,1.0
white,2576,66310305a7efa3c90cd85485ebd4f31e763ea35f806597b2facbf26d6b7d3be2,Ridge,6.0,5.718771341881075,6.0,0.28122865811892517,0.0
white,2577,2d1badeb41ea4a4be82cb755fe3e91c1c0b455a675860d5a289a183bbe97595e,Ridge,5.0,5.736844411328755,6.0,0.7368444113287547,1.0
white,2581,f96dcd1cae06f2610b17d217efc3fc870304f939d02c816d84bc7ce204bcf070,Ridge,5.0,6.024507032517603,6.0,1.0245070325176027,1.0
white,2594,3944715ef7c06a5f43d8bf0a376c64cbed10b835a8af497a1bc2567dd160104d,Ridge,5.0,6.319576450664472,6.0,1.3195764506644716,1.0
white,2607,5edfabc4d4ac5f814e3729d76265f778edf07b7c2dfd8cae6cf497d8a69f57f7,Ridge,6.0,5.919972414890217,6.0,0.08002758510978314,0.0
white,2609,ea2f07251c81b49a5af77106772ac119e42ed47dcacda7caf41c6d8568e1bc35,Ridge,6.0,5.902206864683883,6.0,0.09779313531611677,0.0
white,2616,661ca34e5205a0bcec883fc965f94d7769a69fc583c9f5bff637cee21cb4071d,Ridge,7.0,6.444030548501258,6.0,0.5559694514987417,1.0
white,2617,661ca34e5205a0bcec883fc965f94d7769a69fc583c9f5bff637cee21cb4071d,Ridge,7.0,6.444030548501258,6.0,0.5559694514987417,1.0
white,2618,661ca34e5205a0bcec883fc965f94d7769a69fc583c9f5bff637cee21cb4071d,Ridge,7.0,6.444030548501258,6.0,0.5559694514987417,1.0
white,2619,e4a7a0339fbd7761d7e0e3a9fdc0e7bcd158f1c7e2e67a4944f66e3e64aa17b9,Ridge,7.0,6.207073563825152,6.0,0.7929264361748478,1.0
white,2623,e4a7a0339fbd7761d7e0e3a9fdc0e7bcd158f1c7e2e67a4944f66e3e64aa17b9,Ridge,7.0,6.207073563825152,6.0,0.7929264361748478,1.0
white,2624,661ca34e5205a0bcec883fc965f94d7769a69fc583c9f5bff637cee21cb4071d,Ridge,7.0,6.444030548501258,6.0,0.5559694514987417,1.0
white,2641,c2d46e8ef26a60cc8e610bc034375310075bdbd83ad27d9174fd115c70551786,Ridge,6.0,6.324989496217228,6.0,0.3249894962172277,0.0
white,2649,8ad283559a04a2e744c6fe89f168bfc944d312e28dac74835f6012ae41b747cf,Ridge,6.0,6.1086616215411595,6.0,0.10866162154115955,0.0
white,2651,4a13d4da83ec465ec3779bf3939c35e785b2740ba7c5746440ebea3d113a7e61,Ridge,5.0,5.353226695319853,6.0,0.3532266953198526,1.0
white,2654,65d37e079105f9299a5c9ec51bbffcdbad7d723e53a377c1a3b243f63cecc8eb,Ridge,5.0,5.266448373503396,6.0,0.2664483735033958,1.0
white,2658,f76dfab5dea75520440d727af9c58c616507976ce6b57c5d42476850364833c5,Ridge,7.0,6.431357362341057,6.0,0.5686426376589431,1.0
white,2660,d2b584640e9a67705cdf91b07dfb569e8636a9e3def0d39c60443f25b9a0df92,Ridge,6.0,6.632148800597347,6.0,0.6321488005973466,0.0
white,2663,eec2edc03782dcbe7fdb618b42ed5505a71ce308bfb3f282742fa817a3732940,Ridge,6.0,6.025451771213363,6.0,0.02545177121336284,0.0
white,2672,eff003d976fa3ff26b27172ff0895a94282337a1ad1bb0574a889afdc26019fd,Ridge,7.0,6.764157728824452,6.0,0.23584227117554768,1.0
white,2674,99a43ca3290a565b78bab8c028f2f0b8e3d27c3987a9c0ca5d2cc52a1a66e0da,Ridge,6.0,6.0618019064440265,6.0,0.0618019064440265,0.0
white,2678,fab139b56e7fa4fb319d49ac99f93f8198ceb81e48377b9a26e4e632b1c94383,Ridge,6.0,6.369851465654578,6.0,0.3698514656545777,0.0
white,2705,1fda65f7d92df2e09b2b99345972bcfb19bc0626f6235d17f2c44f360733beac,Ridge,6.0,5.423957359985343,6.0,0.5760426400146574,0.0
white,2707,757af3bb122b352c75f3da25ba0ebbbc48da7b80c6ce85c6dedb4db374e2f2fe,Ridge,6.0,5.659941962112693,6.0,0.3400580378873066,0.0
white,2712,060b3ca94460396af1eb7d531c0d0c5c3d0ad51cb0d44ea07e8f3a91c9f8d6e3,Ridge,5.0,5.865619485423794,6.0,0.8656194854237942,1.0
white,2713,40678a98ab500da6aba0ebe19b4864dcde57941959a95f869190769fbdea8fd3,Ridge,5.0,5.552922759195781,6.0,0.5529227591957806,1.0
white,2719,ec1f63074beb0d91e88e13b49e9b6c335f774a34e450e15ef3b58c25f411c980,Ridge,6.0,5.639317271498646,6.0,0.3606827285013541,0.0
white,2730,327ef25e874769e132ccc441f1af3d26ab7170332b1117673c32a1ac3fd6e85e,Ridge,7.0,6.287140566343099,6.0,0.7128594336569014,1.0
white,2734,327ef25e874769e132ccc441f1af3d26ab7170332b1117673c32a1ac3fd6e85e,Ridge,7.0,6.287140566343099,6.0,0.7128594336569014,1.0
white,2746,0866e06e1b710aa01865cdaa2f3cc003e4e095ef93ff17db7e1177cd89f05654,Ridge,7.0,6.461356608755081,6.0,0.5386433912449187,1.0
white,2752,a6ed66a7b5c9ff1cdb34a058ab9e4273c8c820b88f3b0c8957cb5e54784c57eb,Ridge,6.0,6.650729500237803,6.0,0.6507295002378033,0.0
white,2755,f95e17944c8b4ea05bdc25713c0b8f93a64be200413dbea16d62ddb410107159,Ridge,5.0,5.98473605117093,6.0,0.9847360511709304,1.0
white,2758,22736a0234cf8db120485fe8e4a2789b7a53ea16cc90a7a5094111eb7a6974e6,Ridge,5.0,5.612534298312808,6.0,0.6125342983128084,1.0
white,2766,2aec61c972e684d776befe731b3204191ca218852209eff9e8440a82815642fe,Ridge,6.0,6.289317026744507,6.0,0.28931702674450666,0.0
white,2772,196aa075af7baf07f5f816906d5307271995c49d45c10836f4c487783fa36e00,Ridge,6.0,6.216198783452354,6.0,0.216198783452354,0.0
white,2778,960ee0149a9039f293c2c9df001ecfdccfcd45704447e583036cc313a5203501,Ridge,6.0,6.162866442329158,6.0,0.16286644232915837,0.0
white,2792,5576d2a6c65c8c2549f63c5a29dc0b99569ba80f107be945d31ab18f9a3107ff,Ridge,5.0,5.56442191307303,6.0,0.5644219130730299,1.0
white,2796,896e89b5ffeb93982907e69c8cc049e851b079d43caa633b75b38d55ee3abb80,Ridge,8.0,6.196987065597544,6.0,1.8030129344024557,2.0
white,2799,135ae5fded657da682fc03780db584119dc735409887fb572e9f19652471e2c4,Ridge,7.0,6.071962876159051,6.0,0.9280371238409488,1.0
white,2801,5576d2a6c65c8c2549f63c5a29dc0b99569ba80f107be945d31ab18f9a3107ff,Ridge,5.0,5.56442191307303,6.0,0.5644219130730299,1.0
white,2805,896e89b5ffeb93982907e69c8cc049e851b079d43caa633b75b38d55ee3abb80,Ridge,8.0,6.196987065597544,6.0,1.8030129344024557,2.0
white,2810,189a81f33df4312a9a5047ffe21d2f19a6906bf12b64274340df6eed910af01e,Ridge,7.0,6.538269235772816,6.0,0.46173076422718395,1.0
white,2814,189a81f33df4312a9a5047ffe21d2f19a6906bf12b64274340df6eed910af01e,Ridge,7.0,6.538269235772816,6.0,0.46173076422718395,1.0
white,2819,a214b31b4d267db467a765bc1e1b7843d9d374f102e3cfd2b2fd0f13a11107fd,Ridge,4.0,5.801624715052612,6.0,1.8016247150526121,2.0
white,2820,cb91264696e78268a7faec53c5b5cccd554e46583f472d08d5b03350e43d5f2d,Ridge,6.0,6.496250669935657,6.0,0.49625066993565703,0.0
white,2830,2c7cd46ce68b2102d8bc3cc3f35f527baf8ea7ca532e6c9cf825781936afc1ba,Ridge,5.0,6.375731757491616,6.0,1.3757317574916161,1.0
white,2834,a36f717b4929a849709741d9ec6612a96ceeb01a9e1d7db3af42d18cb1938286,Ridge,7.0,5.73661985408828,6.0,1.2633801459117198,1.0
white,2855,130c9bcaf37f49a481ead123c9a99bda8f5ae6ed205bcc9a876518ccbdbf483f,Ridge,6.0,6.126168632886275,6.0,0.12616863288627478,0.0
white,2858,1dba10371ad1012d307a4b7e23c22c1e24c2292c9bf60553bb2f3de6d8232e35,Ridge,8.0,6.724238152284925,6.0,1.2757618477150752,2.0
white,2861,98fa3c2f72e542295e58cb0b10fd79ce6ce1aa265bdaf4945c987ab211c0d0b4,Ridge,6.0,5.81357442246137,6.0,0.1864255775386301,0.0
white,2862,130c9bcaf37f49a481ead123c9a99bda8f5ae6ed205bcc9a876518ccbdbf483f,Ridge,6.0,6.126168632886275,6.0,0.12616863288627478,0.0
white,2863,d8f303008c9b660bebcc85fa3459ab315daa08f52e125a3fcd26eccba74b6d9d,Ridge,6.0,6.848609805677816,6.0,0.8486098056778157,0.0
white,2869,4ac1b28917e9fb2b353c94542b52caa8f6128aba14c3491c429cc4af2e6a6f10,Ridge,5.0,5.598580549340844,6.0,0.598580549340844,1.0
white,2879,28973cd09aab613fa02b8dd34e49dcc2d50f951dda4ec4c0ce04462946461ca1,Ridge,6.0,6.6013975248913495,6.0,0.6013975248913495,0.0
white,2882,dd9653336ba19a0530934ab38a76a37eb430d90b10bfeffa48194985329c1916,Ridge,7.0,6.307209091121863,6.0,0.6927909088781368,1.0
white,2883,fc651deb675a8f949507c476650fd880bf6b97878fc0f13cdaa492b447560f0f,Ridge,5.0,5.743807160362349,6.0,0.7438071603623486,1.0
white,2884,40c97dab7d25cf7f53d9f3633a3768d1a6f83e0137e82e3921782092e0fc68eb,Ridge,7.0,6.53768335692992,6.0,0.46231664307008025,1.0
white,2887,e47ba23ca6d9cb44a3433fc07d71d1ec6dc217cc4ee0af9b4c1f69fa7e8b135c,Ridge,5.0,5.41461751225501,6.0,0.41461751225500976,1.0
white,2888,5d6e23e08ef39f616868942bc9ef17c013514550eae2c92d5728cbb4e44825c1,Ridge,5.0,6.327319220078869,6.0,1.327319220078869,1.0
white,2894,ce152959ebd672bde41e6169f2c9bc2b19c8e638776f3f5bed358bdb4a67bb3b,Ridge,7.0,6.884937362845449,6.0,0.11506263715455134,1.0
white,2896,7c43744448d8328cac303ead7ede16a57a72faaba013c504c1ac45d521a80630,Ridge,5.0,5.190462204848524,6.0,0.19046220484852405,1.0
white,2897,4c3e3d0a3afb2440c42ceee30715f8fafa2dcf9480655197e2cf494eb8ba73ed,Ridge,5.0,5.660919722377967,6.0,0.660919722377967,1.0
white,2915,1f5fe15da92da566281ffa092b27223829786c04c861e87e027675aeafde84cc,Ridge,6.0,6.292554763192248,6.0,0.29255476319224805,0.0
white,2916,1f5fe15da92da566281ffa092b27223829786c04c861e87e027675aeafde84cc,Ridge,6.0,6.292554763192248,6.0,0.29255476319224805,0.0
white,2917,67c10a160eeba704960ab0e808e8beaf39f59170adf2e74b8d00c468f0edb06b,Ridge,6.0,6.369861614036907,6.0,0.36986161403690687,0.0
white,2925,295fe3a749d12967179aa2f7fd057874c15533ecbb3e2160bc9bb8f94dc32744,Ridge,6.0,5.623960376064904,6.0,0.37603962393509605,0.0
white,2930,295fe3a749d12967179aa2f7fd057874c15533ecbb3e2160bc9bb8f94dc32744,Ridge,6.0,5.623960376064904,6.0,0.37603962393509605,0.0
white,2939,a4ec58cded1510f01c4e7c2f147025a40cb4f0455245f4980c727b32f5246ac3,Ridge,8.0,6.052486640517842,6.0,1.9475133594821576,2.0
white,2940,a4ec58cded1510f01c4e7c2f147025a40cb4f0455245f4980c727b32f5246ac3,Ridge,8.0,6.052486640517842,6.0,1.9475133594821576,2.0
white,2942,e9b2e859871ae5fd2b61f838a261c80ebf5b842a58ba5e071ad6b063a676f501,Ridge,5.0,5.7823545160324485,6.0,0.7823545160324485,1.0
white,2943,f19521de9f9af527377b09502e736ade5abe0026e6bfaeba2cf38991881e95c4,Ridge,5.0,5.528674538841185,6.0,0.5286745388411846,1.0
white,2944,a4ec58cded1510f01c4e7c2f147025a40cb4f0455245f4980c727b32f5246ac3,Ridge,8.0,6.052486640517842,6.0,1.9475133594821576,2.0
white,2950,df6b80431dfdad6f13cde497e76d656f1a7e908f4e89a202875e50a246f9704c,Ridge,6.0,5.1375502131875574,6.0,0.8624497868124426,0.0
white,2952,2dad03e3672989da77d5823fe6a787df3161d0992dcabeae0e20170bfe479d64,Ridge,5.0,5.552153641198657,6.0,0.5521536411986574,1.0
white,2957,12538ae8335bda2f21996c3616666cfa5695ed208c3c5fdcd3f652ee1e857d50,Ridge,6.0,6.424645566769252,6.0,0.4246455667692519,0.0
white,2959,2dad03e3672989da77d5823fe6a787df3161d0992dcabeae0e20170bfe479d64,Ridge,5.0,5.552153641198657,6.0,0.5521536411986574,1.0
white,2973,c348649c8290349898d39be1d10638674cd0e161de52dd28f4a1f601bd381201,Ridge,6.0,5.923466144453901,6.0,0.07653385554609926,0.0
white,2980,fc5982c898f27dafcfff44def92d210efd90b0cc5c06ba23a91b2ba13b8a017b,Ridge,7.0,6.357588617037737,6.0,0.6424113829622629,1.0
white,2983,edfd30266204e2d19fb4697e0c12c53e15b7ec494c8ade7c046f69e57dfde513,Ridge,6.0,5.898677667338234,6.0,0.10132233266176627,0.0
white,2991,331de4766be2c3442c5b18b8b35cc5f45440757d4f1613ff9029cfdae3f98b2a,Ridge,7.0,6.8375538452541065,6.0,0.16244615474589352,1.0
white,3006,ad3d10336fa51f9ca93b4231e62e3bf64b6ebed1d46e4de00581db55c739ebde,Ridge,6.0,6.2057079577838685,6.0,0.20570795778386852,0.0
white,3008,331de4766be2c3442c5b18b8b35cc5f45440757d4f1613ff9029cfdae3f98b2a,Ridge,7.0,6.8375538452541065,6.0,0.16244615474589352,1.0
white,3034,dbf3e6a812dad17e057276b34ea501170d5aec195b9a1bcde2d4b3f738529ecf,Ridge,6.0,5.628351964761045,6.0,0.3716480352389553,0.0
white,3037,a6b72c27655365ba995f564a25f80776b3258717940298d2dfae7db92bda3ce7,Ridge,5.0,5.635901569354991,6.0,0.6359015693549912,1.0
white,3041,786a33e751ec6044fad5813652666ba788637da71398d4b6a4b498ad39535f62,Ridge,5.0,6.317257000311329,6.0,1.3172570003113293,1.0
white,3046,066b18b282a6849ed02af6cee2c4b6485166079bed3a9513ef6444715e023dec,Ridge,6.0,5.953663024735365,6.0,0.04633697526463543,0.0
white,3056,9d3e298ab12566cf2e63b9db717849c6244c7d7c7fe2faa16062896e88f12fde,Ridge,6.0,6.572332624664403,6.0,0.5723326246644032,0.0
white,3068,57a7aa5167056c03674d2037c4f68cd446bfbfaec6662359db3119aa18c4a12c,Ridge,4.0,5.733916373489968,6.0,1.7339163734899676,2.0
white,3084,e3ed254b1a0a23e9973da48dd3a083af8721f85f82ff896bee16c965ee262ec9,Ridge,7.0,7.051594696753732,6.0,0.05159469675373174,1.0
white,3087,e3ed254b1a0a23e9973da48dd3a083af8721f85f82ff896bee16c965ee262ec9,Ridge,7.0,7.051594696753732,6.0,0.05159469675373174,1.0
white,3089,4fb6a6cd418376ada21a87125ca25d727d65bb95b748c21658311012e7c66466,Ridge,6.0,6.154947033121505,6.0,0.1549470331215046,0.0
white,3094,81bc859ccb082f0065250b5467b839e31cc6ff7ff80fbf000e2a892b271efa6b,Ridge,7.0,6.377621748797324,6.0,0.6223782512026759,1.0
white,3101,bae80a3f433c3d64983c2e53ed3da9ea4f4f153c1eddf968a37d2327da005c86,Ridge,7.0,6.229410695950857,6.0,0.7705893040491434,1.0
white,3103,5ede483d25a9ce37836c4ff5cae7a84cadcfa6e3ee180eb42c820a3846456130,Ridge,6.0,5.734540520901351,6.0,0.26545947909864864,0.0
white,3104,81bc859ccb082f0065250b5467b839e31cc6ff7ff80fbf000e2a892b271efa6b,Ridge,7.0,6.377621748797324,6.0,0.6223782512026759,1.0
white,3115,0ef10a21c7a16b33769322c04da321599e17ff77ae7a8b578e13c112952f392b,Ridge,6.0,6.352937020631916,6.0,0.35293702063191557,0.0
white,3116,0ef10a21c7a16b33769322c04da321599e17ff77ae7a8b578e13c112952f392b,Ridge,6.0,6.352937020631916,6.0,0.35293702063191557,0.0
white,3119,b829baf4c75e75e5a515f5c814049cf9e8c2d8640f3ae58ff218c84f2bb5c9fb,Ridge,7.0,6.776604022049641,6.0,0.22339597795035893,1.0
white,3127,8c0b4bacf4fdac4ab6f20da9b344fc8c8019ce37fce198b71dc1d8e07776eb4f,Ridge,7.0,6.277528853763457,6.0,0.7224711462365434,1.0
white,3133,0ef10a21c7a16b33769322c04da321599e17ff77ae7a8b578e13c112952f392b,Ridge,6.0,6.352937020631916,6.0,0.35293702063191557,0.0
white,3137,3ca475c317ec8ed203032307e9b3b010d3b0fab810a30cfc5ce5d015d0e2cf92,Ridge,5.0,6.415321900327678,6.0,1.4153219003276778,1.0
white,3155,8a057dd39cc5d12f027f46c0d9847d3b9509f0aad6fb6d731f76df794215f044,Ridge,6.0,6.321318180349714,6.0,0.3213181803497136,0.0
white,3168,f1177949accc0be46355709ade7ddfea1d8a4261671b784f83e08a739b4fdb82,Ridge,7.0,6.49378746787763,6.0,0.5062125321223698,1.0
white,3186,ec4db76bc4c5f5fd8c4aae29715192497ff907006ae6b5e8b3e763e66b6380cd,Ridge,6.0,6.367289165752198,6.0,0.36728916575219817,0.0
white,3192,e21924b415dc9e9ba6f68fcfbfa124ef1a6e7dcd8d3b62cd352efef67545a16a,Ridge,6.0,6.290097618741022,6.0,0.29009761874102225,0.0
white,3212,68fbaa1db610b85d2a4efae2a4c4a9794bbf62b7a4df95990881a3efdf73832e,Ridge,6.0,6.470708793309444,6.0,0.47070879330944404,0.0
white,3215,029018be3c004416464f63a6569381d1f58b20e1b89b55ab0895d98723e795cf,Ridge,6.0,6.337256425142763,6.0,0.3372564251427628,0.0
white,3224,68fbaa1db610b85d2a4efae2a4c4a9794bbf62b7a4df95990881a3efdf73832e,Ridge,6.0,6.470708793309444,6.0,0.47070879330944404,0.0
white,3235,b9baed4f5dc572cb76ac1678af6bedcbd782c421f513cfc3fed86716e2b6fc45,Ridge,6.0,5.703828694765535,6.0,0.29617130523446544,0.0
white,3237,4f8c6d24e6965fa9e228a607b19b5cbaba4caa3470fd349362e7218f1c184e0f,Ridge,6.0,6.647871360187048,6.0,0.6478713601870476,0.0
white,3243,1c2ec545bf81926cf69a84cb83db0b2a0ce88eadd96a3e03173295cf3de559b8,Ridge,6.0,6.278035630754182,6.0,0.27803563075418225,0.0
white,3254,8e4240bfcf4d192197c88c1f3428adf895abeeaccf75995d43876d7bbe9c5704,Ridge,8.0,6.36575218492531,6.0,1.6342478150746897,2.0
white,3255,cae7c408e1b0c1a145ddce6eafb8188921825ccd9c35b48b6634e0aebe677b0b,Ridge,5.0,5.8119965368108675,6.0,0.8119965368108675,1.0
white,3268,99a7de06b6b049b27093a5fd41caf2fcaaaf7c9b72535d79ed42d1961907e189,Ridge,6.0,5.693346822701058,6.0,0.3066531772989416,0.0
white,3270,311f230de766e612ca8d1b1f9e951bfce32d3314831205627681187b213980ec,Ridge,5.0,5.276881431765613,6.0,0.276881431765613,1.0
white,3273,c6ab808f55038308b4890227280dd5a6ae366a1f75785c201cc3274845466279,Ridge,7.0,6.204372451489899,6.0,0.795627548510101,1.0
white,3274,f0b09adeb503c64224e1037551bae5982f938329de62bcaf33d2e3c991663c03,Ridge,7.0,6.445380133713014,6.0,0.5546198662869859,1.0
white,3279,311f230de766e612ca8d1b1f9e951bfce32d3314831205627681187b213980ec,Ridge,5.0,5.276881431765613,6.0,0.276881431765613,1.0
white,3282,187e851e6e1b2526dc03e2980a639e3ac786fb81a3ff950dd5846ca67901230c,Ridge,6.0,6.486736147819311,6.0,0.48673614781931107,0.0
white,3284,6ce35649a1f55dcb5c8db810b9fd6fba71346d118509cd4a92adf499bfeb3263,Ridge,6.0,5.338766400807332,6.0,0.6612335991926681,0.0
white,3286,fdb3eb3af12acf7feeba4fa9259d638f6a04a20c28877e33d7461be6eed4bd3c,Ridge,7.0,6.191814284761533,6.0,0.8081857152384666,1.0
white,3288,fdb3eb3af12acf7feeba4fa9259d638f6a04a20c28877e33d7461be6eed4bd3c,Ridge,7.0,6.191814284761533,6.0,0.8081857152384666,1.0
white,3289,6ce35649a1f55dcb5c8db810b9fd6fba71346d118509cd4a92adf499bfeb3263,Ridge,6.0,5.338766400807332,6.0,0.6612335991926681,0.0
white,3292,21fd82b5aa7acbe9feaa7aa589d7f0c8fe86d0aaeab4054389ad0d38089c506a,Ridge,8.0,6.917084064481079,6.0,1.0829159355189208,2.0
white,3293,989ce4acdf86ba573fb7c7549b35461b722d64e0751cd1a58c2a2c47f429e9e1,Ridge,5.0,5.4670595012023675,6.0,0.4670595012023675,1.0
white,3296,989ce4acdf86ba573fb7c7549b35461b722d64e0751cd1a58c2a2c47f429e9e1,Ridge,5.0,5.4670595012023675,6.0,0.4670595012023675,1.0
white,3302,21fd82b5aa7acbe9feaa7aa589d7f0c8fe86d0aaeab4054389ad0d38089c506a,Ridge,8.0,6.917084064481079,6.0,1.0829159355189208,2.0
white,3303,018dd025aca10015ac22223bb22094d001c139773dca6003daabc24ab3b47cf0,Ridge,6.0,6.514781040359494,6.0,0.5147810403594937,0.0
white,3305,b4d673ce87a4fe7dcc7b0d6bf69cb0b9f222dfaac5266713606824408c4160c8,Ridge,7.0,6.6156579968264815,6.0,0.3843420031735185,1.0
white,3306,a9c6bfcd52c39ba993808e9740d44b5bd86af76b4773eb6cb5d2ee39bda9889f,Ridge,7.0,6.7854888460272615,6.0,0.21451115397273846,1.0
white,3307,b4d673ce87a4fe7dcc7b0d6bf69cb0b9f222dfaac5266713606824408c4160c8,Ridge,7.0,6.6156579968264815,6.0,0.3843420031735185,1.0
white,3311,940356c8532b70e1a8bdfc51c7e8d3487909176c0c76c7ed68938623d2e3acb9,Ridge,7.0,6.5909465698587635,6.0,0.4090534301412365,1.0
white,3328,2c0cac0e152807bb311700d3faa1c22721a96f1eab0cf943a5395540b9624bf2,Ridge,7.0,6.095402195472173,6.0,0.9045978045278273,1.0
white,3330,eae0a133bf611946b0521f2ab03830b563541638973a435346395510a95d7145,Ridge,6.0,6.032376233708198,6.0,0.032376233708197866,0.0
white,3334,3c2dfe4bf649b6f23e049af7d0c90db9ea7f439db42da0f29674c22cb0e1608c,Ridge,6.0,5.927575350811392,6.0,0.07242464918860758,0.0
white,3339,deca7e408d6b953aa030143d95f01c6c5d759581ecda987fb84e1ed2e60fa496,Ridge,6.0,6.191781356464066,6.0,0.19178135646406602,0.0
white,3349,deca7e408d6b953aa030143d95f01c6c5d759581ecda987fb84e1ed2e60fa496,Ridge,6.0,6.191781356464066,6.0,0.19178135646406602,0.0
white,3350,0eb2c9fcf5eabcd8ea12b071cc24e298acdc1024babf2d69d427292c8adf373f,Ridge,6.0,6.004412993949163,6.0,0.00441299394916328,0.0
white,3356,03afff36074b1302292b9bd9d7760c20c2b6ad6485ad34c2a38eff9f383b5926,Ridge,6.0,6.653934372762346,6.0,0.6539343727623459,0.0
white,3357,3315708d52be37536b640beb1490816bf497d1c3a392dcfbd20737995cff06d9,Ridge,6.0,6.301559359503021,6.0,0.30155935950302126,0.0
white,3362,0eb2c9fcf5eabcd8ea12b071cc24e298acdc1024babf2d69d427292c8adf373f,Ridge,6.0,6.004412993949163,6.0,0.00441299394916328,0.0
white,3367,598e72a2e91e7b9b1ce55e5e78c9558ac729d0278584c9ec72778f099efa3fed,Ridge,6.0,6.263188440798334,6.0,0.26318844079833426,0.0
white,3372,598e72a2e91e7b9b1ce55e5e78c9558ac729d0278584c9ec72778f099efa3fed,Ridge,6.0,6.263188440798334,6.0,0.26318844079833426,0.0
white,3373,dd00eb1fdcf7ff016455d1eb99c0d6fbe444652dc659dfcdf923e92ad66881e4,Ridge,6.0,6.4096227336257865,6.0,0.4096227336257865,0.0
white,3378,b3325c7692cf564467b4f51aa0f488b6887a3079044f44f957d0b7e482b1e806,Ridge,6.0,5.735768243766657,6.0,0.26423175623334316,0.0
white,3379,cafd855425b89f0445602a5acf307441561752bd1fd9fc09bfd45b972d3dee68,Ridge,8.0,6.6290851627023315,6.0,1.3709148372976685,2.0
white,3386,ad1ac8b7e31e724c26bedfca34ae7f30676bbb29cb3f7602210d32a179d54df2,Ridge,6.0,6.146771558676339,6.0,0.14677155867633918,0.0
white,3387,cafd855425b89f0445602a5acf307441561752bd1fd9fc09bfd45b972d3dee68,Ridge,8.0,6.6290851627023315,6.0,1.3709148372976685,2.0
white,3391,054210c45b1112a3c16c3ca9b4d9e66e252b5c89f87afdc2cf58c29a8b0ce317,Ridge,6.0,6.546147193777023,6.0,0.5461471937770233,0.0
white,3397,b01db2b4337e8a1158339cdd71d0e95df9745c97f56565ced4a0a505052e6cf7,Ridge,6.0,5.987094387329936,6.0,0.01290561267006396,0.0
white,3399,0fd5f9bd0b275a71fed9f76222c43702d79cc34def273a312906a418e665beb6,Ridge,5.0,5.543784555777262,6.0,0.543784555777262,1.0
white,3401,8b65c4ac9a72a1545e1711022aeaa9a00d5ce0a06f8f0290fda637d9289ab74b,Ridge,6.0,5.320375872344303,6.0,0.6796241276556971,0.0
white,3403,8b65c4ac9a72a1545e1711022aeaa9a00d5ce0a06f8f0290fda637d9289ab74b,Ridge,6.0,5.320375872344303,6.0,0.6796241276556971,0.0
white,3406,aea513c5b8233e63ceb4be258b333cd2a60b3e4c7a46f2f930f693d16ac8e1e9,Ridge,6.0,5.887029761204544,6.0,0.11297023879545609,0.0
white,3408,0fd5f9bd0b275a71fed9f76222c43702d79cc34def273a312906a418e665beb6,Ridge,5.0,5.543784555777262,6.0,0.543784555777262,1.0
white,3416,3fef5527f39e19fe2ffdf18e3f32880a0f508cca6d7864365df3dd3a8f7acdd6,Ridge,7.0,6.684512945549056,6.0,0.31548705445094427,1.0
white,3420,3fef5527f39e19fe2ffdf18e3f32880a0f508cca6d7864365df3dd3a8f7acdd6,Ridge,7.0,6.684512945549056,6.0,0.31548705445094427,1.0
white,3423,c2ee3532882c754af80b796e8a8db0c905572531944f980c130ec40796b7ef56,Ridge,8.0,6.836949388838139,6.0,1.1630506111618608,2.0
white,3425,0138acbdd9c9d5ff9e2f565905bcf0ca68983871b11de24610ccab013035486b,Ridge,6.0,6.607777208839099,6.0,0.6077772088390994,0.0
white,3429,0138acbdd9c9d5ff9e2f565905bcf0ca68983871b11de24610ccab013035486b,Ridge,6.0,6.607777208839099,6.0,0.6077772088390994,0.0
white,3439,998aa521d400c53569e58d47e825f74784f0a00bf2f5cd57b207fa0f2c323bdb,Ridge,5.0,5.72325510152033,6.0,0.7232551015203299,1.0
white,3448,5b09a3f7f382b050881bed71e09a7bb0f3c1ad65e7c14b530a83d5cf82ded3fd,Ridge,6.0,5.701513662844325,6.0,0.2984863371556754,0.0
white,3455,c03de0b082ecc695a3137bd12c9cbd19e2a76f8b7ae722662d862d4bf55a8543,Ridge,5.0,6.013262698620652,6.0,1.013262698620652,1.0
white,3459,06ad0c5e8c9d6e4f12069b27a3f718f61f70875ae7d5e2e790472d43d8ddb23b,Ridge,7.0,7.050415865338623,6.0,0.05041586533862308,1.0
white,3492,94a4d3a7d938bea22eaaa545dd73b0cdc1f250239fb44710fbdfd4bc2b114b4b,Ridge,6.0,5.943601497929677,6.0,0.05639850207032282,0.0
white,3493,696beba85f00939b0937b2b503b22d27611dd16c9128671497d9633c8d54a197,Ridge,7.0,7.02956103507007,6.0,0.029561035070069686,1.0
white,3494,696beba85f00939b0937b2b503b22d27611dd16c9128671497d9633c8d54a197,Ridge,7.0,7.02956103507007,6.0,0.029561035070069686,1.0
white,3501,696beba85f00939b0937b2b503b22d27611dd16c9128671497d9633c8d54a197,Ridge,7.0,7.02956103507007,6.0,0.029561035070069686,1.0
white,3503,3c0629850f658e0b8378e917d752fd3e3d147a022b31301f0585d8758dba8973,Ridge,5.0,5.49723613988463,6.0,0.4972361398846301,1.0
white,3504,c29f9d8f95028450a5751e12e3a0f90032f80411dfb6907b26fead48ff3434c2,Ridge,7.0,6.800873187401872,6.0,0.19912681259812803,1.0
white,3506,a862f005765c9a2c671efe4900c2db5e0c0af9c085932019551f4721174308fa,Ridge,7.0,6.429000476025974,6.0,0.5709995239740264,1.0
white,3508,ef9cab0ca03b62b53b49d850caa886732daeef42e5325d8e0327b4e03c4c4c1c,Ridge,7.0,6.691025494203083,6.0,0.3089745057969173,1.0
white,3509,3c0629850f658e0b8378e917d752fd3e3d147a022b31301f0585d8758dba8973,Ridge,5.0,5.49723613988463,6.0,0.4972361398846301,1.0
white,3511,dabe4a2b9fbd5a863194286dc17843745ea71b4df4eacf2667f71166d6bd9435,Ridge,6.0,6.18744416345789,6.0,0.18744416345789006,0.0
white,3522,f88f444dd45e7bcc9875b1695202a362486305dd061c543c4289444d27e76b28,Ridge,7.0,6.388792629712806,6.0,0.6112073702871941,1.0
white,3523,4ea8c67b102c76e5fde0e34c88f6c2f350db7d2c7a150c7a39d0b4dbbf6405e8,Ridge,5.0,5.459228870283171,6.0,0.4592288702831713,1.0
white,3537,68c9edb98054c40cad9989c807afbfd57569daad873d5facf93c84838cf3d1b4,Ridge,6.0,5.930574267014118,6.0,0.06942573298588162,0.0
white,3541,22faa168aacc7a9aecfb33a6efa7f2e24a4a51745194dd85cc328ec4aec27877,Ridge,6.0,6.598387149692008,6.0,0.5983871496920079,0.0
white,3543,01d7d5aad588b545d116e0130983e0d7103d162359d134d347c0cae471dca923,Ridge,6.0,5.66088194422515,6.0,0.33911805577484966,0.0
white,3547,01d7d5aad588b545d116e0130983e0d7103d162359d134d347c0cae471dca923,Ridge,6.0,5.66088194422515,6.0,0.33911805577484966,0.0
white,3560,e1fe25d4d1a2e360f8c145d56ced24f971796a7108f95db2d0ac14ac0427f736,Ridge,4.0,6.042561108890083,6.0,2.042561108890083,2.0
white,3580,71c6ed706e5563459e9765959c49dc99078781f91f56cc57b3a99f67f0685134,Ridge,7.0,6.17460364073855,6.0,0.8253963592614504,1.0
white,3584,5dc4bd21cc4b8c4162e90ed45fe4fb59b1d778cc446739fa0f21c50c6700c80d,Ridge,6.0,5.731825769997429,6.0,0.2681742300025709,0.0
white,3585,71c6ed706e5563459e9765959c49dc99078781f91f56cc57b3a99f67f0685134,Ridge,7.0,6.17460364073855,6.0,0.8253963592614504,1.0
white,3593,a66189f9a8637eb2c4989074e9891fcdff0dd6e057c83ca5328db6c85dc8b965,Ridge,7.0,6.043398151508411,6.0,0.956601848491589,1.0
white,3595,0d3725228b79f2ea41329248dca221e6f32028eeafb9e237297dc4d1097949e4,Ridge,7.0,6.190612687702958,6.0,0.8093873122970416,1.0
white,3640,2dea00058fe4ca98a99f17efc91955e36c5bd4644f602729d8e215ab87cb8073,Ridge,6.0,5.825777373383917,6.0,0.1742226266160829,0.0
white,3648,8e17125e73c1634bdaa9279b35fec0401c55722592df8d619a1ddf46da2ee021,Ridge,7.0,6.565341467618589,6.0,0.4346585323814107,1.0
white,3650,2d46f5253f180c575f762bd3f13ecb4fb264129d519c288d8c2ba714a91c896b,Ridge,6.0,6.384927040141809,6.0,0.38492704014180923,0.0
white,3663,1d2e4fe1c6fdd707c33e96bca819ba4a8dff568ceef7f147a62989f4f3152116,Ridge,4.0,5.1539828097873395,6.0,1.1539828097873395,2.0
white,3664,c5c0f9d279ba1aad38a6763e1f9a89bf62a34ebc3508515423d9100969136e2f,Ridge,6.0,6.601653236105219,6.0,0.6016532361052187,0.0
white,3670,852b5c15824f77e2a84e26bd80d5bc65ab6194f299e41d3dd59d186194d58b8d,Ridge,7.0,6.645261538821599,6.0,0.3547384611784006,1.0
white,3673,a617c2fb35badb12d1744754405758d5ea0116d11bdf0d56906fbb52839679be,Ridge,8.0,6.310917191192101,6.0,1.6890828088078989,2.0
white,3674,d26b01e41af6c5246302a8af9bc865a262ce721054706e8f2850bf0ac2e5d770,Ridge,7.0,6.954831180945132,6.0,0.045168819054867804,1.0
white,3678,1a3a2d1a45ba2cd7183dc433505c3a09189d65afbae2a384b8c8791a143cc26d,Ridge,6.0,6.0379655879647816,6.0,0.037965587964781555,0.0
white,3692,a4d5faa30d5332c6c0ac30c9bc6a0072c4fcd4dc3ecd8fa5231069b86234a63f,Ridge,6.0,6.283362052990022,6.0,0.2833620529900216,0.0
white,3698,cbad98bbd39cf20b4cfc659d14d41b8477631d34cfdd6536196991fa562b182e,Ridge,6.0,6.389579808033445,6.0,0.38957980803344494,0.0
white,3703,fc191a4e5724cc13739292a75af333d95f43ce505427e8ccc4a85ba668a4985f,Ridge,6.0,5.402638685506367,6.0,0.5973613144936332,0.0
white,3704,fc191a4e5724cc13739292a75af333d95f43ce505427e8ccc4a85ba668a4985f,Ridge,6.0,5.402638685506367,6.0,0.5973613144936332,0.0
white,3705,fc191a4e5724cc13739292a75af333d95f43ce505427e8ccc4a85ba668a4985f,Ridge,6.0,5.402638685506367,6.0,0.5973613144936332,0.0
white,3706,fc191a4e5724cc13739292a75af333d95f43ce505427e8ccc4a85ba668a4985f,Ridge,6.0,5.402638685506367,6.0,0.5973613144936332,0.0
white,3708,e4a38860c7e4e44f0705f04b4986fb1f2599a4e539e5f44afce23e5b11fb9d02,Ridge,6.0,6.370455285454454,6.0,0.3704552854544536,0.0
white,3712,fc191a4e5724cc13739292a75af333d95f43ce505427e8ccc4a85ba668a4985f,Ridge,6.0,5.402638685506367,6.0,0.5973613144936332,0.0
white,3717,9bb71e631a6f7ee2b100171f066de5d79c8eac41f3683e0c4a1114519a9cb3b6,Ridge,5.0,5.898279328746931,6.0,0.8982793287469306,1.0
white,3724,a277e99de52a5f03fe6599ee7c5d08a6301e39c61ef849a55582eccc0da2c91d,Ridge,7.0,6.190319911118173,6.0,0.8096800888818274,1.0
white,3728,a277e99de52a5f03fe6599ee7c5d08a6301e39c61ef849a55582eccc0da2c91d,Ridge,7.0,6.190319911118173,6.0,0.8096800888818274,1.0
white,3734,f7d286ff61ecfb0ae364cf738a39a86327c477cff90b6d5f485f2baa7ff0a976,Ridge,6.0,6.822405660014506,6.0,0.822405660014506,0.0
white,3735,e4a644ea28b37013d520cc354816328b6d91d991a329619914352edc3e1ebff2,Ridge,5.0,5.434555962934658,6.0,0.4345559629346578,1.0
white,3736,6834759fccc6f0fb05e087d8bfa302b34d315eabd25e918a13285307ac21721f,Ridge,6.0,6.8970651084518035,6.0,0.8970651084518035,0.0
white,3752,cd3ccf2aa15ca8136af7a5aca736df4f64c87fd41466ff2767c9598b2bab4848,Ridge,5.0,5.829110011263697,6.0,0.8291100112636967,1.0
white,3753,16fa5942ee7ee5d4b43a0ffe8b86a0a2a2920a0ecba36c08eaddc3f52f875320,Ridge,5.0,5.78942772196775,6.0,0.7894277219677504,1.0
white,3755,6e87d0b93e9ec4d172697e3e6e6fe7533046f0d58da541ab02e589695b79458a,Ridge,8.0,6.659585694109544,6.0,1.340414305890456,2.0
white,3757,cd3ccf2aa15ca8136af7a5aca736df4f64c87fd41466ff2767c9598b2bab4848,Ridge,5.0,5.829110011263697,6.0,0.8291100112636967,1.0
white,3758,16fa5942ee7ee5d4b43a0ffe8b86a0a2a2920a0ecba36c08eaddc3f52f875320,Ridge,5.0,5.78942772196775,6.0,0.7894277219677504,1.0
white,3764,65ac38f53708afa0261949794e365d2fc7a8d5e8ddd30f004ef6b50734d39b46,Ridge,5.0,5.842711969537378,6.0,0.8427119695373779,1.0
white,3765,6e87d0b93e9ec4d172697e3e6e6fe7533046f0d58da541ab02e589695b79458a,Ridge,8.0,6.659585694109544,6.0,1.340414305890456,2.0
white,3771,6abd810c30e127cc671e5d5ea4d4bf9fdc876dcd83e59a1f5b7d7f84dd03803c,Ridge,4.0,6.2613189318444045,6.0,2.2613189318444045,2.0
white,3774,c9719680bdfb468d7b9d3ea3641e724edfb2b07534b13fc756cb84b231481855,Ridge,5.0,6.4441784023279745,6.0,1.4441784023279745,1.0
white,3789,259e1cb721138ca9092848a41f2f0f1447cc0be72391b2d886ccc7096fd6b9ec,Ridge,5.0,5.613622822510638,6.0,0.6136228225106377,1.0
white,3799,bf9b9bad3afbd2f9e0be42e74223f97ad9ee6e8d7e8186c5cbc7603862f67ff2,Ridge,5.0,5.9572438354699795,6.0,0.9572438354699795,1.0
white,3803,bf9b9bad3afbd2f9e0be42e74223f97ad9ee6e8d7e8186c5cbc7603862f67ff2,Ridge,5.0,5.9572438354699795,6.0,0.9572438354699795,1.0
white,3808,5f50dbf47be9d7471818c1e604a8121ac44cacbca8e9fc8557e27a24953b7363,Ridge,5.0,5.8345269046635755,6.0,0.8345269046635755,1.0
white,3813,bf9b9bad3afbd2f9e0be42e74223f97ad9ee6e8d7e8186c5cbc7603862f67ff2,Ridge,5.0,5.9572438354699795,6.0,0.9572438354699795,1.0
white,3815,8c80e05137bd5e7a309e7dd0622378b7c82e187970fa6b8d64ce493afc7cdb8b,Ridge,5.0,5.798478258520021,6.0,0.7984782585200207,1.0
white,3824,db634d087ec682ae1c1661f0976cff33dd90158390c6c1953739c339f5c44cd9,Ridge,5.0,5.609911929320662,6.0,0.6099119293206616,1.0
white,3825,83d0c9cb9f37f36241dc73de2fec02f22c6f33c727aed6b6788023e364129609,Ridge,7.0,6.163176764815348,6.0,0.8368232351846521,1.0
white,3830,13e58108325ee52be3731f551417d5ff05262f6055e59171575cf48b2c043492,Ridge,7.0,6.586519003567796,6.0,0.41348099643220415,1.0
white,3842,738a33a6a2c2bf29b9874ebea0ea600fc6a7d2b918bec8208fa9c5e90ed8d945,Ridge,6.0,6.297682465370896,6.0,0.2976824653708956,0.0
white,3852,312b39f9d27fc035e2a826cbb0eea7bf99e2d6f336cb536778ff6292c0039dd1,Ridge,7.0,7.1809740575516186,6.0,0.18097405755161855,1.0
white,3858,fe612ce21b6ca4077796fab6742d188572e11eff3c652e10c57a8eaa1eb9d0d5,Ridge,6.0,6.104596242000767,6.0,0.10459624200076689,0.0
white,3859,6aa3d06c236a9ca1589e7ac9632ad285e7fbea2bebf300a651098eb3d561670f,Ridge,6.0,6.867128060395541,6.0,0.8671280603955411,0.0
white,3866,08d5ec568c1a3057d09deff787036a7c415f1b3b50b36ffe217f948f74007c89,Ridge,6.0,6.9183107062873415,6.0,0.9183107062873415,0.0
white,3873,dd156a4190b4954a48489e3da13046e05d7552d61ab19ff700bf6bf6d1ec63f6,Ridge,4.0,5.224141560410904,6.0,1.2241415604109038,2.0
white,3876,44fecc51ed3becea0cdbda1bc7c06c32cb7780ff1cacee79848813ed7b896d2d,Ridge,7.0,5.70472640796666,6.0,1.2952735920333396,1.0
white,3884,ba1892e92c5c41ad946f80ee7017093bfb1b34d029a53145e553f8385a190e33,Ridge,6.0,6.399343363308957,6.0,0.39934336330895714,0.0
white,3887,ba1892e92c5c41ad946f80ee7017093bfb1b34d029a53145e553f8385a190e33,Ridge,6.0,6.399343363308957,6.0,0.39934336330895714,0.0
white,3894,b7f1385fd63edb21cae5c82a15b3771a9e4afe3179728dd55effdc277fd5a984,Ridge,5.0,5.083056625028073,6.0,0.08305662502807287,1.0
white,3896,cdf9264ace59a8c96d070d847dedaab8864e0812fe51014c463d64a51a91c899,Ridge,6.0,6.501036042189232,6.0,0.5010360421892317,0.0
white,3898,552d1683e608725d8220adeb5054c240395fef6fbef9396fefb9afdf43118506,Ridge,6.0,6.191465452553066,6.0,0.19146545255306613,0.0
white,3901,b7f1385fd63edb21cae5c82a15b3771a9e4afe3179728dd55effdc277fd5a984,Ridge,5.0,5.083056625028073,6.0,0.08305662502807287,1.0
white,3905,21cbc575f59f6396368ed5b6375238a5db09ae23308ee8986a7a271c252ae9d3,Ridge,7.0,6.980403226910314,6.0,0.019596773089686437,1.0
white,3906,f152ac9c1d9e64c5c296859727593a910c1d89419a7a939581f26be92d6f88d0,Ridge,7.0,6.635707884857825,6.0,0.36429211514217474,1.0
white,3907,f152ac9c1d9e64c5c296859727593a910c1d89419a7a939581f26be92d6f88d0,Ridge,7.0,6.635707884857825,6.0,0.36429211514217474,1.0
white,3913,f152ac9c1d9e64c5c296859727593a910c1d89419a7a939581f26be92d6f88d0,Ridge,7.0,6.635707884857825,6.0,0.36429211514217474,1.0
white,3929,aa4128ac5a7b0a4784fb0deaa990b7a58efdb1e1b3bd51d0db4a2a06faff2e77,Ridge,5.0,5.522634674083839,6.0,0.5226346740838386,1.0
white,3930,aa4128ac5a7b0a4784fb0deaa990b7a58efdb1e1b3bd51d0db4a2a06faff2e77,Ridge,5.0,5.522634674083839,6.0,0.5226346740838386,1.0
white,3931,a3670c35b2e73bb6e3f9d851feeb2d516f31f9ab5c4d018304ce137d91a22adb,Ridge,6.0,6.320725585579951,6.0,0.3207255855799511,0.0
white,3940,38b7852806ebcde06ee613e9fc0335d34c12cd9ceb723fb9f768959d02330323,Ridge,6.0,6.212178772108459,6.0,0.2121787721084587,0.0
white,3942,76462d99e8dde0a5b36b6343f6e84caa0101bc25a0632eb7e5e525361a12b632,Ridge,5.0,5.487561691697767,6.0,0.487561691697767,1.0
white,3945,eae12330753332566656db77b88568d63d4a0d2d4187a7589335627c4e6d9d65,Ridge,6.0,6.208030471105185,6.0,0.20803047110518502,0.0
white,3946,38b7852806ebcde06ee613e9fc0335d34c12cd9ceb723fb9f768959d02330323,Ridge,6.0,6.212178772108459,6.0,0.2121787721084587,0.0
white,3948,25360ab28baebbc4221ec2d0f47f93a89dd5c3c39c47dabbc58044c664506e97,Ridge,7.0,6.6262520224360495,6.0,0.3737479775639505,1.0
white,3951,76462d99e8dde0a5b36b6343f6e84caa0101bc25a0632eb7e5e525361a12b632,Ridge,5.0,5.487561691697767,6.0,0.487561691697767,1.0
white,3961,b64f9db9d19c3e9c12cd5f9e4780d762ea8b86b6d7045113e1b1ac274749d50a,Ridge,6.0,5.593745800999692,6.0,0.40625419900030835,0.0
white,3962,68fa957f579f001fe273799bcc86e77f49c325f80301dcf6d443d3fcbb0f9bea,Ridge,5.0,5.155849696953522,6.0,0.15584969695352235,1.0
white,3981,041a3c8893a2837854dbb63c78ae6765407e7723e27a5467f1662fbbedb26159,Ridge,5.0,6.329740504699913,6.0,1.3297405046999131,1.0
white,3992,07dfec1aefb370e57bd1d70ada1f749b4a8854a6055c7f42111c15c95e83fe9c,Ridge,5.0,5.26878722676351,6.0,0.26878722676350986,1.0
white,4007,c732c7dfb1a286f93156b8791e9946688a06bd5a4dfeef9f9d0231e0587e0a0e,Ridge,6.0,6.818552877753393,6.0,0.818552877753393,0.0
white,4016,a98be697e016399f700fb0bb61da6c9d01cef2c32fe3c1481bf4d9f406f72e93,Ridge,5.0,5.242369121664422,6.0,0.2423691216644217,1.0
white,4017,819627732ad56975ef40d3a7f17bc29f11c5b19331d6bbabc5960bb64ca46a5f,Ridge,5.0,5.272565089732481,6.0,0.27256508973248117,1.0
white,4019,4efc67ea7ec3ccc2fa2ef506826c56e7e11837188f19723d18d3904f4d016dac,Ridge,6.0,5.6100001932879255,6.0,0.38999980671207446,0.0
white,4020,a98be697e016399f700fb0bb61da6c9d01cef2c32fe3c1481bf4d9f406f72e93,Ridge,5.0,5.242369121664422,6.0,0.2423691216644217,1.0
white,4022,667c3198df1a433bbc6521bd2790fefc8d399392c8d52192b5652814338c319c,Ridge,5.0,5.2540058269056935,6.0,0.2540058269056935,1.0
white,4023,819627732ad56975ef40d3a7f17bc29f11c5b19331d6bbabc5960bb64ca46a5f,Ridge,5.0,5.272565089732481,6.0,0.27256508973248117,1.0
white,4043,c508be5fdf0a9c2edeef52762c22e3bb74cccaef399baf5b9035e23a1bf943f1,Ridge,7.0,5.546822462067799,6.0,1.4531775379322012,1.0
white,4044,c508be5fdf0a9c2edeef52762c22e3bb74cccaef399baf5b9035e23a1bf943f1,Ridge,7.0,5.546822462067799,6.0,1.4531775379322012,1.0
white,4045,c508be5fdf0a9c2edeef52762c22e3bb74cccaef399baf5b9035e23a1bf943f1,Ridge,7.0,5.546822462067799,6.0,1.4531775379322012,1.0
white,4046,c508be5fdf0a9c2edeef52762c22e3bb74cccaef399baf5b9035e23a1bf943f1,Ridge,7.0,5.546822462067799,6.0,1.4531775379322012,1.0
white,4048,adce86a91e9fe18b2f1ef5cdb93112bb370e2f0c61500d5f1ecfbed633ca224d,Ridge,6.0,6.426061960273931,6.0,0.4260619602739313,0.0
white,4049,adce86a91e9fe18b2f1ef5cdb93112bb370e2f0c61500d5f1ecfbed633ca224d,Ridge,6.0,6.426061960273931,6.0,0.4260619602739313,0.0
white,4051,c508be5fdf0a9c2edeef52762c22e3bb74cccaef399baf5b9035e23a1bf943f1,Ridge,7.0,5.546822462067799,6.0,1.4531775379322012,1.0
white,4054,c508be5fdf0a9c2edeef52762c22e3bb74cccaef399baf5b9035e23a1bf943f1,Ridge,7.0,5.546822462067799,6.0,1.4531775379322012,1.0
white,4058,6d87924a919d6c2c1e4be06ee1da553f970fcfaa470b001769c067c0410936db,Ridge,6.0,6.326086941796939,6.0,0.3260869417969392,0.0
white,4059,adce86a91e9fe18b2f1ef5cdb93112bb370e2f0c61500d5f1ecfbed633ca224d,Ridge,6.0,6.426061960273931,6.0,0.4260619602739313,0.0
white,4064,f4295e818474f07b8a42afa232efb94afc7c9a75a7fe84f6709cd2510fd8b02f,Ridge,5.0,5.588881399925728,6.0,0.5888813999257279,1.0
white,4065,eb20693742ba8699662e1d62769c352cd41a4b9f3a479865ac5113b632e92af4,Ridge,5.0,6.4845219469001325,6.0,1.4845219469001325,1.0
white,4067,8f6ab0e013d9b58e2f99048a85ce8d155372773a94be56d6648107219f3fea69,Ridge,6.0,6.181996460163534,6.0,0.18199646016353377,0.0
white,4069,8f6ab0e013d9b58e2f99048a85ce8d155372773a94be56d6648107219f3fea69,Ridge,6.0,6.181996460163534,6.0,0.18199646016353377,0.0
white,4070,4c9b21801e4f508eea1f77995b7451d9124b644841f05d6b1d4300bd41cef311,Ridge,6.0,6.227897527214602,6.0,0.2278975272146022,0.0
white,4073,65e77c73fbc983b1d8e07a78e14966408bb532710a594884b65d03291cb35d1c,Ridge,7.0,6.415263857597441,6.0,0.5847361424025586,1.0
white,4075,8dfaaf5e50b76173f632eb53360a0dba6d9e62dae7ad266a7d0064e1847376cd,Ridge,4.0,5.5132031132817385,6.0,1.5132031132817385,2.0
white,4080,3062bc62db683cb08c6be0c047cd3f9d39c52de1a577c181911400e2568e80c4,Ridge,6.0,5.8180414274547685,6.0,0.1819585725452315,0.0
white,4082,20f3edd96a1df41563b2f8ad4501b410a0aebc2abf1c90424a49aeb9518f1e8e,Ridge,6.0,5.6863419954868935,6.0,0.31365800451310655,0.0
white,4083,5bd71fab4a99cfcc335303e251d254a231896a7c4ba6aff902aa2f3ca733ae8d,Ridge,6.0,6.112228658717582,6.0,0.11222865871758181,0.0
white,4084,367ced4e06706a657dddc8327e0b9dc510af7ed6fbc54405a017318b016bfd74,Ridge,5.0,5.492561641620084,6.0,0.4925616416200844,1.0
white,4102,67d0a45c80592d0270d6b820c4d09655c3c6e3db5416d745f97f6bc63f67c261,Ridge,5.0,5.628952429332895,6.0,0.6289524293328954,1.0
white,4103,67d0a45c80592d0270d6b820c4d09655c3c6e3db5416d745f97f6bc63f67c261,Ridge,5.0,5.628952429332895,6.0,0.6289524293328954,1.0
white,4105,a5a8f478de2f3a164ce234ba5de68a683bb9d68fa98ffc4922522e69798f5cd2,Ridge,7.0,6.185356536156101,6.0,0.8146434638438986,1.0
white,4111,04ee936341491924cc6d517e4162b8da49dddc633e075f2b064106372d0b79fd,Ridge,5.0,5.726228624965218,6.0,0.7262286249652181,1.0
white,4116,904f51ec9ad56c3ecc0a0700750e006c3a3d207a00ff1fdc706ad7b86ef8fa53,Ridge,6.0,6.312578096613074,6.0,0.31257809661307423,0.0
white,4120,f628131220fce0e93cc5165e95e266dc09e319aa4478f950c63a35db48a65913,Ridge,7.0,6.070107262735787,6.0,0.929892737264213,1.0
white,4121,73a6cdcc4680aa7244bfdd0c102da2f16014709a333b7da7b5e7501818894263,Ridge,5.0,5.470230550743255,6.0,0.47023055074325537,1.0
white,4122,bd169eaf38720b7a121073870479ab6c9979d51533708eb90b7af9afecc281c7,Ridge,6.0,5.921326376643366,6.0,0.07867362335663408,0.0
white,4132,e92f74d937e9fe9963043b1e3a2be6192e23c633207a9c0fc4fa686c6e76f17b,Ridge,5.0,5.33596113970095,6.0,0.33596113970094965,1.0
white,4133,e92f74d937e9fe9963043b1e3a2be6192e23c633207a9c0fc4fa686c6e76f17b,Ridge,5.0,5.33596113970095,6.0,0.33596113970094965,1.0
white,4138,e92f74d937e9fe9963043b1e3a2be6192e23c633207a9c0fc4fa686c6e76f17b,Ridge,5.0,5.33596113970095,6.0,0.33596113970094965,1.0
white,4139,ddb13e8cb8498902cb0d831c0870936f61fecba9fbec8887e2926be9a486b834,Ridge,6.0,6.569932472332636,6.0,0.5699324723326358,0.0
white,4151,81a6093bd3b105c60bfb594300586b5bfe0091039e53519ac275f59bdaa53221,Ridge,5.0,4.976693972463762,6.0,0.023306027536238005,1.0
white,4164,f27b1522ce109c78dae8df96b6b928766d3ab2f68fd2967f3823046b82581b59,Ridge,5.0,5.702366851052826,6.0,0.702366851052826,1.0
white,4168,e83f2bd05360dd171849e502f9aa609cea374d8f730f18c7a9821089a04e596d,Ridge,8.0,6.935169056107522,6.0,1.0648309438924777,2.0
white,4185,a1dfad4b78caea1c57d7c863cb3faa91ce7fc3edd2752b413976960ef7212ffd,Ridge,7.0,6.648307687631323,6.0,0.3516923123686766,1.0
white,4187,0182971bb33797bbc277d539b09fa18d257c1c9ebf9b883a8ae1e5d257ec1fd3,Ridge,5.0,5.749843449255533,6.0,0.7498434492555326,1.0
white,4190,7fe47ebffc48406fdffcd1e55312173a0eafe2a998de034ab73476c9ac5c6192,Ridge,5.0,5.537366927503358,6.0,0.5373669275033581,1.0
white,4198,6c689746a31954fa9992981e97a2007b6dcabb96cec87a3193fdaab18010cca8,Ridge,5.0,5.652426927911815,6.0,0.6524269279118151,1.0
white,4209,78a4384655869d7f34e4ef868999649ac59a4ecf15d95e51ad8b72cc11be2ab8,Ridge,6.0,6.271424722370359,6.0,0.27142472237035875,0.0
white,4211,18ec65ce9f22e1d601c8f5511d4ac9e361e2081827ac0885d3c18ab50e43f12d,Ridge,6.0,5.770852019693379,6.0,0.22914798030662098,0.0
white,4241,eb20cbfaddefd780418524522d7bf2f8e4aa5769842de929cc0daca2b2413405,Ridge,6.0,5.787437486078125,6.0,0.21256251392187497,0.0
white,4246,a816cc91b904fb3cf27cd7e0b980907e39270981b0ce00082854fba7cc3e8860,Ridge,5.0,5.409773233287026,6.0,0.40977323328702564,1.0
white,4251,9a32c6879b73122148f3d66399b270cc7dd517193330c24d06de5853049f3cc4,Ridge,6.0,6.2442341387050835,6.0,0.24423413870508348,0.0
white,4253,9a32c6879b73122148f3d66399b270cc7dd517193330c24d06de5853049f3cc4,Ridge,6.0,6.2442341387050835,6.0,0.24423413870508348,0.0
white,4260,5ebcd1ee92e704d1952c1052fdba351043810b94ba5d961dc9dbeff2e1cc2bc5,Ridge,6.0,6.944863406824299,6.0,0.9448634068242994,0.0
white,4263,7de12bca3f507b89a427b8e0af99ccd6929e5d73b264cd45e7797966147ddde8,Ridge,6.0,6.111359122563778,6.0,0.111359122563778,0.0
white,4269,ddf6ce6ad7d681a16b777a334c7e1fb8d3ff21da16860df37014c5c96e269357,Ridge,6.0,6.472125554661016,6.0,0.4721255546610159,0.0
white,4288,167a40afd429df38493620241d930a36b0d748d65a7e1a7cfacdc554323a5a68,Ridge,5.0,5.433445567724942,6.0,0.4334455677249416,1.0
white,4292,9c47519e8308556f1f4017ab3cc101dbe79454bbd4852e801f1762104310323a,Ridge,5.0,6.046394272024023,6.0,1.0463942720240231,1.0
white,4293,544c06843ca41df1091cefd636ce42fdec343716b13e10413c9aa82e4ce71ca5,Ridge,6.0,6.202578043516896,6.0,0.2025780435168958,0.0
white,4294,9c47519e8308556f1f4017ab3cc101dbe79454bbd4852e801f1762104310323a,Ridge,5.0,6.046394272024023,6.0,1.0463942720240231,1.0
white,4296,9c47519e8308556f1f4017ab3cc101dbe79454bbd4852e801f1762104310323a,Ridge,5.0,6.046394272024023,6.0,1.0463942720240231,1.0
white,4297,544c06843ca41df1091cefd636ce42fdec343716b13e10413c9aa82e4ce71ca5,Ridge,6.0,6.202578043516896,6.0,0.2025780435168958,0.0
white,4298,5a77c206860bae94c6ec497bbd7f6b0ef3a73ca48f766ea04d6e84b25432a68f,Ridge,6.0,6.290685093213925,6.0,0.2906850932139253,0.0
white,4303,15f5b3124e76535428545398ecd6e07e25726367858b13448505f002097fcf68,Ridge,6.0,5.508525402729895,6.0,0.4914745972701047,0.0
white,4304,984f65f329849f9fae5f30aff73a1bd97912d441f0c49a61784f74c8185398cf,Ridge,6.0,6.561019295939699,6.0,0.5610192959396993,0.0
white,4307,95af8a21ef1be836ffbd5585a047b0650ff963ad9b38851d1a1c26955f9729ad,Ridge,6.0,6.258995050549139,6.0,0.25899505054913874,0.0
white,4313,984f65f329849f9fae5f30aff73a1bd97912d441f0c49a61784f74c8185398cf,Ridge,6.0,6.561019295939699,6.0,0.5610192959396993,0.0
white,4314,3ed4bd35bfea5b38a3501f0b7ce76e137443c63a3693e825d05ee68f2bacb6cf,Ridge,6.0,6.278186572693719,6.0,0.27818657269371894,0.0
white,4317,6d9d28dc352e89b74e8043b5a01b7d3341095f22fbc162e79c85f819334c24a4,Ridge,5.0,4.882982364876562,6.0,0.11701763512343799,1.0
white,4345,631d49eae7d14fad130f8306b8b5f62cc653adcfed5d6c9f23dd2c58ba85e9a0,Ridge,6.0,5.175324455941991,6.0,0.8246755440580094,0.0
white,4346,b411480f779a9d3aaee1cd50bd44b9b0b5d5d0c2439a5b5c163ba29a56eb1b3b,Ridge,6.0,6.128210017314193,6.0,0.1282100173141929,0.0
white,4347,631d49eae7d14fad130f8306b8b5f62cc653adcfed5d6c9f23dd2c58ba85e9a0,Ridge,6.0,5.175324455941991,6.0,0.8246755440580094,0.0
white,4363,8b25938dee5f90ad9980df7cf2d859f16117ac41c51b3dc7f33703d6642ad8d9,Ridge,6.0,6.615587791576177,6.0,0.6155877915761767,0.0
white,4364,f9138e6b75ac037efa773290a16ec445de9242428777775ea28e851b4de4a915,Ridge,5.0,5.5167890096996075,6.0,0.5167890096996075,1.0
white,4366,a5f6fef477b188aaab375bd0593300ceb3e31a0775ef647996c2c82f43a85aa2,Ridge,5.0,5.588880500153113,6.0,0.5888805001531132,1.0
white,4368,f9138e6b75ac037efa773290a16ec445de9242428777775ea28e851b4de4a915,Ridge,5.0,5.5167890096996075,6.0,0.5167890096996075,1.0
white,4389,07447d139e78a40a4244117c4cf411eea06b2ea1e965001bb10a3554c7cf0071,Ridge,6.0,5.361784043004971,6.0,0.6382159569950288,0.0
white,4391,ad20ffb6acbef42beb7c1c0d6a8c9ec0f00563f53602f6d28a7cad7f1d21802d,Ridge,5.0,5.766241132110837,6.0,0.7662411321108369,1.0
white,4393,ad20ffb6acbef42beb7c1c0d6a8c9ec0f00563f53602f6d28a7cad7f1d21802d,Ridge,5.0,5.766241132110837,6.0,0.7662411321108369,1.0
white,4395,ef1db4ab2456c31aff632facf8a42af204a0aff64638ec6687693ae6b7e59081,Ridge,6.0,6.399600741813906,6.0,0.3996007418139058,0.0
white,4397,8b8a5e5d1c0f653010bd32a8af5cf0e2f25c8d2e69b43301db28029ccffda07b,Ridge,5.0,5.8074155174864,6.0,0.8074155174864002,1.0
white,4398,8b8a5e5d1c0f653010bd32a8af5cf0e2f25c8d2e69b43301db28029ccffda07b,Ridge,5.0,5.8074155174864,6.0,0.8074155174864002,1.0
white,4399,8b8a5e5d1c0f653010bd32a8af5cf0e2f25c8d2e69b43301db28029ccffda07b,Ridge,5.0,5.8074155174864,6.0,0.8074155174864002,1.0
white,4401,8b8a5e5d1c0f653010bd32a8af5cf0e2f25c8d2e69b43301db28029ccffda07b,Ridge,5.0,5.8074155174864,6.0,0.8074155174864002,1.0
white,4402,352f6000fa3050994b66ac9c92cdbb7d2faa3ce77c9aa733e5e22e423a60097b,Ridge,6.0,6.646363090863215,6.0,0.6463630908632148,0.0
white,4408,529fb12d3cd656e82fb5a67ca3d50d74960b7952c0565e7ef05eaceb19c3f016,Ridge,6.0,6.108034694616364,6.0,0.10803469461636439,0.0
white,4418,41bc0c30c73dc99edd8ac72f98ae8d9fc193c057d631139ea19aa8cb54f9fcab,Ridge,6.0,5.890745367362738,6.0,0.10925463263726165,0.0
white,4423,41bc0c30c73dc99edd8ac72f98ae8d9fc193c057d631139ea19aa8cb54f9fcab,Ridge,6.0,5.890745367362738,6.0,0.10925463263726165,0.0
white,4424,41bc0c30c73dc99edd8ac72f98ae8d9fc193c057d631139ea19aa8cb54f9fcab,Ridge,6.0,5.890745367362738,6.0,0.10925463263726165,0.0
white,4431,b7588ea4eb416ffb128723df562ba2039e3991530eb3c692be8e1ddacb1b51bb,Ridge,5.0,5.180634194788007,6.0,0.18063419478800657,1.0
white,4449,c62171597e34213ac3cb16489519ef92cc6609d3223727475ac9b9a5a9ff534c,Ridge,5.0,5.613487423253658,6.0,0.613487423253658,1.0
white,4451,9ed39aebc6c1f9611bde0bee7d8c3b331952046a695b19dadc53f66ba9189a6b,Ridge,6.0,6.035552346499413,6.0,0.03555234649941319,0.0
white,4462,d24f729a8b7a56006b7595079ab091f268151967315c3b8a899a9297d5e9214e,Ridge,6.0,5.782582539788709,6.0,0.2174174602112906,0.0
white,4465,2240d9da2a64c594b41c5f1c3d05babf6ed5a21c0f721e51e8c9e3a73766aee4,Ridge,5.0,5.724151669317577,6.0,0.7241516693175774,1.0
white,4466,2240d9da2a64c594b41c5f1c3d05babf6ed5a21c0f721e51e8c9e3a73766aee4,Ridge,5.0,5.724151669317577,6.0,0.7241516693175774,1.0
white,4481,80ddaeb5627481f7ea59e894108d8c488ee5b0157100f2155fca700bf48b94e4,Ridge,5.0,7.292298489552882,6.0,2.2922984895528824,1.0
white,4485,045e80084864e0eb00f969e4440d032f7ab3b38cc621b438fd96da34bfdf936a,Ridge,5.0,4.800070668397203,6.0,0.1999293316027968,1.0
white,4489,6803404bbc663703a0fabe663cd4f1ac53654e73aa8646cca8f0e149d4185bdc,Ridge,6.0,6.3362442693195655,6.0,0.3362442693195655,0.0
white,4490,6803404bbc663703a0fabe663cd4f1ac53654e73aa8646cca8f0e149d4185bdc,Ridge,6.0,6.3362442693195655,6.0,0.3362442693195655,0.0
white,4492,5a0a293c036a99cb1562a8939a322e52b7d83af7aa36315e14e1ee2cad090cb3,Ridge,6.0,6.823276856187546,6.0,0.8232768561875456,0.0
white,4493,cf98ca2d3a93cebc4a9e38182f27646243e182c3221f5018a32d33abe118384c,Ridge,6.0,6.706235406020896,6.0,0.7062354060208964,0.0
white,4506,b98a147910c472609440586896ddc628284b78fc15a6f05f460d8fbf2ca5c04b,Ridge,5.0,5.765304001072175,6.0,0.7653040010721748,1.0
white,4512,2de18d541394a2cfa3a23278f7ddfc550a5a043099911d4068e3fa3b26674cd0,Ridge,6.0,6.494346811649898,6.0,0.4943468116498977,0.0
white,4513,2de18d541394a2cfa3a23278f7ddfc550a5a043099911d4068e3fa3b26674cd0,Ridge,6.0,6.494346811649898,6.0,0.4943468116498977,0.0
white,4529,6c8f5cc6f01ba1e77d4b8ffe9703ec14970be3a198640c9a8b7e743d52445f16,Ridge,6.0,4.991777662905754,6.0,1.0082223370942458,0.0
white,4530,f37213cf6ba40c0e42b3d0302301a4be0f61e18289b58b7340caa93b905496f7,Ridge,6.0,5.490171809454143,6.0,0.509828190545857,0.0
white,4536,91709326988234b5f7e207adbb587b45766ed49234df5511facfd58d0341ed19,Ridge,6.0,5.494917972267243,6.0,0.5050820277327572,0.0
white,4537,66f501969ad808f70ce3abf68289c5c18e4110ad106ee43cd9bbecabe6236960,Ridge,6.0,5.481522253457651,6.0,0.5184777465423487,0.0
white,4539,f490c83db5e84f472518ecbf9c4a534edbd0cd92551e223d3689293b9e3675a6,Ridge,6.0,6.199160883238319,6.0,0.19916088323831893,0.0
white,4543,3892e1160dac71071b4025f5b57a143133cb410c0d07145e8b7b85479d760399,Ridge,5.0,6.024009063627633,6.0,1.0240090636276333,1.0
white,4544,3892e1160dac71071b4025f5b57a143133cb410c0d07145e8b7b85479d760399,Ridge,5.0,6.024009063627633,6.0,1.0240090636276333,1.0
white,4550,3892e1160dac71071b4025f5b57a143133cb410c0d07145e8b7b85479d760399,Ridge,5.0,6.024009063627633,6.0,1.0240090636276333,1.0
white,4559,4c95dda9f2bf2cda4dbbace6dd8182fb0779f54f9d8120e2202ef386d1ad9651,Ridge,6.0,6.24090966184965,6.0,0.24090966184965001,0.0
white,4566,11902d5628e82c24b24e06c7575533797683bf22ccf4aae937350e77fb008c9a,Ridge,5.0,6.111473237504638,6.0,1.1114732375046383,1.0
white,4567,f2bc2489214ac4aabcd9a8d82a5632e7bcc48ff0045366a7dee27983f035baa1,Ridge,5.0,6.278169181427255,6.0,1.2781691814272547,1.0
white,4568,11902d5628e82c24b24e06c7575533797683bf22ccf4aae937350e77fb008c9a,Ridge,5.0,6.111473237504638,6.0,1.1114732375046383,1.0
white,4577,715d968bbaeb42f7ac637737b4b6ecc32ec35455f9adb990d18391cdda6d1cc7,Ridge,5.0,5.988533864501143,6.0,0.988533864501143,1.0
white,4581,2cf55f1412875805ab30396afe6df1697fd7ab912db7c22c259869a7cdbc2bed,Ridge,6.0,5.563309277507656,6.0,0.43669072249234375,0.0
white,4586,23888506c2e4aeaac8d5c3be24e38f4e59bf2a961b9f31ac1f0b3893d5059920,Ridge,6.0,6.672023090417325,6.0,0.6720230904173254,0.0
white,4612,e1b1f0873a9100a8a41a071e3ea03479c4e15df73f9a1313d648c8efd3fcf9fe,Ridge,5.0,5.6760044205005835,6.0,0.6760044205005835,1.0
white,4613,3fdb52d7dbaf558f4928c198375254d7ba8be5f934f11b6345c73f6ba5e9da1f,Ridge,5.0,5.577656327901697,6.0,0.5776563279016971,1.0
white,4619,dc936cb0d3f48be12230276061871c4e2164310cd9a3bd88eedd342d55a45ef4,Ridge,7.0,5.943267045417296,6.0,1.0567329545827038,1.0
white,4621,eaae6cd69d42e7d37b30216ea6e466ea58e60535a809224182b0a06ec6743a68,Ridge,6.0,5.893021014821713,6.0,0.10697898517828719,0.0
white,4623,a6bd63652aa3e9e99fe6a117eaa7a9014a4283c6c33d7fe48cf842d7d50e451a,Ridge,7.0,6.416991841731265,6.0,0.5830081582687354,1.0
white,4624,db17f9ca7322c10a727bf5f7d6e2ff156f4039887f9dec91cdb01661cd2e624a,Ridge,6.0,6.48828247858685,6.0,0.48828247858685003,0.0
white,4626,6e2481bd39844928464f45c3af9fe16d3f499c10feb79fb27dfcfd69728840e3,Ridge,5.0,5.587376228625998,6.0,0.587376228625998,1.0
white,4630,0ce268c8f15dce4437335c1d92a9e94a7526850435a29a17ceb7df3d766684ae,Ridge,7.0,6.201723992176684,6.0,0.7982760078233158,1.0
white,4638,d4607bdfabb051068db69bddb42a53f420d9e1a966b06312b84af3d0e46aa12f,Ridge,6.0,6.324284741792031,6.0,0.32428474179203093,0.0
white,4640,83f6bd0d087dacfd50d22ae88d63e8a4668eb27464b09729e198162bbde37444,Ridge,6.0,5.731983667444579,6.0,0.2680163325554208,0.0
white,4654,3ed6dd19aba338c45dbe55a8eec3a294cafe9fdc3c626a9c91cd459f30011d25,Ridge,7.0,6.5232240135200605,6.0,0.47677598647993946,1.0
white,4655,1dc7071fa1ac84b1c8c11eaee20fd7d8bd3c564de6f0fe145d16f9c703b9afa9,Ridge,7.0,6.341420746508428,6.0,0.6585792534915722,1.0
white,4656,1dc7071fa1ac84b1c8c11eaee20fd7d8bd3c564de6f0fe145d16f9c703b9afa9,Ridge,7.0,6.341420746508428,6.0,0.6585792534915722,1.0
white,4657,1dc7071fa1ac84b1c8c11eaee20fd7d8bd3c564de6f0fe145d16f9c703b9afa9,Ridge,7.0,6.341420746508428,6.0,0.6585792534915722,1.0
white,4665,aea10ce4c6c82a91733d3ab74de31b70424f79e645273199f7bface67974c2c2,Ridge,7.0,6.124480604023907,6.0,0.8755193959760934,1.0
white,4668,9c816ddc1c8ccd9c45d5c169bd5d2703608e7620a870fcf6e0a2ee04652b65ea,Ridge,7.0,6.128344740691221,6.0,0.8716552593087794,1.0
white,4671,2b7e785c6324addc59da8283481332cda4aa5809c503e33181a8b1ef5a5c211c,Ridge,6.0,5.480308508323468,6.0,0.5196914916765323,0.0
white,4672,24a072ef9a2cbf99820f10469e30c1f41f2112cb7b7e7b8c68b10afafef5b45b,Ridge,5.0,5.791243765983837,6.0,0.7912437659838369,1.0
white,4673,24a072ef9a2cbf99820f10469e30c1f41f2112cb7b7e7b8c68b10afafef5b45b,Ridge,5.0,5.791243765983837,6.0,0.7912437659838369,1.0
white,4676,49e461d41e7cb2d0a6f238bde8fa7842fbc5c998fc7dae555930553b822cbb0e,Ridge,6.0,6.130600707701655,6.0,0.13060070770165488,0.0
white,4679,2b7e785c6324addc59da8283481332cda4aa5809c503e33181a8b1ef5a5c211c,Ridge,6.0,5.480308508323468,6.0,0.5196914916765323,0.0
white,4686,efbbeef5868236917123590d6c674abc76d58080e17e0ac734b5e7420fd2f442,Ridge,5.0,5.877194934587841,6.0,0.8771949345878411,1.0
white,4693,7dab3620780491a19af34cdf68a279e8ba3ca8a243a7d447e1d9e615b208d2d7,Ridge,5.0,4.9931945478605435,6.0,0.0068054521394564915,1.0
white,4697,2b80564cd4a703419badae7f5e71e2c6d0b54ca5ed4ab713ebbe57e77d441f92,Ridge,6.0,7.100270853258172,6.0,1.1002708532581718,0.0
white,4705,925cfe4caa3bb8b29bd0eed2e9e118dcc372e949d243639d3e7807e0401114ef,Ridge,6.0,5.497689622347619,6.0,0.502310377652381,0.0
white,4710,9f49b525cf507e2def00bd3ce40a265687a8daf6afafc74e37928457334aa627,Ridge,6.0,6.782332014865856,6.0,0.7823320148658564,0.0
white,4724,f6214ce1d739db9b89e66efabefd4c850c4a691f8c291e8a6bc924e65a28f54b,Ridge,6.0,5.484948329064662,6.0,0.5150516709353381,0.0
white,4727,86f52329e08a3829b4e1e96ff650fd2c29ee933879698399a9d8bf73ed964627,Ridge,6.0,6.261460777982378,6.0,0.26146077798237766,0.0
white,4738,c7dda0c4a71de8a0ca6d2a16253377dc1e00acf9efba7bf2e9f891c211b6cdda,Ridge,7.0,6.660587066186876,6.0,0.339412933813124,1.0
white,4740,35a8c240bdf2f887964a34c05cd18052ad18da689b648bb5ccb328358b1738f9,Ridge,6.0,6.529467965345896,6.0,0.529467965345896,0.0
white,4742,9d359075e56b1ec5a777cdcac4249f59225517fff6852d906c5ef0605dadebc9,Ridge,6.0,6.032545399335997,6.0,0.03254539933599698,0.0
white,4749,e660b6dfebd8660bf1952eed37f452f1c4cd81e45fe09f0151efccc3d93a4d70,Ridge,5.0,5.636746294511414,6.0,0.636746294511414,1.0
white,4754,3ae908af8c3694217fc4212a491844321ed4a8dda5d972a7463d38145539e437,Ridge,6.0,6.743431556112565,6.0,0.7434315561125651,0.0
white,4755,4f344fd291fe59714fb76bbe11ebc73f6f9bf90318670c1000614ec12fa671f3,Ridge,6.0,5.838232250276712,6.0,0.1617677497232881,0.0
white,4756,c083d5848be5494905fb7ba37d55d591b8bcf915d73bddca54f367886d16463f,Ridge,6.0,6.444121596653174,6.0,0.44412159665317397,0.0
white,4780,47c6b25c068790e0375e0b77f738fa7f4fe13e35c62396bc135f8ed688a1010a,Ridge,4.0,5.2998023304943835,6.0,1.2998023304943835,2.0
white,4783,b9ee5e8e0cb5c54383e94ead0ea4db6c09bdd0ed26b205cb2847f634d71323a6,Ridge,6.0,5.410781474236852,6.0,0.5892185257631484,0.0
white,4784,b9ee5e8e0cb5c54383e94ead0ea4db6c09bdd0ed26b205cb2847f634d71323a6,Ridge,6.0,5.410781474236852,6.0,0.5892185257631484,0.0
white,4787,029b7b27838671d1b4e13b4e8febdd0d5d893301ad538351fbdf191ad842d850,Ridge,8.0,6.809137695406007,6.0,1.1908623045939928,2.0
white,4791,b2e9463156ef104a56b53ea54a1c17ddb08f711641f60924965c372affc790ea,Ridge,6.0,6.1360366017850305,6.0,0.13603660178503052,0.0
white,4792,b9ee5e8e0cb5c54383e94ead0ea4db6c09bdd0ed26b205cb2847f634d71323a6,Ridge,6.0,5.410781474236852,6.0,0.5892185257631484,0.0
white,4794,81f403080c2be0a617b2c2713b649d6c6f69f4204a54ecd092e2bd01846a4a77,Ridge,6.0,5.444931537720874,6.0,0.5550684622791264,0.0
white,4801,83f6d53c22761f485db1959ec1cb6044e0579709871325f0822de833cd54111f,Ridge,7.0,6.371639804828473,6.0,0.6283601951715267,1.0
white,4809,832cd0c738726452bedf3060b9a2c163c58f6b4d9282f3890b29ee29b14d3c6d,Ridge,5.0,5.732073723717256,6.0,0.7320737237172557,1.0
white,4817,974d4fc6f10ec856291e8e1cc796b39f3fef1faa30f6ffbece11cb0597921ed7,Ridge,6.0,5.787343545389918,6.0,0.21265645461008198,0.0
white,4828,94b67d3a9865c16ee5b04ac8067d87cd6baaed420f5dd8e4b2030c8bdbaf7078,Ridge,6.0,6.341889654103794,6.0,0.34188965410379435,0.0
white,4830,81e83487b5d217e51fce7380811191380cc2e0e15050ad8985c779c5fc2eb05e,Ridge,7.0,6.468259748309002,6.0,0.5317402516909979,1.0
white,4831,940f731dcbb0dd70fcc6241dc05a338f9badfc7925a51ac61ef2a36c7bf69da2,Ridge,6.0,5.805135224871466,6.0,0.19486477512853373,0.0
white,4845,f1fd23fe964309f6dc7e2f03c5ab79a1b50ad6806ed23dde8ed092f6b9875798,Ridge,6.0,6.257174337653035,6.0,0.2571743376530353,0.0
white,4847,1eaae2b02cd5c5bc2a50a4f6459938bf7ae9a899dc53cb16b741efdd2a004c02,Ridge,6.0,6.4816864693907075,6.0,0.4816864693907075,0.0
white,4856,b2b23e9c64ba55a4381cc33a1ca68a556d28ee4776371c6329b748b15d9ccc9e,Ridge,6.0,5.464737901130967,6.0,0.5352620988690333,0.0
white,4857,b2b23e9c64ba55a4381cc33a1ca68a556d28ee4776371c6329b748b15d9ccc9e,Ridge,6.0,5.464737901130967,6.0,0.5352620988690333,0.0
white,4859,4a082177092eb843ceab2333913fd4fff1a5b3856b3b4a8a260825ca04bb463c,Ridge,5.0,5.479347811965155,6.0,0.4793478119651553,1.0
white,4863,4a1b9199274916f7a3731e6c262bae3d72a662ead30c89ac6e4739e35caabc4a,Ridge,6.0,6.330409493819539,6.0,0.33040949381953943,0.0
white,4869,dcfd554a7ce160696ff521771c5421b93c2a243e791568bb19624e9b4abb36da,Ridge,6.0,6.128283297255545,6.0,0.12828329725554521,0.0
white,4884,2e6ef11e944ec336d8b66fd10d0bf70d50f94a0625bab56b1262d3e61541a824,Ridge,6.0,5.942235418752815,6.0,0.0577645812471852,0.0
white,4886,332723423e2ecc02dd68530417f21d4b5824003e0623e272e491f9e46ababe84,Ridge,6.0,5.61284479982495,6.0,0.3871552001750498,0.0
white,4892,2689342fc4136a659798210a0c8cb74b036805d403fc0276bdee73da068526d4,Ridge,6.0,6.0107876172321335,6.0,0.010787617232133506,0.0
white,4894,abf7b320900b5d44f767ad15153ed0a2552307eadf6e0f40bbbfd4d6b4006161,Ridge,6.0,6.176732884678044,6.0,0.17673288467804404,0.0
white,4,0ec3695ac52a814d2b0fae5712f4d7b284ad45a5a6d59ef8fca09126593d6218,随机森林,6.0,5.355737574860641,6.0,0.6442624251393587,0.0
white,5,0ec3695ac52a814d2b0fae5712f4d7b284ad45a5a6d59ef8fca09126593d6218,随机森林,6.0,5.355737574860641,6.0,0.6442624251393587,0.0
white,11,7105101663046c3689cef9034eaa79dd6bfcb2d2d934d9c8f91b00961216a7ee,随机森林,5.0,5.80942307027288,6.0,0.8094230702728797,1.0
white,14,32913f21ecba6a3309ea9d0c8aa93016666380c03ffa2d1c150d3bea7b649663,随机森林,7.0,6.799182306920108,6.0,0.20081769307989195,1.0
white,19,c91755874c0fbc333731d1e3d86d6e772c33df0ff377426cdbc00e6df3f9a0ad,随机森林,6.0,5.947657459499564,6.0,0.05234254050043585,0.0
white,25,946c809a7277b7ec65f594ee38371467e54f43720961b2d3d5d74958b211a330,随机森林,6.0,5.520204153804,6.0,0.4797958461959997,0.0
white,31,63bd9156096cbff61bb0540310cbd8ab8ea1bfcffb23e5e583c1548399d51b53,随机森林,6.0,5.795395549004374,6.0,0.2046044509956264,0.0
white,36,97303defd6b7d56de8da06ddae9fc3bc76c44985b091740906fa5f38a09e8e07,随机森林,5.0,6.194226261483615,6.0,1.1942262614836148,1.0
white,54,2c942b47ddedc21d2068b46da86328d106c933dd20f559c83fbf19d020ee7350,随机森林,6.0,6.336310249276576,6.0,0.3363102492765764,0.0
white,58,672315fa999b043a5a6bc5716d769b324df9d918bab06eccc64532159ce1e7b6,随机森林,6.0,5.764628063227906,6.0,0.23537193677209434,0.0
white,59,51f32873b6f8619a590095fa2d9018d456dffed966a151efff5e9f5bd4a8409c,随机森林,6.0,5.043295083728905,6.0,0.9567049162710948,0.0
white,62,672315fa999b043a5a6bc5716d769b324df9d918bab06eccc64532159ce1e7b6,随机森林,6.0,5.764628063227906,6.0,0.23537193677209434,0.0
white,64,51f32873b6f8619a590095fa2d9018d456dffed966a151efff5e9f5bd4a8409c,随机森林,6.0,5.043295083728905,6.0,0.9567049162710948,0.0
white,66,5a31d05fcd0f56eddcec1ec168b473ef93aa974d2b29b6b681dd2985e6f91108,随机森林,5.0,4.91016217925235,6.0,0.08983782074764957,1.0
white,67,b530d92f1247183f7c53dc5d47e56ddf7e753198b9320c0565315b91d31f3268,随机森林,7.0,6.769082518172691,6.0,0.23091748182730942,1.0
white,69,c97446056bbf9716c3f1d47491f2307880eff338933ff39b0a5aa133edce6b4c,随机森林,8.0,6.201495899797369,6.0,1.7985041002026314,2.0
white,70,628a0744bf59e7b4259e7e86a71452af609a3bfa245ce0c7990cd2a11cdefc35,随机森林,5.0,5.54127295447071,6.0,0.5412729544707098,1.0
white,74,5604d95f27cf7bcbeb46b752df81a5b304f7f4de47d0ce56dcbbecdc17d8dcbb,随机森林,6.0,4.836686695929343,6.0,1.1633133040706571,0.0
white,75,c97446056bbf9716c3f1d47491f2307880eff338933ff39b0a5aa133edce6b4c,随机森林,8.0,6.201495899797369,6.0,1.7985041002026314,2.0
white,76,628a0744bf59e7b4259e7e86a71452af609a3bfa245ce0c7990cd2a11cdefc35,随机森林,5.0,5.54127295447071,6.0,0.5412729544707098,1.0
white,81,2b2716ef688e0ab6fbe51944d3aa2c72a9076a41d8bbb30bb7469bb02c6de204,随机森林,6.0,6.18695911062983,6.0,0.18695911062982962,0.0
white,83,b78f80f918056f48857be58df237a96a2a1a1b174ece09b7b45a5ea24f1f2880,随机森林,5.0,5.323645736415864,6.0,0.32364573641586425,1.0
white,87,cb94409d24bca223af2cd07bd105899d5c4f6cf72f4647083bfa7c305775e1d0,随机森林,6.0,5.206639833750126,6.0,0.7933601662498742,0.0
white,91,cb94409d24bca223af2cd07bd105899d5c4f6cf72f4647083bfa7c305775e1d0,随机森林,6.0,5.206639833750126,6.0,0.7933601662498742,0.0
white,96,f479f042330c78e93c065d9cdb8e2add2cea755e2c804319db0ba4f8222753fa,随机森林,6.0,5.5737265619171685,6.0,0.42627343808283147,0.0
white,103,9b034d8c22a74bf7a68bfbbd02b27dc98aa68cf6a5b6f97773b4b21d44c60ca9,随机森林,5.0,5.354008033131874,6.0,0.35400803313187357,1.0
white,108,2d7112b56bc49045e149fc92931599f17e61cfcc435d937acec830f1e6c6690c,随机森林,6.0,5.733094545232309,6.0,0.26690545476769056,0.0
white,109,2d7112b56bc49045e149fc92931599f17e61cfcc435d937acec830f1e6c6690c,随机森林,6.0,5.733094545232309,6.0,0.26690545476769056,0.0
white,127,f4617fd48578f2c7dafcca91fb3ce538098c4735bd6ff648a5a3080fd8849e15,随机森林,5.0,5.834746728861668,6.0,0.8347467288616679,1.0
white,137,bba95c83a4faa76db47f73ef3dbd7ba8f8664f4b115631865279f0ae46d773d8,随机森林,6.0,5.941468283035622,6.0,0.05853171696437798,0.0
white,138,8e515509db79497e94aa139208fdba79781d3a4ce2bfab4cbf9505e6100b9dae,随机森林,5.0,5.210678380715144,6.0,0.21067838071514444,1.0
white,142,8e515509db79497e94aa139208fdba79781d3a4ce2bfab4cbf9505e6100b9dae,随机森林,5.0,5.210678380715144,6.0,0.21067838071514444,1.0
white,146,8f21f78f0e06a3e4bda85aa8018c3daeab76110dc032361f147bd0356dc5a5a4,随机森林,6.0,6.211322672110602,6.0,0.21132267211060185,0.0
white,147,7c31ca721a729ce4581e3969e911182ce8d9993af78c25987b07597b24713341,随机森林,6.0,5.625416343188402,6.0,0.37458365681159833,0.0
white,148,3037f5007236109a459350fcbd10ef21516e27ddacbe2e1415a52a43ac0f7624,随机森林,4.0,4.927580219072867,6.0,0.9275802190728673,2.0
white,152,dbd50444b5bf850850949941553b59880a8f036c1c1aa1c26dc7f4bd6d74ef52,随机森林,6.0,5.843878027932443,6.0,0.15612197206755685,0.0
white,165,1ab84f8ba219a0af73d405232626b4da774fff9a03b1f6511dac8bca1ae33541,随机森林,5.0,5.630136515660119,6.0,0.6301365156601193,1.0
white,169,1fb2b80f362e187b3f8b73a7ae45283abd3702334a0876f7537453e194096420,随机森林,5.0,5.3505301430595535,6.0,0.35053014305955355,1.0
white,186,e66b8732ca2a1e024c55a3788113f7e36e97f2a7d09bfad3e1624321c6761485,随机森林,5.0,5.28631442703992,6.0,0.2863144270399198,1.0
white,188,7c667fe03a3107005ce54b7795e2af77fda696ead95e6569585238e15cd50e38,随机森林,5.0,6.205928115242743,6.0,1.2059281152427426,1.0
white,207,fe418ba93ad724e3603e1e46907a0e2a354b13516ce7fcaf9da686b43e43bd45,随机森林,5.0,5.971501873542121,6.0,0.9715018735421213,1.0
white,208,e4d98c23671470ee86ba8952e3878b89dc2f50d314669a1d01b804510d1024b3,随机森林,4.0,5.2444429342444066,6.0,1.2444429342444066,2.0
white,209,2f9819e7e67d5c7ad5014e5db404cb0ce7b907d395817c7c502694e7a4ea2d38,随机森林,5.0,5.02949387268505,6.0,0.029493872685049993,1.0
white,210,c82443ace37c079469dbf40470e935c4e35efca30691160062ee06b710b79b08,随机森林,6.0,5.347135833493425,6.0,0.6528641665065749,0.0
white,212,16d2256d106180ad7898335e8ae14efce4862388489d1bd065d61b13484ade16,随机森林,7.0,6.441768766932132,6.0,0.5582312330678683,1.0
white,213,fe418ba93ad724e3603e1e46907a0e2a354b13516ce7fcaf9da686b43e43bd45,随机森林,5.0,5.971501873542121,6.0,0.9715018735421213,1.0
white,217,eb384428e9c903e498156bd45e1a13aa8e07eb1b451c9637c61e65db65c9499c,随机森林,5.0,5.837642612776514,6.0,0.8376426127765138,1.0
white,221,eb384428e9c903e498156bd45e1a13aa8e07eb1b451c9637c61e65db65c9499c,随机森林,5.0,5.837642612776514,6.0,0.8376426127765138,1.0
white,233,df6c0fc7306f4618e332735720aad76c0775ada44951497c0611f38732f02367,随机森林,6.0,5.749022444674924,6.0,0.2509775553250764,0.0
white,234,f7f2e4edd656e1e83989f9f2d3eefdd6cdfd112097db79c2d8e7b6ee955d8f55,随机森林,6.0,6.261789480093476,6.0,0.26178948009347636,0.0
white,235,f7f2e4edd656e1e83989f9f2d3eefdd6cdfd112097db79c2d8e7b6ee955d8f55,随机森林,6.0,6.261789480093476,6.0,0.26178948009347636,0.0
white,236,f7f2e4edd656e1e83989f9f2d3eefdd6cdfd112097db79c2d8e7b6ee955d8f55,随机森林,6.0,6.261789480093476,6.0,0.26178948009347636,0.0
white,237,f7f2e4edd656e1e83989f9f2d3eefdd6cdfd112097db79c2d8e7b6ee955d8f55,随机森林,6.0,6.261789480093476,6.0,0.26178948009347636,0.0
white,239,63a26014c5a8eb0107fb1be4423b7ebf73015319e038da25d43b82b4d767134b,随机森林,7.0,6.494318247384422,6.0,0.5056817526155779,1.0
white,242,b5e5185ad0c93b094492a0e5507254f04e882431df4bb8a4b0c8cf924fe97aeb,随机森林,5.0,6.094610525941258,6.0,1.094610525941258,1.0
white,247,d8d447650bcf16d8f13cf7c83e577a2bec86daae919e0cff01c845403ffbcafa,随机森林,7.0,6.574545058012163,6.0,0.4254549419878373,1.0
white,254,55d4d6be63e8b36e61a4e756f74c8212632ca494884460c923ec7e353e982bf2,随机森林,3.0,5.152003774862908,6.0,2.1520037748629077,3.0
white,265,e0848410d8848374bf912708635712636cf4ea0de818c4307c486612d771fb72,随机森林,6.0,5.66738801088259,6.0,0.3326119891174102,0.0
white,276,cd5b725020b3bbe7bed66c50f3ca5bd7b245b5cbdaa39cf841a0ee0f03e94323,随机森林,6.0,5.949774550068668,6.0,0.05022544993133238,0.0
white,277,bb3d392b268817b50b21e5995bfbe21be3f051e83b64b5883eb6e81b7ad5edd0,随机森林,6.0,5.983542085093556,6.0,0.016457914906443882,0.0
white,281,4a3db7e4ec9c686e1a12e9d34380c24e52feafa4e666cc07a373d28a26cb3637,随机森林,8.0,6.461879328317026,6.0,1.5381206716829743,2.0
white,286,1f0b90fa8fd75f2d6829cd484a56a9b0a96da97fc4f6abc3293c7bad9a768463,随机森林,5.0,5.262484372109373,6.0,0.26248437210937325,1.0
white,297,18446890726130bb34b117e2c2dcc23d4b05f91dc9824765746873d66dc3a8e0,随机森林,5.0,5.224794719169715,6.0,0.22479471916971505,1.0
white,302,00ad088484d2b85ad431153ba2842d932321e13f8aa66c11de917bdf3138fc91,随机森林,6.0,5.426371499372662,6.0,0.5736285006273381,0.0
white,311,b7b4ad8a36adfca45b7c85338010ed6ca01e2cc53ca7737144e035fe093523f7,随机森林,7.0,6.298024159291574,6.0,0.7019758407084256,1.0
white,313,6afb4fd80a8fbc4c01f48093ba0cdd46603abbe32c5e6af1c7dc464850b1569b,随机森林,6.0,5.697142556030715,6.0,0.3028574439692848,0.0
white,328,88008ecfe922cc353564897c8d60d3a3434503e494c199e49510be42caeee1fd,随机森林,6.0,5.498364149066162,6.0,0.5016358509338383,0.0
white,332,f971ea829b6447b250c532a4cbf3fc94c47b09a535d2155c8b8b477d7baa050f,随机森林,5.0,5.763553850546889,6.0,0.7635538505468888,1.0
white,334,99f636d175ccc740caaa348883fb7a62098d0ab0c45799b431882786c0387e61,随机森林,5.0,5.616594187546198,6.0,0.6165941875461982,1.0
white,355,9ee83e07e332bcdca6ac663e47ae0fe5a0044fe3f9d51c523f92b97ec839fe6e,随机森林,6.0,5.34711759917642,6.0,0.6528824008235796,0.0
white,360,5a14aac693f77f5418253bc4bc69d69ff9116e7e1e28fc5d697e2345d97dbfc2,随机森林,6.0,6.11484932333462,6.0,0.11484932333461995,0.0
white,363,ad163f1d8798668f1b89ce84b0e52976c7d96587b733aaea9435f262fed29151,随机森林,6.0,6.048485845996684,6.0,0.04848584599668371,0.0
white,369,0c919432e22aee32181cde140fe3059e8312e6ca059e4b2f5846226e9b4fe4c4,随机森林,6.0,5.466735924387883,6.0,0.5332640756121174,0.0
white,372,0c919432e22aee32181cde140fe3059e8312e6ca059e4b2f5846226e9b4fe4c4,随机森林,6.0,5.466735924387883,6.0,0.5332640756121174,0.0
white,377,b65c57196fbcda04c685267935c5b1f2d3a89563cca0a88c0b6fc022fe60563a,随机森林,7.0,5.46441770729271,6.0,1.5355822927072902,1.0
white,380,b65c57196fbcda04c685267935c5b1f2d3a89563cca0a88c0b6fc022fe60563a,随机森林,7.0,5.46441770729271,6.0,1.5355822927072902,1.0
white,382,4b521edb393c5e89ccad0b40284136ca931772473028f47dd82cce628febc706,随机森林,6.0,5.355349573356928,6.0,0.6446504266430724,0.0
white,387,056d5a6078bddbabf389a91d29bab79672749aae1ba485dd80f1a2c705cef645,随机森林,7.0,6.337769851894466,6.0,0.6622301481055342,1.0
white,392,b390be78c0df5b93a179bfe8cd8387eecdeccd9433658198a78e604ff218496f,随机森林,5.0,5.113220786766842,6.0,0.113220786766842,1.0
white,393,e08a77108c94c76a1bd48fbe3d001d9e64bce9982a6499167ec9f3583d4157f1,随机森林,6.0,5.503552647243823,6.0,0.496447352756177,0.0
white,399,8c903df71d3dbd218f73087334e2646fa9fbec4b7bb2b785eccf556a84da88ca,随机森林,5.0,5.399840698531488,6.0,0.39984069853148796,1.0
white,413,92989d1a1d1b10f44a9e46b7c8e6fe1718066537dbe0637b6ff4a4285817223b,随机森林,5.0,6.054849159555041,6.0,1.054849159555041,1.0
white,414,92989d1a1d1b10f44a9e46b7c8e6fe1718066537dbe0637b6ff4a4285817223b,随机森林,5.0,6.054849159555041,6.0,1.054849159555041,1.0
white,418,0ad8cd187b3dce8064edca7037a39c847c7175145a220e4ceb1e397423e8048d,随机森林,5.0,5.204387995781758,6.0,0.20438799578175804,1.0
white,420,c175de99e034960f9f4bb0136a1f5ae392a4e8eb9666c115312a0e33b8100ea5,随机森林,6.0,5.547286469521763,6.0,0.4527135304782366,0.0
white,421,c31ef163993e47c6554490c5286d60778cae9e83c1a942dece67a0c170299d4b,随机森林,7.0,6.748539931473757,6.0,0.25146006852624314,1.0
white,441,3447315e0ec544f329183a1b93b9b72d1061e685e424b9f45ec882fdc064daab,随机森林,7.0,6.282783767158764,6.0,0.7172162328412357,1.0
white,445,4b5fe84666c743ae6b2e27b7d42b6459272f1797fc44cecf4304d01ac0174d2a,随机森林,6.0,6.374794570654092,6.0,0.3747945706540916,0.0
white,458,81d82a4eccfc5e0129c432994aec85e2f2d22dd9ffe16d2424f26d257ea5e341,随机森林,5.0,5.6440223306248845,6.0,0.6440223306248845,1.0
white,461,81d82a4eccfc5e0129c432994aec85e2f2d22dd9ffe16d2424f26d257ea5e341,随机森林,5.0,5.6440223306248845,6.0,0.6440223306248845,1.0
white,462,f586a65de70e7290fd36c3bc07b1de95111294f16b9e8b563a23aa2c4cc15162,随机森林,5.0,5.4897582134784155,6.0,0.4897582134784155,1.0
white,465,1558d0fa3f739ba4384a30f5ef96818b95395ddb59f7b7728be1eb64021208a0,随机森林,5.0,5.22508987853105,6.0,0.22508987853105022,1.0
white,469,1558d0fa3f739ba4384a30f5ef96818b95395ddb59f7b7728be1eb64021208a0,随机森林,5.0,5.22508987853105,6.0,0.22508987853105022,1.0
white,471,b0b14b9ce255469fa38504cc7827829ca3e4f7c4c7341f270a4bcfc60ad90beb,随机森林,6.0,5.202539656966127,6.0,0.7974603430338734,0.0
white,474,f623f3347e763122f54645fd86a6c22cf3825d6f5eecb158acb22d50cfdde85b,随机森林,7.0,5.86828712953713,6.0,1.13171287046287,1.0
white,478,aa75de9d89c2c9f0acb78a723f026464cca713054f1d656190c55a1f0267c51b,随机森林,6.0,5.925061433320722,6.0,0.07493856667927812,0.0
white,485,7d039ea23615467cbd66ae72a2c418ab8ea1fd72d8c9c556cdbdc80d80339bf5,随机森林,5.0,5.252554750317909,6.0,0.2525547503179091,1.0
white,487,9f572410c4261daff7358b469a8bbefa0fde0e034119d3a240157c85d4da232e,随机森林,6.0,6.108025530025534,6.0,0.10802553002553417,0.0
white,496,4b0911cf750a8c29a4d457f8ec989dc9d187ee3bb66c9796cf69209ed65e3485,随机森林,6.0,6.736173959812117,6.0,0.7361739598121169,0.0
white,499,211061bce64123d68f76a4453b8137abd3dd614cccc253d0cf008124585d4da5,随机森林,5.0,5.376021370218301,6.0,0.37602137021830107,1.0
white,507,33ef05baafb31c5878a3cfc85decdbbbc617f5226ad1d08ffcc5072c99a1ad45,随机森林,5.0,4.579776655605607,6.0,0.420223344394393,1.0
white,513,eaa09202b591593372f5587cc43f2914af24a0be5790367fee61e023b0716e07,随机森林,6.0,5.907918208697621,6.0,0.09208179130237859,0.0
white,514,a8b0dad3c47d3e210e9e03041c6ab26a27101218bbbbde806882878e0638e9d5,随机森林,6.0,6.32783678964368,6.0,0.3278367896436798,0.0
white,523,c7ffcf79cbbb86c209ffe80cbd84895b891b535c2afcc177f5109c85d79753f7,随机森林,6.0,6.096266506355127,6.0,0.09626650635512668,0.0
white,527,43000448ea09f92012a41a5805d9aebc9c760d10a8b0b9aa10c021c076762ada,随机森林,4.0,5.900717925672615,6.0,1.9007179256726152,2.0
white,536,21bf382c1e4f7bdccbe56c39aba131e2a950c73806a21cddb4f448ff6a212fdc,随机森林,5.0,5.360353410822063,6.0,0.3603534108220634,1.0
white,537,21bf382c1e4f7bdccbe56c39aba131e2a950c73806a21cddb4f448ff6a212fdc,随机森林,5.0,5.360353410822063,6.0,0.3603534108220634,1.0
white,541,1facd2fa49eaffb9126fa45d2b221f07b524655b9af7a6fa18e129fc8df20d1f,随机森林,4.0,5.633870254258411,6.0,1.6338702542584107,2.0
white,544,ebcfea1bb4888c97825b044e484ed03d45234d1399ec082029ecae0f1c7adef7,随机森林,6.0,5.852226202589978,6.0,0.1477737974100224,0.0
white,545,429ae68059b3f74be3fa49f382c7d8109fb254cb3a29fa5e3ddde7b64180f15c,随机森林,6.0,5.14211578878065,6.0,0.8578842112193499,0.0
white,551,a0d26967939552766111f9a9b0e6bfd80bd7c4056f33cee6eee6de1f9fcfc0f8,随机森林,7.0,5.394031156207628,6.0,1.6059688437923718,1.0
white,554,a0d26967939552766111f9a9b0e6bfd80bd7c4056f33cee6eee6de1f9fcfc0f8,随机森林,7.0,5.394031156207628,6.0,1.6059688437923718,1.0
white,557,8d5aa69e814a22fa69bfebf06d1f4c921467d140ef9f58cb1a3962a40804d296,随机森林,5.0,5.213611173412644,6.0,0.21361117341264357,1.0
white,576,a92d4ef10e13d6f750f9f9ed3c70f71dfbcc7ce0bc6235ffa78093af8da32b3a,随机森林,6.0,5.858848131515314,6.0,0.14115186848468575,0.0
white,599,53467d29a0b20ff29183496222de15746eeef74882c8550cfbeef6fe1b915bdd,随机森林,8.0,6.19926928289936,6.0,1.80073071710064,2.0
white,612,1f1a0bd47eb0f602351e0d93df0e64fa56cc8a9fa1789dcbefc5e867a38dbe44,随机森林,6.0,5.097752568624473,6.0,0.9022474313755273,0.0
white,614,9ff470d2e4a837328675691239e2aca2ceb6516bcc87b3167d07004545af51d9,随机森林,5.0,5.510761694030656,6.0,0.5107616940306556,1.0
white,615,9ff470d2e4a837328675691239e2aca2ceb6516bcc87b3167d07004545af51d9,随机森林,5.0,5.510761694030656,6.0,0.5107616940306556,1.0
white,618,cc6a3cafef496801444151ee51f0e563716b9100d7e34455e8354be47608b78c,随机森林,6.0,5.777990608190686,6.0,0.22200939180931378,0.0
white,625,eb267efcf8fce8791141678bd4d5bd9192a0be05037222a70ded6ce6fd771ded,随机森林,5.0,5.027569725137837,6.0,0.02756972513783662,1.0
white,638,78f88a907e41afded0bc4e4a964e06487cad11bd7f3864f63210730ed13451c0,随机森林,5.0,5.3737626863876855,6.0,0.3737626863876855,1.0
white,642,4241764014bcf9dca2351235d249ab76a2abce91dca33cf2e0fd8cf192be3101,随机森林,4.0,5.467570631252135,6.0,1.4675706312521353,2.0
white,647,c8bc90c153bf5a1c0d6c7c76c440cc862e04d69c37cfde726b20aec4eaaaca7b,随机森林,4.0,4.59030239341269,6.0,0.5903023934126903,2.0
white,648,8741d0c501895c22fb00f030a13f0e6cbcd55945a982466d00c57f37fedc286e,随机森林,6.0,6.047318587171917,6.0,0.04731858717191706,0.0
white,661,eeda2be06d3bd9af02a7165eddfee67de438e81ea48b54a13245ab0e18f0ab6a,随机森林,5.0,4.90184200412877,6.0,0.09815799587123042,1.0
white,664,eeda2be06d3bd9af02a7165eddfee67de438e81ea48b54a13245ab0e18f0ab6a,随机森林,5.0,4.90184200412877,6.0,0.09815799587123042,1.0
white,670,0b643e3ec32be75e60d9a02f13f9be5d42d9992cd8310abb6ffcfbc107ae0d85,随机森林,5.0,5.435445752576173,6.0,0.4354457525761726,1.0
white,681,42d9c54a79dbc5b43612275c4f31c631629351b98387d5ef1bff15166fb4443a,随机森林,5.0,5.37923132748172,6.0,0.37923132748171984,1.0
white,682,47e659c85776522d36e8c36d78f3217b3856360b951dbda96a6e437353086788,随机森林,5.0,4.932675175019165,6.0,0.06732482498083492,1.0
white,685,a6e4baf1d2bed8fdc84e4e8b780f7a767b5f145831920fdb3f0b2e091f9da627,随机森林,5.0,5.746455819979814,6.0,0.7464558199798139,1.0
white,687,efe8aab62cd438e4434be10ad34871da18079fa4d3c6b9877d12873853e00011,随机森林,7.0,6.0470270896114515,6.0,0.9529729103885485,1.0
white,692,a49c5030cf2c9179c5fb61123f391979c069325e6bf068b697e1b8040d736ee5,随机森林,6.0,5.2933034479137415,6.0,0.7066965520862585,0.0
white,697,bb3980786b149dea5da4ac65c539944df804061d07241c1c1969a4c4a74621df,随机森林,6.0,6.415621457432601,6.0,0.4156214574326009,0.0
white,698,771b6b1f38d8b279017c54276fe7e4802953c9d59cc336e2f9619e0668054015,随机森林,5.0,5.350910130117558,6.0,0.35091013011755834,1.0
white,699,771b6b1f38d8b279017c54276fe7e4802953c9d59cc336e2f9619e0668054015,随机森林,5.0,5.350910130117558,6.0,0.35091013011755834,1.0
white,707,47269b41235376532df4f109a3e8fd4b3bd805e24dac8428b593e9a82116a75d,随机森林,5.0,5.358947834028713,6.0,0.35894783402871333,1.0
white,708,b15540b0d41f09c44275bcd8bf2fd39dafd7ead9655765ae6a6866df1eed480d,随机森林,6.0,6.501100286280624,6.0,0.5011002862806242,0.0
white,709,ec678a9ed9dc19bf24f512347f3fc870636d46b7d4d233997801041d9669a0c4,随机森林,6.0,6.185957629888742,6.0,0.1859576298887422,0.0
white,711,beef749c16045eae95670255a4e8152c99d1e016c5c1941a66e9cc5b84f08729,随机森林,5.0,5.286396493370179,6.0,0.28639649337017925,1.0
white,717,acbabf0cb4a58cc7d99db6353a223218a770006d607b292cb67c8f5f67d68bed,随机森林,6.0,5.249670204251086,6.0,0.7503297957489137,0.0
white,721,5f98c21ac173a6cece7dd23f7fe031574d28f5f9d54dcd4746c6628b61955487,随机森林,5.0,5.111794054529348,6.0,0.11179405452934787,1.0
white,722,659fa35e6c3a752b274997b7b84c90b636985e5c8c1fabb679a46118b5c6a639,随机森林,5.0,5.676684118441471,6.0,0.6766841184414707,1.0
white,741,bb486e8c327c8ff4d61f7caac0170c0b4b89c5de35eabb3cff85147ae91f952f,随机森林,3.0,5.5705458237153325,6.0,2.5705458237153325,3.0
white,743,aacf4478494ad7f5920752102820b65e4f9e5b218773f630db385fc7a55eaa52,随机森林,6.0,5.998174919035211,6.0,0.0018250809647888389,0.0
white,748,074cd3fd656c7db06d3899dcf8608fa412ec1ed6fa68fcbec6cccb7cbd4ed72d,随机森林,6.0,6.202242501235148,6.0,0.20224250123514764,0.0
white,750,2e0876a5b631346951f26ae7f50cf4bb59ea76401338995ce6c1c6703be82731,随机森林,6.0,6.1351349859291044,6.0,0.13513498592910445,0.0
white,751,074cd3fd656c7db06d3899dcf8608fa412ec1ed6fa68fcbec6cccb7cbd4ed72d,随机森林,6.0,6.202242501235148,6.0,0.20224250123514764,0.0
white,756,11e124410ba0e1b555ad499b4cd92010f022b4891fc3429defa0a46d62d5dc74,随机森林,7.0,6.459359125366091,6.0,0.5406408746339091,1.0
white,773,dfe643c7fc177d2626956debd9bb8af19bd89867e09c50b24eca2a6256574a17,随机森林,7.0,5.819249448063689,6.0,1.1807505519363106,1.0
white,779,d2d6f2740903f2dff95f28913ad82c040f47eee60bc008f8a1aac634d0ca1bfd,随机森林,7.0,5.579588727224276,6.0,1.4204112727757243,1.0
white,783,d2d6f2740903f2dff95f28913ad82c040f47eee60bc008f8a1aac634d0ca1bfd,随机森林,7.0,5.579588727224276,6.0,1.4204112727757243,1.0
white,787,c1c86c02d86a7808a05fc5b00d0233cacf950ffb0ffd5de76868ef96639dfefc,随机森林,6.0,5.5688697368020135,6.0,0.43113026319798653,0.0
white,788,c1c86c02d86a7808a05fc5b00d0233cacf950ffb0ffd5de76868ef96639dfefc,随机森林,6.0,5.5688697368020135,6.0,0.43113026319798653,0.0
white,791,c1c86c02d86a7808a05fc5b00d0233cacf950ffb0ffd5de76868ef96639dfefc,随机森林,6.0,5.5688697368020135,6.0,0.43113026319798653,0.0
white,796,189e2c0346e3a5e5e1427cab5126b6dc2afe1d5047baebf5931dc817594029ed,随机森林,5.0,5.282793689526277,6.0,0.2827936895262768,1.0
white,797,4d767375a1c047b06b833d57ab3454ca12f82ffbf15572f66853f56e6bacdced,随机森林,6.0,5.380063695019572,6.0,0.6199363049804276,0.0
white,798,cea5e261c5ccb65fc3976f24d2e2727554d86c827b52e60d84d08e7393450c44,随机森林,6.0,5.639325563597622,6.0,0.36067443640237773,0.0
white,801,cb49f741a560bc726296d2028d4745cce11742ce51a2a681112fe00d96e16fbf,随机森林,6.0,5.263644507181275,6.0,0.736355492818725,0.0
white,803,599ae4cd4f1162801006444600d73d1c387b01d67253001f9d3bb56be1d9f7d1,随机森林,5.0,5.279883630802749,6.0,0.2798836308027486,1.0
white,806,cb49f741a560bc726296d2028d4745cce11742ce51a2a681112fe00d96e16fbf,随机森林,6.0,5.263644507181275,6.0,0.736355492818725,0.0
white,813,bdb29faadc9ceac51171b3fedda0263d4f6cb400a0fd1102edbe0e3c1c75e72d,随机森林,7.0,4.89764549645974,6.0,2.10235450354026,1.0
white,818,1d3a63ad59840f3db3dbd5bb3a8d8d55007dd29a137260b3bbb4add9e60c08a7,随机森林,5.0,5.225010355929475,6.0,0.22501035592947538,1.0
white,820,1d3a63ad59840f3db3dbd5bb3a8d8d55007dd29a137260b3bbb4add9e60c08a7,随机森林,5.0,5.225010355929475,6.0,0.22501035592947538,1.0
white,828,b6dac751b6bba4bc51f5bfb527af4f4f7536a821f877556549a8e7d62db63a39,随机森林,9.0,6.58020789749466,6.0,2.4197921025053404,3.0
white,830,3c736b5fb5c336bdf457078725e8e3720336b3c0f7afd1a734c1ac92a813a9ed,随机森林,7.0,6.188230286970225,6.0,0.8117697130297747,1.0
white,841,b7035ab0ac5f0ed75fe4636b0d6afcb93b373e09100b9b33bd574a672234dea3,随机森林,7.0,6.448002616249132,6.0,0.5519973837508676,1.0
white,845,600467494d095b173b46baa3a966f0d485de017f586be4e8a35af3c0dee64e80,随机森林,8.0,6.260777778908972,6.0,1.739222221091028,2.0
white,846,600467494d095b173b46baa3a966f0d485de017f586be4e8a35af3c0dee64e80,随机森林,8.0,6.260777778908972,6.0,1.739222221091028,2.0
white,848,d13066b6fd1a9bb09ee3c89c953232bf8b96d0c2272358ba7acd30f34b9b5d87,随机森林,5.0,5.4580260428712455,6.0,0.4580260428712455,1.0
white,853,e6a0f630c5535a2c16d76588bbf1dfce210ba8287944b760dfbd1f363d2d54dc,随机森林,7.0,6.162792439443373,6.0,0.8372075605566272,1.0
white,855,e6a0f630c5535a2c16d76588bbf1dfce210ba8287944b760dfbd1f363d2d54dc,随机森林,7.0,6.162792439443373,6.0,0.8372075605566272,1.0
white,859,f8df487d2dafa4da5429894c552f4e60b24cc3f9dc2a43af3e2dbc3e12bcaf39,随机森林,7.0,5.874752462550063,6.0,1.1252475374499369,1.0
white,860,3b08f52c99eea267480473444bf02abeac953c2738214c25e8bbdc17442555c5,随机森林,5.0,5.344620649503001,6.0,0.34462064950300064,1.0
white,861,13e478f685ff4302a36c8ae460a06d828e67d811394b497ea0e38cc0468d59d0,随机森林,8.0,6.235757540619619,6.0,1.7642424593803812,2.0
white,862,c31b4b8e07ac1edbc347ec9b1884a35a45aff5f34a43b16eda26a3dd858bf86b,随机森林,7.0,5.654655800511835,6.0,1.3453441994881654,1.0
white,863,70ed059f12325e8336ddcf92a7b061475a5cf597e29d669ca6a67bbe943d4947,随机森林,6.0,5.808780944617245,6.0,0.19121905538275463,0.0
white,865,4476470e3e64b075a0fcd3021f5e06ae2b88bd6449f63894c0172fff262e0c15,随机森林,5.0,5.8108805264080035,6.0,0.8108805264080035,1.0
white,867,e6a0f630c5535a2c16d76588bbf1dfce210ba8287944b760dfbd1f363d2d54dc,随机森林,7.0,6.162792439443373,6.0,0.8372075605566272,1.0
white,869,f3104af6c428a2a20ad7566c4a2014328d06e4999155c2a7bd7650bdfd294d30,随机森林,7.0,5.57230414923913,6.0,1.4276958507608697,1.0
white,875,edb5a3b94390170a3e2091aedf4e9ee58d014276ab3e41fa2d130cc389cd348c,随机森林,5.0,5.441104653373226,6.0,0.4411046533732259,1.0
white,878,df42e4a414ac4f21686811c883281813f1b66715efa0e4091b154734b5360986,随机森林,6.0,5.322367500161233,6.0,0.6776324998387668,0.0
white,882,d454c914f4f93caebc38b967e4351dbd77a1647dd6a3c86f919c708a127dba54,随机森林,6.0,4.86233634956661,6.0,1.1376636504333897,0.0
white,883,e4053490f2a5a707a408008524658d780c4cf19afd107aaedc46067ae28a1ba4,随机森林,6.0,6.179148596501544,6.0,0.1791485965015438,0.0
white,884,e4053490f2a5a707a408008524658d780c4cf19afd107aaedc46067ae28a1ba4,随机森林,6.0,6.179148596501544,6.0,0.1791485965015438,0.0
white,888,0f5c23be24a7e4020a59a461b58d37bcd7325c67ef73233ca2491558f3abd861,随机森林,7.0,6.323709267970875,6.0,0.6762907320291252,1.0
white,890,0f5c23be24a7e4020a59a461b58d37bcd7325c67ef73233ca2491558f3abd861,随机森林,7.0,6.323709267970875,6.0,0.6762907320291252,1.0
white,893,adfefe6c72c3669c28c3728c9dffb5de9a8f7d69ad50e1d440dc511b3c9a4f77,随机森林,5.0,6.037815153800448,6.0,1.037815153800448,1.0
white,896,d8a1f3989992532b293a48aa5cc38174561ff0e5ef1486e6dbee140ae23a8db3,随机森林,6.0,5.883272657482407,6.0,0.11672734251759298,0.0
white,899,d38a6d18bb9dfb62c3903df6ddab2b321d9717286dc57ecac253e150e35175dc,随机森林,6.0,5.898014086675853,6.0,0.10198591332414697,0.0
white,902,73e82d5a0ef2b7aee237e34fa7798be2e9ffa0e53684c27c153fed9a1e2738a9,随机森林,6.0,5.6092594549699815,6.0,0.39074054503001854,0.0
white,905,ffeaa125dc70077f5319af85c4fc04b6f2d149917d99ca2d647a8ab018f15421,随机森林,8.0,5.630332014219011,6.0,2.369667985780989,2.0
white,927,f28f213b47dfd1adf72a62fba7e886278139a1d0d3d4bf0b3f83acc21804d208,随机森林,5.0,5.11405418328948,6.0,0.11405418328947992,1.0
white,928,4a6fe70ffd38b1fdd645d211e8db91befa159bcca46d5851436093f9dd31a886,随机森林,7.0,5.646461470446764,6.0,1.3535385295532363,1.0
white,933,4642d130b206e4fd78c254cafc37f6e1e52ba14fe69b4bde374989cc886098b9,随机森林,6.0,5.536405072748156,6.0,0.4635949272518438,0.0
white,937,f870c1db8c5e47a3152c0d46838139cb19b6aacde66a840a70c163f2ad7e1d62,随机森林,5.0,5.254937049978457,6.0,0.2549370499784569,1.0
white,941,7219fe26f957aa9dc194bdf213ded79a99a6b2150b68386bb0df0b6af5afbde3,随机森林,5.0,5.491682399572108,6.0,0.4916823995721078,1.0
white,942,6b06f4b888970dc42bbd3d5d2eeb1c36cc2c6a7109958b0a81946d5a2cbdabbf,随机森林,6.0,5.526907771622943,6.0,0.4730922283770571,0.0
white,943,d5f5bcca066f78c78cfea52864b8ff06c5fd7e477331ffe793ae3c3294339aab,随机森林,7.0,5.6906497520697465,6.0,1.3093502479302535,1.0
white,948,c8d001566b9f039bb8b01f24842078afc7d2dd527ec964be8521af36855c7eeb,随机森林,5.0,5.25160672085053,6.0,0.25160672085053015,1.0
white,949,57fd7fe475d644d4f9235e41f714be07a7d288ee0ea9028a67e568ec142b3db8,随机森林,4.0,4.833666928043866,6.0,0.8336669280438658,2.0
white,954,d661c59137363a51cbef356c16be6dadbb5960abfa07100d05cf370b17e4cb5e,随机森林,5.0,5.689172801599274,6.0,0.6891728015992742,1.0
white,960,d9c1e40883a85b66f925f608f39a69bc229210a8339380bf410a9809df0046ce,随机森林,6.0,5.546903914913204,6.0,0.4530960850867958,0.0
white,961,d9c1e40883a85b66f925f608f39a69bc229210a8339380bf410a9809df0046ce,随机森林,6.0,5.546903914913204,6.0,0.4530960850867958,0.0
white,963,d9c1e40883a85b66f925f608f39a69bc229210a8339380bf410a9809df0046ce,随机森林,6.0,5.546903914913204,6.0,0.4530960850867958,0.0
white,977,aea9f8706fb49bd283961ce953c147df0c93821ae7b3932dc5d066ce0e3ce573,随机森林,6.0,6.2708362135800195,6.0,0.2708362135800195,0.0
white,980,bda0076cb55cf78851a48a8352089500e8bfc1ff3826bf9f977843762eb3339f,随机森林,5.0,5.753192304794286,6.0,0.7531923047942861,1.0
white,983,3d481b52007986c48d96ec8d3e3289a9733364c95e9be02a03d6211b5e7bc815,随机森林,6.0,6.795150825954232,6.0,0.7951508259542317,0.0
white,988,1c26657bda8f796ef125f07d784ffa231f2e0182f3c25ab642e9583ce5ade152,随机森林,6.0,5.533040679593313,6.0,0.4669593204066871,0.0
white,993,223de1ea553cbbb7aa1cfae638d922c86d87c5039f72beb7f216d8c5a02cc6fe,随机森林,5.0,5.62487494648467,6.0,0.6248749464846703,1.0
white,995,de100b37d02d6d68982d03ebe0806fa3b35dddff46ce40e096f7de01c20a4887,随机森林,6.0,5.389532846611021,6.0,0.6104671533889787,0.0
white,997,b07ed0ceab163ee63295f8a59934d755e2316a6f4c8ea843bbbd78060c05a624,随机森林,5.0,4.671642909922323,6.0,0.3283570900776773,1.0
white,998,e6d58ea287609ebf93b4c5c8be684f9c6cef7143ffdbb9f6a5632b0a2bcef46a,随机森林,6.0,5.458992734733446,6.0,0.5410072652665541,0.0
white,1001,d05a916c8a15e9aad7851317f638761d2d20b6576078e5f18a12525edf8271af,随机森林,7.0,5.5641705071817285,6.0,1.4358294928182715,1.0
white,1004,7d40646fa1baa158723356cc373634b18b75502b1eb9f98d4ce433a97a34be06,随机森林,7.0,5.604943970245437,6.0,1.3950560297545627,1.0
white,1010,43d08e91d182a10fac83efbb2c247e99d3a5be349747d324a73dab11c85a9484,随机森林,6.0,5.7702049892258875,6.0,0.22979501077411246,0.0
white,1013,e91f699c380cfc0daab011944fae26609506a61367361830258dca32432dbc5e,随机森林,6.0,5.766393115670592,6.0,0.2336068843294079,0.0
white,1026,7c9b790f33642d044236b75d5e683c94ea3692f10c464405b30ab99e2999c4bb,随机森林,6.0,6.034576895598959,6.0,0.034576895598958934,0.0
white,1028,3a9ccd64909820b28697ec8de72a89e6f2d6ed81568f375f895126e6901331f1,随机森林,4.0,4.875878715783132,6.0,0.8758787157831316,2.0
white,1031,01f1cdb33bcdc8cb6396c90b00fd3f2f3b3cec0e6bc85987deaf0c4f7de5501a,随机森林,6.0,5.859281313114132,6.0,0.14071868688586786,0.0
white,1033,ed283077ebb39c626df900115a5de891f35cefd91bb6df8944727fb593b1e87f,随机森林,6.0,5.327992181293657,6.0,0.6720078187063434,0.0
white,1034,ed283077ebb39c626df900115a5de891f35cefd91bb6df8944727fb593b1e87f,随机森林,6.0,5.327992181293657,6.0,0.6720078187063434,0.0
white,1042,328e8be12bec0382b9c23ef9c9d001aa451805493f30ee7a35904be61bd4dcb2,随机森林,5.0,5.508789129185801,6.0,0.5087891291858009,1.0
white,1066,9585e3c8681b2bd2bc2b404bb94d6bd2e7b2a368cb7a7deba56ec62029257487,随机森林,5.0,5.5680296894654475,6.0,0.5680296894654475,1.0
white,1072,9585e3c8681b2bd2bc2b404bb94d6bd2e7b2a368cb7a7deba56ec62029257487,随机森林,5.0,5.5680296894654475,6.0,0.5680296894654475,1.0
white,1074,c458d0aae8378fb92b0adde2a1ba2dbd0bd7fbe4c7621a20749aba9b9abac359,随机森林,5.0,5.647803484026007,6.0,0.6478034840260074,1.0
white,1082,5e2d820310dd2b04490afb9842b640a0cc8cb7a742f1c9a6c8f15fefc82ff158,随机森林,6.0,5.455275859932979,6.0,0.5447241400670206,0.0
white,1083,5e2d820310dd2b04490afb9842b640a0cc8cb7a742f1c9a6c8f15fefc82ff158,随机森林,6.0,5.455275859932979,6.0,0.5447241400670206,0.0
white,1085,d54a143db5f3053b6467d6c41777fc39e4ae6e98d2f084b6fb1eb785190faa8f,随机森林,7.0,5.71383671834988,6.0,1.2861632816501203,1.0
white,1086,5cffde7304784768045880f43f8a6142a993586e690e62c7b62f35de490ddfb5,随机森林,5.0,5.125948174918763,6.0,0.1259481749187632,1.0
white,1087,e4304b1c404334be18fde5dc698963cc9c56df4be67c4b95b4f10c02642d1789,随机森林,8.0,6.4659464184336475,6.0,1.5340535815663525,2.0
white,1094,24af06aa0fd0965ec48f2030074085d500a53bfa3679192851a66e09bbd77d12,随机森林,7.0,5.983473650532476,6.0,1.016526349467524,1.0
white,1096,c563112f8ef636d04e5f7a8436b95f46c837566558079c0b632a26bd2ee956a4,随机森林,8.0,6.494721604633753,6.0,1.505278395366247,2.0
white,1098,d54a143db5f3053b6467d6c41777fc39e4ae6e98d2f084b6fb1eb785190faa8f,随机森林,7.0,5.71383671834988,6.0,1.2861632816501203,1.0
white,1101,5e2d820310dd2b04490afb9842b640a0cc8cb7a742f1c9a6c8f15fefc82ff158,随机森林,6.0,5.455275859932979,6.0,0.5447241400670206,0.0
white,1102,10dcd19cf0d89ddb98485a0388c8afbf7b641c0d53a50166e894d25892519ad4,随机森林,6.0,6.459100133297503,6.0,0.4591001332975031,0.0
white,1103,5a388453df24a71f65a87804eb89e43b1e0b3ae56e67e5fff93ff2ff4327559f,随机森林,5.0,6.480206668131204,6.0,1.4802066681312036,1.0
white,1105,5cffde7304784768045880f43f8a6142a993586e690e62c7b62f35de490ddfb5,随机森林,5.0,5.125948174918763,6.0,0.1259481749187632,1.0
white,1107,e4304b1c404334be18fde5dc698963cc9c56df4be67c4b95b4f10c02642d1789,随机森林,8.0,6.4659464184336475,6.0,1.5340535815663525,2.0
white,1110,078bd228116d334089ae647db35e126ed22af46f8da5797313545fc12c0ee2a7,随机森林,4.0,5.2586472930664145,6.0,1.2586472930664145,2.0
white,1112,1a4151f9ab112dfa5fd1e3eedd3d4ef16e3ba8e405cebdfe4ed222da42f767e2,随机森林,6.0,5.9487508799393485,6.0,0.05124912006065152,0.0
white,1113,27d37a09b914be2031c13ea0d190907d57288c58c735e46c7081664ef2d6ba0c,随机森林,6.0,5.412108421849908,6.0,0.5878915781500922,0.0
white,1114,be47494fc98297ea5e74b8a3153d927f5e8827a0fecf970f400afa73321e16d6,随机森林,5.0,5.931098468052416,6.0,0.9310984680524159,1.0
white,1119,48abcd941723300eca37efe2b63f7938c599e88df3ef104748667cf449264653,随机森林,5.0,5.05445036907537,6.0,0.054450369075370375,1.0
white,1127,7e32b46ee8572921fe32f04fde7ed4eeff00159d9aa84f8bccbdd1d3bbf56601,随机森林,7.0,7.341146262635422,6.0,0.341146262635422,1.0
white,1128,a15ab9164e11982add81985dfdb34b343cef16820145d0e83c7259252fc58244,随机森林,7.0,6.379905805852789,6.0,0.6200941941472111,1.0
white,1130,ce9cadb96a139c386c3d6d41352684e627dff5b82b1cf8277135cca2e6832b1f,随机森林,7.0,6.460266205901659,6.0,0.5397337940983409,1.0
white,1132,d047e66c7e7ad4c1a97ad1fb6ea148a73a53bfbe009d7c6d1761d9c44fc5d757,随机森林,6.0,5.823049354097338,6.0,0.17695064590266174,0.0
white,1149,b17da9de507eee9b1624ed36e1620a1954ba5cd2c67714d18abb39d978e5f0e0,随机森林,6.0,6.401108894974995,6.0,0.40110889497499524,0.0
white,1153,0b93740f715f801f4db2900f386dd8468af5ec86cbe42f518b605ca9a05b9bdc,随机森林,4.0,4.9085661190661245,6.0,0.9085661190661245,2.0
white,1165,632479b9bdbc5e66f67e69224d3f68d34c2f156d42da4fc2ada8933e5024f451,随机森林,6.0,5.30842433867589,6.0,0.6915756613241104,0.0
white,1166,75e2f18cbd8cdf356a87233f8a5a37827d1aa8e7a238c00ad761abfcde099b62,随机森林,5.0,5.989783215675678,6.0,0.9897832156756783,1.0
white,1167,6e32f2667fa03124df7aa674a7d1cb154196a567ffbccf1e459e904144fdc810,随机森林,5.0,4.821534795083946,6.0,0.178465204916054,1.0
white,1174,30baad43f6c11aee101ca9994c59831efce38f9ff83cff4392af248153e3a521,随机森林,5.0,6.17277993970254,6.0,1.17277993970254,1.0
white,1179,23c8cd68006a73fb569e0ed9f1218496e128f3fac95bb1ed1f06f01bf897ffda,随机森林,5.0,5.2859122592377235,6.0,0.28591225923772345,1.0
white,1183,30baad43f6c11aee101ca9994c59831efce38f9ff83cff4392af248153e3a521,随机森林,5.0,6.17277993970254,6.0,1.17277993970254,1.0
white,1190,c91e6aa657645c734cbe4093b83319db7359136898e5b973d56bd272dd5b8cd0,随机森林,5.0,4.550107761390658,6.0,0.44989223860934224,1.0
white,1193,207c47c32c02225da55d0ce29fdbd8d0f885c58d4a9609b93375cef72be03d55,随机森林,6.0,5.881496580374679,6.0,0.11850341962532074,0.0
white,1196,010aefb5009b959551abafefc47151e1467d368db6016225eb68d906d05e5fe8,随机森林,6.0,5.61049804505493,6.0,0.3895019549450698,0.0
white,1199,207c47c32c02225da55d0ce29fdbd8d0f885c58d4a9609b93375cef72be03d55,随机森林,6.0,5.881496580374679,6.0,0.11850341962532074,0.0
white,1200,57c75143d0ccf67857f35fb8a97082d30dc7dcbd451dd62eded61dcdc8b369b2,随机森林,7.0,5.719771064991656,6.0,1.2802289350083438,1.0
white,1210,4890fe6131abb9534372066b67389477ccf7f9fa9dd0024333273cd19376d8e1,随机森林,6.0,6.264114537423363,6.0,0.2641145374233629,0.0
white,1213,919ccdc076d380206c2570a296f9b4980881cbe711781fd409c7cf6f04ad4d7d,随机森林,6.0,5.895140975038034,6.0,0.10485902496196609,0.0
white,1219,730e84e845e22f4cfef63b43982e0a013105f1d98601e602f8c5d4cec3b76074,随机森林,8.0,6.1665920740479585,6.0,1.8334079259520415,2.0
white,1232,1e1bce93fe2078d8a49899429516808eb8173942c530af9d7c00057310262ddc,随机森林,7.0,6.604347887134648,6.0,0.39565211286535185,1.0
white,1233,a15af83214a4571293d80df049768b1419b8216f6870c353a805135bdd3e38e8,随机森林,7.0,6.602846829555036,6.0,0.39715317044496423,1.0
white,1241,75b56ff486b1992bffb878b182d9dabf432be9b31285587430e64e3fc71550b7,随机森林,6.0,5.633364716466883,6.0,0.3666352835331166,0.0
white,1242,2c9ef3a77056ee38f482e769969eed9506cedfde6a43030fa0e7ed54e0d7f0d7,随机森林,7.0,5.9302200092792186,6.0,1.0697799907207814,1.0
white,1249,5c1402487a2eb246489f13b2bf245520484198aedb3511ed3a3437c15ae63904,随机森林,7.0,6.0245000721242965,6.0,0.9754999278757035,1.0
white,1256,6b77b59bbe46ad9b1aca4b09e1c6163ad3080bb577bc6251430b08e844b26895,随机森林,6.0,5.9744322100421705,6.0,0.02556778995782949,0.0
white,1266,279e270475c868952d27abfe7c072bee57a536787d60c84e69aba1613d8b4546,随机森林,7.0,6.019345312023719,6.0,0.9806546879762807,1.0
white,1268,22758bb564f3246c7027a8555c15b8d88e6c288906c95012f2a4f14851365f84,随机森林,7.0,5.546278257962082,6.0,1.453721742037918,1.0
white,1269,162c9a53b27dcc3b20bf287b166d2bcec031680aefa4c6b5ae50d1b017559f04,随机森林,5.0,5.406574978484419,6.0,0.4065749784844188,1.0
white,1271,22758bb564f3246c7027a8555c15b8d88e6c288906c95012f2a4f14851365f84,随机森林,7.0,5.546278257962082,6.0,1.453721742037918,1.0
white,1272,d508a625f3d07417446b34b7c9dc9318e88f48253c8d0ca6958d3689587a6afc,随机森林,5.0,5.613313851782893,6.0,0.6133138517828929,1.0
white,1274,d508a625f3d07417446b34b7c9dc9318e88f48253c8d0ca6958d3689587a6afc,随机森林,5.0,5.613313851782893,6.0,0.6133138517828929,1.0
white,1277,22758bb564f3246c7027a8555c15b8d88e6c288906c95012f2a4f14851365f84,随机森林,7.0,5.546278257962082,6.0,1.453721742037918,1.0
white,1278,162c9a53b27dcc3b20bf287b166d2bcec031680aefa4c6b5ae50d1b017559f04,随机森林,5.0,5.406574978484419,6.0,0.4065749784844188,1.0
white,1289,075223bf0ececabb56da74330495cedf8a65fadd9dfc765222b4b082b930bebc,随机森林,7.0,6.527669011601285,6.0,0.47233098839871523,1.0
white,1293,345cfbfc6383310286e8dcc27f45ef61060e4e1f583984e62e1a5a6d6fd13c12,随机森林,6.0,6.022329013435821,6.0,0.022329013435821388,0.0
white,1297,dca436cccfc72b5de6937cafe4d5451cad4a453e86c5f5f55a2646432d1b1c35,随机森林,6.0,5.723633552048798,6.0,0.2763664479512018,0.0
white,1299,0bd1ab45a8bdc8606da71c5c19c2a0b56e36d39cd3d1eb69a581f50dd400bb66,随机森林,6.0,6.7894782028973255,6.0,0.7894782028973255,0.0
white,1312,e34096508a933e8a1af6eee2c73005e95d82883783a0ed7983cabff055ab4093,随机森林,6.0,6.180201433671246,6.0,0.18020143367124586,0.0
white,1317,bca4c91d76a484ebd5bb6a7e64ab900f07fc10bfcc5425e0a55c4c26504adefc,随机森林,6.0,6.16053694428493,6.0,0.16053694428492982,0.0
white,1318,77b7bfcd3a35463d2b7fdea1ea18f208a88749d874e5238a591b6c1aaebd014e,随机森林,5.0,6.030452790945434,6.0,1.030452790945434,1.0
white,1320,3aa22c433510fbb1a42235cb4d9c09e6f8a1ad555a2724976bf2732d39ffe9d1,随机森林,5.0,5.285209310936291,6.0,0.285209310936291,1.0
white,1337,91add354717b22df6c57ac16c8c013e474e192a480d476e8bcc4e581d0da5fa5,随机森林,8.0,5.829927898010717,6.0,2.170072101989283,2.0
white,1347,66fe0872cc0650e02f7e39a3cc563f6220adcb0fcf119330080ce284cdef6ba9,随机森林,7.0,6.754974613120516,6.0,0.24502538687948405,1.0
white,1349,91add354717b22df6c57ac16c8c013e474e192a480d476e8bcc4e581d0da5fa5,随机森林,8.0,5.829927898010717,6.0,2.170072101989283,2.0
white,1352,e8cbf3b2908ad586ecfacdfd6788f3d933db486007d5f361f3b03465dcbf62d8,随机森林,7.0,6.8441579634246015,6.0,0.15584203657539852,1.0
white,1355,2f86d9feab8dcb6bebb8c5eb4eeb5fc4ef0422355332bbd60af4475d859a7c1e,随机森林,5.0,5.656274528533041,6.0,0.6562745285330411,1.0
white,1358,2c06914e5878495478811e632a1a5f56a82c85fa12f08e9333e4a2559348279d,随机森林,6.0,5.473362196841683,6.0,0.5266378031583168,0.0
white,1360,f7231a6513e34b77229c418caf77e28461ea6cf4650f4c7680310869bb279a09,随机森林,7.0,6.102057205193041,6.0,0.8979427948069594,1.0
white,1362,f372ddebaf82a9056408198f34c111b52e12b20ec509307c5fcf5f7e9e9550dc,随机森林,7.0,5.952179618039915,6.0,1.0478203819600846,1.0
white,1366,7ce8287cb736751e8fabf0904d0664596a2384d1beac1e00047e822664b934e1,随机森林,7.0,5.803253063342458,6.0,1.1967469366575418,1.0
white,1371,60c82b10e3cc8c2c544e70912363d3c2ce37977aa7ffaf7b613ff56bcedb64c6,随机森林,6.0,5.36023893229296,6.0,0.63976106770704,0.0
white,1376,26ec0c20e8c4d8aab603d72eb0e0072c712e82fe5a2b12393ef6214fc355f220,随机森林,7.0,6.328405372605839,6.0,0.6715946273941613,1.0
white,1383,7f09f8f08cfd823cc4d2d84037216c10b88a11c046f9c85c8660fe6a906ef120,随机森林,6.0,4.95929652999506,6.0,1.0407034700049396,0.0
white,1384,6d8c774a665126d76b73a8646b227f897742aed5177e693e0e32805b9e0019dc,随机森林,6.0,5.28319083802907,6.0,0.7168091619709296,0.0
white,1387,6013aca0594512833051071925807148b91ef434ba6d33e22061e6f4c9dd5144,随机森林,7.0,6.513591342208989,6.0,0.48640865779101095,1.0
white,1395,6013aca0594512833051071925807148b91ef434ba6d33e22061e6f4c9dd5144,随机森林,7.0,6.513591342208989,6.0,0.48640865779101095,1.0
white,1400,16885d1fb0aabba8daa0a962ed08265d89bbc044654d89b68113d0ea8a421094,随机森林,6.0,6.226843754012872,6.0,0.22684375401287227,0.0
white,1402,567643c0557f51fd22b38c3a63975a940c552aae0f69c0395c7a07a1e559eed1,随机森林,6.0,5.114382447689337,6.0,0.8856175523106629,0.0
white,1404,8208fab639f2dffb4b24bc0b66d6eaed6b2ec18e468f93b65a252cf4271890fd,随机森林,8.0,6.058652892729907,6.0,1.9413471072700927,2.0
white,1412,16885d1fb0aabba8daa0a962ed08265d89bbc044654d89b68113d0ea8a421094,随机森林,6.0,6.226843754012872,6.0,0.22684375401287227,0.0
white,1415,d76c5c4667435cff85c68e6b91572523fada3a8d489fcd53387ec3035aa12cbd,随机森林,6.0,6.496289962216429,6.0,0.4962899622164292,0.0
white,1416,6ecce987bd5fe4803423df5343d94016c009546330134ac69d964e05354c56d3,随机森林,5.0,5.140501937705112,6.0,0.1405019377051122,1.0
white,1420,df89b08ff7bdb824dca5098c1fd78cdb58bf3c40f3c9c5e7a1e2f5f435313773,随机森林,7.0,5.985243987307843,6.0,1.0147560126921569,1.0
white,1421,bc7f10c83464875c184f80b668513f5b7822d6ee4d3b80488edbdb526fc537f6,随机森林,4.0,5.789470820015946,6.0,1.7894708200159464,2.0
white,1423,98b733de1357901451e2a2e315d4507d1a0cb9dbb560d3f857334dcdb4bf597d,随机森林,5.0,5.732702848894028,6.0,0.7327028488940277,1.0
white,1424,0e14be72cd7e8a54222f0353a38afd8b6b26d1dd7e69835ed5ee857f9d9ad8e8,随机森林,4.0,5.38778320137048,6.0,1.38778320137048,2.0
white,1431,6f8ad1fe0a2078045260b47a3f5aaf40e08bc431f83212923d9f90b766a85d9f,随机森林,4.0,4.895396544631839,6.0,0.895396544631839,2.0
white,1433,e15b9dd8bdc870f314e1369547f71afe11718ab67bd274cb50beb63fc845142e,随机森林,7.0,6.0159849655848125,6.0,0.9840150344151875,1.0
white,1443,ac3c0d0e7607f34fd76a62d9a4ca695b5b36665c6696f8e6e7665ecae6770793,随机森林,5.0,5.419606098422276,6.0,0.4196060984222756,1.0
white,1466,ff7ca65c4cfd063714f3401ce96dc1fe2c989e2f3ee5e5b56bef275b9b9e0e1e,随机森林,5.0,5.786758790501435,6.0,0.7867587905014348,1.0
white,1469,aacf13f73a39585fdcba10bd3fe5d3128b71d3b8e3570c37a9fa32c71bab09ef,随机森林,5.0,5.5002874679786435,6.0,0.5002874679786435,1.0
white,1473,3191201c4f2b5f126473aa0b56073f1ede8f1cf5892989d872e5d1f81644d5af,随机森林,5.0,4.934916860916861,6.0,0.06508313908313923,1.0
white,1474,b276609c0c2fe8a3a20184af323597ea7a262429e61011c0fca4d1e679c6bc50,随机森林,6.0,6.262945126095671,6.0,0.262945126095671,0.0
white,1485,2fd594900c6dc9b0b4a902dbe1a3cd6da9d10ccb64bbf96bd066b7d9ef1187fd,随机森林,3.0,4.788575205272138,6.0,1.7885752052721378,3.0
white,1494,e583506fb274ee5f2face1a500a76463db37bf0bba98b1e1a6c59e0b2c1ca6b0,随机森林,8.0,6.835175273742997,6.0,1.1648247262570033,2.0
white,1500,1d5b791f67fda4060a92976157c38fc4e4bac6809d37a7b7b20bd57b28ee54db,随机森林,6.0,6.4790968928875285,6.0,0.47909689288752855,0.0
white,1508,a6fdca77c71068dc27781948ae3ed4856d1d89d6946fb66d0ddf197a25f38bc8,随机森林,6.0,5.706756186056681,6.0,0.29324381394331933,0.0
white,1513,086880f2877ed6dce38c9cbafc35c380c236c88c4f63ad724fef0f5d36e813c0,随机森林,7.0,6.005432796477692,6.0,0.9945672035223083,1.0
white,1516,8aca4daf9147a08213659d4f078608ed14a5d59d63145d96cf444081ad0748fb,随机森林,6.0,6.151331981958536,6.0,0.1513319819585357,0.0
white,1517,c1164b274972af6839e6fa700ee7b0f4dd9201272d1e0c37316d5b3655d5a1b6,随机森林,6.0,5.86449440211205,6.0,0.13550559788795002,0.0
white,1523,e1830e1d77eab8c7b2e32a00f84790cac94c1b57f16f73a484ff7d91bc5d2332,随机森林,5.0,5.757428370806466,6.0,0.7574283708064664,1.0
white,1525,c05b3323c79e29843209927b71e35cd81d27fcf8d2178b74eb0f43fe11276222,随机森林,6.0,5.508502996143861,6.0,0.49149700385613926,0.0
white,1529,b5774bd0172a0b1d2fb6b438d7804aed44c1b6a5835d417f2b1bb1365ca9da2d,随机森林,6.0,5.744402509527507,6.0,0.2555974904724927,0.0
white,1530,c05b3323c79e29843209927b71e35cd81d27fcf8d2178b74eb0f43fe11276222,随机森林,6.0,5.508502996143861,6.0,0.49149700385613926,0.0
white,1532,472698abf8b5334bdd7b220fcbcc914fa91c6ceaebb1d1c712d424bb173e9de7,随机森林,7.0,6.044975285335578,6.0,0.9550247146644217,1.0
white,1551,1954b10820a2c9a8b099e96a9c31f7d88ecd932e7796f53de80c72aa809cbe03,随机森林,6.0,5.855146000499328,6.0,0.1448539995006719,0.0
white,1555,fa496c2a7f5e3b74a21994572e7584bdb54c145d5344cbd798c0a0fe38c60695,随机森林,7.0,5.999298607638777,6.0,1.000701392361223,1.0
white,1557,bacc783cad5f719cfcbc83ad555ff3f70ad0d38d083aa08c35d15eb5c37eb760,随机森林,6.0,5.731170858553213,6.0,0.26882914144678693,0.0
white,1558,1954b10820a2c9a8b099e96a9c31f7d88ecd932e7796f53de80c72aa809cbe03,随机森林,6.0,5.855146000499328,6.0,0.1448539995006719,0.0
white,1561,f13d4bf8925a3922ca7fb34fb05ecb0d016e3a1fad6895af07d54fabd13bcaca,随机森林,6.0,6.623556087975205,6.0,0.6235560879752047,0.0
white,1563,7e6a9c7887a9ab82bbfa2eb36912e780be61604acf299284d49414217d8aafa1,随机森林,7.0,6.629325635349629,6.0,0.3706743646503714,1.0
white,1564,f13d4bf8925a3922ca7fb34fb05ecb0d016e3a1fad6895af07d54fabd13bcaca,随机森林,6.0,6.623556087975205,6.0,0.6235560879752047,0.0
white,1566,c2a1de29560b67f85a68838941b51fdc6fee4dd47670d0a79ea9ebef9901e306,随机森林,6.0,5.822262439887829,6.0,0.17773756011217134,0.0
white,1570,54ed6427cd92b534bb25f3097d489716d2c09f81ba390649ea4ca12f2ac029a6,随机森林,5.0,5.65898557134587,6.0,0.6589855713458697,1.0
white,1574,d45f3df2e2106772edb2440e63e820f9d12427d8e100035e9b0f6e65092d7b53,随机森林,5.0,5.701392255549224,6.0,0.7013922555492238,1.0
white,1582,50ff0800399d7dd908664c19c4237aee57e97c370d1f3caa8a6bcb3039ae908a,随机森林,6.0,5.846652010084289,6.0,0.1533479899157113,0.0
white,1585,fbeafc06ebb9f7a03e3b4b4987054a0c946e2c80c9e1fe3282530aaf7b4f5b28,随机森林,6.0,5.243484267117594,6.0,0.7565157328824057,0.0
white,1588,fbeafc06ebb9f7a03e3b4b4987054a0c946e2c80c9e1fe3282530aaf7b4f5b28,随机森林,6.0,5.243484267117594,6.0,0.7565157328824057,0.0
white,1596,0337e76d9bbc498b43afa1f31abdb2175f1b26afc84fa3e731b5d93da9b5bdf2,随机森林,6.0,5.290050678008495,6.0,0.7099493219915054,0.0
white,1598,0337e76d9bbc498b43afa1f31abdb2175f1b26afc84fa3e731b5d93da9b5bdf2,随机森林,6.0,5.290050678008495,6.0,0.7099493219915054,0.0
white,1617,3695c4c46a3d98ebd2a6dc61411debec832ea9da1450fa74c3177844f3ada1c0,随机森林,6.0,5.250121132407895,6.0,0.7498788675921046,0.0
white,1625,9ca2221f8d2fe919b6e5267a624e0da0b3fe1abce1025562c1cb19321de1ad0e,随机森林,7.0,6.081324206352073,6.0,0.9186757936479273,1.0
white,1629,841112adf5eb139cda761ea31b4c308c315c6f1d70a13267d47df234b54962d8,随机森林,6.0,5.7868068978951355,6.0,0.21319310210486453,0.0
white,1632,841112adf5eb139cda761ea31b4c308c315c6f1d70a13267d47df234b54962d8,随机森林,6.0,5.7868068978951355,6.0,0.21319310210486453,0.0
white,1643,896c32a8d257382084780b58fc14c5585dbc4fb5651ef4720a9465af4ac70a92,随机森林,7.0,6.011117640243031,6.0,0.9888823597569694,1.0
white,1645,896c32a8d257382084780b58fc14c5585dbc4fb5651ef4720a9465af4ac70a92,随机森林,7.0,6.011117640243031,6.0,0.9888823597569694,1.0
white,1650,0652d2ae8b86c22f531537e42dd648ee3e3b3ea2765f8c471f0f414ccb20cd0b,随机森林,4.0,5.5544175228366415,6.0,1.5544175228366415,2.0
white,1651,20f8d1910117b552594c2f5cefc3782c6bde00696ab25b1e5fbedf57ffae7541,随机森林,7.0,6.561148045381404,6.0,0.4388519546185963,1.0
white,1652,e1fe2332a06079ea543fc72f719b6750f2a1128afd9c220623c80d85f9c48b38,随机森林,6.0,5.201307918932918,6.0,0.7986920810670819,0.0
white,1654,551558449dc50408644b6237da0fa11e271c3fa1e7d1c5bce53aed464b36d6fd,随机森林,6.0,5.478020408527379,6.0,0.5219795914726211,0.0
white,1662,bceb8463a0989aaa651ae6392de428cbe244240f5c8ef59961561feb21fe8c9d,随机森林,6.0,5.557895545974494,6.0,0.4421044540255057,0.0
white,1663,464494202712e0a8ad9bc05c3a62ec82e1a29db878aab8977a15b682ac06d764,随机森林,7.0,5.917329768270942,6.0,1.0826702317290584,1.0
white,1664,551558449dc50408644b6237da0fa11e271c3fa1e7d1c5bce53aed464b36d6fd,随机森林,6.0,5.478020408527379,6.0,0.5219795914726211,0.0
white,1675,5db489076def221c6ec32c5b5257be7325000b9c7789f9e3c3bab5db0af3bd27,随机森林,6.0,5.586990302725598,6.0,0.4130096972744024,0.0
white,1679,15bd038258b88a8e06f19a5f4948344dfbc8e843298326ee807c5ef816c1ec75,随机森林,6.0,5.680796053075462,6.0,0.3192039469245378,0.0
white,1681,bc7811160f868d97868a948c54d65acf4987a972bd531551b5de685880461f7b,随机森林,5.0,5.399870585583437,6.0,0.3998705855834368,1.0
white,1689,9dc1de72ca6c70e43901602fcdf96dbf8faa9764e399d32742cea63c64d1d3c3,随机森林,3.0,5.581482794643505,6.0,2.581482794643505,3.0
white,1690,795ad799dbe2df395d829b6b68e95e33372621e5fc9906685c5f6ecc76cfad2a,随机森林,6.0,6.421975169710464,6.0,0.4219751697104641,0.0
white,1695,e3360a7dce27c446f9c662775d32a00c09e8b9b4eff3fc67070a5a4c74015172,随机森林,6.0,5.6561219320038925,6.0,0.34387806799610754,0.0
white,1696,190efd6bcea4cb6b72c692262867129692cb9c2218fe4540dcc93e3b15a8f879,随机森林,6.0,6.225456165566458,6.0,0.22545616556645776,0.0
white,1702,74b1ed6c3933275534afad8b3c2fbffb37a0a330db3d0c54f472f5973d05a281,随机森林,5.0,5.5185365357323555,6.0,0.5185365357323555,1.0
white,1707,c0be38a86ac9c2ef7ad9d6d7ed23eb1f8282a44016cbcf6af64e073f66186a45,随机森林,6.0,6.172509712652905,6.0,0.17250971265290538,0.0
white,1711,f87325f31c691fb52822b168d4b4443eb274d6417f81ff5dab38242485247806,随机森林,5.0,5.109362734487737,6.0,0.10936273448773726,1.0
white,1712,a72cf6d1a2da26447b80eabd2565d56fcfaf8b4934af2b617dfd2d9fe36b4683,随机森林,5.0,6.3209001294113545,6.0,1.3209001294113545,1.0
white,1716,71fa6cf40bb1ee102b17cc9bfa698bac769235e9543ad73595e9f2f24662fb8a,随机森林,8.0,6.607300532280074,6.0,1.3926994677199263,2.0
white,1717,4456b62fe9feda75375ac9f06a591d94bac8b45fbd37fadb788b60ed075a7bf5,随机森林,6.0,6.0785938252923515,6.0,0.07859382529235148,0.0
white,1724,71fa6cf40bb1ee102b17cc9bfa698bac769235e9543ad73595e9f2f24662fb8a,随机森林,8.0,6.607300532280074,6.0,1.3926994677199263,2.0
white,1730,544f06bf94e5c009958bd0f9902e09941757b08e9368a9b16035b540e606b087,随机森林,6.0,6.294881306000498,6.0,0.294881306000498,0.0
white,1734,210b4f00bddfb71c088cff5d3a4083ab146a35fd22f847b6c4a996d64c3f6888,随机森林,6.0,5.7443635886817,6.0,0.2556364113183003,0.0
white,1741,06a97228307087ace5b536a61a856a0fa567733fe37c95fe70c4a5b8407150d4,随机森林,6.0,5.385649949780754,6.0,0.6143500502192456,0.0
white,1753,7e0a5123d2d1f59b3bf0b26fc8000791620bb5bfb74c641d566e69e2f4b32a45,随机森林,6.0,5.366503809027804,6.0,0.6334961909721963,0.0
white,1755,c27771f6e88e58fcd410d913caa81819fcba59ac63905a0aea8d10c487dba324,随机森林,6.0,6.279014819517141,6.0,0.27901481951714135,0.0
white,1760,991a0d7964ec2a014ab527c085847eb1ab3e030adb51990d7c4329c5e3aec74f,随机森林,5.0,5.132304380804381,6.0,0.13230438080438134,1.0
white,1770,2bf40005a5585b98e777e70c37ddd95fea6e49441c0d362b565a08ad7fb5fdd5,随机森林,7.0,6.697090586686563,6.0,0.30290941331343735,1.0
white,1772,2e7ddbb16ffbce61cb2ff04f150007420da87a84940f313842d22d54b6cc66f4,随机森林,6.0,5.990923412844469,6.0,0.009076587155530724,0.0
white,1778,2e7ddbb16ffbce61cb2ff04f150007420da87a84940f313842d22d54b6cc66f4,随机森林,6.0,5.990923412844469,6.0,0.009076587155530724,0.0
white,1782,2624203779ba157498e7e035289120db11b74cd0028658f7be80e19848946112,随机森林,4.0,5.188968433870912,6.0,1.1889684338709117,2.0
white,1784,ee3f2e473112679fe61a413d2d422b73824024302d3d9ef2d0506b5b74fe3508,随机森林,6.0,4.936860902570655,6.0,1.063139097429345,0.0
white,1789,740a742aa00d41dc5e1242da0232169c65465cc86fae87aeba7821e08cb639a0,随机森林,5.0,6.708428736296386,6.0,1.7084287362963861,1.0
white,1797,af3a85f9957413aeea295479831723ed0611e06b5b1612d56cd6f8c1a33e4edf,随机森林,5.0,6.695760960988902,6.0,1.6957609609889017,1.0
white,1799,7af575ffde78a0f33c6aad5ff349a258fff40928e6cc5129a91eb033c9cc962a,随机森林,6.0,5.390497165072629,6.0,0.6095028349273708,0.0
white,1800,2e83b88247851492bfbf14d8934310e564e424aa9bf7182c3321aa5ec7101289,随机森林,6.0,5.864923700969368,6.0,0.135076299030632,0.0
white,1801,9f562599b3ad9391f393f095decb5569038676ade5557660eecc8143f1863317,随机森林,6.0,5.254876636163401,6.0,0.7451233638365986,0.0
white,1803,7af575ffde78a0f33c6aad5ff349a258fff40928e6cc5129a91eb033c9cc962a,随机森林,6.0,5.390497165072629,6.0,0.6095028349273708,0.0
white,1804,2e83b88247851492bfbf14d8934310e564e424aa9bf7182c3321aa5ec7101289,随机森林,6.0,5.864923700969368,6.0,0.135076299030632,0.0
white,1805,9f562599b3ad9391f393f095decb5569038676ade5557660eecc8143f1863317,随机森林,6.0,5.254876636163401,6.0,0.7451233638365986,0.0
white,1811,28568d608749e1a905fbd6d6ec7fe188daf5fb02df3651b9377e1cd65a1bd8c8,随机森林,6.0,5.255784990880584,6.0,0.744215009119416,0.0
white,1820,fda3ec4e8fa020a9facfd2e1a0c28ca08b8fcf89d978ba08154ea37cb9bb21b3,随机森林,6.0,6.604789289958406,6.0,0.604789289958406,0.0
white,1837,3ab91c131cb6afcfaae45f1fd2bc46e1d8cb0c37eab40bc5c2a7f9679fd341e8,随机森林,6.0,5.786289899370779,6.0,0.21371010062922124,0.0
white,1840,3ab91c131cb6afcfaae45f1fd2bc46e1d8cb0c37eab40bc5c2a7f9679fd341e8,随机森林,6.0,5.786289899370779,6.0,0.21371010062922124,0.0
white,1847,56213e585adcadb861c16b16f67b2bda9916cd8bfad49d8657bbceccd1e7bf24,随机森林,5.0,5.365549201343321,6.0,0.36554920134332125,1.0
white,1856,0f2fb14a0e2b1e116e991b351273f88552ac0d79893d525a6cadb5bf0be67b39,随机森林,6.0,5.694857574609328,6.0,0.30514242539067205,0.0
white,1858,906cf5bd45e6f8274267f32a399617d2b569fca39e3d3486731a6af492192591,随机森林,5.0,4.848408759861111,6.0,0.15159124013888903,1.0
white,1860,0f2fb14a0e2b1e116e991b351273f88552ac0d79893d525a6cadb5bf0be67b39,随机森林,6.0,5.694857574609328,6.0,0.30514242539067205,0.0
white,1863,909b471b8a1bbfe27166a207bd81bc5f7b152da3167c20fd5f6658424a3f35b4,随机森林,7.0,6.29712274182359,6.0,0.70287725817641,1.0
white,1873,4c9b9e8da55a2efb8a29d0d52eef4b7098349b80d602b084750d3bf522fb5ee0,随机森林,5.0,5.208273157140419,6.0,0.20827315714041905,1.0
white,1874,4c9b9e8da55a2efb8a29d0d52eef4b7098349b80d602b084750d3bf522fb5ee0,随机森林,5.0,5.208273157140419,6.0,0.20827315714041905,1.0
white,1875,449c4e9a045428f7419616a86355b2bb31f472d9e8555e7405c1ee09e9257f23,随机森林,5.0,5.771691049218524,6.0,0.771691049218524,1.0
white,1878,a2ddc9892455395a7ced1b04cd9c866101713228100dbd827a2f7c01f0452b41,随机森林,6.0,5.880749196838591,6.0,0.11925080316140857,0.0
white,1879,eae5d141edfad693af5f995940199810dd4628c433cf6f25a22261b43dfddeb0,随机森林,6.0,5.514676245480811,6.0,0.48532375451918863,0.0
white,1899,80b94f42ebf33419280a42f6acf77120c5e20da36cf46012c191c63c7b645eb0,随机森林,6.0,5.259590773147277,6.0,0.7404092268527229,0.0
white,1902,90f67c1d7922783d76cf9b3f299efb50e66f113b9adceaa5579f673fee9cb308,随机森林,5.0,5.777872630236404,6.0,0.7778726302364039,1.0
white,1907,a74f57b5a11683c9679e8cf51fb45ea026640983fa567125aa839c1f1bfad657,随机森林,5.0,5.850917641454404,6.0,0.8509176414544042,1.0
white,1908,cdc6a3db3ce2b426deb732ab2594f875fe357523e18cf3f98c744549786dd77f,随机森林,7.0,7.068929632186987,6.0,0.068929632186987,1.0
white,1909,14ef9116bb84a7908a62bbf0c378f3ee20643556473ceed5be5b7cdf1f7057aa,随机森林,7.0,6.682001523058411,6.0,0.31799847694158867,1.0
white,1910,657415bd5b0119d9503b94ecb17394f8daf70aec5fcddb93271c604bf229eeeb,随机森林,5.0,5.987081323862518,6.0,0.987081323862518,1.0
white,1916,14ef9116bb84a7908a62bbf0c378f3ee20643556473ceed5be5b7cdf1f7057aa,随机森林,7.0,6.682001523058411,6.0,0.31799847694158867,1.0
white,1920,2ffab540e015d2a963d7b86681766799ff3e87fd1d9870084ebcb0ed7c30d308,随机森林,6.0,5.635981623768386,6.0,0.3640183762316136,0.0
white,1921,554e7dd8b60c8c885a941cb67048106648edae3998301559fbe572a6dad8d5f1,随机森林,7.0,5.763354537619246,6.0,1.2366454623807543,1.0
white,1922,657415bd5b0119d9503b94ecb17394f8daf70aec5fcddb93271c604bf229eeeb,随机森林,5.0,5.987081323862518,6.0,0.987081323862518,1.0
white,1925,f401ae119fd29a13bfc19e3006aae8226bad0cf3a67ad5cbe08854abfadac0e7,随机森林,4.0,5.040383648758649,6.0,1.0403836487586489,2.0
white,1956,4ba897ff66e16205be1f1a4debfe9ee6a8df8a3998e8ae6ef3eacf3b2b995b91,随机森林,5.0,5.278147436007218,6.0,0.2781474360072176,1.0
white,1965,300d9f5a82eea69bf817dcdcfe8111cfc49f1ddc26b41ce513dc5cbd347e012f,随机森林,5.0,5.301038864057054,6.0,0.3010388640570536,1.0
white,1970,b340a330d8f60434900b2c65dd01a989757b93eb842e65c511171d39d527a254,随机森林,7.0,6.4798675855734675,6.0,0.5201324144265325,1.0
white,1972,b340a330d8f60434900b2c65dd01a989757b93eb842e65c511171d39d527a254,随机森林,7.0,6.4798675855734675,6.0,0.5201324144265325,1.0
white,1981,05eaaead215adc13e1de405cce8bc4aaea7ed6dcf89f212ff1e6fe292e5dd276,随机森林,8.0,6.3404411818974555,6.0,1.6595588181025445,2.0
white,1982,05eaaead215adc13e1de405cce8bc4aaea7ed6dcf89f212ff1e6fe292e5dd276,随机森林,8.0,6.3404411818974555,6.0,1.6595588181025445,2.0
white,1983,05eaaead215adc13e1de405cce8bc4aaea7ed6dcf89f212ff1e6fe292e5dd276,随机森林,8.0,6.3404411818974555,6.0,1.6595588181025445,2.0
white,1984,05eaaead215adc13e1de405cce8bc4aaea7ed6dcf89f212ff1e6fe292e5dd276,随机森林,8.0,6.3404411818974555,6.0,1.6595588181025445,2.0
white,1985,05eaaead215adc13e1de405cce8bc4aaea7ed6dcf89f212ff1e6fe292e5dd276,随机森林,8.0,6.3404411818974555,6.0,1.6595588181025445,2.0
white,1988,bd6d246d44c1fcf6f2528a7915135fd3ac95452c02f19a63fff612b06e6b21be,随机森林,5.0,5.8559249933073465,6.0,0.8559249933073465,1.0
white,1990,aa46b35027e44c7ebc421a15e16cd178214f59cea7ca68501bffd4c110256925,随机森林,7.0,6.454315954742426,6.0,0.5456840452575742,1.0
white,1992,05eaaead215adc13e1de405cce8bc4aaea7ed6dcf89f212ff1e6fe292e5dd276,随机森林,8.0,6.3404411818974555,6.0,1.6595588181025445,2.0
white,1995,b11c3e0c87cc3a5bcf13086f7b0a66901ec92d3e0f137cc06bd978de81beb990,随机森林,6.0,5.578065914749741,6.0,0.42193408525025866,0.0
white,1997,b11c3e0c87cc3a5bcf13086f7b0a66901ec92d3e0f137cc06bd978de81beb990,随机森林,6.0,5.578065914749741,6.0,0.42193408525025866,0.0
white,2002,6aef3a2e1345f972f5bbbd59995c38134be7fb84bfd8cbe92f851a0c78ec8425,随机森林,5.0,5.2718835346227,6.0,0.27188353462269976,1.0
white,2006,b11c3e0c87cc3a5bcf13086f7b0a66901ec92d3e0f137cc06bd978de81beb990,随机森林,6.0,5.578065914749741,6.0,0.42193408525025866,0.0
white,2010,5da889dc331a2617561c76c21a2af7a834a6094e792fd08e9228fa0c86e389de,随机森林,7.0,6.5209668648917845,6.0,0.47903313510821555,1.0
white,2013,d63ab368df7ef5a4b8634e7867e0d0ecd0202d2c19d2f8b3ad1040d418a02648,随机森林,5.0,6.281987194015883,6.0,1.2819871940158833,1.0
white,2021,c849655b2c4a3159a0870125535ff3187ca578a11d9c99903c4e4121f716a751,随机森林,6.0,6.00435661201257,6.0,0.0043566120125699825,0.0
white,2022,47e8872eb1c00a3ebfd259e4bcbcd508cdd2e90256e01186d0114bf0e9978e35,随机森林,6.0,5.653369866259186,6.0,0.3466301337408142,0.0
white,2024,47e8872eb1c00a3ebfd259e4bcbcd508cdd2e90256e01186d0114bf0e9978e35,随机森林,6.0,5.653369866259186,6.0,0.3466301337408142,0.0
white,2041,e3ae4beacf99244b84837888d9344ba613b4b7158c1e609dd3ebaa5b7f861cdb,随机森林,6.0,5.5458430700563035,6.0,0.4541569299436965,0.0
white,2043,2a6711657b238da0a9291ad89a14a92e77c0593aa08fbd3f18dd980cce506964,随机森林,6.0,5.8752513922210206,6.0,0.12474860777897945,0.0
white,2045,f5d49ffd3ca26403dcfcdd9c89d0ee2fe0184a8ae514d2a262225f3cb786e784,随机森林,6.0,5.554655004237824,6.0,0.44534499576217623,0.0
white,2050,023410626ec583cad6e8d8997f745a5c506b6e12eef5bc7d1f8371ce8239ac10,随机森林,7.0,5.914559290039165,6.0,1.0854407099608352,1.0
white,2058,89b231e41eff22d9c39eeba4445a760531af63694ae82632025e2588e10b1703,随机森林,7.0,6.468983092099965,6.0,0.5310169079000353,1.0
white,2059,7306e5d909c12fed67bb971c82056c908de746a4b0c329daca45c56981ac72d7,随机森林,5.0,5.494562333349486,6.0,0.49456233334948596,1.0
white,2063,1ad184a00b63b93ddc6241abe188a5b403e0d110be1979b8cf8b5b7daa984918,随机森林,5.0,6.277672332464178,6.0,1.2776723324641779,1.0
white,2065,41cef49c0f4227b600eaa8de09779baf3a00931f9d2b2fb8a0dd4dcc953983b8,随机森林,6.0,5.713113806128513,6.0,0.28688619387148684,0.0
white,2068,d3b9e125acd78b74c1084707ded79faa21fdbf618c1f119f56a0e6ac2809dc2e,随机森林,5.0,5.264195997730052,6.0,0.2641959977300523,1.0
white,2074,5d70092495141896080014b84ba8b358abb2289b7e3bf5ef1c36c80800cc1e52,随机森林,5.0,5.507212579230769,6.0,0.5072125792307691,1.0
white,2075,41cef49c0f4227b600eaa8de09779baf3a00931f9d2b2fb8a0dd4dcc953983b8,随机森林,6.0,5.713113806128513,6.0,0.28688619387148684,0.0
white,2078,1357637d80f0d264df199dd0016915b7821946c0cd0ef5c7762cf47b8aa6696a,随机森林,6.0,5.906932198549072,6.0,0.0930678014509283,0.0
white,2088,ddef51f1797703f5990c58b2d9e84d300c5ac017227bbddb446f3027a718d932,随机森林,6.0,5.84802270905909,6.0,0.15197729094091006,0.0
white,2089,059688991d73b2741b4657269805691629abb9f775317a71566347baf4b1e5fc,随机森林,6.0,5.454245277827323,6.0,0.5457547221726768,0.0
white,2092,a0213720a66a96c610c37c60d23e51bffc40b99d8cb5578824688abf2b065d98,随机森林,5.0,5.242210677480418,6.0,0.24221067748041758,1.0
white,2094,2f0368c4c35de4bd3ca020c9e80d5c3767307d271727a5b5d13de9ef3a58c7bb,随机森林,5.0,5.4710276178643085,6.0,0.47102761786430847,1.0
white,2095,2f0368c4c35de4bd3ca020c9e80d5c3767307d271727a5b5d13de9ef3a58c7bb,随机森林,5.0,5.4710276178643085,6.0,0.47102761786430847,1.0
white,2096,8c788c8b3fbfb1868c70e00d0b17e5ede293cb38a2e2c73689db045303b370f7,随机森林,5.0,5.561574133010664,6.0,0.5615741330106641,1.0
white,2097,5511c3d28e9a1697420a581878a06de4d4e044ec2b0c0e32247593cb81cf8383,随机森林,5.0,4.648718006938599,6.0,0.3512819930614013,1.0
white,2100,9d0c18c585e83a610812d5be66d21969de7de39d27c7af45fe7ddfcd629974a1,随机森林,5.0,5.798586122211126,6.0,0.7985861222111259,1.0
white,2105,9d0c18c585e83a610812d5be66d21969de7de39d27c7af45fe7ddfcd629974a1,随机森林,5.0,5.798586122211126,6.0,0.7985861222111259,1.0
white,2106,5511c3d28e9a1697420a581878a06de4d4e044ec2b0c0e32247593cb81cf8383,随机森林,5.0,4.648718006938599,6.0,0.3512819930614013,1.0
white,2108,a4e7dc9427a65f6b7055d55870ddb378fd88efb33a6e1e5b7225e89bb14f82cb,随机森林,6.0,5.858466824134468,6.0,0.14153317586553182,0.0
white,2110,cf7c00158b68e0415dd7a63198bd2bfc2598b852c451a744075688b22f0fff7b,随机森林,6.0,5.700829644011533,6.0,0.2991703559884673,0.0
white,2114,3d5ab091a5f5a4abfaafe78dc061ab25426f91a91c60f654131da6a33e5a683e,随机森林,5.0,5.44666634155605,6.0,0.4466663415560497,1.0
white,2115,cf7c00158b68e0415dd7a63198bd2bfc2598b852c451a744075688b22f0fff7b,随机森林,6.0,5.700829644011533,6.0,0.2991703559884673,0.0
white,2122,b91fb207bbdf98d68e112f4274051f60cbd5bab124b4b53826ce991bee8794d0,随机森林,7.0,6.712047218376164,6.0,0.28795278162383564,1.0
white,2125,b91fb207bbdf98d68e112f4274051f60cbd5bab124b4b53826ce991bee8794d0,随机森林,7.0,6.712047218376164,6.0,0.28795278162383564,1.0
white,2128,847b2eeac73cff3ff2da4fac7f3970ad50f0aae139efcd98f4976278bc73bc87,随机森林,5.0,5.287449679405564,6.0,0.2874496794055643,1.0
white,2140,506cbf318d645dfc99f128074f22a23dc61488916a1f4922c6e9528355ddbe94,随机森林,5.0,4.883321801836506,6.0,0.1166781981634939,1.0
white,2141,71b17e55d9a8adb75e5fffe97e44f5c1e5f598b0209e27ae839d7964cb8af726,随机森林,5.0,5.445284179299659,6.0,0.4452841792996587,1.0
white,2142,71b17e55d9a8adb75e5fffe97e44f5c1e5f598b0209e27ae839d7964cb8af726,随机森林,5.0,5.445284179299659,6.0,0.4452841792996587,1.0
white,2148,d0fd000720e161c71dc641878d1b4cb4c97f080cec051859981650371459d883,随机森林,5.0,5.645093897588477,6.0,0.6450938975884766,1.0
white,2149,506cbf318d645dfc99f128074f22a23dc61488916a1f4922c6e9528355ddbe94,随机森林,5.0,4.883321801836506,6.0,0.1166781981634939,1.0
white,2152,71b17e55d9a8adb75e5fffe97e44f5c1e5f598b0209e27ae839d7964cb8af726,随机森林,5.0,5.445284179299659,6.0,0.4452841792996587,1.0
white,2153,eec57d04df99e60c0bb9a437a49c4df410bfbe5717b6e81db0b4885d647f9213,随机森林,6.0,5.45371263186705,6.0,0.5462873681329503,0.0
white,2155,32a259da7d132044d63808f9160ad5d231cfac181f1bfa94c90d23affb8230c1,随机森林,4.0,4.834833189958191,6.0,0.8348331899581911,2.0
white,2156,ab1b7f0e535f1263f54aa44d34c799d5e5a6cc40c45300c6e1ad941882b0330f,随机森林,5.0,5.585049525709355,6.0,0.5850495257093549,1.0
white,2158,33ccce7cad315a8454f8d5e555a6a8957d9c922613acc55f1ba2b677ab255839,随机森林,6.0,6.248000314915564,6.0,0.24800031491556407,0.0
white,2161,d55c893c45ebfb99a1879dc20f8682e3e751e9c0b9d91aad096370af3053fbb8,随机森林,6.0,6.412035750125921,6.0,0.41203575012592086,0.0
white,2164,33ccce7cad315a8454f8d5e555a6a8957d9c922613acc55f1ba2b677ab255839,随机森林,6.0,6.248000314915564,6.0,0.24800031491556407,0.0
white,2184,1885ea4cf2158d7c2ad946528b390fe2bca67252220c5b76146b9a8b2894ee00,随机森林,5.0,5.473595904396598,6.0,0.47359590439659804,1.0
white,2186,f363cc477649f83548acf4de43ff7879372b7c8e6e2c6acdfab7f7a4ea3d2358,随机森林,7.0,6.022565176038321,6.0,0.977434823961679,1.0
white,2189,d4e5129aec941a6d6f63686db97a1f89d06452d9feffb5842eda6d0ae3d9db91,随机森林,6.0,5.981559383011783,6.0,0.018440616988216973,0.0
white,2190,4459a89d02ddfae45cb47d73c486af206b77cbdb52b5e8b8d70ccfe7da62fd51,随机森林,6.0,6.064882325935733,6.0,0.0648823259357334,0.0
white,2194,4459a89d02ddfae45cb47d73c486af206b77cbdb52b5e8b8d70ccfe7da62fd51,随机森林,6.0,6.064882325935733,6.0,0.0648823259357334,0.0
white,2195,d4e5129aec941a6d6f63686db97a1f89d06452d9feffb5842eda6d0ae3d9db91,随机森林,6.0,5.981559383011783,6.0,0.018440616988216973,0.0
white,2204,8212ae9191c78a35451b91f3eb115e8435ff8061e8926bf1046b4ccb0678c530,随机森林,5.0,5.429078276842985,6.0,0.4290782768429846,1.0
white,2209,6c8b49ca5e4c8bce3a51d5858cbf5011de26e0d061d6d11af6e9e9160bf585d9,随机森林,5.0,6.070185967412362,6.0,1.0701859674123622,1.0
white,2215,6c8b49ca5e4c8bce3a51d5858cbf5011de26e0d061d6d11af6e9e9160bf585d9,随机森林,5.0,6.070185967412362,6.0,1.0701859674123622,1.0
white,2227,4226942dca48d7175337d09b841d480b34babb2399577247bbd58ea2db15f801,随机森林,5.0,5.116878937239232,6.0,0.11687893723923182,1.0
white,2235,279d401169173c0710571b1059c735f1042bf3f8e4e82507078206d2ad522a3c,随机森林,5.0,5.413930506799706,6.0,0.4139305067997059,1.0
white,2245,12b6102842a45b3d1659d3075c6c481b1b03605c846308c2668f94f48b338a18,随机森林,5.0,5.151841076249748,6.0,0.15184107624974796,1.0
white,2251,51efa9991e8815a7e8f2296f5ecfc26bf714b8cf1fff29c4966b5883bfbb0ffb,随机森林,6.0,5.238589412837477,6.0,0.7614105871625227,0.0
white,2258,96c0f3b742485f8506e160b074f5e29652310a65dbd867c95ea840c2199c48fb,随机森林,6.0,5.240291570901865,6.0,0.7597084290981346,0.0
white,2260,96c0f3b742485f8506e160b074f5e29652310a65dbd867c95ea840c2199c48fb,随机森林,6.0,5.240291570901865,6.0,0.7597084290981346,0.0
white,2271,24fdb01c788daa92b21320c564274db440a5b12f0bb442245fe7804df5053bce,随机森林,7.0,6.360773582311515,6.0,0.6392264176884854,1.0
white,2274,e72572ccad63c49c4c6537ab920419bf7051600760204631b754a9dc311df069,随机森林,5.0,4.998190681050975,6.0,0.0018093189490251405,1.0
white,2275,24fdb01c788daa92b21320c564274db440a5b12f0bb442245fe7804df5053bce,随机森林,7.0,6.360773582311515,6.0,0.6392264176884854,1.0
white,2276,fd956bb522387c430801f5f1f0cc7821a9da424bebd4e17d58e130c89a52ff39,随机森林,4.0,5.283081995346701,6.0,1.2830819953467012,2.0
white,2281,8096c8f56de9227af754510063d9bfc48451837dc4507c2089c189bd47951741,随机森林,6.0,6.038736246453348,6.0,0.03873624645334761,0.0
white,2293,42f73c33786b1377f88e7cb43974b889e9b93667cde97e457c81ebf13e67fe76,随机森林,6.0,5.21732347499995,6.0,0.78267652500005,0.0
white,2295,0129a15fabd38d1d26a2dbf6106481e34d02ea78108fcd907f86dd5d064ba174,随机森林,7.0,6.9652427001103465,6.0,0.03475729988965348,1.0
white,2300,0129a15fabd38d1d26a2dbf6106481e34d02ea78108fcd907f86dd5d064ba174,随机森林,7.0,6.9652427001103465,6.0,0.03475729988965348,1.0
white,2316,b885d236214e0afd209844f28a73eece252cb95533cdb3f27698e3adf7a28238,随机森林,6.0,6.070148767010996,6.0,0.0701487670109957,0.0
white,2317,49aea5201663b02c1ca86d9cb777fb94f331a7d04f936c89ab60db1ce0fe5827,随机森林,7.0,6.428403439454136,6.0,0.5715965605458644,1.0
white,2333,2320b1c891cda00196fa0965fa9934970350b888ff74d40da75f47f8054249cd,随机森林,6.0,5.431639271676038,6.0,0.5683607283239622,0.0
white,2336,1c527de4e92fd195047da1df20e8887a6bb4c40fbc400c447f436fd22c3e437c,随机森林,5.0,5.906710455867421,6.0,0.9067104558674206,1.0
white,2343,f9a175eaf132b7522510a73e7c7683a4e13d867844520c39e0ea1abdd6965024,随机森林,8.0,6.67747486716643,6.0,1.3225251328335696,2.0
white,2352,ed87238aaf4949304ce36466309d090d0c163931a9e995072af5fd37b2545bdb,随机森林,6.0,5.716089645591192,6.0,0.28391035440880774,0.0
white,2357,7fd8a238ebe55a6039b85e55f39ef73b78dda21d1d239312559981ff303b8ae1,随机森林,6.0,5.45481482596986,6.0,0.5451851740301397,0.0
white,2362,35e83ddcae2b4780188f99d6aa2279431be929c11faa122f8cbf894938d6a950,随机森林,5.0,5.342937901895717,6.0,0.34293790189571727,1.0
white,2367,69f1b9707ae8df8f10bd24b5f34e35b85633c100db55f9125984c7254b77db00,随机森林,5.0,5.304225598905168,6.0,0.30422559890516787,1.0
white,2368,b5bde08b3aeb1c83c173e3ddfa0172582430f29259a09e1fb079e732a7220826,随机森林,6.0,5.31215211558594,6.0,0.6878478844140599,0.0
white,2369,17134144d270e155de970f243186c00f13b1e80bd7796855a1ae1c6808cc80a1,随机森林,6.0,5.568846004671857,6.0,0.4311539953281427,0.0
white,2373,2f5befbe12bbf239351344e9f15b8a105178415bb6aeab0b218e0d7805466de9,随机森林,4.0,4.643266409072522,6.0,0.6432664090725222,2.0
white,2386,1838ea0a032418fbff3ec4d28fe658fb3ffec089f629774565f3ac93d97a7906,随机森林,5.0,5.935508947751595,6.0,0.935508947751595,1.0
white,2387,ae113abe416ff3e3c83e3acc7148cf07ed4eb0dd47fec59354374da7997240fa,随机森林,4.0,4.967035095079215,6.0,0.9670350950792148,2.0
white,2395,df15b5a69a67dc07aa2a602ea8de2b9f95b195793f8281d7734668dad61277a6,随机森林,5.0,5.162765005763069,6.0,0.1627650057630694,1.0
white,2396,bfa9a9e98a7924cf84adf4682c2d218f8cf630f1a31eddc903f7b771b29a7c44,随机森林,5.0,5.392757627992923,6.0,0.392757627992923,1.0
white,2398,b4288b841f599fd6b763c160b5c963c502410bf11c3d7137971e90f15de2357e,随机森林,6.0,6.2989274495284535,6.0,0.2989274495284535,0.0
white,2401,991333e43800bad7cd10cbbe64aa1db9b5d5999f1f37fd4838f49b2ce604b3be,随机森林,4.0,5.337275712090345,6.0,1.337275712090345,2.0
white,2404,887ba3c268425966cdd9e5f918c37800a59fa8b78994e684076a51a5ce1a62b5,随机森林,6.0,5.930391661443132,6.0,0.06960833855686843,0.0
white,2406,d4388bd585f7dc7cfa88703d3b2f430ffed837241cc1ec80e4a8f7e595344c2e,随机森林,5.0,5.481213369576762,6.0,0.4812133695767624,1.0
white,2411,e1dca779931d69c6527c01b648fb475c9ec893352c252fc8d9fd80163b1f3980,随机森林,6.0,5.68739340614379,6.0,0.31260659385621015,0.0
white,2428,927f9419ba7ff6101a23acdca4f1d980f74568c574f62a3111e6f4d0e36e71b5,随机森林,6.0,5.613802677399426,6.0,0.38619732260057393,0.0
white,2430,927f9419ba7ff6101a23acdca4f1d980f74568c574f62a3111e6f4d0e36e71b5,随机森林,6.0,5.613802677399426,6.0,0.38619732260057393,0.0
white,2432,8bbf8a9c5a406e4e31ba9b8fa5f6e2f8326a94ce010256bb39715de71a83a55d,随机森林,5.0,5.102187094581833,6.0,0.10218709458183284,1.0
white,2433,9567081313e111e8856b13fa1286a5eb695010daed842b10fffe76654dfff4ed,随机森林,5.0,5.1888991479653255,6.0,0.18889914796532548,1.0
white,2440,a2e5e9c56d1ad405e9c3ab4aaac74579cf42c21de190b268dec64b464331a9c3,随机森林,6.0,6.036816830543609,6.0,0.03681683054360896,0.0
white,2446,e4f0f8b30f750b384e6983c885bd41d5cf5b97518f170714f53cdb07aa0318e5,随机森林,5.0,5.152780109653559,6.0,0.15278010965355904,1.0
white,2449,6ecef4bf5f18ab8a68fc3375f7bb58c99b1b313abae2a6fc9d850c9c9eab87aa,随机森林,6.0,6.072189747888278,6.0,0.07218974788827826,0.0
white,2451,fabeb2f0ec73aaa19aa26a514ac3c354c729b9e0f952e663ab78303c997caaa6,随机森林,5.0,5.201007185624835,6.0,0.20100718562483522,1.0
white,2452,fabeb2f0ec73aaa19aa26a514ac3c354c729b9e0f952e663ab78303c997caaa6,随机森林,5.0,5.201007185624835,6.0,0.20100718562483522,1.0
white,2454,b1d02557fa62bfcbcb27085d46bee003af149d66e4e2d90049f96229c69a5318,随机森林,6.0,6.354059494226676,6.0,0.35405949422667593,0.0
white,2460,94edd657b6e11153b34419d209346740e16aef019d9ae73f50076d31c511f2d2,随机森林,5.0,5.369554714291561,6.0,0.36955471429156095,1.0
white,2461,94edd657b6e11153b34419d209346740e16aef019d9ae73f50076d31c511f2d2,随机森林,5.0,5.369554714291561,6.0,0.36955471429156095,1.0
white,2467,448f2b31e14adbe7bbfe12e66705bf2288dfe73ac5a0875ba66a041b8fa0dfeb,随机森林,5.0,5.178087967788435,6.0,0.17808796778843483,1.0
white,2473,a25176cdaf4d9fef191ebe5bc0ae7f660bf4b436d7bbd34ac315ca294b75bb1f,随机森林,6.0,5.49327490782638,6.0,0.5067250921736202,0.0
white,2476,49139c27ed7e97a506563c8dd47dbd605371d69957585d32c92f8c0a86fafe3d,随机森林,5.0,4.8859268451420155,6.0,0.11407315485798453,1.0
white,2482,43ef3d8672ce98abaa5d6173ee19e28b9dd2853dacbfd4590cdb5864c6b7d5eb,随机森林,6.0,5.324236513486511,6.0,0.6757634865134889,0.0
white,2483,866ff589c86dafcdccd0c4a4adfa56c833d0b4ed021a54e54c2263e3ae76d1d9,随机森林,6.0,5.455097468707762,6.0,0.5449025312922382,0.0
white,2491,b1aade8b095a147979e94ca080bc141f13249a3c52df194278fa8232a5c631da,随机森林,6.0,5.226815021307673,6.0,0.7731849786923268,0.0
white,2494,49db54cf841f7dfc31142710c8d99b25e6961f2d139e563eebd78459c75fac2d,随机森林,4.0,5.329681282096529,6.0,1.3296812820965291,2.0
white,2495,49db54cf841f7dfc31142710c8d99b25e6961f2d139e563eebd78459c75fac2d,随机森林,4.0,5.329681282096529,6.0,1.3296812820965291,2.0
white,2500,e1261fd9e161834f8f6767aa5297043fa3f5bbcb2950e7c83a113d00c369e041,随机森林,6.0,6.197451114259553,6.0,0.19745111425955297,0.0
white,2507,1111ed86a36c2f80047b416287f71a7ee96623ca8002463def623204732a23ca,随机森林,6.0,5.457708180980239,6.0,0.542291819019761,0.0
white,2514,dd02b0412aa27c5fae0d2efbd339cfab79c1d7db42de44b3a05b18c24da9ecb3,随机森林,5.0,5.319109760337702,6.0,0.3191097603377022,1.0
white,2516,9db185393b2abdc9fd659df2168fe8cadb36532ee4da2b3d0eb10d4e52957311,随机森林,7.0,6.242160410324112,6.0,0.7578395896758883,1.0
white,2519,9db185393b2abdc9fd659df2168fe8cadb36532ee4da2b3d0eb10d4e52957311,随机森林,7.0,6.242160410324112,6.0,0.7578395896758883,1.0
white,2520,bd0a3daf67b822a0df706b7d4957f9a8abdd0aaacd0859b4fb1d0969a9329ec6,随机森林,5.0,5.528728720969435,6.0,0.5287287209694354,1.0
white,2522,3522571043afec8ef471ba92c1ee02ca83232eb6179a5af2de6ddbfe528d2671,随机森林,7.0,6.566861080936209,6.0,0.4331389190637909,1.0
white,2523,34fd44a1e1a13aa25285ef712b13e6b3b57508586e7bff7abe0d80b029c7b0d7,随机森林,8.0,5.918573776298234,6.0,2.081426223701766,2.0
white,2526,34fd44a1e1a13aa25285ef712b13e6b3b57508586e7bff7abe0d80b029c7b0d7,随机森林,8.0,5.918573776298234,6.0,2.081426223701766,2.0
white,2527,3522571043afec8ef471ba92c1ee02ca83232eb6179a5af2de6ddbfe528d2671,随机森林,7.0,6.566861080936209,6.0,0.4331389190637909,1.0
white,2531,3650117fc4f44c373d0d7b8536a00d979c1aaae8418f5855f06b2172f0dc7bdd,随机森林,6.0,5.867114925179167,6.0,0.132885074820833,0.0
white,2532,3e8cf511ef3ff2b61278b0a9e0a792980c988ef7773e9da0fabc6a1796e92c47,随机森林,4.0,4.898121823309132,6.0,0.8981218233091317,2.0
white,2533,3e8cf511ef3ff2b61278b0a9e0a792980c988ef7773e9da0fabc6a1796e92c47,随机森林,4.0,4.898121823309132,6.0,0.8981218233091317,2.0
white,2538,8e70f2dd83ee5da6aaf01be8754978baefb8da61aace1465143f619b69555d0f,随机森林,6.0,5.379015642309761,6.0,0.6209843576902392,0.0
white,2539,8e70f2dd83ee5da6aaf01be8754978baefb8da61aace1465143f619b69555d0f,随机森林,6.0,5.379015642309761,6.0,0.6209843576902392,0.0
white,2549,ef4a5442517df31237e351e5c55cdc12b3c1649937efdc4cd769a682afb83370,随机森林,6.0,5.502865554924378,6.0,0.49713444507562166,0.0
white,2552,ef4a5442517df31237e351e5c55cdc12b3c1649937efdc4cd769a682afb83370,随机森林,6.0,5.502865554924378,6.0,0.49713444507562166,0.0
white,2575,d84c6114f25238f8c0766d4077934fecb0d9105fb23eda25cb03d8ca93d7ea74,随机森林,5.0,5.818323246942828,6.0,0.8183232469428283,1.0
white,2576,66310305a7efa3c90cd85485ebd4f31e763ea35f806597b2facbf26d6b7d3be2,随机森林,6.0,5.880532565588291,6.0,0.1194674344117086,0.0
white,2577,2d1badeb41ea4a4be82cb755fe3e91c1c0b455a675860d5a289a183bbe97595e,随机森林,5.0,5.578361271583023,6.0,0.5783612715830229,1.0
white,2581,f96dcd1cae06f2610b17d217efc3fc870304f939d02c816d84bc7ce204bcf070,随机森林,5.0,5.431667357081057,6.0,0.4316673570810572,1.0
white,2594,3944715ef7c06a5f43d8bf0a376c64cbed10b835a8af497a1bc2567dd160104d,随机森林,5.0,5.721870927318293,6.0,0.7218709273182933,1.0
white,2607,5edfabc4d4ac5f814e3729d76265f778edf07b7c2dfd8cae6cf497d8a69f57f7,随机森林,6.0,6.059944644135824,6.0,0.059944644135823566,0.0
white,2609,ea2f07251c81b49a5af77106772ac119e42ed47dcacda7caf41c6d8568e1bc35,随机森林,6.0,5.636362199038077,6.0,0.3636378009619232,0.0
white,2616,661ca34e5205a0bcec883fc965f94d7769a69fc583c9f5bff637cee21cb4071d,随机森林,7.0,6.257875722832381,6.0,0.7421242771676191,1.0
white,2617,661ca34e5205a0bcec883fc965f94d7769a69fc583c9f5bff637cee21cb4071d,随机森林,7.0,6.257875722832381,6.0,0.7421242771676191,1.0
white,2618,661ca34e5205a0bcec883fc965f94d7769a69fc583c9f5bff637cee21cb4071d,随机森林,7.0,6.257875722832381,6.0,0.7421242771676191,1.0
white,2619,e4a7a0339fbd7761d7e0e3a9fdc0e7bcd158f1c7e2e67a4944f66e3e64aa17b9,随机森林,7.0,6.415360692612625,6.0,0.5846393073873752,1.0
white,2623,e4a7a0339fbd7761d7e0e3a9fdc0e7bcd158f1c7e2e67a4944f66e3e64aa17b9,随机森林,7.0,6.415360692612625,6.0,0.5846393073873752,1.0
white,2624,661ca34e5205a0bcec883fc965f94d7769a69fc583c9f5bff637cee21cb4071d,随机森林,7.0,6.257875722832381,6.0,0.7421242771676191,1.0
white,2641,c2d46e8ef26a60cc8e610bc034375310075bdbd83ad27d9174fd115c70551786,随机森林,6.0,6.303186708243601,6.0,0.30318670824360083,0.0
white,2649,8ad283559a04a2e744c6fe89f168bfc944d312e28dac74835f6012ae41b747cf,随机森林,6.0,5.865899877513267,6.0,0.13410012248673286,0.0
white,2651,4a13d4da83ec465ec3779bf3939c35e785b2740ba7c5746440ebea3d113a7e61,随机森林,5.0,5.372594749548695,6.0,0.3725947495486954,1.0
white,2654,65d37e079105f9299a5c9ec51bbffcdbad7d723e53a377c1a3b243f63cecc8eb,随机森林,5.0,5.194580846641605,6.0,0.19458084664160502,1.0
white,2658,f76dfab5dea75520440d727af9c58c616507976ce6b57c5d42476850364833c5,随机森林,7.0,6.645845625550345,6.0,0.3541543744496547,1.0
white,2660,d2b584640e9a67705cdf91b07dfb569e8636a9e3def0d39c60443f25b9a0df92,随机森林,6.0,6.417321970112221,6.0,0.41732197011222105,0.0
white,2663,eec2edc03782dcbe7fdb618b42ed5505a71ce308bfb3f282742fa817a3732940,随机森林,6.0,6.122576497991745,6.0,0.12257649799174519,0.0
white,2672,eff003d976fa3ff26b27172ff0895a94282337a1ad1bb0574a889afdc26019fd,随机森林,7.0,6.878853856655327,6.0,0.12114614334467344,1.0
white,2674,99a43ca3290a565b78bab8c028f2f0b8e3d27c3987a9c0ca5d2cc52a1a66e0da,随机森林,6.0,5.411481172107331,6.0,0.5885188278926687,0.0
white,2678,fab139b56e7fa4fb319d49ac99f93f8198ceb81e48377b9a26e4e632b1c94383,随机森林,6.0,6.489897457733761,6.0,0.48989745773376114,0.0
white,2705,1fda65f7d92df2e09b2b99345972bcfb19bc0626f6235d17f2c44f360733beac,随机森林,6.0,5.66380052745398,6.0,0.3361994725460198,0.0
white,2707,757af3bb122b352c75f3da25ba0ebbbc48da7b80c6ce85c6dedb4db374e2f2fe,随机森林,6.0,5.44260331034157,6.0,0.5573966896584297,0.0
white,2712,060b3ca94460396af1eb7d531c0d0c5c3d0ad51cb0d44ea07e8f3a91c9f8d6e3,随机森林,5.0,5.510062215633811,6.0,0.5100622156338108,1.0
white,2713,40678a98ab500da6aba0ebe19b4864dcde57941959a95f869190769fbdea8fd3,随机森林,5.0,5.655514332073154,6.0,0.655514332073154,1.0
white,2719,ec1f63074beb0d91e88e13b49e9b6c335f774a34e450e15ef3b58c25f411c980,随机森林,6.0,5.60147659381096,6.0,0.3985234061890397,0.0
white,2730,327ef25e874769e132ccc441f1af3d26ab7170332b1117673c32a1ac3fd6e85e,随机森林,7.0,6.218079923616691,6.0,0.781920076383309,1.0
white,2734,327ef25e874769e132ccc441f1af3d26ab7170332b1117673c32a1ac3fd6e85e,随机森林,7.0,6.218079923616691,6.0,0.781920076383309,1.0
white,2746,0866e06e1b710aa01865cdaa2f3cc003e4e095ef93ff17db7e1177cd89f05654,随机森林,7.0,6.546503961925018,6.0,0.45349603807498173,1.0
white,2752,a6ed66a7b5c9ff1cdb34a058ab9e4273c8c820b88f3b0c8957cb5e54784c57eb,随机森林,6.0,6.411693133405985,6.0,0.41169313340598457,0.0
white,2755,f95e17944c8b4ea05bdc25713c0b8f93a64be200413dbea16d62ddb410107159,随机森林,5.0,5.130671311187949,6.0,0.13067131118794872,1.0
white,2758,22736a0234cf8db120485fe8e4a2789b7a53ea16cc90a7a5094111eb7a6974e6,随机森林,5.0,5.81402365880307,6.0,0.8140236588030696,1.0
white,2766,2aec61c972e684d776befe731b3204191ca218852209eff9e8440a82815642fe,随机森林,6.0,6.3826079076725355,6.0,0.3826079076725355,0.0
white,2772,196aa075af7baf07f5f816906d5307271995c49d45c10836f4c487783fa36e00,随机森林,6.0,5.974679843304846,6.0,0.025320156695154417,0.0
white,2778,960ee0149a9039f293c2c9df001ecfdccfcd45704447e583036cc313a5203501,随机森林,6.0,6.034619498693027,6.0,0.03461949869302661,0.0
white,2792,5576d2a6c65c8c2549f63c5a29dc0b99569ba80f107be945d31ab18f9a3107ff,随机森林,5.0,5.454519995432721,6.0,0.4545199954327206,1.0
white,2796,896e89b5ffeb93982907e69c8cc049e851b079d43caa633b75b38d55ee3abb80,随机森林,8.0,6.391124494786258,6.0,1.6088755052137422,2.0
white,2799,135ae5fded657da682fc03780db584119dc735409887fb572e9f19652471e2c4,随机森林,7.0,6.260139482307051,6.0,0.7398605176929491,1.0
white,2801,5576d2a6c65c8c2549f63c5a29dc0b99569ba80f107be945d31ab18f9a3107ff,随机森林,5.0,5.454519995432721,6.0,0.4545199954327206,1.0
white,2805,896e89b5ffeb93982907e69c8cc049e851b079d43caa633b75b38d55ee3abb80,随机森林,8.0,6.391124494786258,6.0,1.6088755052137422,2.0
white,2810,189a81f33df4312a9a5047ffe21d2f19a6906bf12b64274340df6eed910af01e,随机森林,7.0,6.68397249143186,6.0,0.31602750856813966,1.0
white,2814,189a81f33df4312a9a5047ffe21d2f19a6906bf12b64274340df6eed910af01e,随机森林,7.0,6.68397249143186,6.0,0.31602750856813966,1.0
white,2819,a214b31b4d267db467a765bc1e1b7843d9d374f102e3cfd2b2fd0f13a11107fd,随机森林,4.0,5.900460879262349,6.0,1.900460879262349,2.0
white,2820,cb91264696e78268a7faec53c5b5cccd554e46583f472d08d5b03350e43d5f2d,随机森林,6.0,6.340440664183311,6.0,0.3404406641833111,0.0
white,2830,2c7cd46ce68b2102d8bc3cc3f35f527baf8ea7ca532e6c9cf825781936afc1ba,随机森林,5.0,6.15783293476676,6.0,1.15783293476676,1.0
white,2834,a36f717b4929a849709741d9ec6612a96ceeb01a9e1d7db3af42d18cb1938286,随机森林,7.0,5.720894118007897,6.0,1.2791058819921028,1.0
white,2855,130c9bcaf37f49a481ead123c9a99bda8f5ae6ed205bcc9a876518ccbdbf483f,随机森林,6.0,5.985123478831681,6.0,0.014876521168319279,0.0
white,2858,1dba10371ad1012d307a4b7e23c22c1e24c2292c9bf60553bb2f3de6d8232e35,随机森林,8.0,6.919662808668232,6.0,1.0803371913317683,2.0
white,2861,98fa3c2f72e542295e58cb0b10fd79ce6ce1aa265bdaf4945c987ab211c0d0b4,随机森林,6.0,5.892822844037629,6.0,0.1071771559623711,0.0
white,2862,130c9bcaf37f49a481ead123c9a99bda8f5ae6ed205bcc9a876518ccbdbf483f,随机森林,6.0,5.985123478831681,6.0,0.014876521168319279,0.0
white,2863,d8f303008c9b660bebcc85fa3459ab315daa08f52e125a3fcd26eccba74b6d9d,随机森林,6.0,6.701718350921525,6.0,0.7017183509215252,0.0
white,2869,4ac1b28917e9fb2b353c94542b52caa8f6128aba14c3491c429cc4af2e6a6f10,随机森林,5.0,5.617607551146247,6.0,0.6176075511462473,1.0
white,2879,28973cd09aab613fa02b8dd34e49dcc2d50f951dda4ec4c0ce04462946461ca1,随机森林,6.0,6.738894701703523,6.0,0.738894701703523,0.0
white,2882,dd9653336ba19a0530934ab38a76a37eb430d90b10bfeffa48194985329c1916,随机森林,7.0,6.375783591952708,6.0,0.6242164080472916,1.0
white,2883,fc651deb675a8f949507c476650fd880bf6b97878fc0f13cdaa492b447560f0f,随机森林,5.0,5.729628426312255,6.0,0.7296284263122548,1.0
white,2884,40c97dab7d25cf7f53d9f3633a3768d1a6f83e0137e82e3921782092e0fc68eb,随机森林,7.0,6.48853599055457,6.0,0.5114640094454304,1.0
white,2887,e47ba23ca6d9cb44a3433fc07d71d1ec6dc217cc4ee0af9b4c1f69fa7e8b135c,随机森林,5.0,5.293741801083904,6.0,0.2937418010839039,1.0
white,2888,5d6e23e08ef39f616868942bc9ef17c013514550eae2c92d5728cbb4e44825c1,随机森林,5.0,6.390311434380322,6.0,1.3903114343803216,1.0
white,2894,ce152959ebd672bde41e6169f2c9bc2b19c8e638776f3f5bed358bdb4a67bb3b,随机森林,7.0,7.343409912527557,6.0,0.3434099125275569,1.0
white,2896,7c43744448d8328cac303ead7ede16a57a72faaba013c504c1ac45d521a80630,随机森林,5.0,5.366508593315872,6.0,0.3665085933158716,1.0
white,2897,4c3e3d0a3afb2440c42ceee30715f8fafa2dcf9480655197e2cf494eb8ba73ed,随机森林,5.0,5.349549561277505,6.0,0.349549561277505,1.0
white,2915,1f5fe15da92da566281ffa092b27223829786c04c861e87e027675aeafde84cc,随机森林,6.0,6.24342325540816,6.0,0.24342325540816034,0.0
white,2916,1f5fe15da92da566281ffa092b27223829786c04c861e87e027675aeafde84cc,随机森林,6.0,6.24342325540816,6.0,0.24342325540816034,0.0
white,2917,67c10a160eeba704960ab0e808e8beaf39f59170adf2e74b8d00c468f0edb06b,随机森林,6.0,7.211035828407347,6.0,1.211035828407347,0.0
white,2925,295fe3a749d12967179aa2f7fd057874c15533ecbb3e2160bc9bb8f94dc32744,随机森林,6.0,6.026382622709247,6.0,0.02638262270924674,0.0
white,2930,295fe3a749d12967179aa2f7fd057874c15533ecbb3e2160bc9bb8f94dc32744,随机森林,6.0,6.026382622709247,6.0,0.02638262270924674,0.0
white,2939,a4ec58cded1510f01c4e7c2f147025a40cb4f0455245f4980c727b32f5246ac3,随机森林,8.0,6.4439746157981475,6.0,1.5560253842018525,2.0
white,2940,a4ec58cded1510f01c4e7c2f147025a40cb4f0455245f4980c727b32f5246ac3,随机森林,8.0,6.4439746157981475,6.0,1.5560253842018525,2.0
white,2942,e9b2e859871ae5fd2b61f838a261c80ebf5b842a58ba5e071ad6b063a676f501,随机森林,5.0,5.666964209194706,6.0,0.6669642091947061,1.0
white,2943,f19521de9f9af527377b09502e736ade5abe0026e6bfaeba2cf38991881e95c4,随机森林,5.0,5.459012650252385,6.0,0.4590126502523848,1.0
white,2944,a4ec58cded1510f01c4e7c2f147025a40cb4f0455245f4980c727b32f5246ac3,随机森林,8.0,6.4439746157981475,6.0,1.5560253842018525,2.0
white,2950,df6b80431dfdad6f13cde497e76d656f1a7e908f4e89a202875e50a246f9704c,随机森林,6.0,5.390680506670835,6.0,0.6093194933291652,0.0
white,2952,2dad03e3672989da77d5823fe6a787df3161d0992dcabeae0e20170bfe479d64,随机森林,5.0,5.793274602160821,6.0,0.793274602160821,1.0
white,2957,12538ae8335bda2f21996c3616666cfa5695ed208c3c5fdcd3f652ee1e857d50,随机森林,6.0,6.0673027344459225,6.0,0.0673027344459225,0.0
white,2959,2dad03e3672989da77d5823fe6a787df3161d0992dcabeae0e20170bfe479d64,随机森林,5.0,5.793274602160821,6.0,0.793274602160821,1.0
white,2973,c348649c8290349898d39be1d10638674cd0e161de52dd28f4a1f601bd381201,随机森林,6.0,5.855391641582816,6.0,0.14460835841718378,0.0
white,2980,fc5982c898f27dafcfff44def92d210efd90b0cc5c06ba23a91b2ba13b8a017b,随机森林,7.0,6.772093784855783,6.0,0.22790621514421705,1.0
white,2983,edfd30266204e2d19fb4697e0c12c53e15b7ec494c8ade7c046f69e57dfde513,随机森林,6.0,5.9695644773183485,6.0,0.030435522681651506,0.0
white,2991,331de4766be2c3442c5b18b8b35cc5f45440757d4f1613ff9029cfdae3f98b2a,随机森林,7.0,7.4496846329394595,6.0,0.4496846329394595,1.0
white,3006,ad3d10336fa51f9ca93b4231e62e3bf64b6ebed1d46e4de00581db55c739ebde,随机森林,6.0,6.733931184685061,6.0,0.7339311846850611,0.0
white,3008,331de4766be2c3442c5b18b8b35cc5f45440757d4f1613ff9029cfdae3f98b2a,随机森林,7.0,7.4496846329394595,6.0,0.4496846329394595,1.0
white,3034,dbf3e6a812dad17e057276b34ea501170d5aec195b9a1bcde2d4b3f738529ecf,随机森林,6.0,5.59980165259577,6.0,0.4001983474042303,0.0
white,3037,a6b72c27655365ba995f564a25f80776b3258717940298d2dfae7db92bda3ce7,随机森林,5.0,5.41728275319452,6.0,0.41728275319452024,1.0
white,3041,786a33e751ec6044fad5813652666ba788637da71398d4b6a4b498ad39535f62,随机森林,5.0,5.943695176039992,6.0,0.9436951760399923,1.0
white,3046,066b18b282a6849ed02af6cee2c4b6485166079bed3a9513ef6444715e023dec,随机森林,6.0,6.034270415028157,6.0,0.034270415028156975,0.0
white,3056,9d3e298ab12566cf2e63b9db717849c6244c7d7c7fe2faa16062896e88f12fde,随机森林,6.0,6.314876737398018,6.0,0.31487673739801814,0.0
white,3068,57a7aa5167056c03674d2037c4f68cd446bfbfaec6662359db3119aa18c4a12c,随机森林,4.0,5.722741501017042,6.0,1.7227415010170422,2.0
white,3084,e3ed254b1a0a23e9973da48dd3a083af8721f85f82ff896bee16c965ee262ec9,随机森林,7.0,6.810278215162892,6.0,0.18972178483710778,1.0
white,3087,e3ed254b1a0a23e9973da48dd3a083af8721f85f82ff896bee16c965ee262ec9,随机森林,7.0,6.810278215162892,6.0,0.18972178483710778,1.0
white,3089,4fb6a6cd418376ada21a87125ca25d727d65bb95b748c21658311012e7c66466,随机森林,6.0,6.222070665302477,6.0,0.22207066530247666,0.0
white,3094,81bc859ccb082f0065250b5467b839e31cc6ff7ff80fbf000e2a892b271efa6b,随机森林,7.0,6.330797854450333,6.0,0.6692021455496668,1.0
white,3101,bae80a3f433c3d64983c2e53ed3da9ea4f4f153c1eddf968a37d2327da005c86,随机森林,7.0,6.530658897933278,6.0,0.4693411020667222,1.0
white,3103,5ede483d25a9ce37836c4ff5cae7a84cadcfa6e3ee180eb42c820a3846456130,随机森林,6.0,5.648861968340683,6.0,0.3511380316593167,0.0
white,3104,81bc859ccb082f0065250b5467b839e31cc6ff7ff80fbf000e2a892b271efa6b,随机森林,7.0,6.330797854450333,6.0,0.6692021455496668,1.0
white,3115,0ef10a21c7a16b33769322c04da321599e17ff77ae7a8b578e13c112952f392b,随机森林,6.0,6.267028949121052,6.0,0.2670289491210518,0.0
white,3116,0ef10a21c7a16b33769322c04da321599e17ff77ae7a8b578e13c112952f392b,随机森林,6.0,6.267028949121052,6.0,0.2670289491210518,0.0
white,3119,b829baf4c75e75e5a515f5c814049cf9e8c2d8640f3ae58ff218c84f2bb5c9fb,随机森林,7.0,6.753978004294181,6.0,0.24602199570581895,1.0
white,3127,8c0b4bacf4fdac4ab6f20da9b344fc8c8019ce37fce198b71dc1d8e07776eb4f,随机森林,7.0,6.338546454520138,6.0,0.661453545479862,1.0
white,3133,0ef10a21c7a16b33769322c04da321599e17ff77ae7a8b578e13c112952f392b,随机森林,6.0,6.267028949121052,6.0,0.2670289491210518,0.0
white,3137,3ca475c317ec8ed203032307e9b3b010d3b0fab810a30cfc5ce5d015d0e2cf92,随机森林,5.0,6.190155020761834,6.0,1.1901550207618339,1.0
white,3155,8a057dd39cc5d12f027f46c0d9847d3b9509f0aad6fb6d731f76df794215f044,随机森林,6.0,6.872294898184606,6.0,0.8722948981846059,0.0
white,3168,f1177949accc0be46355709ade7ddfea1d8a4261671b784f83e08a739b4fdb82,随机森林,7.0,6.618010150181207,6.0,0.381989849818793,1.0
white,3186,ec4db76bc4c5f5fd8c4aae29715192497ff907006ae6b5e8b3e763e66b6380cd,随机森林,6.0,6.359585511366857,6.0,0.35958551136685735,0.0
white,3192,e21924b415dc9e9ba6f68fcfbfa124ef1a6e7dcd8d3b62cd352efef67545a16a,随机森林,6.0,6.1408638189868805,6.0,0.1408638189868805,0.0
white,3212,68fbaa1db610b85d2a4efae2a4c4a9794bbf62b7a4df95990881a3efdf73832e,随机森林,6.0,6.625543462256697,6.0,0.6255434622566973,0.0
white,3215,029018be3c004416464f63a6569381d1f58b20e1b89b55ab0895d98723e795cf,随机森林,6.0,6.430267509852266,6.0,0.4302675098522659,0.0
white,3224,68fbaa1db610b85d2a4efae2a4c4a9794bbf62b7a4df95990881a3efdf73832e,随机森林,6.0,6.625543462256697,6.0,0.6255434622566973,0.0
white,3235,b9baed4f5dc572cb76ac1678af6bedcbd782c421f513cfc3fed86716e2b6fc45,随机森林,6.0,5.453194542385721,6.0,0.5468054576142789,0.0
white,3237,4f8c6d24e6965fa9e228a607b19b5cbaba4caa3470fd349362e7218f1c184e0f,随机森林,6.0,6.83742714141437,6.0,0.8374271414143699,0.0
white,3243,1c2ec545bf81926cf69a84cb83db0b2a0ce88eadd96a3e03173295cf3de559b8,随机森林,6.0,6.444644068894068,6.0,0.4446440688940676,0.0
white,3254,8e4240bfcf4d192197c88c1f3428adf895abeeaccf75995d43876d7bbe9c5704,随机森林,8.0,6.57515014325773,6.0,1.42484985674227,2.0
white,3255,cae7c408e1b0c1a145ddce6eafb8188921825ccd9c35b48b6634e0aebe677b0b,随机森林,5.0,5.7223322002072,6.0,0.7223322002071999,1.0
white,3268,99a7de06b6b049b27093a5fd41caf2fcaaaf7c9b72535d79ed42d1961907e189,随机森林,6.0,5.652649179366674,6.0,0.34735082063332623,0.0
white,3270,311f230de766e612ca8d1b1f9e951bfce32d3314831205627681187b213980ec,随机森林,5.0,5.359056739069898,6.0,0.35905673906989843,1.0
white,3273,c6ab808f55038308b4890227280dd5a6ae366a1f75785c201cc3274845466279,随机森林,7.0,6.040913118486261,6.0,0.9590868815137394,1.0
white,3274,f0b09adeb503c64224e1037551bae5982f938329de62bcaf33d2e3c991663c03,随机森林,7.0,6.371823647456774,6.0,0.6281763525432256,1.0
white,3279,311f230de766e612ca8d1b1f9e951bfce32d3314831205627681187b213980ec,随机森林,5.0,5.359056739069898,6.0,0.35905673906989843,1.0
white,3282,187e851e6e1b2526dc03e2980a639e3ac786fb81a3ff950dd5846ca67901230c,随机森林,6.0,6.523180795239619,6.0,0.523180795239619,0.0
white,3284,6ce35649a1f55dcb5c8db810b9fd6fba71346d118509cd4a92adf499bfeb3263,随机森林,6.0,5.622762520646423,6.0,0.3772374793535773,0.0
white,3286,fdb3eb3af12acf7feeba4fa9259d638f6a04a20c28877e33d7461be6eed4bd3c,随机森林,7.0,6.308696882093938,6.0,0.6913031179060622,1.0
white,3288,fdb3eb3af12acf7feeba4fa9259d638f6a04a20c28877e33d7461be6eed4bd3c,随机森林,7.0,6.308696882093938,6.0,0.6913031179060622,1.0
white,3289,6ce35649a1f55dcb5c8db810b9fd6fba71346d118509cd4a92adf499bfeb3263,随机森林,6.0,5.622762520646423,6.0,0.3772374793535773,0.0
white,3292,21fd82b5aa7acbe9feaa7aa589d7f0c8fe86d0aaeab4054389ad0d38089c506a,随机森林,8.0,6.615370418524829,6.0,1.3846295814751706,2.0
white,3293,989ce4acdf86ba573fb7c7549b35461b722d64e0751cd1a58c2a2c47f429e9e1,随机森林,5.0,5.32290233105674,6.0,0.32290233105674027,1.0
white,3296,989ce4acdf86ba573fb7c7549b35461b722d64e0751cd1a58c2a2c47f429e9e1,随机森林,5.0,5.32290233105674,6.0,0.32290233105674027,1.0
white,3302,21fd82b5aa7acbe9feaa7aa589d7f0c8fe86d0aaeab4054389ad0d38089c506a,随机森林,8.0,6.615370418524829,6.0,1.3846295814751706,2.0
white,3303,018dd025aca10015ac22223bb22094d001c139773dca6003daabc24ab3b47cf0,随机森林,6.0,6.622221485786892,6.0,0.6222214857868922,0.0
white,3305,b4d673ce87a4fe7dcc7b0d6bf69cb0b9f222dfaac5266713606824408c4160c8,随机森林,7.0,6.722745989490957,6.0,0.27725401050904264,1.0
white,3306,a9c6bfcd52c39ba993808e9740d44b5bd86af76b4773eb6cb5d2ee39bda9889f,随机森林,7.0,6.642368352221685,6.0,0.357631647778315,1.0
white,3307,b4d673ce87a4fe7dcc7b0d6bf69cb0b9f222dfaac5266713606824408c4160c8,随机森林,7.0,6.722745989490957,6.0,0.27725401050904264,1.0
white,3311,940356c8532b70e1a8bdfc51c7e8d3487909176c0c76c7ed68938623d2e3acb9,随机森林,7.0,6.514867476205709,6.0,0.4851325237942907,1.0
white,3328,2c0cac0e152807bb311700d3faa1c22721a96f1eab0cf943a5395540b9624bf2,随机森林,7.0,5.844746138121139,6.0,1.1552538618788608,1.0
white,3330,eae0a133bf611946b0521f2ab03830b563541638973a435346395510a95d7145,随机森林,6.0,6.335986496447023,6.0,0.33598649644702316,0.0
white,3334,3c2dfe4bf649b6f23e049af7d0c90db9ea7f439db42da0f29674c22cb0e1608c,随机森林,6.0,5.993414413745297,6.0,0.0065855862547028465,0.0
white,3339,deca7e408d6b953aa030143d95f01c6c5d759581ecda987fb84e1ed2e60fa496,随机森林,6.0,5.343051727125646,6.0,0.6569482728743541,0.0
white,3349,deca7e408d6b953aa030143d95f01c6c5d759581ecda987fb84e1ed2e60fa496,随机森林,6.0,5.343051727125646,6.0,0.6569482728743541,0.0
white,3350,0eb2c9fcf5eabcd8ea12b071cc24e298acdc1024babf2d69d427292c8adf373f,随机森林,6.0,5.9949312963724735,6.0,0.0050687036275265385,0.0
white,3356,03afff36074b1302292b9bd9d7760c20c2b6ad6485ad34c2a38eff9f383b5926,随机森林,6.0,6.687558797368781,6.0,0.6875587973687809,0.0
white,3357,3315708d52be37536b640beb1490816bf497d1c3a392dcfbd20737995cff06d9,随机森林,6.0,5.954456109679792,6.0,0.045543890320208114,0.0
white,3362,0eb2c9fcf5eabcd8ea12b071cc24e298acdc1024babf2d69d427292c8adf373f,随机森林,6.0,5.9949312963724735,6.0,0.0050687036275265385,0.0
white,3367,598e72a2e91e7b9b1ce55e5e78c9558ac729d0278584c9ec72778f099efa3fed,随机森林,6.0,6.145518667878959,6.0,0.14551866787895928,0.0
white,3372,598e72a2e91e7b9b1ce55e5e78c9558ac729d0278584c9ec72778f099efa3fed,随机森林,6.0,6.145518667878959,6.0,0.14551866787895928,0.0
white,3373,dd00eb1fdcf7ff016455d1eb99c0d6fbe444652dc659dfcdf923e92ad66881e4,随机森林,6.0,6.418926147324755,6.0,0.41892614732475497,0.0
white,3378,b3325c7692cf564467b4f51aa0f488b6887a3079044f44f957d0b7e482b1e806,随机森林,6.0,5.89028275925141,6.0,0.1097172407485898,0.0
white,3379,cafd855425b89f0445602a5acf307441561752bd1fd9fc09bfd45b972d3dee68,随机森林,8.0,6.929185099271787,6.0,1.0708149007282133,2.0
white,3386,ad1ac8b7e31e724c26bedfca34ae7f30676bbb29cb3f7602210d32a179d54df2,随机森林,6.0,6.494638451661286,6.0,0.4946384516612863,0.0
white,3387,cafd855425b89f0445602a5acf307441561752bd1fd9fc09bfd45b972d3dee68,随机森林,8.0,6.929185099271787,6.0,1.0708149007282133,2.0
white,3391,054210c45b1112a3c16c3ca9b4d9e66e252b5c89f87afdc2cf58c29a8b0ce317,随机森林,6.0,6.99629454990601,6.0,0.9962945499060103,0.0
white,3397,b01db2b4337e8a1158339cdd71d0e95df9745c97f56565ced4a0a505052e6cf7,随机森林,6.0,5.918438857740174,6.0,0.08156114225982591,0.0
white,3399,0fd5f9bd0b275a71fed9f76222c43702d79cc34def273a312906a418e665beb6,随机森林,5.0,5.346967578860768,6.0,0.34696757886076757,1.0
white,3401,8b65c4ac9a72a1545e1711022aeaa9a00d5ce0a06f8f0290fda637d9289ab74b,随机森林,6.0,5.11022086885709,6.0,0.8897791311429097,0.0
white,3403,8b65c4ac9a72a1545e1711022aeaa9a00d5ce0a06f8f0290fda637d9289ab74b,随机森林,6.0,5.11022086885709,6.0,0.8897791311429097,0.0
white,3406,aea513c5b8233e63ceb4be258b333cd2a60b3e4c7a46f2f930f693d16ac8e1e9,随机森林,6.0,5.796636550540962,6.0,0.2033634494590384,0.0
white,3408,0fd5f9bd0b275a71fed9f76222c43702d79cc34def273a312906a418e665beb6,随机森林,5.0,5.346967578860768,6.0,0.34696757886076757,1.0
white,3416,3fef5527f39e19fe2ffdf18e3f32880a0f508cca6d7864365df3dd3a8f7acdd6,随机森林,7.0,6.926988994685388,6.0,0.07301100531461202,1.0
white,3420,3fef5527f39e19fe2ffdf18e3f32880a0f508cca6d7864365df3dd3a8f7acdd6,随机森林,7.0,6.926988994685388,6.0,0.07301100531461202,1.0
white,3423,c2ee3532882c754af80b796e8a8db0c905572531944f980c130ec40796b7ef56,随机森林,8.0,6.619808148822855,6.0,1.3801918511771447,2.0
white,3425,0138acbdd9c9d5ff9e2f565905bcf0ca68983871b11de24610ccab013035486b,随机森林,6.0,6.408831697198569,6.0,0.40883169719856927,0.0
white,3429,0138acbdd9c9d5ff9e2f565905bcf0ca68983871b11de24610ccab013035486b,随机森林,6.0,6.408831697198569,6.0,0.40883169719856927,0.0
white,3439,998aa521d400c53569e58d47e825f74784f0a00bf2f5cd57b207fa0f2c323bdb,随机森林,5.0,5.173359104131163,6.0,0.17335910413116284,1.0
white,3448,5b09a3f7f382b050881bed71e09a7bb0f3c1ad65e7c14b530a83d5cf82ded3fd,随机森林,6.0,5.960391016877861,6.0,0.039608983122138675,0.0
white,3455,c03de0b082ecc695a3137bd12c9cbd19e2a76f8b7ae722662d862d4bf55a8543,随机森林,5.0,6.406977837708099,6.0,1.4069778377080988,1.0
white,3459,06ad0c5e8c9d6e4f12069b27a3f718f61f70875ae7d5e2e790472d43d8ddb23b,随机森林,7.0,6.747852752367459,6.0,0.25214724763254104,1.0
white,3492,94a4d3a7d938bea22eaaa545dd73b0cdc1f250239fb44710fbdfd4bc2b114b4b,随机森林,6.0,5.8054083298309305,6.0,0.19459167016906953,0.0
white,3493,696beba85f00939b0937b2b503b22d27611dd16c9128671497d9633c8d54a197,随机森林,7.0,6.70123021630646,6.0,0.29876978369354035,1.0
white,3494,696beba85f00939b0937b2b503b22d27611dd16c9128671497d9633c8d54a197,随机森林,7.0,6.70123021630646,6.0,0.29876978369354035,1.0
white,3501,696beba85f00939b0937b2b503b22d27611dd16c9128671497d9633c8d54a197,随机森林,7.0,6.70123021630646,6.0,0.29876978369354035,1.0
white,3503,3c0629850f658e0b8378e917d752fd3e3d147a022b31301f0585d8758dba8973,随机森林,5.0,5.377698600447826,6.0,0.3776986004478262,1.0
white,3504,c29f9d8f95028450a5751e12e3a0f90032f80411dfb6907b26fead48ff3434c2,随机森林,7.0,6.621537672867784,6.0,0.3784623271322163,1.0
white,3506,a862f005765c9a2c671efe4900c2db5e0c0af9c085932019551f4721174308fa,随机森林,7.0,6.556977955810388,6.0,0.443022044189612,1.0
white,3508,ef9cab0ca03b62b53b49d850caa886732daeef42e5325d8e0327b4e03c4c4c1c,随机森林,7.0,6.758190696735769,6.0,0.24180930326423056,1.0
white,3509,3c0629850f658e0b8378e917d752fd3e3d147a022b31301f0585d8758dba8973,随机森林,5.0,5.377698600447826,6.0,0.3776986004478262,1.0
white,3511,dabe4a2b9fbd5a863194286dc17843745ea71b4df4eacf2667f71166d6bd9435,随机森林,6.0,5.9175170390611616,6.0,0.08248296093883845,0.0
white,3522,f88f444dd45e7bcc9875b1695202a362486305dd061c543c4289444d27e76b28,随机森林,7.0,6.500170475579918,6.0,0.49982952442008166,1.0
white,3523,4ea8c67b102c76e5fde0e34c88f6c2f350db7d2c7a150c7a39d0b4dbbf6405e8,随机森林,5.0,5.309753506297624,6.0,0.309753506297624,1.0
white,3537,68c9edb98054c40cad9989c807afbfd57569daad873d5facf93c84838cf3d1b4,随机森林,6.0,6.1857780231607595,6.0,0.18577802316075953,0.0
white,3541,22faa168aacc7a9aecfb33a6efa7f2e24a4a51745194dd85cc328ec4aec27877,随机森林,6.0,6.533783572636514,6.0,0.5337835726365139,0.0
white,3543,01d7d5aad588b545d116e0130983e0d7103d162359d134d347c0cae471dca923,随机森林,6.0,5.620531140972317,6.0,0.3794688590276829,0.0
white,3547,01d7d5aad588b545d116e0130983e0d7103d162359d134d347c0cae471dca923,随机森林,6.0,5.620531140972317,6.0,0.3794688590276829,0.0
white,3560,e1fe25d4d1a2e360f8c145d56ced24f971796a7108f95db2d0ac14ac0427f736,随机森林,4.0,5.380898962077365,6.0,1.3808989620773646,2.0
white,3580,71c6ed706e5563459e9765959c49dc99078781f91f56cc57b3a99f67f0685134,随机森林,7.0,5.878390906751199,6.0,1.121609093248801,1.0
white,3584,5dc4bd21cc4b8c4162e90ed45fe4fb59b1d778cc446739fa0f21c50c6700c80d,随机森林,6.0,5.6879359541101016,6.0,0.31206404588989844,0.0
white,3585,71c6ed706e5563459e9765959c49dc99078781f91f56cc57b3a99f67f0685134,随机森林,7.0,5.878390906751199,6.0,1.121609093248801,1.0
white,3593,a66189f9a8637eb2c4989074e9891fcdff0dd6e057c83ca5328db6c85dc8b965,随机森林,7.0,6.57514373529234,6.0,0.42485626470766036,1.0
white,3595,0d3725228b79f2ea41329248dca221e6f32028eeafb9e237297dc4d1097949e4,随机森林,7.0,6.262472581812753,6.0,0.7375274181872467,1.0
white,3640,2dea00058fe4ca98a99f17efc91955e36c5bd4644f602729d8e215ab87cb8073,随机森林,6.0,6.193303858273492,6.0,0.1933038582734916,0.0
white,3648,8e17125e73c1634bdaa9279b35fec0401c55722592df8d619a1ddf46da2ee021,随机森林,7.0,6.56492333933123,6.0,0.43507666066876993,1.0
white,3650,2d46f5253f180c575f762bd3f13ecb4fb264129d519c288d8c2ba714a91c896b,随机森林,6.0,6.592243832148241,6.0,0.5922438321482408,0.0
white,3663,1d2e4fe1c6fdd707c33e96bca819ba4a8dff568ceef7f147a62989f4f3152116,随机森林,4.0,4.873416625041625,6.0,0.8734166250416253,2.0
white,3664,c5c0f9d279ba1aad38a6763e1f9a89bf62a34ebc3508515423d9100969136e2f,随机森林,6.0,7.251780799394962,6.0,1.251780799394962,0.0
white,3670,852b5c15824f77e2a84e26bd80d5bc65ab6194f299e41d3dd59d186194d58b8d,随机森林,7.0,7.051682075535403,6.0,0.05168207553540327,1.0
white,3673,a617c2fb35badb12d1744754405758d5ea0116d11bdf0d56906fbb52839679be,随机森林,8.0,6.433175381985164,6.0,1.5668246180148362,2.0
white,3674,d26b01e41af6c5246302a8af9bc865a262ce721054706e8f2850bf0ac2e5d770,随机森林,7.0,6.704397453581283,6.0,0.2956025464187171,1.0
white,3678,1a3a2d1a45ba2cd7183dc433505c3a09189d65afbae2a384b8c8791a143cc26d,随机森林,6.0,6.601757751593666,6.0,0.6017577515936656,0.0
white,3692,a4d5faa30d5332c6c0ac30c9bc6a0072c4fcd4dc3ecd8fa5231069b86234a63f,随机森林,6.0,5.992893665831354,6.0,0.0071063341686459225,0.0
white,3698,cbad98bbd39cf20b4cfc659d14d41b8477631d34cfdd6536196991fa562b182e,随机森林,6.0,6.022468903373313,6.0,0.022468903373312976,0.0
white,3703,fc191a4e5724cc13739292a75af333d95f43ce505427e8ccc4a85ba668a4985f,随机森林,6.0,5.545265729970065,6.0,0.4547342700299346,0.0
white,3704,fc191a4e5724cc13739292a75af333d95f43ce505427e8ccc4a85ba668a4985f,随机森林,6.0,5.545265729970065,6.0,0.4547342700299346,0.0
white,3705,fc191a4e5724cc13739292a75af333d95f43ce505427e8ccc4a85ba668a4985f,随机森林,6.0,5.545265729970065,6.0,0.4547342700299346,0.0
white,3706,fc191a4e5724cc13739292a75af333d95f43ce505427e8ccc4a85ba668a4985f,随机森林,6.0,5.545265729970065,6.0,0.4547342700299346,0.0
white,3708,e4a38860c7e4e44f0705f04b4986fb1f2599a4e539e5f44afce23e5b11fb9d02,随机森林,6.0,6.420427825642998,6.0,0.42042782564299763,0.0
white,3712,fc191a4e5724cc13739292a75af333d95f43ce505427e8ccc4a85ba668a4985f,随机森林,6.0,5.545265729970065,6.0,0.4547342700299346,0.0
white,3717,9bb71e631a6f7ee2b100171f066de5d79c8eac41f3683e0c4a1114519a9cb3b6,随机森林,5.0,5.900159119704398,6.0,0.9001591197043979,1.0
white,3724,a277e99de52a5f03fe6599ee7c5d08a6301e39c61ef849a55582eccc0da2c91d,随机森林,7.0,6.455021277212064,6.0,0.5449787227879357,1.0
white,3728,a277e99de52a5f03fe6599ee7c5d08a6301e39c61ef849a55582eccc0da2c91d,随机森林,7.0,6.455021277212064,6.0,0.5449787227879357,1.0
white,3734,f7d286ff61ecfb0ae364cf738a39a86327c477cff90b6d5f485f2baa7ff0a976,随机森林,6.0,6.584579321148983,6.0,0.5845793211489827,0.0
white,3735,e4a644ea28b37013d520cc354816328b6d91d991a329619914352edc3e1ebff2,随机森林,5.0,5.719367320721136,6.0,0.719367320721136,1.0
white,3736,6834759fccc6f0fb05e087d8bfa302b34d315eabd25e918a13285307ac21721f,随机森林,6.0,6.484431217203276,6.0,0.48443121720327564,0.0
white,3752,cd3ccf2aa15ca8136af7a5aca736df4f64c87fd41466ff2767c9598b2bab4848,随机森林,5.0,5.779340029652722,6.0,0.7793400296527224,1.0
white,3753,16fa5942ee7ee5d4b43a0ffe8b86a0a2a2920a0ecba36c08eaddc3f52f875320,随机森林,5.0,5.596846270659741,6.0,0.596846270659741,1.0
white,3755,6e87d0b93e9ec4d172697e3e6e6fe7533046f0d58da541ab02e589695b79458a,随机森林,8.0,7.024275058547114,6.0,0.9757249414528859,2.0
white,3757,cd3ccf2aa15ca8136af7a5aca736df4f64c87fd41466ff2767c9598b2bab4848,随机森林,5.0,5.779340029652722,6.0,0.7793400296527224,1.0
white,3758,16fa5942ee7ee5d4b43a0ffe8b86a0a2a2920a0ecba36c08eaddc3f52f875320,随机森林,5.0,5.596846270659741,6.0,0.596846270659741,1.0
white,3764,65ac38f53708afa0261949794e365d2fc7a8d5e8ddd30f004ef6b50734d39b46,随机森林,5.0,6.237312851235451,6.0,1.2373128512354512,1.0
white,3765,6e87d0b93e9ec4d172697e3e6e6fe7533046f0d58da541ab02e589695b79458a,随机森林,8.0,7.024275058547114,6.0,0.9757249414528859,2.0
white,3771,6abd810c30e127cc671e5d5ea4d4bf9fdc876dcd83e59a1f5b7d7f84dd03803c,随机森林,4.0,6.1876783665680755,6.0,2.1876783665680755,2.0
white,3774,c9719680bdfb468d7b9d3ea3641e724edfb2b07534b13fc756cb84b231481855,随机森林,5.0,7.231239845251068,6.0,2.2312398452510678,1.0
white,3789,259e1cb721138ca9092848a41f2f0f1447cc0be72391b2d886ccc7096fd6b9ec,随机森林,5.0,5.330268654003951,6.0,0.3302686540039508,1.0
white,3799,bf9b9bad3afbd2f9e0be42e74223f97ad9ee6e8d7e8186c5cbc7603862f67ff2,随机森林,5.0,5.6641079546242095,6.0,0.6641079546242095,1.0
white,3803,bf9b9bad3afbd2f9e0be42e74223f97ad9ee6e8d7e8186c5cbc7603862f67ff2,随机森林,5.0,5.6641079546242095,6.0,0.6641079546242095,1.0
white,3808,5f50dbf47be9d7471818c1e604a8121ac44cacbca8e9fc8557e27a24953b7363,随机森林,5.0,5.7205081171551715,6.0,0.7205081171551715,1.0
white,3813,bf9b9bad3afbd2f9e0be42e74223f97ad9ee6e8d7e8186c5cbc7603862f67ff2,随机森林,5.0,5.6641079546242095,6.0,0.6641079546242095,1.0
white,3815,8c80e05137bd5e7a309e7dd0622378b7c82e187970fa6b8d64ce493afc7cdb8b,随机森林,5.0,5.586506369447549,6.0,0.586506369447549,1.0
white,3824,db634d087ec682ae1c1661f0976cff33dd90158390c6c1953739c339f5c44cd9,随机森林,5.0,5.309737497796321,6.0,0.30973749779632076,1.0
white,3825,83d0c9cb9f37f36241dc73de2fec02f22c6f33c727aed6b6788023e364129609,随机森林,7.0,6.127359607368894,6.0,0.8726403926311059,1.0
white,3830,13e58108325ee52be3731f551417d5ff05262f6055e59171575cf48b2c043492,随机森林,7.0,6.806523574650894,6.0,0.1934764253491057,1.0
white,3842,738a33a6a2c2bf29b9874ebea0ea600fc6a7d2b918bec8208fa9c5e90ed8d945,随机森林,6.0,6.108713201759253,6.0,0.1087132017592527,0.0
white,3852,312b39f9d27fc035e2a826cbb0eea7bf99e2d6f336cb536778ff6292c0039dd1,随机森林,7.0,6.813210352555937,6.0,0.1867896474440629,1.0
white,3858,fe612ce21b6ca4077796fab6742d188572e11eff3c652e10c57a8eaa1eb9d0d5,随机森林,6.0,6.198033642011584,6.0,0.19803364201158402,0.0
white,3859,6aa3d06c236a9ca1589e7ac9632ad285e7fbea2bebf300a651098eb3d561670f,随机森林,6.0,6.732298083567046,6.0,0.7322980835670458,0.0
white,3866,08d5ec568c1a3057d09deff787036a7c415f1b3b50b36ffe217f948f74007c89,随机森林,6.0,6.987255269784677,6.0,0.9872552697846766,0.0
white,3873,dd156a4190b4954a48489e3da13046e05d7552d61ab19ff700bf6bf6d1ec63f6,随机森林,4.0,5.235650437525437,6.0,1.235650437525437,2.0
white,3876,44fecc51ed3becea0cdbda1bc7c06c32cb7780ff1cacee79848813ed7b896d2d,随机森林,7.0,5.657578391737835,6.0,1.342421608262165,1.0
white,3884,ba1892e92c5c41ad946f80ee7017093bfb1b34d029a53145e553f8385a190e33,随机森林,6.0,6.575330074724042,6.0,0.5753300747240422,0.0
white,3887,ba1892e92c5c41ad946f80ee7017093bfb1b34d029a53145e553f8385a190e33,随机森林,6.0,6.575330074724042,6.0,0.5753300747240422,0.0
white,3894,b7f1385fd63edb21cae5c82a15b3771a9e4afe3179728dd55effdc277fd5a984,随机森林,5.0,5.0873690447552695,6.0,0.08736904475526952,1.0
white,3896,cdf9264ace59a8c96d070d847dedaab8864e0812fe51014c463d64a51a91c899,随机森林,6.0,6.155028444523026,6.0,0.1550284445230261,0.0
white,3898,552d1683e608725d8220adeb5054c240395fef6fbef9396fefb9afdf43118506,随机森林,6.0,5.844477162543341,6.0,0.15552283745665907,0.0
white,3901,b7f1385fd63edb21cae5c82a15b3771a9e4afe3179728dd55effdc277fd5a984,随机森林,5.0,5.0873690447552695,6.0,0.08736904475526952,1.0
white,3905,21cbc575f59f6396368ed5b6375238a5db09ae23308ee8986a7a271c252ae9d3,随机森林,7.0,7.104704284206225,6.0,0.10470428420622468,1.0
white,3906,f152ac9c1d9e64c5c296859727593a910c1d89419a7a939581f26be92d6f88d0,随机森林,7.0,7.08411919622059,6.0,0.08411919622059028,1.0
white,3907,f152ac9c1d9e64c5c296859727593a910c1d89419a7a939581f26be92d6f88d0,随机森林,7.0,7.08411919622059,6.0,0.08411919622059028,1.0
white,3913,f152ac9c1d9e64c5c296859727593a910c1d89419a7a939581f26be92d6f88d0,随机森林,7.0,7.08411919622059,6.0,0.08411919622059028,1.0
white,3929,aa4128ac5a7b0a4784fb0deaa990b7a58efdb1e1b3bd51d0db4a2a06faff2e77,随机森林,5.0,5.214875852232276,6.0,0.214875852232276,1.0
white,3930,aa4128ac5a7b0a4784fb0deaa990b7a58efdb1e1b3bd51d0db4a2a06faff2e77,随机森林,5.0,5.214875852232276,6.0,0.214875852232276,1.0
white,3931,a3670c35b2e73bb6e3f9d851feeb2d516f31f9ab5c4d018304ce137d91a22adb,随机森林,6.0,6.269017868569337,6.0,0.2690178685693372,0.0
white,3940,38b7852806ebcde06ee613e9fc0335d34c12cd9ceb723fb9f768959d02330323,随机森林,6.0,6.21968188728483,6.0,0.21968188728483007,0.0
white,3942,76462d99e8dde0a5b36b6343f6e84caa0101bc25a0632eb7e5e525361a12b632,随机森林,5.0,5.3870595312410305,6.0,0.38705953124103054,1.0
white,3945,eae12330753332566656db77b88568d63d4a0d2d4187a7589335627c4e6d9d65,随机森林,6.0,6.182982484835429,6.0,0.18298248483542867,0.0
white,3946,38b7852806ebcde06ee613e9fc0335d34c12cd9ceb723fb9f768959d02330323,随机森林,6.0,6.21968188728483,6.0,0.21968188728483007,0.0
white,3948,25360ab28baebbc4221ec2d0f47f93a89dd5c3c39c47dabbc58044c664506e97,随机森林,7.0,6.581993557296963,6.0,0.418006442703037,1.0
white,3951,76462d99e8dde0a5b36b6343f6e84caa0101bc25a0632eb7e5e525361a12b632,随机森林,5.0,5.3870595312410305,6.0,0.38705953124103054,1.0
white,3961,b64f9db9d19c3e9c12cd5f9e4780d762ea8b86b6d7045113e1b1ac274749d50a,随机森林,6.0,5.350226963668138,6.0,0.6497730363318617,0.0
white,3962,68fa957f579f001fe273799bcc86e77f49c325f80301dcf6d443d3fcbb0f9bea,随机森林,5.0,5.164383954553071,6.0,0.1643839545530712,1.0
white,3981,041a3c8893a2837854dbb63c78ae6765407e7723e27a5467f1662fbbedb26159,随机森林,5.0,5.8621744858168965,6.0,0.8621744858168965,1.0
white,3992,07dfec1aefb370e57bd1d70ada1f749b4a8854a6055c7f42111c15c95e83fe9c,随机森林,5.0,5.769755581521446,6.0,0.7697555815214461,1.0
white,4007,c732c7dfb1a286f93156b8791e9946688a06bd5a4dfeef9f9d0231e0587e0a0e,随机森林,6.0,6.356091018080153,6.0,0.35609101808015264,0.0
white,4016,a98be697e016399f700fb0bb61da6c9d01cef2c32fe3c1481bf4d9f406f72e93,随机森林,5.0,4.413391966765035,6.0,0.586608033234965,1.0
white,4017,819627732ad56975ef40d3a7f17bc29f11c5b19331d6bbabc5960bb64ca46a5f,随机森林,5.0,5.178904317904318,6.0,0.17890431790431816,1.0
white,4019,4efc67ea7ec3ccc2fa2ef506826c56e7e11837188f19723d18d3904f4d016dac,随机森林,6.0,5.97739938309598,6.0,0.022600616904020043,0.0
white,4020,a98be697e016399f700fb0bb61da6c9d01cef2c32fe3c1481bf4d9f406f72e93,随机森林,5.0,4.413391966765035,6.0,0.586608033234965,1.0
white,4022,667c3198df1a433bbc6521bd2790fefc8d399392c8d52192b5652814338c319c,随机森林,5.0,5.5215501834909695,6.0,0.5215501834909695,1.0
white,4023,819627732ad56975ef40d3a7f17bc29f11c5b19331d6bbabc5960bb64ca46a5f,随机森林,5.0,5.178904317904318,6.0,0.17890431790431816,1.0
white,4043,c508be5fdf0a9c2edeef52762c22e3bb74cccaef399baf5b9035e23a1bf943f1,随机森林,7.0,6.724089514788039,6.0,0.27591048521196093,1.0
white,4044,c508be5fdf0a9c2edeef52762c22e3bb74cccaef399baf5b9035e23a1bf943f1,随机森林,7.0,6.724089514788039,6.0,0.27591048521196093,1.0
white,4045,c508be5fdf0a9c2edeef52762c22e3bb74cccaef399baf5b9035e23a1bf943f1,随机森林,7.0,6.724089514788039,6.0,0.27591048521196093,1.0
white,4046,c508be5fdf0a9c2edeef52762c22e3bb74cccaef399baf5b9035e23a1bf943f1,随机森林,7.0,6.724089514788039,6.0,0.27591048521196093,1.0
white,4048,adce86a91e9fe18b2f1ef5cdb93112bb370e2f0c61500d5f1ecfbed633ca224d,随机森林,6.0,6.406678413934992,6.0,0.4066784139349924,0.0
white,4049,adce86a91e9fe18b2f1ef5cdb93112bb370e2f0c61500d5f1ecfbed633ca224d,随机森林,6.0,6.406678413934992,6.0,0.4066784139349924,0.0
white,4051,c508be5fdf0a9c2edeef52762c22e3bb74cccaef399baf5b9035e23a1bf943f1,随机森林,7.0,6.724089514788039,6.0,0.27591048521196093,1.0
white,4054,c508be5fdf0a9c2edeef52762c22e3bb74cccaef399baf5b9035e23a1bf943f1,随机森林,7.0,6.724089514788039,6.0,0.27591048521196093,1.0
white,4058,6d87924a919d6c2c1e4be06ee1da553f970fcfaa470b001769c067c0410936db,随机森林,6.0,6.2962826560930765,6.0,0.29628265609307647,0.0
white,4059,adce86a91e9fe18b2f1ef5cdb93112bb370e2f0c61500d5f1ecfbed633ca224d,随机森林,6.0,6.406678413934992,6.0,0.4066784139349924,0.0
white,4064,f4295e818474f07b8a42afa232efb94afc7c9a75a7fe84f6709cd2510fd8b02f,随机森林,5.0,5.923528962394676,6.0,0.9235289623946761,1.0
white,4065,eb20693742ba8699662e1d62769c352cd41a4b9f3a479865ac5113b632e92af4,随机森林,5.0,6.426626396207277,6.0,1.4266263962072774,1.0
white,4067,8f6ab0e013d9b58e2f99048a85ce8d155372773a94be56d6648107219f3fea69,随机森林,6.0,6.818574917185214,6.0,0.8185749171852139,0.0
white,4069,8f6ab0e013d9b58e2f99048a85ce8d155372773a94be56d6648107219f3fea69,随机森林,6.0,6.818574917185214,6.0,0.8185749171852139,0.0
white,4070,4c9b21801e4f508eea1f77995b7451d9124b644841f05d6b1d4300bd41cef311,随机森林,6.0,5.716795557698804,6.0,0.2832044423011961,0.0
white,4073,65e77c73fbc983b1d8e07a78e14966408bb532710a594884b65d03291cb35d1c,随机森林,7.0,6.011470598845597,6.0,0.9885294011544028,1.0
white,4075,8dfaaf5e50b76173f632eb53360a0dba6d9e62dae7ad266a7d0064e1847376cd,随机森林,4.0,5.088825763088535,6.0,1.0888257630885354,2.0
white,4080,3062bc62db683cb08c6be0c047cd3f9d39c52de1a577c181911400e2568e80c4,随机森林,6.0,5.564513936756967,6.0,0.4354860632430331,0.0
white,4082,20f3edd96a1df41563b2f8ad4501b410a0aebc2abf1c90424a49aeb9518f1e8e,随机森林,6.0,5.597690148502455,6.0,0.40230985149754517,0.0
white,4083,5bd71fab4a99cfcc335303e251d254a231896a7c4ba6aff902aa2f3ca733ae8d,随机森林,6.0,5.864762531371277,6.0,0.13523746862872343,0.0
white,4084,367ced4e06706a657dddc8327e0b9dc510af7ed6fbc54405a017318b016bfd74,随机森林,5.0,5.18211697452874,6.0,0.1821169745287401,1.0
white,4102,67d0a45c80592d0270d6b820c4d09655c3c6e3db5416d745f97f6bc63f67c261,随机森林,5.0,5.462296231002115,6.0,0.4622962310021146,1.0
white,4103,67d0a45c80592d0270d6b820c4d09655c3c6e3db5416d745f97f6bc63f67c261,随机森林,5.0,5.462296231002115,6.0,0.4622962310021146,1.0
white,4105,a5a8f478de2f3a164ce234ba5de68a683bb9d68fa98ffc4922522e69798f5cd2,随机森林,7.0,6.525423706825799,6.0,0.47457629317420125,1.0
white,4111,04ee936341491924cc6d517e4162b8da49dddc633e075f2b064106372d0b79fd,随机森林,5.0,5.6128117332014416,6.0,0.6128117332014416,1.0
white,4116,904f51ec9ad56c3ecc0a0700750e006c3a3d207a00ff1fdc706ad7b86ef8fa53,随机森林,6.0,6.294227384973132,6.0,0.29422738497313183,0.0
white,4120,f628131220fce0e93cc5165e95e266dc09e319aa4478f950c63a35db48a65913,随机森林,7.0,6.643331187288231,6.0,0.356668812711769,1.0
white,4121,73a6cdcc4680aa7244bfdd0c102da2f16014709a333b7da7b5e7501818894263,随机森林,5.0,5.397398639415286,6.0,0.39739863941528597,1.0
white,4122,bd169eaf38720b7a121073870479ab6c9979d51533708eb90b7af9afecc281c7,随机森林,6.0,5.347481716268478,6.0,0.6525182837315224,0.0
white,4132,e92f74d937e9fe9963043b1e3a2be6192e23c633207a9c0fc4fa686c6e76f17b,随机森林,5.0,5.366327774077774,6.0,0.3663277740777744,1.0
white,4133,e92f74d937e9fe9963043b1e3a2be6192e23c633207a9c0fc4fa686c6e76f17b,随机森林,5.0,5.366327774077774,6.0,0.3663277740777744,1.0
white,4138,e92f74d937e9fe9963043b1e3a2be6192e23c633207a9c0fc4fa686c6e76f17b,随机森林,5.0,5.366327774077774,6.0,0.3663277740777744,1.0
white,4139,ddb13e8cb8498902cb0d831c0870936f61fecba9fbec8887e2926be9a486b834,随机森林,6.0,5.722821834240177,6.0,0.2771781657598229,0.0
white,4151,81a6093bd3b105c60bfb594300586b5bfe0091039e53519ac275f59bdaa53221,随机森林,5.0,4.6794288813038865,6.0,0.32057111869611354,1.0
white,4164,f27b1522ce109c78dae8df96b6b928766d3ab2f68fd2967f3823046b82581b59,随机森林,5.0,5.257985702750408,6.0,0.2579857027504078,1.0
white,4168,e83f2bd05360dd171849e502f9aa609cea374d8f730f18c7a9821089a04e596d,随机森林,8.0,6.513195498401379,6.0,1.4868045015986207,2.0
white,4185,a1dfad4b78caea1c57d7c863cb3faa91ce7fc3edd2752b413976960ef7212ffd,随机森林,7.0,6.939716927365146,6.0,0.060283072634853774,1.0
white,4187,0182971bb33797bbc277d539b09fa18d257c1c9ebf9b883a8ae1e5d257ec1fd3,随机森林,5.0,5.448122673909054,6.0,0.4481226739090536,1.0
white,4190,7fe47ebffc48406fdffcd1e55312173a0eafe2a998de034ab73476c9ac5c6192,随机森林,5.0,5.550283622967447,6.0,0.5502836229674468,1.0
white,4198,6c689746a31954fa9992981e97a2007b6dcabb96cec87a3193fdaab18010cca8,随机森林,5.0,5.417800543353563,6.0,0.41780054335356276,1.0
white,4209,78a4384655869d7f34e4ef868999649ac59a4ecf15d95e51ad8b72cc11be2ab8,随机森林,6.0,6.531777326145359,6.0,0.5317773261453587,0.0
white,4211,18ec65ce9f22e1d601c8f5511d4ac9e361e2081827ac0885d3c18ab50e43f12d,随机森林,6.0,5.8290973114576055,6.0,0.17090268854239454,0.0
white,4241,eb20cbfaddefd780418524522d7bf2f8e4aa5769842de929cc0daca2b2413405,随机森林,6.0,5.803768742259919,6.0,0.19623125774008088,0.0
white,4246,a816cc91b904fb3cf27cd7e0b980907e39270981b0ce00082854fba7cc3e8860,随机森林,5.0,5.277452224518404,6.0,0.2774522245184041,1.0
white,4251,9a32c6879b73122148f3d66399b270cc7dd517193330c24d06de5853049f3cc4,随机森林,6.0,6.309459184491692,6.0,0.30945918449169163,0.0
white,4253,9a32c6879b73122148f3d66399b270cc7dd517193330c24d06de5853049f3cc4,随机森林,6.0,6.309459184491692,6.0,0.30945918449169163,0.0
white,4260,5ebcd1ee92e704d1952c1052fdba351043810b94ba5d961dc9dbeff2e1cc2bc5,随机森林,6.0,6.49219566033382,6.0,0.49219566033382023,0.0
white,4263,7de12bca3f507b89a427b8e0af99ccd6929e5d73b264cd45e7797966147ddde8,随机森林,6.0,6.620047446376007,6.0,0.6200474463760068,0.0
white,4269,ddf6ce6ad7d681a16b777a334c7e1fb8d3ff21da16860df37014c5c96e269357,随机森林,6.0,6.586424712971929,6.0,0.5864247129719287,0.0
white,4288,167a40afd429df38493620241d930a36b0d748d65a7e1a7cfacdc554323a5a68,随机森林,5.0,5.341531645274006,6.0,0.3415316452740056,1.0
white,4292,9c47519e8308556f1f4017ab3cc101dbe79454bbd4852e801f1762104310323a,随机森林,5.0,5.710549914997281,6.0,0.7105499149972809,1.0
white,4293,544c06843ca41df1091cefd636ce42fdec343716b13e10413c9aa82e4ce71ca5,随机森林,6.0,5.955051753558333,6.0,0.04494824644166684,0.0
white,4294,9c47519e8308556f1f4017ab3cc101dbe79454bbd4852e801f1762104310323a,随机森林,5.0,5.710549914997281,6.0,0.7105499149972809,1.0
white,4296,9c47519e8308556f1f4017ab3cc101dbe79454bbd4852e801f1762104310323a,随机森林,5.0,5.710549914997281,6.0,0.7105499149972809,1.0
white,4297,544c06843ca41df1091cefd636ce42fdec343716b13e10413c9aa82e4ce71ca5,随机森林,6.0,5.955051753558333,6.0,0.04494824644166684,0.0
white,4298,5a77c206860bae94c6ec497bbd7f6b0ef3a73ca48f766ea04d6e84b25432a68f,随机森林,6.0,6.414579172475841,6.0,0.4145791724758414,0.0
white,4303,15f5b3124e76535428545398ecd6e07e25726367858b13448505f002097fcf68,随机森林,6.0,5.5489669739302085,6.0,0.45103302606979145,0.0
white,4304,984f65f329849f9fae5f30aff73a1bd97912d441f0c49a61784f74c8185398cf,随机森林,6.0,6.56178719564749,6.0,0.56178719564749,0.0
white,4307,95af8a21ef1be836ffbd5585a047b0650ff963ad9b38851d1a1c26955f9729ad,随机森林,6.0,5.691108508092636,6.0,0.30889149190736376,0.0
white,4313,984f65f329849f9fae5f30aff73a1bd97912d441f0c49a61784f74c8185398cf,随机森林,6.0,6.56178719564749,6.0,0.56178719564749,0.0
white,4314,3ed4bd35bfea5b38a3501f0b7ce76e137443c63a3693e825d05ee68f2bacb6cf,随机森林,6.0,6.1878613074805005,6.0,0.18786130748050045,0.0
white,4317,6d9d28dc352e89b74e8043b5a01b7d3341095f22fbc162e79c85f819334c24a4,随机森林,5.0,5.070135852165262,6.0,0.07013585216526241,1.0
white,4345,631d49eae7d14fad130f8306b8b5f62cc653adcfed5d6c9f23dd2c58ba85e9a0,随机森林,6.0,5.523557647546811,6.0,0.4764423524531889,0.0
white,4346,b411480f779a9d3aaee1cd50bd44b9b0b5d5d0c2439a5b5c163ba29a56eb1b3b,随机森林,6.0,6.182782579406031,6.0,0.18278257940603115,0.0
white,4347,631d49eae7d14fad130f8306b8b5f62cc653adcfed5d6c9f23dd2c58ba85e9a0,随机森林,6.0,5.523557647546811,6.0,0.4764423524531889,0.0
white,4363,8b25938dee5f90ad9980df7cf2d859f16117ac41c51b3dc7f33703d6642ad8d9,随机森林,6.0,6.635010423944247,6.0,0.6350104239442471,0.0
white,4364,f9138e6b75ac037efa773290a16ec445de9242428777775ea28e851b4de4a915,随机森林,5.0,5.459543137146079,6.0,0.4595431371460794,1.0
white,4366,a5f6fef477b188aaab375bd0593300ceb3e31a0775ef647996c2c82f43a85aa2,随机森林,5.0,6.03809712072986,6.0,1.0380971207298604,1.0
white,4368,f9138e6b75ac037efa773290a16ec445de9242428777775ea28e851b4de4a915,随机森林,5.0,5.459543137146079,6.0,0.4595431371460794,1.0
white,4389,07447d139e78a40a4244117c4cf411eea06b2ea1e965001bb10a3554c7cf0071,随机森林,6.0,5.68916282323055,6.0,0.31083717676945,0.0
white,4391,ad20ffb6acbef42beb7c1c0d6a8c9ec0f00563f53602f6d28a7cad7f1d21802d,随机森林,5.0,5.465588203935725,6.0,0.46558820393572464,1.0
white,4393,ad20ffb6acbef42beb7c1c0d6a8c9ec0f00563f53602f6d28a7cad7f1d21802d,随机森林,5.0,5.465588203935725,6.0,0.46558820393572464,1.0
white,4395,ef1db4ab2456c31aff632facf8a42af204a0aff64638ec6687693ae6b7e59081,随机森林,6.0,5.911242132308698,6.0,0.08875786769130212,0.0
white,4397,8b8a5e5d1c0f653010bd32a8af5cf0e2f25c8d2e69b43301db28029ccffda07b,随机森林,5.0,5.529224041390705,6.0,0.5292240413907052,1.0
white,4398,8b8a5e5d1c0f653010bd32a8af5cf0e2f25c8d2e69b43301db28029ccffda07b,随机森林,5.0,5.529224041390705,6.0,0.5292240413907052,1.0
white,4399,8b8a5e5d1c0f653010bd32a8af5cf0e2f25c8d2e69b43301db28029ccffda07b,随机森林,5.0,5.529224041390705,6.0,0.5292240413907052,1.0
white,4401,8b8a5e5d1c0f653010bd32a8af5cf0e2f25c8d2e69b43301db28029ccffda07b,随机森林,5.0,5.529224041390705,6.0,0.5292240413907052,1.0
white,4402,352f6000fa3050994b66ac9c92cdbb7d2faa3ce77c9aa733e5e22e423a60097b,随机森林,6.0,6.587956961883431,6.0,0.5879569618834308,0.0
white,4408,529fb12d3cd656e82fb5a67ca3d50d74960b7952c0565e7ef05eaceb19c3f016,随机森林,6.0,6.153509438474608,6.0,0.1535094384746083,0.0
white,4418,41bc0c30c73dc99edd8ac72f98ae8d9fc193c057d631139ea19aa8cb54f9fcab,随机森林,6.0,5.8714734137694675,6.0,0.12852658623053248,0.0
white,4423,41bc0c30c73dc99edd8ac72f98ae8d9fc193c057d631139ea19aa8cb54f9fcab,随机森林,6.0,5.8714734137694675,6.0,0.12852658623053248,0.0
white,4424,41bc0c30c73dc99edd8ac72f98ae8d9fc193c057d631139ea19aa8cb54f9fcab,随机森林,6.0,5.8714734137694675,6.0,0.12852658623053248,0.0
white,4431,b7588ea4eb416ffb128723df562ba2039e3991530eb3c692be8e1ddacb1b51bb,随机森林,5.0,5.224522463103347,6.0,0.22452246310334711,1.0
white,4449,c62171597e34213ac3cb16489519ef92cc6609d3223727475ac9b9a5a9ff534c,随机森林,5.0,5.713007349820276,6.0,0.713007349820276,1.0
white,4451,9ed39aebc6c1f9611bde0bee7d8c3b331952046a695b19dadc53f66ba9189a6b,随机森林,6.0,5.967836428750127,6.0,0.0321635712498729,0.0
white,4462,d24f729a8b7a56006b7595079ab091f268151967315c3b8a899a9297d5e9214e,随机森林,6.0,5.7836135723581545,6.0,0.21638642764184546,0.0
white,4465,2240d9da2a64c594b41c5f1c3d05babf6ed5a21c0f721e51e8c9e3a73766aee4,随机森林,5.0,5.520299358049359,6.0,0.5202993580493587,1.0
white,4466,2240d9da2a64c594b41c5f1c3d05babf6ed5a21c0f721e51e8c9e3a73766aee4,随机森林,5.0,5.520299358049359,6.0,0.5202993580493587,1.0
white,4481,80ddaeb5627481f7ea59e894108d8c488ee5b0157100f2155fca700bf48b94e4,随机森林,5.0,6.971995166182858,6.0,1.9719951661828583,1.0
white,4485,045e80084864e0eb00f969e4440d032f7ab3b38cc621b438fd96da34bfdf936a,随机森林,5.0,5.104031619939516,6.0,0.10403161993951571,1.0
white,4489,6803404bbc663703a0fabe663cd4f1ac53654e73aa8646cca8f0e149d4185bdc,随机森林,6.0,6.801127723039486,6.0,0.8011277230394862,0.0
white,4490,6803404bbc663703a0fabe663cd4f1ac53654e73aa8646cca8f0e149d4185bdc,随机森林,6.0,6.801127723039486,6.0,0.8011277230394862,0.0
white,4492,5a0a293c036a99cb1562a8939a322e52b7d83af7aa36315e14e1ee2cad090cb3,随机森林,6.0,6.453045117865164,6.0,0.4530451178651642,0.0
white,4493,cf98ca2d3a93cebc4a9e38182f27646243e182c3221f5018a32d33abe118384c,随机森林,6.0,6.154130687395392,6.0,0.1541306873953916,0.0
white,4506,b98a147910c472609440586896ddc628284b78fc15a6f05f460d8fbf2ca5c04b,随机森林,5.0,5.441473940103587,6.0,0.4414739401035872,1.0
white,4512,2de18d541394a2cfa3a23278f7ddfc550a5a043099911d4068e3fa3b26674cd0,随机森林,6.0,6.248505584156126,6.0,0.2485055841561259,0.0
white,4513,2de18d541394a2cfa3a23278f7ddfc550a5a043099911d4068e3fa3b26674cd0,随机森林,6.0,6.248505584156126,6.0,0.2485055841561259,0.0
white,4529,6c8f5cc6f01ba1e77d4b8ffe9703ec14970be3a198640c9a8b7e743d52445f16,随机森林,6.0,4.909052109998705,6.0,1.0909478900012948,0.0
white,4530,f37213cf6ba40c0e42b3d0302301a4be0f61e18289b58b7340caa93b905496f7,随机森林,6.0,5.4130099491868044,6.0,0.5869900508131956,0.0
white,4536,91709326988234b5f7e207adbb587b45766ed49234df5511facfd58d0341ed19,随机森林,6.0,5.424769217696073,6.0,0.5752307823039269,0.0
white,4537,66f501969ad808f70ce3abf68289c5c18e4110ad106ee43cd9bbecabe6236960,随机森林,6.0,5.363830490788308,6.0,0.6361695092116921,0.0
white,4539,f490c83db5e84f472518ecbf9c4a534edbd0cd92551e223d3689293b9e3675a6,随机森林,6.0,6.193284703228202,6.0,0.19328470322820213,0.0
white,4543,3892e1160dac71071b4025f5b57a143133cb410c0d07145e8b7b85479d760399,随机森林,5.0,6.340708559901284,6.0,1.3407085599012838,1.0
white,4544,3892e1160dac71071b4025f5b57a143133cb410c0d07145e8b7b85479d760399,随机森林,5.0,6.340708559901284,6.0,1.3407085599012838,1.0
white,4550,3892e1160dac71071b4025f5b57a143133cb410c0d07145e8b7b85479d760399,随机森林,5.0,6.340708559901284,6.0,1.3407085599012838,1.0
white,4559,4c95dda9f2bf2cda4dbbace6dd8182fb0779f54f9d8120e2202ef386d1ad9651,随机森林,6.0,6.448144524993984,6.0,0.4481445249939844,0.0
white,4566,11902d5628e82c24b24e06c7575533797683bf22ccf4aae937350e77fb008c9a,随机森林,5.0,6.2755244891560675,6.0,1.2755244891560675,1.0
white,4567,f2bc2489214ac4aabcd9a8d82a5632e7bcc48ff0045366a7dee27983f035baa1,随机森林,5.0,6.504454693726754,6.0,1.5044546937267542,1.0
white,4568,11902d5628e82c24b24e06c7575533797683bf22ccf4aae937350e77fb008c9a,随机森林,5.0,6.2755244891560675,6.0,1.2755244891560675,1.0
white,4577,715d968bbaeb42f7ac637737b4b6ecc32ec35455f9adb990d18391cdda6d1cc7,随机森林,5.0,5.908930928476985,6.0,0.9089309284769849,1.0
white,4581,2cf55f1412875805ab30396afe6df1697fd7ab912db7c22c259869a7cdbc2bed,随机森林,6.0,6.377301082359905,6.0,0.3773010823599048,0.0
white,4586,23888506c2e4aeaac8d5c3be24e38f4e59bf2a961b9f31ac1f0b3893d5059920,随机森林,6.0,6.569187636709694,6.0,0.5691876367096942,0.0
white,4612,e1b1f0873a9100a8a41a071e3ea03479c4e15df73f9a1313d648c8efd3fcf9fe,随机森林,5.0,6.295940148359266,6.0,1.295940148359266,1.0
white,4613,3fdb52d7dbaf558f4928c198375254d7ba8be5f934f11b6345c73f6ba5e9da1f,随机森林,5.0,5.283330328984739,6.0,0.2833303289847393,1.0
white,4619,dc936cb0d3f48be12230276061871c4e2164310cd9a3bd88eedd342d55a45ef4,随机森林,7.0,6.638341951764553,6.0,0.361658048235447,1.0
white,4621,eaae6cd69d42e7d37b30216ea6e466ea58e60535a809224182b0a06ec6743a68,随机森林,6.0,6.290882297183383,6.0,0.29088229718338265,0.0
white,4623,a6bd63652aa3e9e99fe6a117eaa7a9014a4283c6c33d7fe48cf842d7d50e451a,随机森林,7.0,7.113934269706327,6.0,0.11393426970632703,1.0
white,4624,db17f9ca7322c10a727bf5f7d6e2ff156f4039887f9dec91cdb01661cd2e624a,随机森林,6.0,6.593499215653624,6.0,0.5934992156536243,0.0
white,4626,6e2481bd39844928464f45c3af9fe16d3f499c10feb79fb27dfcfd69728840e3,随机森林,5.0,5.180080910160243,6.0,0.1800809101602434,1.0
white,4630,0ce268c8f15dce4437335c1d92a9e94a7526850435a29a17ceb7df3d766684ae,随机森林,7.0,6.044994482856325,6.0,0.9550055171436753,1.0
white,4638,d4607bdfabb051068db69bddb42a53f420d9e1a966b06312b84af3d0e46aa12f,随机森林,6.0,6.237290167048297,6.0,0.23729016704829675,0.0
white,4640,83f6bd0d087dacfd50d22ae88d63e8a4668eb27464b09729e198162bbde37444,随机森林,6.0,5.2129050755889015,6.0,0.7870949244110985,0.0
white,4654,3ed6dd19aba338c45dbe55a8eec3a294cafe9fdc3c626a9c91cd459f30011d25,随机森林,7.0,6.418728015448605,6.0,0.5812719845513952,1.0
white,4655,1dc7071fa1ac84b1c8c11eaee20fd7d8bd3c564de6f0fe145d16f9c703b9afa9,随机森林,7.0,6.509479370045157,6.0,0.490520629954843,1.0
white,4656,1dc7071fa1ac84b1c8c11eaee20fd7d8bd3c564de6f0fe145d16f9c703b9afa9,随机森林,7.0,6.509479370045157,6.0,0.490520629954843,1.0
white,4657,1dc7071fa1ac84b1c8c11eaee20fd7d8bd3c564de6f0fe145d16f9c703b9afa9,随机森林,7.0,6.509479370045157,6.0,0.490520629954843,1.0
white,4665,aea10ce4c6c82a91733d3ab74de31b70424f79e645273199f7bface67974c2c2,随机森林,7.0,6.319480277133139,6.0,0.6805197228668609,1.0
white,4668,9c816ddc1c8ccd9c45d5c169bd5d2703608e7620a870fcf6e0a2ee04652b65ea,随机森林,7.0,6.319480277133139,6.0,0.6805197228668609,1.0
white,4671,2b7e785c6324addc59da8283481332cda4aa5809c503e33181a8b1ef5a5c211c,随机森林,6.0,5.351646022822494,6.0,0.6483539771775062,0.0
white,4672,24a072ef9a2cbf99820f10469e30c1f41f2112cb7b7e7b8c68b10afafef5b45b,随机森林,5.0,5.649350110129523,6.0,0.6493501101295234,1.0
white,4673,24a072ef9a2cbf99820f10469e30c1f41f2112cb7b7e7b8c68b10afafef5b45b,随机森林,5.0,5.649350110129523,6.0,0.6493501101295234,1.0
white,4676,49e461d41e7cb2d0a6f238bde8fa7842fbc5c998fc7dae555930553b822cbb0e,随机森林,6.0,6.0444943137501195,6.0,0.044494313750119474,0.0
white,4679,2b7e785c6324addc59da8283481332cda4aa5809c503e33181a8b1ef5a5c211c,随机森林,6.0,5.351646022822494,6.0,0.6483539771775062,0.0
white,4686,efbbeef5868236917123590d6c674abc76d58080e17e0ac734b5e7420fd2f442,随机森林,5.0,5.543890617753471,6.0,0.5438906177534708,1.0
white,4693,7dab3620780491a19af34cdf68a279e8ba3ca8a243a7d447e1d9e615b208d2d7,随机森林,5.0,5.389458000003666,6.0,0.3894580000036658,1.0
white,4697,2b80564cd4a703419badae7f5e71e2c6d0b54ca5ed4ab713ebbe57e77d441f92,随机森林,6.0,6.507286032322797,6.0,0.5072860323227966,0.0
white,4705,925cfe4caa3bb8b29bd0eed2e9e118dcc372e949d243639d3e7807e0401114ef,随机森林,6.0,5.196371465737568,6.0,0.8036285342624323,0.0
white,4710,9f49b525cf507e2def00bd3ce40a265687a8daf6afafc74e37928457334aa627,随机森林,6.0,6.729101240984552,6.0,0.7291012409845523,0.0
white,4724,f6214ce1d739db9b89e66efabefd4c850c4a691f8c291e8a6bc924e65a28f54b,随机森林,6.0,5.195645601675013,6.0,0.8043543983249872,0.0
white,4727,86f52329e08a3829b4e1e96ff650fd2c29ee933879698399a9d8bf73ed964627,随机森林,6.0,7.03958027627687,6.0,1.0395802762768698,0.0
white,4738,c7dda0c4a71de8a0ca6d2a16253377dc1e00acf9efba7bf2e9f891c211b6cdda,随机森林,7.0,6.632212384107121,6.0,0.3677876158928788,1.0
white,4740,35a8c240bdf2f887964a34c05cd18052ad18da689b648bb5ccb328358b1738f9,随机森林,6.0,6.324506164773192,6.0,0.32450616477319194,0.0
white,4742,9d359075e56b1ec5a777cdcac4249f59225517fff6852d906c5ef0605dadebc9,随机森林,6.0,6.247554896628424,6.0,0.247554896628424,0.0
white,4749,e660b6dfebd8660bf1952eed37f452f1c4cd81e45fe09f0151efccc3d93a4d70,随机森林,5.0,5.4248512040791415,6.0,0.42485120407914145,1.0
white,4754,3ae908af8c3694217fc4212a491844321ed4a8dda5d972a7463d38145539e437,随机森林,6.0,6.682379104211926,6.0,0.6823791042119263,0.0
white,4755,4f344fd291fe59714fb76bbe11ebc73f6f9bf90318670c1000614ec12fa671f3,随机森林,6.0,6.203263991784507,6.0,0.20326399178450671,0.0
white,4756,c083d5848be5494905fb7ba37d55d591b8bcf915d73bddca54f367886d16463f,随机森林,6.0,6.143745377157532,6.0,0.14374537715753188,0.0
white,4780,47c6b25c068790e0375e0b77f738fa7f4fe13e35c62396bc135f8ed688a1010a,随机森林,4.0,5.804483212636465,6.0,1.8044832126364652,2.0
white,4783,b9ee5e8e0cb5c54383e94ead0ea4db6c09bdd0ed26b205cb2847f634d71323a6,随机森林,6.0,5.414567880104644,6.0,0.5854321198953558,0.0
white,4784,b9ee5e8e0cb5c54383e94ead0ea4db6c09bdd0ed26b205cb2847f634d71323a6,随机森林,6.0,5.414567880104644,6.0,0.5854321198953558,0.0
white,4787,029b7b27838671d1b4e13b4e8febdd0d5d893301ad538351fbdf191ad842d850,随机森林,8.0,7.110687471841882,6.0,0.8893125281581176,2.0
white,4791,b2e9463156ef104a56b53ea54a1c17ddb08f711641f60924965c372affc790ea,随机森林,6.0,6.064870096664601,6.0,0.06487009666460075,0.0
white,4792,b9ee5e8e0cb5c54383e94ead0ea4db6c09bdd0ed26b205cb2847f634d71323a6,随机森林,6.0,5.414567880104644,6.0,0.5854321198953558,0.0
white,4794,81f403080c2be0a617b2c2713b649d6c6f69f4204a54ecd092e2bd01846a4a77,随机森林,6.0,5.287293051791115,6.0,0.7127069482088846,0.0
white,4801,83f6d53c22761f485db1959ec1cb6044e0579709871325f0822de833cd54111f,随机森林,7.0,6.256681426889244,6.0,0.7433185731107557,1.0
white,4809,832cd0c738726452bedf3060b9a2c163c58f6b4d9282f3890b29ee29b14d3c6d,随机森林,5.0,5.571841185775008,6.0,0.5718411857750079,1.0
white,4817,974d4fc6f10ec856291e8e1cc796b39f3fef1faa30f6ffbece11cb0597921ed7,随机森林,6.0,5.6882673416911045,6.0,0.3117326583088955,0.0
white,4828,94b67d3a9865c16ee5b04ac8067d87cd6baaed420f5dd8e4b2030c8bdbaf7078,随机森林,6.0,6.299485339737655,6.0,0.2994853397376547,0.0
white,4830,81e83487b5d217e51fce7380811191380cc2e0e15050ad8985c779c5fc2eb05e,随机森林,7.0,6.406239793602798,6.0,0.5937602063972021,1.0
white,4831,940f731dcbb0dd70fcc6241dc05a338f9badfc7925a51ac61ef2a36c7bf69da2,随机森林,6.0,5.657043757426496,6.0,0.34295624257350443,0.0
white,4845,f1fd23fe964309f6dc7e2f03c5ab79a1b50ad6806ed23dde8ed092f6b9875798,随机森林,6.0,6.682105164128389,6.0,0.6821051641283891,0.0
white,4847,1eaae2b02cd5c5bc2a50a4f6459938bf7ae9a899dc53cb16b741efdd2a004c02,随机森林,6.0,6.733528875092343,6.0,0.7335288750923432,0.0
white,4856,b2b23e9c64ba55a4381cc33a1ca68a556d28ee4776371c6329b748b15d9ccc9e,随机森林,6.0,5.7208579383579385,6.0,0.27914206164206146,0.0
white,4857,b2b23e9c64ba55a4381cc33a1ca68a556d28ee4776371c6329b748b15d9ccc9e,随机森林,6.0,5.7208579383579385,6.0,0.27914206164206146,0.0
white,4859,4a082177092eb843ceab2333913fd4fff1a5b3856b3b4a8a260825ca04bb463c,随机森林,5.0,5.201084240435633,6.0,0.201084240435633,1.0
white,4863,4a1b9199274916f7a3731e6c262bae3d72a662ead30c89ac6e4739e35caabc4a,随机森林,6.0,6.287496737739385,6.0,0.2874967377393851,0.0
white,4869,dcfd554a7ce160696ff521771c5421b93c2a243e791568bb19624e9b4abb36da,随机森林,6.0,6.215417815572221,6.0,0.21541781557222084,0.0
white,4884,2e6ef11e944ec336d8b66fd10d0bf70d50f94a0625bab56b1262d3e61541a824,随机森林,6.0,6.082176527992707,6.0,0.08217652799270692,0.0
white,4886,332723423e2ecc02dd68530417f21d4b5824003e0623e272e491f9e46ababe84,随机森林,6.0,5.69583358686377,6.0,0.3041664131362296,0.0
white,4892,2689342fc4136a659798210a0c8cb74b036805d403fc0276bdee73da068526d4,随机森林,6.0,5.754554857380319,6.0,0.24544514261968065,0.0
white,4894,abf7b320900b5d44f767ad15153ed0a2552307eadf6e0f40bbbfd4d6b4006161,随机森林,6.0,6.244985807077913,6.0,0.24498580707791273,0.0
