wine,source_row,feature_group_id,split
red,1,ed732442ffd17d038e1226309b15b91b777280f90d2eb83b4c39a737f1648045,validation
red,2,43e2e3f25170f6609bbded15845b034913b5f8317159b9e573c1fb6b23a6fc3f,training
red,3,aa8ed2a845205f4d5357592cc1b2591ea5d4cb53efab33a4e5887007d3ccb1b6,final_evaluation
red,4,2408349998afb1fb779adb902a675bdb9ceca14fb5cdefb4167e4edc98f36292,validation
red,5,ed732442ffd17d038e1226309b15b91b777280f90d2eb83b4c39a737f1648045,validation
red,6,a895f2554842c84459c6366e146a2abc802435e1107179fa8c9c7182053dd4e2,final_evaluation
red,7,6a46dedcb2593df557d9ab24e5edab98c09bd2311b81d2f24403bbe7f80bbdda,training
red,8,362f2a0eac6d64f3006b6bddb470902580d8f5e1adb103e673c43aa5ea3b8235,final_evaluation
red,9,0453836fb16b0d98c32ca6514151646dd4a33ab745df8572d9545723f877e2e6,training
red,10,6dbfb499e4ab2701d5d80f060c0f10b22766305002e21977cb4cfb9fe2b36291,training
red,11,7f35e6718fe13961e0a500b3d5546938582cbec2ad64566ae817eaa99c4252ae,final_evaluation
red,12,6dbfb499e4ab2701d5d80f060c0f10b22766305002e21977cb4cfb9fe2b36291,training
red,13,83cbada3d6a61a71f10c217c27b5ceb916c4e2dab168e5396fd07e891419e56a,training
red,14,7f8d5d48d32aceb7730a3ee9bd4492539e52fd1f1d43f30095556e0abb958a20,validation
red,15,34409c55f0f0b10a1e19cc9308227cc4af80ae57c020d8a593fd62a767ca6b41,final_evaluation
red,16,0a576e8709894c2da5bbed1523953b454d6cac50742d58e3f9e54dd932278384,training
red,17,5b9589add9ab5da48063bc249b76073ed94131742b0974a1a8cec01fb60d7ec1,training
red,18,5bf3dba5d3c5fa5afae7294a1a980b642b543f895f6e1cb3253478a6753a76cc,validation
red,19,818259cb25c9887c0c494f25d7803625ce74fd8d928b94da7dc7d48176b02cb9,training
red,20,d448e32f9f42e39c3af544df6aa69c2eda9aa28671c3130f8871024806b8c891,training
red,21,b9b5b0fa4114d9478beb00f4ec23b7cc0ac620894d37180c0974af6dd98777da,final_evaluation
red,22,284f7732e92725c272efb8278318c534cbcabe576290459911f61ebab33e5928,training
red,23,57190c67f0143455349ef0d79cd4a0a4195a463a44cf4c777142536b4a268c04,training
red,24,0dc11a6583a362342333843edb10900d534b410044e73743406a5756582ac7aa,final_evaluation
red,25,a54ec5f239ad2d5efb97ce2ef445349f62d445a46cdd99d2202736ca7a439496,training
red,26,c069b4f29726d98ab8db2c7c8dec47063e2488d21a1e3f75d0ad33c303c151a4,training
red,27,6932d89601ca15c27ecb13be1bf7c5273120d2af54f719bfd783aa61337b0072,training
red,28,57190c67f0143455349ef0d79cd4a0a4195a463a44cf4c777142536b4a268c04,training
red,29,fdee21bf528f6a8be32c8466b19786118090e2cce55d427423734485bcfec210,validation
red,30,348adb092ca976e3ffa3a840bc90a2e768b8adfd2a7328096c28eac06f967695,final_evaluation
red,31,690b4902d38a8eedd12cd325621a5b529dd617b4f04479167118a79dad1bc560,training
red,32,122ffb264769835be62e4b73545d83b791ea33afd645fd68736c20b7c3a2fb0d,training
red,33,54ba012229edec6911eb4f3ee0228a40df250ea86d038672a65fa9c68883019c,training
red,34,aec838dd1b20cde2a12cacf5f823bf9fc6709f767d93b1d260cdb74395651ee6,training
red,35,a8dcca9489c5a4c65296f99400b29f91cf0c8dbcc44c4d4287dc2a719ada3c2c,training
red,36,7d28015dca36016de75bd14cc8f1ce8811286b66a85d89a77223d2830b427f93,training
red,37,9c8019cdefe1828db67b1286450180f3ef6b9775b5b64f3c9da94638a471fd5e,training
red,38,8d70e867b174a7d2e0de927bf2df538931fd89b1f228e0933dcce41a196d9762,training
red,39,15addb595c5ba5ac43fe437accbc1d6909cbd6394a505828285d40d80632cc45,training
red,40,6e0cbffd4648df48da376f8e2ffb233fcba734305640a8bde4b06e1a12dd6fa0,validation
red,41,6e0cbffd4648df48da376f8e2ffb233fcba734305640a8bde4b06e1a12dd6fa0,validation
red,42,2aa378b0c6b2c6ffbeefbec24683fdd483199822ce879e7bf1237997c699fe93,training
red,43,8c2449ff9d86b9e2ebc425a7c13478f72581b8f7c66312f7bee5ac6a26c92736,final_evaluation
red,44,4d0a5695ddfa56045f29ee1434dcc91a9448ce45e5a234797731f9697756eb5d,training
red,45,3d6bc212938a295eea2404fd30f739a6486473c3d2201c9650f8f2fcf98652c3,training
red,46,8b43dcaa97ed7a49bd049bac30563c051b19fcd3666a48d56c77eb5ddf7e3e97,training
red,47,40e3a6cbeab679c352599001651ad032554502dd1560e6738d902e91ca49b862,validation
red,48,6d33cb1af4b40bcd8a602913c4835722d0159bf07829cb53c1224f3a0c1e8ad8,validation
red,49,f44d002f575ae952a7fb2ef5c32a2bf99b1b25dc7c87e015f4eec34bc45f247c,training
red,50,85b5adf0dd00f4ede71d27405e69dbdca0bb32eb52ec484a479e1c5f298e9fe7,training
red,51,69ad272ee19ddaefd9fcad2dd4a69875689478abcd7772ca01a7d883d08b4489,training
red,52,004be92dbea6c13aefeb12247ee094d19b8029d61f01880f4544e3d38a5d1911,final_evaluation
red,53,1c816c3e625468d816bae415ae982c3534bc740ac8859ce35c67712612e8f2c5,validation
red,54,f2f4d540a81488e6373cd217b0b71e22201c7a8ac7ead26d3d85c54436c06ae2,final_evaluation
red,55,f1e11e0b7bee67f167296132c256bca93f04d64e9ecfcf228563cce11c8c4e74,final_evaluation
red,56,31a23b8e2334c3cff9dfc738a5db66c7ccf63343dbd4ff1e453ec64973f164d5,training
red,57,41af141fb5546dc88685c92f58260a278ce86afa4322f3565acf184cdb7432e6,training
red,58,44705f0ed4d48377ba6551761bb536e01d94b9201d59410c60c1597bf8ba171a,training
red,59,7c06483c701dc4afb4cc1ab627186a45d14f5d440455aac6c22832a83cb0a8e7,final_evaluation
red,60,b3dac3559285193b6652fa51cad8169e4ae8b11b2408cd3a8a3d713f0b5e57d3,training
red,61,0969157ff26676856b604548108b11e9a5578c6cd704c62e282846c8126a41e8,training
red,62,99be1cd75d324231ce5fce177d3929d3d4e14cc208fce164ace9c58f8cfa5789,training
red,63,c92a75ed89250afd2ba861c2d283fb8274ae00cc73294f3e487402ca1d6193ca,validation
red,64,481af2a650730e8def950c599f6446479ab01a47e4e4c7e7fdb6bd83b65f8dde,training
red,65,38bf9ee64064ec9de1f794903175864a88f1ab421e5b94d5c3528232c1a12987,final_evaluation
red,66,38bf9ee64064ec9de1f794903175864a88f1ab421e5b94d5c3528232c1a12987,final_evaluation
red,67,5e1b7021043a2502b481241e92ce722f62bb6af25af111cfc399fba5026a843f,validation
red,68,1568afdfe5c20a0d7fbab16819170312ea72ba5257911cebdce5d53e16754461,training
red,69,bc5b52ba219e2c36e2775e3810e7233128d5d21084e0a844f093c5e88e0c88d4,training
red,70,9a0a78b0d6ad2d34c2e64662b7c7700259664f94013f644482ce918cd1adf91b,training
red,71,fb35a26dee017ea969207164cd2d7a71b24276a8f7a1ad5608f1442b3fee3258,training
red,72,df99203fa58023a11571a162689d30e0c74bd242b48a8720852f6faa790f3a4d,final_evaluation
red,73,4b37a0d99ff4852a078783effee06e18e09753bc7e7d532624ff743c7e559c21,training
red,74,abfe0eda1cd7a3c5531c05ede6d431db77cb0f8ca24d9a17e5bc8b9ac3c3f14f,validation
red,75,47a969305a829818c5acde4ca454c648fd2c42aa09693c133303a65bb5f991cc,final_evaluation
red,76,dba8101b196952d5d0d0e458c6c684be87c6dcaa5c75549412553e248ccff9a3,final_evaluation
red,77,dba8101b196952d5d0d0e458c6c684be87c6dcaa5c75549412553e248ccff9a3,final_evaluation
red,78,d6b949650649b4f1954635cedad760ef8634838b9a1ca40b46f962e77d406cda,training
red,79,616070c1368bf2138822acc4d2f8e0a6733a169ce07f4848057dfa886fa6b7a3,validation
red,80,e81f1e3c4e18e0aa41aaa0d045f509be3561cea4f478420afe03105fc4b89e13,training
red,81,33c2f1b250975d3d7e01393bda14ceea0755030025c7c6deb209c82f75b30793,training
red,82,038ff5a4e51eae287d1e3483bf44f3a1c5981c13a773218dcc130f7c768afce4,validation
red,83,37087984c87d13681e2ece3e0c2baced43efac5bd72d4b4ab4e05ed1bc4bc08c,training
red,84,b3fb7fc2a18a1435667e7e2515266d33bc7f0875af33b20d6b90a416bcc1d64f,training
red,85,5b6d8e7518368660c8a171121045fd9dc173e616f05faf7d6340ab3aeae2c402,final_evaluation
red,86,b70e632d047d1880e4cad4302b80ad59a85c46fbb6494f77273d96c4ebf30485,final_evaluation
red,87,3b570ff4c19f134db7848bcff91a04793c60459cd008284a0d337d7dbbd55198,training
red,88,9464ad4ae0a09c01ba0684ff089ccf51ddf03211c2e5d3228fcd01e2035863bf,validation
red,89,fc843891845c08010891a652eedde0fcae769e01a2802b448d3a23c94dd807e4,validation
red,90,cc8671a5d52e6d293fd7fe4c2c55aa7067643cbc16dab61d0818473c104ac876,final_evaluation
red,91,3d7f7412528d39d9cf8f16d2a82b194c55a989b99a7a476b7f359d38dc984fd7,training
red,92,3b570ff4c19f134db7848bcff91a04793c60459cd008284a0d337d7dbbd55198,training
red,93,cea9ad267e56e9808c574a14cf6960aff2c358dafe79a59ee047ab02ce88162b,training
red,94,9464ad4ae0a09c01ba0684ff089ccf51ddf03211c2e5d3228fcd01e2035863bf,validation
red,95,e2dffc9289be55b6580f26d111b9a0d35f5fcd4a5ca30e3765ec28e86b5600f2,training
red,96,32305b844effdaca46e81886187e7cc4a6cfcbf8debb56cf188b3b73f52c432d,final_evaluation
red,97,d05142276816683583772a94a687651f8169326a0c97022d667d25894a58e508,training
red,98,0b740d7631c523477c15fbd99f6ae4b2e0a0b2560f21a73e44e4b831c615d15c,training
red,99,c4aa22bcec924f9591f84ac2979fc4abdd222b2026093f624e748b04d589d6a2,training
red,100,6233c5999fa45870bd4144330dcff4d78e46a94e2be012e9e244be1dfd94da74,training
red,101,9da97185cba0e1d9c68d948e6ae646353ad0f5f5688f82547728372590b01ad2,training
red,102,f60b1d1090960803a44fbd505cf442d2cc8e48faea9570fc05f0a6976b9cda02,final_evaluation
red,103,6233c5999fa45870bd4144330dcff4d78e46a94e2be012e9e244be1dfd94da74,training
red,104,15edb3217ebf27626c8b7f0e18bb69bd9ae62a9ea078b4ced9fd27e92c6bbd62,training
red,105,fb6d3372a29805bda9f26b648b4da8105292dc4eac472dc12b2d2ed6459aca08,validation
red,106,15edb3217ebf27626c8b7f0e18bb69bd9ae62a9ea078b4ced9fd27e92c6bbd62,training
red,107,fc8226866210679a1dc6e3d5730d008cd94864723bac4f0eae799ef787abbec7,training
red,108,9a60c33db8ace898be4d8e14a3b860bf182826aa07c77c282fa29c354c88d65f,final_evaluation
red,109,1f2f403018572f6db33efe180a4fd68070a3bc96a7aa3b90da68c8fcfc2d5cf3,training
red,110,29ee2843533fa3a63084f6f2d90f1fca4da24b4470b06b4a32c54d2799ff2290,training
red,111,6a7a905ea0a8221f965a7be61bd8843f69980f73ddb413ef6600099737c7eee6,training
red,112,f7f5372b550ca4f4fbcc5d61255511052872840c121cd172d9a9c26ecb309e32,training
red,113,3727e35a7448e36dbc956525ecef72d8db1067af64d036374f2c8faf67d20e77,training
red,114,24a3baf9622cdad79e3be5a4cc6a70fb87a5f245af6e7ec7ab1b2577c08f0deb,training
red,115,6a7a905ea0a8221f965a7be61bd8843f69980f73ddb413ef6600099737c7eee6,training
red,116,4843c4249affbd18e1ce0afadd6fdc6135822c75fbed7dfd9ef29fd2b315f86a,training
red,117,53b0d8cd903ad31213c8c34dca9dd63bbfc8f9b206411b6cb3e1f88d2812eb7e,training
red,118,b1507dcac40d538e029f7e0e9ea598fbacd26caa45026fa9eee7b73356397f82,training
red,119,d67fa3d783dbe7c4849719546f2e5c27fd3701f711775f92d97866c13622ecf2,training
red,120,6479430eda311d20417959d0d1c1f02fee7deb7565cba917a1ee670394ec3665,training
red,121,fea822bbe1edcd213c6f92900b8ef046df0280d197582610d41cc3b0f0ec8cbd,training
red,122,d67fa3d783dbe7c4849719546f2e5c27fd3701f711775f92d97866c13622ecf2,training
red,123,c2f5470497dfcfbd3935d8b0da82acb816ad41530d26c02f5ded6dd0009f6c4e,validation
red,124,4dee5727be58d87cdbf649db4ddaad1ac3344bb1dbe83c26628cb9e66033e939,training
red,125,87e7d105c666425cabde1c2be4ccc618771ecaec55782df6bf7717ec3215b173,training
red,126,f4fedf76ce72adf3792e54ad3525d131c21517ccbf495be0d8db58f6780a0429,final_evaluation
red,127,dec1afe9af52d67843dfcb3f39ec7e1cf41925aaff358e260cddb00807af7ece,training
red,128,d97adcb5366657ba023608cc5fa4b15a7eb4f33a06085be0a28326ffdc194628,training
red,129,689ded5978012afd1f00adb9d5321a43a44fc552d44745a8c44a935824e0d750,training
red,130,573e96b97115e38a225a9b920b7e28f6253bd9133f1efab3a04ae275e7c3d123,validation
red,131,2aa58abb34f273edb6fb9c0d1db34a6bd3cb01927c539e59c72dfb7d32fb56c2,training
red,132,db593cc02de7a09ae94318eb7714f0e90139bd2fa75656f2e20425b974ab77b6,validation
red,133,db593cc02de7a09ae94318eb7714f0e90139bd2fa75656f2e20425b974ab77b6,validation
red,134,c1df4c541243f98d093bf9944ce1340d04a960f714913b783c590405ce15ab2c,validation
red,135,3303684757203eda1c537441b94a8c78107e5355f2898e4cf7a0277e394373ca,validation
red,136,8fc854dd689a2fa5df4d86703ac8d80bbf9ba8c3176a93ca70c6cff54acaf00d,training
red,137,628f6aec46bc7aac875895f2e5ab838d2a8bc97a243dde3b1917dddc1a6cbeb7,final_evaluation
red,138,048e068e946944af1c705dc4cb5c1329e8e2eac367749d1b38dcaedf30f41e82,training
red,139,7e15beef249f10d09379f429197775109d2407bd87ee4ebf8e902a6d4186459f,training
red,140,4b9bb0627b4469fe98733faf3b7ab09085e2228a76ef2cd646dfdc32b6cc1748,final_evaluation
red,141,8fc854dd689a2fa5df4d86703ac8d80bbf9ba8c3176a93ca70c6cff54acaf00d,training
red,142,628f6aec46bc7aac875895f2e5ab838d2a8bc97a243dde3b1917dddc1a6cbeb7,final_evaluation
red,143,d4b888097f77501f530ecd437162f3d288d12a39cf63a33e8fbf839bc2539a3f,training
red,144,87ba217187112350042a3a1d0311c8d16af97a7f3780d1e863cc9aa0f40e4013,validation
red,145,d4b888097f77501f530ecd437162f3d288d12a39cf63a33e8fbf839bc2539a3f,training
red,146,6b74a23f4c0805492e267e47b6d235d1bfef7306f1b4f1a67f8cdc4dcbcacf94,training
red,147,cfce10f13bfa31c2006c6c2f7a458d1086489299c849637ca3cf024f32b348fc,training
red,148,3d2fdef2ccf129bee485191233f17bdebf07bba1e48e1b97f6144efc9ed507b9,validation
red,149,7bb82493e243599d722b1625bfb28e962a0f7a9f1b6b69ce1935b364d520e479,validation
red,150,0c2a03c07917ff4d92c1571c7c6d1ee17b2965825f0f42c79fd08be50b201972,training
red,151,f8680c7836ee167a66d3332f5b3f2917bbe0a468b7377548c1ea3014589d0f29,validation
red,152,df4d87a0cacd7b73643946cd5226091e93cf3a968bcb67b8bd14cd2325399d62,training
red,153,e958e7daccef20161e6b4bf7db3b299fed1b5d37c4c2fd8b744584023bb5d657,training
red,154,e958e7daccef20161e6b4bf7db3b299fed1b5d37c4c2fd8b744584023bb5d657,training
red,155,d03216c314501dc4fc10d8a7e3bc1870284b72419ae4593819bc5dc316a807f2,training
red,156,b1545d4ef12656d17d4d52343dc028f269316f85302bcf1aa3434f217148b709,final_evaluation
red,157,d03216c314501dc4fc10d8a7e3bc1870284b72419ae4593819bc5dc316a807f2,training
red,158,b1545d4ef12656d17d4d52343dc028f269316f85302bcf1aa3434f217148b709,final_evaluation
red,159,423d8bfb1fbe1f52bcb77964ab0db0a3e64d4dcf81c01f8260b9ef03ede4fac0,training
red,160,8602c3604e03d85206b56764f8d9a87b73e188dce876cc0533041988db11f215,validation
red,161,09e0b514729eeb66919d112f547a3e51c62d24dea153a024997cdba261f3234f,validation
red,162,75100ece8fd2e12288e8aad67da06aca4a9bb0344d64265dd2742178b8b9d99a,validation
red,163,dffa6714081e0ac4bc42eee80342c11fcfe0a456981266bb8b07eff8a86187d4,training
red,164,a76ac3a4428b692f409b57a795c7d2caef14b59ab150c51cff4ccc6769b03d7f,training
red,165,04f6e8ec5d3c016c1f4cebe2701d6e17ee001f8282fb46b1010130404d092ce4,training
red,166,0e04fbc3484e12684a91b7bef7b65cc37c27d989d65602210cb52fa2c25c3951,final_evaluation
red,167,ac1193a0fff30f50f14d48cf272b4ec372ed3d576063dc326ddad010dda6b017,training
red,168,0aafed44ac43d056d80810118c1a7476abeb3a7af4449319a594814efed25318,validation
red,169,edb29fe913f7ed575273bed2a0eafdbdd5946d76f199e4254ba5da1fc718706a,final_evaluation
red,170,92f14a2ac9350398dfe5c81592c8a12331c422121dbea4d81770dd6258e003e3,validation
red,171,41ccae070c4673a073f76167fe43aabda285dfec10f54acd78711670c765ebf2,final_evaluation
red,172,33099ab1e8b4765a9a687d451ab37ec1a3adf506b0bd0923665e0f7213222393,training
red,173,33099ab1e8b4765a9a687d451ab37ec1a3adf506b0bd0923665e0f7213222393,training
red,174,127268148ddb50d925daddf2518453009167b5c90892b506d91cda50a760825b,training
red,175,0a5bcce065e74089d79ebd07f54c66918c2297f925dadc24cdf1faa7943ea3d2,final_evaluation
red,176,0711bb8b5eef50ff6c99f94a97f31b9bd93e04a4564d76d6ec563af4492a7130,training
red,177,0a5bcce065e74089d79ebd07f54c66918c2297f925dadc24cdf1faa7943ea3d2,final_evaluation
red,178,6eb38a43e8078d4a52ff1aeb625622bd6f1c28cbc650c359c4bf4be38f25ad93,validation
red,179,018f4e53001970e0b6f351ec1381b01ef4b2e1d0b9e4da6013fd3a102cf6f82a,training
red,180,1972238c7ae9615f4b6dda69852fb17244eb5deb96e4b6b28d9872fa0082a179,training
red,181,1972238c7ae9615f4b6dda69852fb17244eb5deb96e4b6b28d9872fa0082a179,training
red,182,db91da3d5c02f3bf1c0824eccfe1b7cff16512311eaac00a11bad4e4d01e5a54,validation
red,183,b4868d3f0fd137e12560a1dc1af6d0d6bac14f490af489237f5593e3880b27e2,validation
red,184,d3b9ba18b513de6524565eb37c7ac99e2bb5feded923565a39637a0047ce6f23,validation
red,185,5818d41bdc4486feb5d35c734d592c8665072becbef684888c06fe401bfb01ed,validation
red,186,dc95ddf6af90d00a220a5fc5c5525c5a366ada08edb2fd07165d444348a2cdac,training
red,187,c43b9f728827aa28ec60b4707473fa44f44b3d1c888b87b1929d54a43de9d205,training
red,188,935bfec25216075efc188bf7b544e4d23eb0d907aced29126994bd495159bada,training
red,189,16286d5a1707a1ff7fe67a51fa784f1fd882b3d371e31dfa16e3c920dd94ec35,final_evaluation
red,190,ade6bbd4643c2be9c6787d76c4d524ab0ba8d1a87c398d7fee8a00b347f0c663,training
red,191,e58f7a898f4c5528372a72806549a5e4383bab205797cfd08eab97e528b14a78,training
red,192,6c79fb344dbfd4e7c2cee3d9fca76d5adac8060007e9e5a6787cbf76fa3764e8,training
red,193,7b78dd1fb5193e1a3cd3c011bcf69b27c9330455a9cdc0dada96c828b85e74e2,training
red,194,53738a1d025cf252cf0259a3b77ea1ec200aa8e3a36f2e3a8988a99844d12103,final_evaluation
red,195,53738a1d025cf252cf0259a3b77ea1ec200aa8e3a36f2e3a8988a99844d12103,final_evaluation
red,196,b39e85facaafeafb25220aea9b35c351a2437097be53cda7f95836658bda4369,training
red,197,8dd329d0a04bca758480a64674355a003d885d67ab5691a4d21f52f6498a1919,training
red,198,f19b962b7d5ceb6a232e7b1fccc1f962a139235ff9f57427a3853a7517a76c57,training
red,199,c8a13ca7848fe50d464080a468630e6d379a37b090786f603548543cf5ba35c3,training
red,200,2e5370b18053854a3b930a60d215428365f9b672e98c96c6a31e5dcc2488bbc4,final_evaluation
red,201,36b3a62bbbad24c211108bb3ee4a93d771e3fe1b75f2385be1235af56f5795cc,training
red,202,8d914d70ad37c72b34255aab13fb8daf4d79502500cf1ee514f640dd93e23552,training
red,203,29d02166a0c14fe4897a603090858cc5a0a8867398b89cf77c15d13dbe015125,validation
red,204,42849c3a9ebb58ae8614825c54b1410274e7e1d382cb773ecfe4343000cdf348,validation
red,205,1d55615e7e3953ca38b979e34c2bc0b8f9036222a31d781bc8ab7c701077f514,training
red,206,f2d92c82c01c225f99c86f2b5b4a83cb9b916fc6e738b33cb22f4a5a9adf43ea,final_evaluation
red,207,f2d92c82c01c225f99c86f2b5b4a83cb9b916fc6e738b33cb22f4a5a9adf43ea,final_evaluation
red,208,f34d19345ebdd27ed824a627faa3ea40f463345a53ca82849e2827178c7aaa12,final_evaluation
red,209,ac4032009935b34ebe2b0ae287f9c5e34b9e7263c19d85da5a850aca75c42d81,validation
red,210,cb4b0bcb98306851273164c8608db32b016967a0197a48c279efda3d7df86515,training
red,211,1481d42e05030d68eb1d235bf6989abff0952548370343d1345dd83489b26c47,validation
red,212,3de0e05046569e7d4b4c94f66e055819bb1098f01694213549dc8517d6dcb67f,final_evaluation
red,213,59d68453a182510f3645c5fbc06c52f03cba5d24cc4e076a010ebd3d842ebebf,training
red,214,aeabe2f4e94dd97fc5de3835cd599956cf327686d2b657da2a548be777d8830e,final_evaluation
red,215,0a53ac3d39fd6807314cdac634749934e42e77062b6902d7eaa55bb95e43a017,validation
red,216,0c64716edfa1d8310960f0ce677909ff226cf00a165f5fe3b119d843b4449df8,training
red,217,7ef0c49d93a37e90e7d141e8c7e19a223828c0037639d9d5a0a5643cae81833d,training
red,218,cf7fed40bd0bc17dab02344b34531beb7754043c713f300e232f680782a581c2,training
red,219,59b55f582b0c0de4fe76563741e6287bec19c70727e23869126c574c6f0b9f65,validation
red,220,43f7323cd7d2936fda5f9d6a85670a6593a403a2e99c812b72d281ef1eba7f90,final_evaluation
red,221,052d6828609f6678c3aecfbb15762b65969d6cd31729ad3a73bc94b69f850ad6,validation
red,222,7c294c2d35548b1f3c653059249a77e362092b590defb3802ced037d586be909,training
red,223,c17c065637c7b9e64d394cf5a31bafe2864807319bf650d27268099df3d5b342,final_evaluation
red,224,7920827cc4b33dd72b50f5be078d2e927a01bbf3ea5318fe562ad9c0d2d92caf,validation
red,225,bd9ef9f91794ef2fbec492fdf48b62df2927d136cf103d83f71b938ead4655ec,training
red,226,37c2f94f8a39c9a1033c0790d7bcc77e6de55453db02c574849fb764f5401db9,validation
red,227,740b140bc015529d36b9b6f9d0d0c517739ed0255e5270c692808e68d5e16a47,training
red,228,8e01fa43be28379c5818e565a12245210b7b6677d392ff0569f963cc1d8edab6,training
red,229,37c2f94f8a39c9a1033c0790d7bcc77e6de55453db02c574849fb764f5401db9,validation
red,230,b141af4518e53c5347e224374eb3218139006fc6e98f6f66483ed854bb502b41,final_evaluation
red,231,82f2d601ebb0f9b492fcd36613674b8d48dcd999f3318781b699cfd2f852a631,validation
red,232,6d69c78efed3dbd580aa4ccf6bfb7c0b6ac5ea710b7bb456fe7f5ab800023b3e,final_evaluation
red,233,6fa2b7b6f69f60508a4312c5622b3af09bf37706f698761611c33bec550444b6,validation
red,234,b141af4518e53c5347e224374eb3218139006fc6e98f6f66483ed854bb502b41,final_evaluation
red,235,427ccdc129bd35114f31d2f3061755f751552390138303a3ba0a860d2673018c,training
red,236,3d73f9b7ec133464bd92b2c40ec6d5bd4ebc2c30e6f42aa3da43d4fa62120acc,validation
red,237,3d73f9b7ec133464bd92b2c40ec6d5bd4ebc2c30e6f42aa3da43d4fa62120acc,validation
red,238,05621ce4aa51f2158f72552da196edbd24db5ba1d71a2fa77b44affe88a4f8b8,training
red,239,3d73f9b7ec133464bd92b2c40ec6d5bd4ebc2c30e6f42aa3da43d4fa62120acc,validation
red,240,427ccdc129bd35114f31d2f3061755f751552390138303a3ba0a860d2673018c,training
red,241,f200108163818e2d884fc9e68db1901b592ed4a1dadf8f0900cd9937d00b1bbd,validation
red,242,93a8edb434afa843816c170745cffac14d7b3ec437956ba4964ed288e14ba545,training
red,243,3352e632eff41bdead8890a6268d70204c6c92fb16ec5a2bd733c52fc0cc6065,final_evaluation
red,244,88e41efa79ae9c8efa13258bb04663fa59e4baf5fb9f01c16791870c854001d2,validation
red,245,88e41efa79ae9c8efa13258bb04663fa59e4baf5fb9f01c16791870c854001d2,validation
red,246,1d4092a60b87f5aeaae35be7e818548c0e4c35e6b736ab153ff001fc25623c76,training
red,247,4ed3296b29cfe28f36da910cdc8fe6d4e99c74e5203ca0f27d0499b044dd2777,final_evaluation
red,248,160e968affc8f80bf055b4fd9d973e60723c48a7188fbca9fbc4f8c248f8f92e,training
red,249,94fd9b72b0b3202f17e4d9e1ffe568c233109b34900e30fa4cf8f1abbc2db3bb,training
red,250,1d4092a60b87f5aeaae35be7e818548c0e4c35e6b736ab153ff001fc25623c76,training
red,251,bbc353919ffc9c66d971f99ab66dd963ad0645e227f0581a4abea03d2f200a6f,training
red,252,a4642e1fa8e5494144c2f33147a8c4c0d1be31e8e66580391a7b3eca5c1b0cde,final_evaluation
red,253,16f9ed83d4da33b9391989f023875c17afd500872ecbb7038482e52b260141e2,training
red,254,28e728b573272343c19b0a3266262ee523ae01a7a989a8fc315bba57386d5038,training
red,255,a4642e1fa8e5494144c2f33147a8c4c0d1be31e8e66580391a7b3eca5c1b0cde,final_evaluation
red,256,7f435948a875557a4f1af16099056aba1b0e757039d49660e8c0973376872442,final_evaluation
red,257,a623bf21e4e48720305c815bfb960065ab5db88c2316d1d8cd613e89eea9e861,training
red,258,f512227dee2e4de8af2f40de10bff676fea9193e125a172318dbaf86efbb6141,validation
red,259,dbe60759651b9e7dbcc76b612a7009d430c06c07a575e179c2dd54c613e4d8b0,training
red,260,e8ae2d702b4f7e5f544b18b07435b18b2a1a13867f3ef8eb95d0bebfb86e4c40,training
red,261,f78c73e50ad8100bac6b2325ed70d06ad76817aca46f8e89fa21d9789e968b78,training
red,262,f2d5be6b788bedac597d5edf3c5ec7f6cc6047f477cce450c10ec68b53612b0c,training
red,263,c2e6d025cd6a1458923ade1b488ad374f46a3ed0bf7b3cab5f25ff2bda7c92c8,training
red,264,a759f20e32bfaaaedb6195d20827af6b1bf425837a9f054c49ac1bc9280943e9,training
red,265,84193f0c5c08919f97bc4978c45caccbf1e9bf21828502477ee05b4d31a9bd75,training
red,266,c187573bb0ed73a03ebb8a79ecdf37ee56a17a2fa69d35ba6c29b6e9f23644a3,training
red,267,1b050d5f4b875c0ce468dc6c0ef1b01b6fbb7a6cde04b07afc6e0a8315a3592b,training
red,268,2bd08d481a4235f78be0d73a51f6fe6a5a7ed5baa67c8ac62d838f83b16fb746,final_evaluation
red,269,463c3ca3fe31d90e08c98f708c2eeac1e49fbee64a276269ff72b9024a710839,training
red,270,81f83428d3ff7e2021a232f9d6d08cb4ab6c19d424ff4dfb38f462b9f941a731,final_evaluation
red,271,b9b039054540cb50bab638fc03c2077d324bb9e007620afa0141426da44e77a3,validation
red,272,81f83428d3ff7e2021a232f9d6d08cb4ab6c19d424ff4dfb38f462b9f941a731,final_evaluation
red,273,e3c63fd75931c6af1487f016ab7549b4be99a920d910fd909503e869f42632ff,training
red,274,4d8308066ca3065b031d7f0cd16dd317ad54d6d2bcb16d667facde5ba298e14f,final_evaluation
red,275,dfdf60c39d92e859b98c4275b73cb0f30925ff11a7aeaac7662c1f73d50f234a,final_evaluation
red,276,b9b039054540cb50bab638fc03c2077d324bb9e007620afa0141426da44e77a3,validation
red,277,463c3ca3fe31d90e08c98f708c2eeac1e49fbee64a276269ff72b9024a710839,training
red,278,81f83428d3ff7e2021a232f9d6d08cb4ab6c19d424ff4dfb38f462b9f941a731,final_evaluation
red,279,d48d9ff8e832cffc11672e184e554af8f704a26a8385e095c760fe1ffe1bce07,training
red,280,7d6626ac0e29ab6e3282c9abcbb3a4b6b05b5287f70daa1cc0f82c92fc5b7612,validation
red,281,52b5fd2d0d9a2f1ea2322abf058b584f7bea52204da4917b9b2f5ed62fc97235,training
red,282,2b7f3535eb60c39251a48edc5fd818023b2e6aafdfa459a185ebe91cc98ff5ab,training
red,283,2271e8ac2cae354cb6f7d65f891f175de21f94fb692fedd640d8adca7cb60c25,training
red,284,7d6626ac0e29ab6e3282c9abcbb3a4b6b05b5287f70daa1cc0f82c92fc5b7612,validation
red,285,3109ea2f6983ca2db58a1bc3ffad7d38871d82934223fd13a43b567891721e52,validation
red,286,3109ea2f6983ca2db58a1bc3ffad7d38871d82934223fd13a43b567891721e52,validation
red,287,7f13124a2ddcd1dd4813e020ecfc27a2174cfc2270c8a3a63114909bb706b7b9,training
red,288,3345736ff5716366a9825258b725d13bc41fd9c66b59bc1071ff4a120aa5b686,training
red,289,a4d6620f8efd3a47b95b8fef8e3dae0d8c4f6735375131e4e655748726ed6dea,training
red,290,9f2a1e4b6552f8597ec58539b91fc7408de60cb27cdb3938fa4c4f87ac681d9f,training
red,291,a4d6620f8efd3a47b95b8fef8e3dae0d8c4f6735375131e4e655748726ed6dea,training
red,292,5cd5d78c0cdddc35caa031d91107b6a20720008686cede943de788ff21bd8269,training
red,293,bdedd5eea0444a2713d08f5bb320e0aca011056a654c1affe6eb37a254949bb1,final_evaluation
red,294,4a722de71e3918768b50ae99298edb517889ac9de99cbf307ea3c54aff12a373,final_evaluation
red,295,72de06bb8e69ee3664ed7c62692a48cbd61990f3abe6dc8de72a96dc8bc4f663,training
red,296,766549626b08ba14e226af76d68fe8d937ae9bae8d5d241e9fb2760098591b17,training
red,297,f79bf5ba963e715ce9340c1a070f23db1abcfc9dcab9dd077a37d2dba0870096,training
red,298,0c3b1ca200fe6c2d482433e5e9b1224d80f9b38a9ce178b900b69206dd083400,training
red,299,b954be086d8d685eaf9194af44be092acc287e1d339d9a41dd55822498299bc7,training
red,300,41a96416a169f123ba198bccde870118050d67cfe4070099d0ebf5b337e12066,training
red,301,9df0eeb0103b3b7b4b84274ce12bd9327736949debff40c020d4d72e796f9c36,training
red,302,08367b99ec23c3e2355656244e75515fc5f695b9bc7a0dc2f17a7762e007057a,training
red,303,adeeefa52fb73a2f8a81276680a97adce92357ee09d336f224c7817c8b234817,validation
red,304,42a2a717fdfb1ac4fc02a5e56cdf155637a11d0715948ad776bbb4ee577df723,validation
red,305,7d4705290c9baf225de19253b0c29e401002ffc83ca8ec0f8bb30ecc9fe6cb1c,training
red,306,7d8761ec2e3b074791caee6327a5aeee7a39bd959d15289c8bac0824dcf9956b,final_evaluation
red,307,2b0693126947667d041fbb0f8e78b3a71757cee467e82705805ef0290ebb41af,training
red,308,f444fb9d42c1feeb9a66ed8b8b9b69d9cae67a5e33d48f5e97b17d94fd6f4d30,training
red,309,757f3d44576fafc26a47ce6d10a2e1a49064f007151f5701ce725409e7a7f933,validation
red,310,3cc9ede72a1302012875e93354a79c1d960cb1685c2a213bda120d49bd8228fc,training
red,311,7d8761ec2e3b074791caee6327a5aeee7a39bd959d15289c8bac0824dcf9956b,final_evaluation
red,312,deaa7eebac90c18318ce0910f3d090d2639da7509f1a6f121d44853691284d3e,final_evaluation
red,313,9a178fff300b5791497533fb6f5b0c52221851e1e1e5c4ae01293a777b2bd692,training
red,314,23ebb53df1a2119d0fff18ca6bf774afebca24758d447151d55e28acb7110fb1,training
red,315,eb1b3a20b1ecbc68f0344a2e41ffc46be89ec3a93a451b0ff6ef77f4e4cd2f25,training
red,316,553adaf619b05fcfbcce184bc1b295106e8870369a3e7fa4160f42760e21c3de,training
red,317,4e2b18cb79c7302cf9204d89dc5fb96f23505360df5c268f2986b782e87dbc40,final_evaluation
red,318,db10494587bdbb1b16f8d9a749b1c312af2b78a8663efd6b9942ef94b665304b,final_evaluation
red,319,9668110a8cc39c89bc6a8a56c9927744df5bbf5018fe06fff21c58c5c939389e,training
red,320,db10494587bdbb1b16f8d9a749b1c312af2b78a8663efd6b9942ef94b665304b,final_evaluation
red,321,9668110a8cc39c89bc6a8a56c9927744df5bbf5018fe06fff21c58c5c939389e,training
red,322,dbc8812eb06425b9add2a9c6147b0db85ce65d23e4914495096a5068af1d88cb,validation
red,323,ced907d696feec5d38f54e27cf487368aafe0dbeb1a411cace5fff27993102d7,training
red,324,662bce94c2a51b85c92c65e658b88964740b11fc173210bab1e71cdd130c44cd,training
red,325,15cd43c84d53a6b5f876c92cff00ce55375eaf35c2904491a588a3a579ab2e4b,training
red,326,15cd43c84d53a6b5f876c92cff00ce55375eaf35c2904491a588a3a579ab2e4b,training
red,327,3c11c4c82de3b7f0b85368dfe1626b8d3eeed7437457795b7205a0a5e5e69f80,training
red,328,40342000c9f04b9552c301f588ad8cef55a62eefc262d17dcccc87627dc9448c,training
red,329,fdcf4c0b3a833dec1884ea2e9541aa919b0f75a812ef48033e854596552d31ce,final_evaluation
red,330,e55a5a6028a42eb104fa616a7a26aea230cbdd9f5fe1d7b9bb4f5acd6ff3a0f8,validation
red,331,3c59e2cc1c17d851686799b69ee4e20b62f0abdaca39417d93ea21811f62a868,validation
red,332,3c59e2cc1c17d851686799b69ee4e20b62f0abdaca39417d93ea21811f62a868,validation
red,333,8cb124c29a1d2842cb4afa54208f05290941b41a755cc9573a368b5ae0b42694,training
red,334,32247f09b9d609e7626cdb366db11020c42760f6e68eb3f5a21f90830851c226,final_evaluation
red,335,64d66b205878efe7c0ce1588523a128855cb7ac5f0a0d7258f6eb871ba486dcf,final_evaluation
red,336,5db2bf527a2dee6435f0f1207b8fc7d241bff2fb641731caecdb722be1dc1ae6,training
red,337,6e5259a9914cde499d6a8042045150e49532103e555e1ed76138f3bdfec198fd,validation
red,338,0e74503aa5264d656d2bedd98c7b7f054aea6fcadc2921e2094f2d227c43fed8,training
red,339,ea0850132faf7950cbdb5b699fdaa93bec89bf49bbdff7f088e6fb589858022c,validation
red,340,cb96cbe9139d150cf4d941e2c479c72cbbd4c19e08d66b699b720fc2609d339c,training
red,341,233ed7e75254721a3b8d5ab80b7e308b6f62df59a787eeb4d8d4917d1630a443,training
red,342,f3f552f98351849b9b0def5e63c47258fd35dbdda9621d2e9eadc44233896484,validation
red,343,974694b4d886751d648cdc0bac4ce587313ac04c375ce091f7a882a378eb5fc0,validation
red,344,974694b4d886751d648cdc0bac4ce587313ac04c375ce091f7a882a378eb5fc0,validation
red,345,1f7d07ba58cda66902f9b81a40d238b541a10cb8e9114f2bc24693b12743768b,final_evaluation
red,346,37d2a3109d81b93ae8a25038804b7b7aa8a19d05faead29eecc2fc8ac1412a07,training
red,347,d28d8c4bf0ba04c4899a8d07a1655bbd33daf45a83f08503f11e2326649bfd29,training
red,348,bd5ee724d783c8e278ac825b66b0126874585d06f66d4d512ec1e74a012db3ab,final_evaluation
red,349,90e297e2d6e3fdc64f57d80caaab08ec91c7fffe4d22758093ba42bb2318d0a9,training
red,350,6f2eb683d8a31ded01bfca42a2324e16fa852018b10e6c5c9994e4038e34b92a,validation
red,351,84821b9509988f7f12b7eb1a88e899e998ece148059ce1ab9f80063054d9e7b1,training
red,352,957df0e2503521da685a35daa472ebd26bdf6c5151d1b9ed22c06fb1a1952dbc,training
red,353,80aec2d346e0be3804d93892034816b9e75c7861db36749a82fe75d5ab0bd852,validation
red,354,923015a3a8d28660c4eceac0ffb4a23ea433c38a1d2067600ae6b8ee2a1deb79,training
red,355,2bf9051d17de18a74a59230a82a5855b6974d01776fc31a2680272d03aab38b0,validation
red,356,1169343fedff39c629d6062ed532fcae8cb241d05e2f2464879ee96bf173a97f,training
red,357,8e0e300675fe0ca6a7554e415c43bc89e1404fb92517420f99391f4305b8614d,validation
red,358,b8cbc3b8657b0f17cf797a8cd3c62b22986a8dddad419e68a02a8e14ea062e21,validation
red,359,3f3463cc436fa0a90314624c60a55f1c3f45f2d3b97bbabb819dade3651a7a40,training
red,360,1ab47b158ae9eb3fcd495477f6a947fae883f6d6038887acc9e7fe8a79e38ad0,final_evaluation
red,361,e1b6eefc2f2d95e8492b30a87488572dba6e0221b32908bc8ead31b559cba77e,training
red,362,bd7064fa091f7d12821426555f961d75ba35b813cb5a049b67c7bcab26ac267d,training
red,363,18c7ed8d07b4ce6be086b13b5a668800fb1a390163d172bde2e4dfd8c3ff55f0,validation
red,364,1873574ae47e13b7ad04959de6673436f13c7d43bea6a0bfd1689926fb520353,training
red,365,a73e7423d57de56f23c24510391e7b1280d62c1f1758d7b63d69a3b19a847e69,training
red,366,f4d053c0d96648cbb425d99491b63bc0e1848970d86108b6a15d8a2c27461abd,validation
red,367,a73e7423d57de56f23c24510391e7b1280d62c1f1758d7b63d69a3b19a847e69,training
red,368,3652febd828120a49044e5b2dc0b63ef72a7c7b8191b5b9f4b724bfb693fbee4,training
red,369,b36b874f0861878918c7ee8f910d155ac5d6a7cab49a8eec247875a91c75bfcf,training
red,370,8582a2fa52d161acdc0b48322c641b3037779cf33857f8c801bcc1ce199d2c4c,validation
red,371,0293e22c027c31099d3dae9c2fad9be13fdc83cda5899dacd33ce1d68897b11f,training
red,372,d0b16f6236eaa0bad73bc7fe2ec890ee1236fc34c12744e19f74381e9edb3c3a,training
red,373,b9a774b89fe0a16c3fcfa9e48232a0b72e05e500eafff8424d3c84ed9c46ea87,final_evaluation
red,374,9e831913734ed8141711ce019ab9ddbb1cd4a758e3a7b1480be21802ca0fc4b6,training
red,375,0fdf47de4348a728d89627f747c6a42836e532cc49975439c356205e5c82a1d6,validation
red,376,e56552a2493f0b088f229f78ca2e0ce0565d95a2c38c045e9f5ddf21fb87ad1d,training
red,377,ebb2e633cd64f7c5c257d8918dbf7d6615caa2a29a2730756cfa028fbbbeac46,training
red,378,8582a2fa52d161acdc0b48322c641b3037779cf33857f8c801bcc1ce199d2c4c,validation
red,379,dbacaf5b2df24d0e5e014e231d4d59e68187d517b052ac4353170fab479be5b9,training
red,380,43ab9b625964f28cd80733d367d312bff5dcd66ae9e405e53defe7b81839a208,validation
red,381,9a495606547eb26f18a78972aaccdb30153074333cdde802f70217738bdb4da2,validation
red,382,bb61fc6d317cbe06952b138391a5dd42c082851e046dbb722330deead920e941,training
red,383,9a495606547eb26f18a78972aaccdb30153074333cdde802f70217738bdb4da2,validation
red,384,9a495606547eb26f18a78972aaccdb30153074333cdde802f70217738bdb4da2,validation
red,385,33d609baf448d827a67b7a54199b774e52ca4b38032f52c1ceb07ef6ef887d89,validation
red,386,02e36f56f5d82f3ddcb618c52ac4d18661ca7fb3b4e9b72dedfa085ad09446a6,training
red,387,d696b5f01958eeb5b2fa3b4a0dfd1e005dd60a84be7cdc56eeb793e737b048b6,training
red,388,9eb82994d558e6928205f4b36e59788c3447b884ca1e7b72f14b097f8ec0d148,training
red,389,2c755f033aee24979aeca4e281290f0a3cbb698afb4647ef1441e50cc72c968c,training
red,390,d846a006a67683856fded0f502aac9e0a3a05cf3e491c288fa87db645527f21e,training
red,391,e86b0cef97fdd730186cefb12f484af787de9b4f790cda20e65f7043db587a00,final_evaluation
red,392,bb61fc6d317cbe06952b138391a5dd42c082851e046dbb722330deead920e941,training
red,393,e7365c10ab737c5606ce814d846e9368b4971dd0eecc7577c7137e1099404248,training
red,394,80e90e53752fa6b54c673b6eab54f91dfc6b358a1db3ed23dc8de11d26b1466f,validation
red,395,43ff447f3957dc468cc5e0ebefae139a46e4d372c112df1079df002c64b0f6e4,final_evaluation
red,396,76405e2be535f016c3562c0546942e6453ab6660c8e5e25f2789f41f3a1b51f9,validation
red,397,1a8a4a3b56a0d8c4c7dc332298eff420ab424832499219580cec607559ba54e9,validation
red,398,9841dc41d5de7ff91de32d974a5e7bd0424a525ceff1ab2353dafb6d4061f6b3,training
red,399,9841dc41d5de7ff91de32d974a5e7bd0424a525ceff1ab2353dafb6d4061f6b3,training
red,400,ff9065d8159e9aad9b34347ccfe24a87689b7518b7133ee222ff372180c361ca,training
red,401,1a8a4a3b56a0d8c4c7dc332298eff420ab424832499219580cec607559ba54e9,validation
red,402,fa90e22fa08e982df25858e9653d33e25c81ed2bfe195845ef97063068c58f29,training
red,403,61458360bc7e2a006773f65c7beb113fbf541de13621e6b35fa99a2942659f39,training
red,404,193e62c3e44010329ce63db7653bd2e2126b3c7203ced81bd05dac007f5b5700,validation
red,405,ae431e3fcf36e78aede16c9a33a7c1302fc4d9d0badc4ea7f46f1da01b5a6b32,training
red,406,fcd7b4be643b1db210e6fb8b2d787b2b9e4de367b28d8b756707a82c035d616a,final_evaluation
red,407,f1ab585bb9cb2b416a9835393ad75bce47de366ecf0f261b0aaee549ee9fd7ab,validation
red,408,01d369e0ddd70016e59c69bfa67184090a401fbb5c1b9e348f994dfdb8f78139,training
red,409,0a6bb08803ffb1753f41b6838b332b10acf515b2e7cca08e6e2d6b39c9ec8d28,training
red,410,b5875bde39ee10e4ad080f123acce9c43ecc02250aea34fcc9d4e0712626c53c,final_evaluation
red,411,c477a0ef522dfba615ec368647d90f9644f60f0ec8963806c86e96e210319379,training
red,412,8b0cbd35dbc2045622deda09bba73ff0dafa590dce238e00a632a308d6191675,training
red,413,fd9a34e98b2b06eb2453d72eb5a0c565882a9d9aa27c895d1d750980204dc875,final_evaluation
red,414,7c8b7362052e4d7faffc4abb97e63fbab97055d212970d293934267c9e409235,training
red,415,689f95785308af31b0896b09abb20ee46fc37ae94b15f36335ef799817ee1da5,training
red,416,ac8a342673580ff2491f6aff93cdb5bd0d36ac616e8aad614959688d32d36906,validation
red,417,939a7548f47bb9a51464f34ae7fcb1c6ad4a41959add0e4043e51c0624d70fac,training
red,418,58074e82ae26a7ffe5a723299fb8403dc178ea4832afb1065cccde1cfd30fd8f,final_evaluation
red,419,76cef12f75b03a31da0e27cb4d879cf6964730ab339e033af3cfe66a6034c388,training
red,420,cfa8fc95587e344e128fea6270c8cdd4f2798093f6243847122bfdeaadd33277,final_evaluation
red,421,c1e172875b0b497770a3d241cab9dd913b8002af756ba34887fb09c75917c2bd,validation
red,422,e6c2b72699a161b9ee09cd7cffe336c964b7d5b36dc8238dd531630f8d53817e,training
red,423,834092b3f6ad8c8072d2b442f4936078752016c14f826cd872e9089976852a79,final_evaluation
red,424,b223310b89b6d44273ca96cf9f2b427ad09c132c2645826ed5e8e602e694b2f2,training
red,425,834092b3f6ad8c8072d2b442f4936078752016c14f826cd872e9089976852a79,final_evaluation
red,426,e6c2b72699a161b9ee09cd7cffe336c964b7d5b36dc8238dd531630f8d53817e,training
red,427,8b41dc0debed8755defde45e5bf2a37b7077ab16d56a12327ceb7d5c251f23d8,training
red,428,78ab0745896a66761c48b364d2b2ae71715c33c2c01b9b8ceaabc218d8d63b37,training
red,429,81ca1d1d133bafdef5df49c0bbd597d00d843335c47a28ff100df960bb079204,final_evaluation
red,430,e11f403d04c619191aba8def70d220e0446f7bb5db248b4ea7655a0cbe9780a2,training
red,431,b223310b89b6d44273ca96cf9f2b427ad09c132c2645826ed5e8e602e694b2f2,training
red,432,53ccf44e2b22c5a4ef9b31a663ca278c1993cd4021334b949ab571a7fb280d1e,training
red,433,8aa07ccb39c3341d49f7d41614808562cff3bd746d8ba1fc5adcc72847606c87,validation
red,434,d49e93bdca331040618ea921f048783629d0843a2e4a39cb4e019ecfc106765c,validation
red,435,5359b7c22ffac2187012ccc5aab3273b87df38c8a1b9683493bf442606948429,validation
red,436,d49e93bdca331040618ea921f048783629d0843a2e4a39cb4e019ecfc106765c,validation
red,437,593e65659b0eb4941a20d9d2f743328cf3e375795fbf6d11fdf166425478efab,training
red,438,3a3887e44c7909100969ea64dcb6c41738ec318779f58440b4465c0fa65102ee,training
red,439,5359b7c22ffac2187012ccc5aab3273b87df38c8a1b9683493bf442606948429,validation
red,440,360bf612ec560d843218b4039d83e80d16bdb3553dd2751350157be9c8b95c81,training
red,441,464acf2e3e69a9fad0b3f0bf27c5944e1ba89e84c37bca498e3a222b155aa62c,training
red,442,04ea03b1eb296d69014bcd8f47e93c1b809b21854011698417197a59cbc2e199,training
red,443,f575f4d2c730d2c88a139c4bf38e0d9047813055b2674aad61a067e980dd07c2,final_evaluation
red,444,cee54ec2fd21f214202b7e337cacf419413b8f363a3b715537c3528138b3e935,final_evaluation
red,445,3172a7d4bdac7306156d86fd89308db7bdeb38b0adacb8aa870012deccc691a0,final_evaluation
red,446,6a73c5d575f9ac17b728a36e694839761fafeb9e2fbd5877dc318c4d2c3e3beb,training
red,447,2fddc9b3f81c945995c1f8194b842a898e497ba11dcfc57d164690f2a1e3b400,validation
red,448,3825c48b1eb962ce299eaad8b1d50001856f066f596e9e6eec61b4bdf087b985,training
red,449,faff65916f6681599dfef6eac01d9abf1eaac00e10b02f1337fc07d06ca99be6,final_evaluation
red,450,2b19e6243dd3001ff5b08ba17914c1fb53d60f898ba406366d2a30ae36660b46,training
red,451,2b19e6243dd3001ff5b08ba17914c1fb53d60f898ba406366d2a30ae36660b46,training
red,452,d2e8540aa607ebc4d294d7bf30a2829d7886cc43fb5d7a5f59b423968ad12a25,training
red,453,686ddaf3e24b17d092a965997ab800aaa39e1096e071a8f10ad374dec233ef91,final_evaluation
red,454,907948f5cda72d185ab7216b9b173a3ca4d5a580f26a5c40d2db00f173d7f13b,training
red,455,c0a6cc443d9be4c9360482794885f8c8469edc2d026e05e3353bc7ac69a27e1c,final_evaluation
red,456,7ef533633bedd1b91732bdd607a0016813d7bd416c2dc02f0b71c7f733706667,training
red,457,53aa2f0d5fed6ebcc4a1ecf3b111cd3563ef32efa904bf4a5c42a2496f1a5b02,training
red,458,17345a7f096537d56fd10ea9a2fd83c6def71b1e4330c146b5b3200fe267a939,training
red,459,907948f5cda72d185ab7216b9b173a3ca4d5a580f26a5c40d2db00f173d7f13b,training
red,460,a006314673a903e3266a8f1777c825a31db9a44ee7c513523395b0c3f5a635f5,training
red,461,ec748cc1e8dd82dfa1c622dbffba7943f7f24a9467a876739f9557137a57a129,training
red,462,aa346c203830fb2f2825831914d1c824f83437f19a77b0eb5f179c547f69c95c,final_evaluation
red,463,23d458903896e723c454afb23784b3b4aaeabcc1051dddb612de641f09daa69a,training
red,464,3dcffdc73bd4a79eb40c4aeb5150da9c8da524886ad3fcd76879cb5ad5c7a6ac,training
red,465,e8295d2aff62b10c0ac4e4d3c8289402c1780d7232c0a89d7436f58338ca3e6d,validation
red,466,60f74a550a59b1d8cec7b5edb8ca8cafaa0bb30ee086e4aec4987cffbcea61de,final_evaluation
red,467,6c2f87d4571023c563ac9b65df612bf9622c0ea4fdb5e185db54a79e23858ff8,training
red,468,41bbc1b5f0d761cee088adfa00a70c8e82a2d3a7523448957283009576e32f4b,training
red,469,8479c04b1308493357afea023cacdb88a75394f319616e5b7fe89dae539d0cc1,training
red,470,a94558721771fcb185c9f78a0501e1a74d0ee71154dde434006cb556c25dd750,training
red,471,c538e539bf58ddc52783f4797069f35943228b58ef61e4832871d8153da85cc2,training
red,472,c0d84ed2b52a7a86a5b29ba853da7ead7e8f95da84d8ed5174da058319613953,final_evaluation
red,473,228c1dbfc03697bc7174700efec2c2ed28efcb352e285bfb7f07b05183a92558,validation
red,474,92c7da4a2413a17ff9040b53fd20a1169c98f5f760ada63f1f8a25c87e8b0801,final_evaluation
red,475,60d3a9b2d9221e26d9916630cebd0427e0c0703706843a37b5f735a01a6ce5d4,final_evaluation
red,476,5f8680a9d2e73c83c41b3df1e264ca382e87e39019e4e5f451a01c0a7f36e7dd,final_evaluation
red,477,189a1b465a2e43572688627e4878f548cef0c2581d3672080fb644a1db1514b0,training
red,478,8b858c9816d635398c69159a731809656960b108a184cf04fbd73d5f01e749c4,training
red,479,5f8680a9d2e73c83c41b3df1e264ca382e87e39019e4e5f451a01c0a7f36e7dd,final_evaluation
red,480,49b9611620d0305accde52e54469e80790db135de0347d81302b34d7d6e8044d,training
red,481,54855f22265433a09a2661a4b344471ba2996f37e59b2f339b5ac15244d58a04,validation
red,482,71158470f2f226694d2e40763ef1ff80b4096aad15baee1a31773a633b2a1ca5,final_evaluation
red,483,f32480a8f372badb8f2919e75033870e9b1a543d98303ec85103eb1305c25dca,training
red,484,5eba1f9c6dfd88c0797bf83fd3bbea6a31458f706a96d2129ee84e12dd6c48ae,training
red,485,b16a885b3bfad45b3cc6a5315eda5242f484bbb676489338935466e3e282e99b,training
red,486,30955b9bf1f7c38687160488a6c62e9eb15cd60a8dbf8b26741ad552708bf862,training
red,487,30955b9bf1f7c38687160488a6c62e9eb15cd60a8dbf8b26741ad552708bf862,training
red,488,a70fbe3d1acf55f46d06c763277a025cab3911a8d51fe21c993ccdb493cde827,training
red,489,a9f1a0edbafd348f230f31bccaa934bb8db515cc8f2a4eb963cb6c24d2d4bff0,validation
red,490,933c88096f55e7d90dfb2b53689593f966ed66145038d5cc7d9b5742319ddff0,training
red,491,db798e74f4c92e2608dc3542ec22edc4588da20256f316bc1836d24b91a6ca6c,training
red,492,74592d28aa3a66fc89bf2432362b7e91a8719ec419dd7ef09279c9b4f2491b36,validation
red,493,a979d847e2d9db04aa351281a4e09ec5e9ef69a360646686e82e06760e10e76c,training
red,494,7d7513e99b51353c00530e320ac6096ec1cf9600d0993c828ac9b4e3d05d73f5,training
red,495,f7c25cd9aaaf5b9c165ed443b4fdab98308622ac45364ac83d99bec0adc09be0,training
red,496,ee1b393335902eac4e5014d41fda6d3a80b32b020617a88b35f8ce2b471b2729,training
red,497,0f90ebf67c36717cc6af564a00b9a1e27b8d6ad4ec017c6656a9733e53f88470,validation
red,498,612759e7bf78f03cf482f1466e8fd594992d154a4f2e1abcc76bea97132aa818,training
red,499,ee1b393335902eac4e5014d41fda6d3a80b32b020617a88b35f8ce2b471b2729,training
red,500,7d7513e99b51353c00530e320ac6096ec1cf9600d0993c828ac9b4e3d05d73f5,training
red,501,0f90ebf67c36717cc6af564a00b9a1e27b8d6ad4ec017c6656a9733e53f88470,validation
red,502,ddcf95162761a5d6b25bc8631af2d2cd2862e34149cb561ce8fba7dd0efc2d44,final_evaluation
red,503,ddcf95162761a5d6b25bc8631af2d2cd2862e34149cb561ce8fba7dd0efc2d44,final_evaluation
red,504,b2fe9c08ed4eee21aea481ceee1648e348e1946e8d5717a7ec3e9a652973d557,training
red,505,250ad3f381b16b7b4cc2e218b90cfa5e68751c1969af429e48b390adbad7d532,final_evaluation
red,506,9e84220723513d1f27f160c3685e543ac32604d9fac3d7e28451add957dd14cf,training
red,507,b94bc79b5f3cde3f8e47a186c6d6032d0ad5fa4646255cbab480fcc846e0d9d5,training
red,508,93f3397247eacb0bad0a00def71bf3abd10dd402572a52592c000bbda5571d17,training
red,509,736d7ee7c704168f7da45fe94efb2e7610ef4fcc41ff5f45439aa495a69c1c95,training
red,510,b2ce080f7ff3c9b9713d7bee176a919cab686499a9d7c0eda904b5931f31dbfd,training
red,511,fbb427219b851c5742ac139239c6a3559c855f4535d2e6afe13c3fb055ebd38a,training
red,512,736d7ee7c704168f7da45fe94efb2e7610ef4fcc41ff5f45439aa495a69c1c95,training
red,513,2df674e92e3aaf66b888332914bb43b8326b31afa29a1e47b0e66966dcdf6c5c,training
red,514,4cf61a65151f1360d6d8d20fe64fdd4af12f58d1e4958181f340bcb50c1ab45e,validation
red,515,4cf61a65151f1360d6d8d20fe64fdd4af12f58d1e4958181f340bcb50c1ab45e,validation
red,516,ea79dbe086c36dc0285f0785b7a643201c66a40278793340ae879c2a29737ab5,validation
red,517,fcca10183942ca39363bffbd09b4b6c3630df89af3295596eb9e0c2806bbe3dd,training
red,518,c8d614f4e7640ab2edb4c892687763220d708fe9624e5431908bb19a178b2e3d,final_evaluation
red,519,23baeed4a7ad51d10267509da6f551489c886c6baee79bff08351847432a7a46,training
red,520,d3492cf45a213ad09a5fa747dfd55db8c559f3cd671c3196f454b6161372262d,training
red,521,0f7c84b52d58241f196cfafa4916e820a048a584a368f67cf99b50790df4eee0,training
red,522,5e77f51b5dba5f0c53ee413468ea5b24708a31cedd68264594905af269463053,final_evaluation
red,523,55ae97dc04b1f240f91b218b1f31fb5a845bf98785c92ea978c31bc0510f0a40,training
red,524,9c02cfc4035420dd240cad741b22a867d7824e1dc15dd30ad642706471b2884b,validation
red,525,01071673ccf259a1b3db77c6a2ff141f62e470f53d8bdade56935770dbf4acab,validation
red,526,5ddc4ddd5a765803559b8731cbccfd26df15564bd043280515885cdfeffc71a5,training
red,527,d3492cf45a213ad09a5fa747dfd55db8c559f3cd671c3196f454b6161372262d,training
red,528,d7336a3b850412e22d205a4c9b290009b381174c7d6b085f336203a4e07f49f4,training
red,529,9b0996693376ffcdcdebea1709c0acfeacfb97ed75d113cb74a1edd591cb9c37,training
red,530,1f094ffacba299169a4e08ce52b239999ed718a07e537fdc0ed16a4192faf0a0,training
red,531,d23e22b2fd84d3156e8b63c1ef6be79d6da95fa910dbe7fac0da903b6a4b5c1e,training
red,532,2db91e7804fd0efcf0399f7cbf61d0ee3b4adcc82ae38ebf548029b765678da4,final_evaluation
red,533,2db91e7804fd0efcf0399f7cbf61d0ee3b4adcc82ae38ebf548029b765678da4,final_evaluation
red,534,5b2ab51f8a8199438294d7ca3c00a02e4186a3f3b78033385c5c14157922006b,training
red,535,baaabe09966946243eb9f905f126d766b71c772f6908e371519d46558428f714,final_evaluation
red,536,d23e22b2fd84d3156e8b63c1ef6be79d6da95fa910dbe7fac0da903b6a4b5c1e,training
red,537,1f094ffacba299169a4e08ce52b239999ed718a07e537fdc0ed16a4192faf0a0,training
red,538,ca3f296377d67ea95fe1339e1f6d8d5d1060e649d74a44384111bfce6fbd03e6,final_evaluation
red,539,fa7a663dcc7a123eb5543ddec4ad6ba3823295133112f25ef26ba17b2a94ad5e,training
red,540,8b98b335d37107aba7dd21d413e494c5800bc0f22a107d199e3668e9dc461902,validation
red,541,0b5030866604b69feb344ab8ddcea0329f2536f8fb040648a7a06d77d4fe3a1d,training
red,542,f9806bda04f563625a4d2f0999466bf0d732f97e91c18235ca4ea27bc094373d,training
red,543,8e5d509841f969ac96d463175c9b5c89831fc6b43f21dc1469440929d3597435,validation
red,544,a67b70f836b6d7fdfe62974f310aeb3a8ba263f09e6901dc204c34c523408d0e,training
red,545,f13835a5e4a33cf21971fbcaefa8891d2ffed22da12f199f9aaa7211c347a9d2,training
red,546,d90254f72177d2cde9d3891fae0ed97e670406d111938fbd84117a4a52345b9f,training
red,547,9389ad79d23060bfd74f6614f53fb008f7ed08ac911e799ca344fca70776d105,validation
red,548,a1ddd1156c0de8d2fe0a93c333af74a7a6e85593a6b63fe9a5b8b53ac04800ec,training
red,549,ca31e793c8bdbc366ac1ea5b1f97416afa9efffd6fd3db926314d90c5e9b3b6d,validation
red,550,037859390ba4620693120da988ca5618dd89dbd499ef85fbfdd152798c17a45e,training
red,551,7acb068bfd2cdf14462c0658a1826e2bd87224fdbe756238193fc67e90217101,training
red,552,9946ed470b7c0941eb676a8eff8a190740aeaa1df51bf4451f21f1f15fbd8d03,training
red,553,19a78d33a086cd337a7048fc7cb017903ac670dae0479f4d8a238c43d1dc940c,training
red,554,03c8decd770eecdec63f107246ef3bab433c0075391735c5296dd625479465c0,training
red,555,c89ea63c26e45cc44502bd68ce3ff5ca9d40a99f4a0cf298d9d2a0eac50311f7,training
red,556,c89ea63c26e45cc44502bd68ce3ff5ca9d40a99f4a0cf298d9d2a0eac50311f7,training
red,557,c72a1826db550fe2076d451e8bb0aad6524cf1dcf0587bee74017ac1ea23d49a,validation
red,558,611fda3bb23c0ff0ad97fe25350f8fdcb558a0fdf1bb48394434728c9695e444,training
red,559,c72a1826db550fe2076d451e8bb0aad6524cf1dcf0587bee74017ac1ea23d49a,validation
red,560,574ec22b4d60edbd0d6d33b5505c0e6a59f2766c515227ff75ca6a58fdd7f93c,training
red,561,1d2ff3435149eb4c71833411f2fae4dc44d42dee864fbf7441f5f0318921d3b9,training
red,562,821317021d251081b5948d05cf044c0cd63248f8c08c55ed4a1ea05052ea5acf,training
red,563,01071e8c090406ce8f2625adede8ee778f48efd78f9c0aebc468ca6f87e0515b,final_evaluation
red,564,29e97569b09ae283765b43a5904ef2dc118043ef535b56858b0a7a3ee5ecb4b0,validation
red,565,574ec22b4d60edbd0d6d33b5505c0e6a59f2766c515227ff75ca6a58fdd7f93c,training
red,566,1d2ff3435149eb4c71833411f2fae4dc44d42dee864fbf7441f5f0318921d3b9,training
red,567,a613e493a2d5cc259234d8176dc365943c93ffc27427e88a7652cea68d307db6,training
red,568,a613e493a2d5cc259234d8176dc365943c93ffc27427e88a7652cea68d307db6,training
red,569,93740d97cbd99da46761b4a9076ae89a7b253b543914d1013cf92297ed51bbb6,training
red,570,19740cc58ae70a549d7a919a8deb992009bbbca7e08a64ecaa887a9f7891e3d0,training
red,571,ca6dedc5037e397868bd8db00ee90a421945fa22fd7d34466edefc5d92cad1cb,training
red,572,19740cc58ae70a549d7a919a8deb992009bbbca7e08a64ecaa887a9f7891e3d0,training
red,573,242768d253b99e61b75a736d2264ce2db1a01e4a4123c51690165c83c62e0a58,validation
red,574,a4522fe872b436875b831b7c24b4301c3ebd86cc7491da98b8256a1b4b1fcdc3,final_evaluation
red,575,780d8d9bae44352905b2f6f0ca4e178865cd1e1adbf8085d7c0a7f36d1c0166f,training
red,576,2b20d9b02338d2e63058a33c81a816274c86951329721c61494d415102b1aabc,training
red,577,5bcf94657d4ccd9f1bb23693637dcc4d48414a3da9dbd2b2fb3bfe42877e9f26,training
red,578,eb1cb42134ea0134c1a83b901cfa6f4c5fb58e5e5dd27055c0002f8e3dfe3603,training
red,579,4bf33137621557cdbb1369bd1269ddd8349b099af1f2d5a56887f9df46f6c807,final_evaluation
red,580,d3bcfd8e9e74803b910623253a03517a026398a0fc03b6e3f01da9180c8d56ab,final_evaluation
red,581,6779171c180d2e749669f97cb9afec71330b138f506d2888a02e96f8fd22ef91,training
red,582,6779171c180d2e749669f97cb9afec71330b138f506d2888a02e96f8fd22ef91,training
red,583,3dc8ead4b80c3cc53acc3654e7fafcc4e955108b4207d071bf7252d3bf7cb08a,final_evaluation
red,584,a389a601a8045872e652889a5a9dbd06f339cddd5fc6e3dc96e17594537581f9,training
red,585,632ee32f2e3dffbf91dcdd081072ea84d11411cddc87470ff81ed04b01596425,final_evaluation
red,586,93e5805bdafc872a49575817398698aede916332222d21456d0dff7eee66af02,final_evaluation
red,587,94753d239e7307c2bdef24a418dc889f215e184d643617a852e89116affd814c,training
red,588,f0ae4bd56ea3968cd7e821c13adb680ddede69c051d6df47d5054b548befe8a0,validation
red,589,b122212dbf37b181afbb4a24443bb01c8dcda20279ab9e6d50c2e12645fd80b2,training
red,590,9d352bfad604b332581bb06d861efab5f94c740b48154845393139e853ba83f6,final_evaluation
red,591,75ecd0583c7df9629451da6ad77061cb9063b4782c7146f3513a3b2876d8a285,training
red,592,e1953fa7c97eb6ad22ac2b1d2e89458127061806965172a55bee7a8c5c09bf71,training
red,593,75ecd0583c7df9629451da6ad77061cb9063b4782c7146f3513a3b2876d8a285,training
red,594,8f361c2f429733467104f73580d43bb2f9904706542ef08bda208858faa39d5e,training
red,595,fda908090d2432824478fc18e64e764b591044144a2211ff64a3026ecf3be773,training
red,596,44b6d85a41b990eb34f961c8fc717c98cebce960557b6c066a117ef69f87d19a,final_evaluation
red,597,8578946590701decaa9e4d1090f09eb3af79189798b861525de1e37267287336,training
red,598,c80953c1bdd53394bfe4adc94acd702443b64cf206145bbf25b3a7b1f3ef415d,training
red,599,d36386569ecdc1b3fdfdef9b3f968d90e5dc902336e8d55c417767a3dbaea32e,training
red,600,12aea0c9aea4e878e6664c7e9b74930ffe5d94ae54f525269f8ef6ddf5892810,validation
red,601,43da34dce5dfe1abcf538250a9eb2ac0ee0ee12c7a78005ab9008959cabfd406,training
red,602,2af396a97e2c1188b55403770be4ce27ea1527449799577cfa2acfaabbd90cb0,validation
red,603,3e58a1cbe66df5a4e2d06f4c5ca8d61e64705298adcdf4d203f6abd028349abf,final_evaluation
red,604,2af396a97e2c1188b55403770be4ce27ea1527449799577cfa2acfaabbd90cb0,validation
red,605,9db8ebfc70c7f089278c60bb18c0d6ce3f97ae7181095273c08ce10bbc84f000,training
red,606,1300bc3a3fafb677f5b6e2d67fc9f3ef6205dfcaffb6ab02d25747198cf80fca,final_evaluation
red,607,a2d5b5d7755317f4b01f02a0c7cc902a077e44f2b174bc47ca5ef834fb02ff99,training
red,608,f40c708da19f5f01575cdad0c7c22408568fb6f5bf4baeeac9f36e07aebda82d,final_evaluation
red,609,2f75f3625a6ba61c49c4e8dcf5a4580318501b7ab80fabd7eaa9a28ae30f78ef,training
red,610,3a5c3fd061da0505265594f10364f2a90bdb3be46c047cd3c35190ea4a1df394,training
red,611,e58004549e72d2464b96b43d6124263c4b29d919d1c663a59f63fa27d45a9ce6,training
red,612,7af1761b6f4eed9407deabb88a79985ffdd5ac514e33311f425d0763abc5041b,final_evaluation
red,613,b7306cd3a63f2926fb9326ceff520065f89b3066605ab9fb7a068b5eca879f70,training
red,614,ad90bd91a1d23f658644e10fab77d78e0116d42de50d7b644994dc58f12f5a75,training
red,615,1abd9ed18347b3b3db520930571590ffad68fd316f5c686bc7e2b0d62163c4ae,training
red,616,968e9828c0c1e45f4de3bbb6a99c44512b523582c59a4f21e6c5e7671549b9f3,validation
red,617,968e9828c0c1e45f4de3bbb6a99c44512b523582c59a4f21e6c5e7671549b9f3,validation
red,618,6fa378f1b5f891f62a3a7ed576044fae495ff1ffe25c8a1f766602cf7ef381a3,training
red,619,a2cfbecd2bad1ce51c7a5bf03a90cda07eb3cb2480afc2c11686ceeff7348924,training
red,620,cc7122446ca600bc5a7ef9aa678803b0e11da7b2430f408b05522705d84da0b2,training
red,621,b8a52ba486115b6f542add0493e5cdf664d8d00ad902fdc0791853cba0c2e227,training
red,622,7bababac0f27acf661b6b96043acf3136c1302af38ee7a73d6c5129c9e013597,training
red,623,b43468d45eb96a57962c6831dfd3a556e5aa18e6b61c51c574edc18cb2ad90b2,validation
red,624,9b32b59e8b673039d72ddea5f17cb12c46ee142823be14aada2fbb9acae95817,validation
red,625,67373af4f26d69eeb49279bcf10500dc6991b629151419bb99f1bfb709589362,final_evaluation
red,626,67373af4f26d69eeb49279bcf10500dc6991b629151419bb99f1bfb709589362,final_evaluation
red,627,3fc4bf7c5e0d3f41670994b543030c06b3f9ef3c9e9443fa9df2347109731d74,validation
red,628,3fc4bf7c5e0d3f41670994b543030c06b3f9ef3c9e9443fa9df2347109731d74,validation
red,629,e73d8a757df29ee710734095004df9975c98d0c9c2299a706605fd72985bf7e1,final_evaluation
red,630,c24bbaa8817f1718490550e693e56318192d463b0289417f60ac2a7f10661e31,training
red,631,e73d8a757df29ee710734095004df9975c98d0c9c2299a706605fd72985bf7e1,final_evaluation
red,632,d089b28567aedb62a52b458e2d6bffaae32b25f4a94dc23a04bf3a72f7a8893a,final_evaluation
red,633,7aa7136795d6abc01c0fcf2f1ac5c32081b92f3c8711b1c5a48427216dc1ff0a,final_evaluation
red,634,1a155967ff7d890532675247a33b4b3dedf7fcb497ad904b38e9db79fd61d004,validation
red,635,649a70418dc0c978352eb84a6346ba0e0b411045d39505f83855068b78254710,training
red,636,cc8e4f78d9a055262b4ff48d607b03289cbf2a279297ca0a2a11e9ef732d0906,training
red,637,be8009bd47af5334a096ee1f2e9b17edfcaf9e61f46cc4cc21b519480e03c7ec,training
red,638,0e112a93640632c1558a190b598cc8ef5ec4dce7255c8ccf0af2dafc4476324f,training
red,639,2a738cf3d76caabaf2c7480dea7c75b4893df9b00e93585b4aff0e2592f7c0d7,training
red,640,d90054ee734a0443bc91a4348ba3e7198c8c4cd277f700813e44c33f2098c2b9,final_evaluation
red,641,d727fc36807da8e96685df03df4f757685d60e22995c43ce4a5e66c68e9fa2cc,training
red,642,e52aec220d4094c8a297461728ed1273610fd1455a30ce3387d182fadfd7ea86,training
red,643,d727fc36807da8e96685df03df4f757685d60e22995c43ce4a5e66c68e9fa2cc,training
red,644,e52aec220d4094c8a297461728ed1273610fd1455a30ce3387d182fadfd7ea86,training
red,645,d727fc36807da8e96685df03df4f757685d60e22995c43ce4a5e66c68e9fa2cc,training
red,646,7b40ba8c6c9973597d73ea7c6fe0b0d0c64e33a8443dcefed9847815b257e626,validation
red,647,9dea74c9232d1970c4e761aa3b6e386ac473c695111f24bfe1eca6179b05d491,validation
red,648,d1a619c486f5f494341e43566ee0e9e4af62fae3818233ff6653d232c6e04218,validation
red,649,611b7dcdcfd01b05480994fdc1ece2babb0f7fb3df055c20623b3c78baf48797,training
red,650,1651531ea9cf5260885e078f2596152801900f8452a05dd15bb7c73d719be6a0,training
red,651,3a1aca022ced205d5e1f28c8afe3d9fe59e5fd6db195a4f82061f42e7081a503,training
red,652,7a58d1e193453eb68a2471a3048e4174fbe92069b79cb7017aa671ea7dd60115,final_evaluation
red,653,55749636f8cca5234c6ecb28558da706e94eab22d6ac78f9d090979c08adf55d,validation
red,654,27773dbd453f80d908dcdb3578ca746e07800bc3ec82605aa241d5c2029b7a55,final_evaluation
red,655,de4b6f3a157499592a2c091a4615ced95bdc4f08cf17f9541662b9c065a9edd6,training
red,656,32b32b8acca40fb3c5fb53610dde7974ea69504330f18332123003661cd1e61e,validation
red,657,3a1aca022ced205d5e1f28c8afe3d9fe59e5fd6db195a4f82061f42e7081a503,training
red,658,cd83265f3adc94b2ab4c8203443905b3826bbcd2fe1c45bf6c4cb1876aa3d9bc,training
red,659,250fb83baa346f32e7259d0423e83bab6c3a85efea064071ca0babfb133bd670,training
red,660,5ca70e14c5a6bdbf877aa6a96c47d0ea219a05e31c689bbfd2def0438bf01043,validation
red,661,250fb83baa346f32e7259d0423e83bab6c3a85efea064071ca0babfb133bd670,training
red,662,b6e32f6564eff1510ca45a32ef47b0d336566b33aab9bd995bf216bdb322cf9b,validation
red,663,a5f899b89be3fbbd0605de817a6a415a2ecf61bed8eee5f2bb322f279a2653cb,final_evaluation
red,664,3fab785f781fd73de42296acf4189b759d71406171d7cfb356ecaa5d5a90a520,training
red,665,5ac0193824f761b0819539344c50a72f5fba64e5482e90d3f19a43f9134e2363,validation
red,666,432d1694a8361fa93dffe4a4137bab0ee8c3ac982fe5602b337f7216a04d30ec,validation
red,667,6e06863f2b8e2fc2ffacce5998c3e3258b3fcf085953c6ef892ba575d7ed8d0c,training
red,668,7c8b127e73ac6d01ad8ccbfb55ed6050bc6afcb90b36b433ef2e8344c4396c3b,training
red,669,c26bac761035ee228887c365659935cabb60c79e85e56c5a9d0d42078bbffa99,validation
red,670,7c8b127e73ac6d01ad8ccbfb55ed6050bc6afcb90b36b433ef2e8344c4396c3b,training
red,671,9192981500b5496b1fdc136c54bfa958341fcbaaf91dfcfb11918603d85fd6d9,training
red,672,477dfbd8b666bb0ed1aba389aa589a3a9fad5bc861bbf93a41412da8298f7b43,training
red,673,ded586a8723211dd04ae6f4e1a4006f318c724ce2dbf56cc07599ba6cb740ac0,training
red,674,477dfbd8b666bb0ed1aba389aa589a3a9fad5bc861bbf93a41412da8298f7b43,training
red,675,385684db259e39f81ca4c01af7d907c84543811218a0cc22b18d3691142170f7,validation
red,676,aeaf800b9ee585a4817b76b822063ac30bf7c355d7b7b0c8edf6210189876cb1,validation
red,677,385684db259e39f81ca4c01af7d907c84543811218a0cc22b18d3691142170f7,validation
red,678,0ba3be47fd288ed3b967867ee489ade27c417dfb4109b28553d0bbbe4b34965c,final_evaluation
red,679,627bad17dc9e8145e4636191b97184ce8765ce42001eb7c88cb3bd453d654251,final_evaluation
red,680,75a847c1b1302217cd146c6af6519e9dc3c36564a93639f7523c1483a07ca2fa,training
red,681,164d8917e71a2e04779527475db56088049358abf077870c791522a2eb92c500,training
red,682,3cfaa1e8d371492fb1cffb03dc45ebdc3c62e004bcf770d34045f8167ee50bec,final_evaluation
red,683,2cb7abf3de7ed31b2a19540f6e0c22c34b1889f17910e07dbdfebc05990b3078,validation
red,684,e39f861a213f906dcab11b991ecade26f78ac6526efd187ab66e420305848ce0,training
red,685,06b577786f9dbd089866bf3b1b23b32fe826c84f9f1f9b31c3933be678c6c9f7,final_evaluation
red,686,e39f861a213f906dcab11b991ecade26f78ac6526efd187ab66e420305848ce0,training
red,687,4e94335c33d6df83967e6ee4290aa70776ca83890b43b104df558527f5af5246,training
red,688,0b86375bc69df232430d9f676554779bae798df1372aa961111e95f95da7142b,training
red,689,b048b2904dfc8ef81043d460d22fe626b2fe44ceb01dcaed62faa184c308cf0c,training
red,690,3bd8c02e6b09f1c010522be58947393773732ebfef89aa91926e7c10ab0a2648,validation
red,691,b81ea4920578892eee104ed3efb3c7206427bc83a75f94203fdd51eb2f76e3dd,final_evaluation
red,692,402dd493081f8743a49993ddbf13dc98517b72a80d1fe2003f818c4ae1ddac2d,training
red,693,2f976698af01405bb5028ff9d99f51b90544ca40e98318726948ae1d1acc450b,training
red,694,b11c559c9ea5602b758cc5b84f56843e39a8f43ceed44609687264c31457bc06,training
red,695,65af1a09eb153ba2eba6d9f4f931cea7a106ea1801c06a4d623230030af5b2de,training
red,696,a7439a624ae714334a73492916664e0280d0e7d48ee1967d456f062371311618,training
red,697,cbe2be774cc376306fd6634b9f1290bf05c23dc2d64197290c9e9d1e295f5fa2,validation
red,698,cbe2be774cc376306fd6634b9f1290bf05c23dc2d64197290c9e9d1e295f5fa2,validation
red,699,3a1afb34ae48dd7f8b905a6611af26612529b8dac57fa236fbcef93f4dafd8c4,training
red,700,c50eb76cd9ecbbeed0e51a77db37d2737a3c51180027c3cc887682582d87aa27,training
red,701,860c35766253e53cacff30d641fb98638cc85530d59643cfaac4b3b7520faeb1,final_evaluation
red,702,cbe2be774cc376306fd6634b9f1290bf05c23dc2d64197290c9e9d1e295f5fa2,validation
red,703,3b4efa37c57c3bdc379694c32c904e4c9613f99986bf52de480191526cbd1dd9,final_evaluation
red,704,6c652767e31b39e4b13ff3f9defec0d650ca0497a0d935287c1c9997eeca03a2,training
red,705,fa5334bf13394403f2fc7a7d3457cfd2dedd2a83106ac11bfe35938d952e082a,validation
red,706,e5273e8ea9f7e29b8f4b35731d3d459706421c898c7ef9c7ab51a61ca6b1f84d,validation
red,707,f330226725425e19bfc5116fe03d91c63ce4ce6826b21b57fe12de24acff7c5c,final_evaluation
red,708,d32448a79344f5d558063c0c0f6ed6a2514062faa9304c3e92dee9255b81e3a9,validation
red,709,5b336a832782547a286f2950a9368d0e37e7c92dee11618c7002e171b19bc9f2,training
red,710,4bef1ec0adeb49ab9c41bca8d78b9c99cf59db890892baccdbdebf87bff6db5c,training
red,711,dcfd2d298b27797d65fef9b432b7e93dafb4f5bcbbcfb4f648408be11c799357,validation
red,712,3532b8029cccca6e56d50418e7a6612e4d6780b7151a831d84f33812b7c9a42e,final_evaluation
red,713,a2e50571344f083d71819ead04cd01765bb80f48869d304666416680c8124364,final_evaluation
red,714,6b15905aa6ad25c4e9ef004fce0b61658ddd8e96469d3ca74518f437a61529ee,training
red,715,fcea9a3e1bd29f2cb90e3c8bcffcd0de39c774d0191c40cedcf3473a565462a9,training
red,716,0673b9555dfe928fa3ebbf0b333dd8cc7e1e6f41bdc980c9eab91ff4d2f1ff27,final_evaluation
red,717,6b15905aa6ad25c4e9ef004fce0b61658ddd8e96469d3ca74518f437a61529ee,training
red,718,2119d0f2b5b4457b4f4da8d3ec62732a318af00103e06e4a3f662fb73c374642,training
red,719,5aafc56b8daac69f8be478e5bceaf36d2f3c31e8b20afef35954c8e3963f9b76,training
red,720,57ca91675281936d4d99f131cd430c8d9e3bd94dbd314311a920f1d1371775cb,final_evaluation
red,721,5aafc56b8daac69f8be478e5bceaf36d2f3c31e8b20afef35954c8e3963f9b76,training
red,722,8d9541d9ecad748ee4a69e1ae3def835c0c834ba522bbc70fc312e3a67a10a41,training
red,723,a6177308062f2b3d7134796d407c5686009eef1071573863bb91b07680c80fa2,final_evaluation
red,724,8b2e9976f9158533d75dcb8891fab0e633e77b2b417599df280b253f38cc5160,training
red,725,f628269e9bf3c9ae7cb395217b9473ae2f4167c5a110e14c784e50d4f629a268,validation
red,726,246a1074dd004ab6e7dd5bbe20971e737cee78405412f85ae27cd2b181dcc30e,training
red,727,cda785421342db7774bef3729d6f48997b058c694b13bfaee15b68c2a553ef1c,final_evaluation
red,728,ea2a9e662f7d4fc36fd1559df002e8106f460a959d9639ca0869b17e25974af8,final_evaluation
red,729,ea2a9e662f7d4fc36fd1559df002e8106f460a959d9639ca0869b17e25974af8,final_evaluation
red,730,771caabe50627863720a030311c0a18af58edfe55322f03e63e7f1245958d9a4,training
red,731,14d1d95932f6b814d89295ea27ffb58c05884130f471e2e92dbdde7b24615025,training
red,732,7adccbae6bca3f6ec5900e22f351f609e06cc8ba1056d08bd0186cd6e499333d,training
red,733,129d1534747023249347cb10bf7c4a75a15a840375c901298a462f8baf801c2a,training
red,734,b324995f701c58131545c13721b3a8abaa2641da0cfe87cbd8c468d3241e8914,training
red,735,5f11f96d1fc4df066990ae4241021df1358df0db956ab9a4f266734c79752136,validation
red,736,acec81ac6219f194037263cce784e77cc884a21bb7eee6fe3bf2d3e154f37083,training
red,737,acec81ac6219f194037263cce784e77cc884a21bb7eee6fe3bf2d3e154f37083,training
red,738,a9364728c41cf8b6e86f64c79613125d150a409034778a60face60874e21d8cb,training
red,739,fd325bd35fa1a4389d29b63d48db4c7ece4000eb6f16ca93d28e195f09dd642a,training
red,740,0693df903cbb3d48d739fb2dcbc766e2c4f074c3bb8e063f3ae653f00227fb2a,training
red,741,a0cfc6dda4a3bd9ba18b4b04a51b3df983be5c90e86dbc486e28b8aac0293d00,training
red,742,b8945a58d190a89a4034d75a4ccebd22cdc2bc80df03e5a1fe5797c883c5ecd6,training
red,743,9055e9c8682299cdf34f3db96586c4db786b5ea4e9f9678c05e6b3c7e984d6b5,training
red,744,50cb7ff5ab5edb9512b10c94a17a6c2da00d57d0fc2ff3defc73d38cab52b3e4,validation
red,745,57ab2de4702a9fee915b56003ab0c3795468c6ba0fa37f2e124cc32878a9bdd9,final_evaluation
red,746,e8a4c887fbf716f0b1f94ef58abe9d19b4cca47329ace5550f0ec760af3fc64b,training
red,747,e244c8b373c8c7212ead6f7c779115d54cceb936602523348a02f985982bc62e,final_evaluation
red,748,c73d6618a47a9c3f56433f82b6ee79836934f3cdcb353e6234c610b5c390b6c3,final_evaluation
red,749,2cb1998aa3de6196bc6d7ad8a5926992ec4c7c88ac8d0449cd7eb095b771ebce,training
red,750,e8a4c887fbf716f0b1f94ef58abe9d19b4cca47329ace5550f0ec760af3fc64b,training
red,751,908cbc1c2433392b0f32fbec75849e21c5a9b49ed1d781e54280109b9477e447,training
red,752,908cbc1c2433392b0f32fbec75849e21c5a9b49ed1d781e54280109b9477e447,training
red,753,04568a6dc7832ef1940013c199396bada15c7e00c132c3a000b48f9525e217b2,training
red,754,908cbc1c2433392b0f32fbec75849e21c5a9b49ed1d781e54280109b9477e447,training
red,755,06e209411a61d380b816e563ca3d030e5eacce1538e0c922b9ab5aa21e08c836,final_evaluation
red,756,18c21dedfec250f3a1c3b8ab57cec59e4847bb0f1cd3bd158e9b4c9e643d2f93,training
red,757,54f108d537589ff611c76ae1dd7e1aed17fe76a857a4b868adcca5787dd518a0,training
red,758,9dfd99a07a53af5374bd5a8ce187c454db9baddb15b6d8bff4092d142d409650,final_evaluation
red,759,9dfd99a07a53af5374bd5a8ce187c454db9baddb15b6d8bff4092d142d409650,final_evaluation
red,760,6380ede944bab3a07a3deab037f270f9495a6e21c635ea59b1a76fe3a83e76fb,validation
red,761,816e46bf17c3ad616e21286a48b5e81813b1123ff65a0674afaea2ff4b7cce4a,training
red,762,ad8c188dcfedfdc63adae4842d032411c19ab53dd707faea8500869b2c119925,final_evaluation
red,763,ae7499a41928c56cb32f829988d3b9d5e0e15644840883361585a8ec8ce0a2ec,training
red,764,ad8c188dcfedfdc63adae4842d032411c19ab53dd707faea8500869b2c119925,final_evaluation
red,765,6ac87ff8f1d52d7ec7f6f5809009d0fb6faf8fde4a24dafe663ee0c81d099dbb,training
red,766,c58002ea31d3e99736d5cb83dbfb76711f8c71f86e5037ce54b00c0d9bdb861b,training
red,767,c92c8e6dc91fba9b157da7d0950da1f9a8fc7fa541563dbfad5d40c3cc4769ee,training
red,768,2f0ccb79cfcefbb0973016d7a0175ecfd730eec84f3360c35f93f1a1002ff5d4,training
red,769,2d994d3cd9deaaae3c86f33a14d0a9e4c4309943bbd4a2e3c166cf03ab1c4891,training
red,770,5820a38d78b01bf43a7c7111376d6fcc28887460808c6662152d28348c383053,training
red,771,2d994d3cd9deaaae3c86f33a14d0a9e4c4309943bbd4a2e3c166cf03ab1c4891,training
red,772,58ad2948a5cececeb407896d88f8c0ccdc15d1696c593fa0a63c1f07289929f7,validation
red,773,c6700b53f9bbeaab1576f1c64f12970821823741af51eb699d2f0ee5918c4297,final_evaluation
red,774,5a45fd60c54c7c26aef6a296e12091828a157ad0a561c496c74595421bd72492,validation
red,775,691370f2a2ed38973ae722305865731129fcdc1f4b2a367c103a59d443b706bb,training
red,776,cf2452cc217a8d041293e2dd028653de9a9ffe3d0afa410493db04512c722f05,training
red,777,bc68928b324e3a90d79fcecfb424fd75351cced21f3879c6c3ed83747635af79,training
red,778,0e0bb58cfa8211a0d9cce8658c5af611d535310009542ddbea4273e0fe910b8b,final_evaluation
red,779,db618d68130e0a2f5c54b4c735ae243bc97ed342e86497129477fb6428b65ac5,final_evaluation
red,780,533acd278c032ba8d1d61b1164e664167dfd20c8a753e70cc8511cf6996171fe,validation
red,781,7dc1fff868ad64564178bb3ec387422cf72850d83bed0498309c89e31d59dc05,training
red,782,ef142223976d0f75751b162520c20adeb35f5e9a4226694583662a061462738d,training
red,783,bdd0958ac2ea598cde2393a9094009182b9b34f85d11716779d27770dcf2250a,final_evaluation
red,784,ef142223976d0f75751b162520c20adeb35f5e9a4226694583662a061462738d,training
red,785,37082a9b0b81a1ed6519601a1d9e44434e350febd1eff76d9783b4d2081749e8,training
red,786,2a1cdf6c48c1a740ed572230f3928e764b88e3b1d440081a8082888be19c03a0,validation
red,787,2a1cdf6c48c1a740ed572230f3928e764b88e3b1d440081a8082888be19c03a0,validation
red,788,68183f34738e857f206974424e2f7556dd9ee5cfbba234c0e87f9b3ac5339433,validation
red,789,68183f34738e857f206974424e2f7556dd9ee5cfbba234c0e87f9b3ac5339433,validation
red,790,23f1594435ec6b6eda64b50f6c88377209d4f7b9543cf21c5d6dc741df95e467,training
red,791,1ebf148ec6018e03ebf5c9dcea18f8db09b18f57650b41b9d7a28556cf86ba3c,training
red,792,7372814498e9b0de1cb4dc809ad9c341ddb58d418c40d9e11d5e8beb0b4b7d8e,training
red,793,a4ff5eac2453e48ac0c009252f4836763a00a5906d38a9bf2a1d4a961224e911,validation
red,794,f2cdb6d86844c347f173756ff964404c650d98d4c8162ad10aebebd033b6737d,training
red,795,41914b505823b0318608510b384d5e7e4038f80a24e33ae826c555028c312bb9,final_evaluation
red,796,87c134a0f1d035c6d97dc030a5f02ccd9121e11f4e44ac281e175edc050a3b66,training
red,797,1750e458db42ff65b8bace10d432e51f844088da73a23da77251ebb2188fdf66,training
red,798,2a831565e0427aba4cee5772186c1552a6f02a9d2a78d25f9785dbc7e36c24eb,validation
red,799,a92e52df22324cd1e5520f2983f5ccb26907c00cf99fbe371269f7e8c2c5dd4d,training
red,800,a92e52df22324cd1e5520f2983f5ccb26907c00cf99fbe371269f7e8c2c5dd4d,training
red,801,029a8c529a7b8f760317d51e07d32be1de70773a0e2aec9f44386ce430fc1b8d,training
red,802,ddd91e569b698469b446fc3e6f22ffc67a6e46ffb30163afc2307586253aa265,training
red,803,425441e9361462afc706df1086577fa919ebf49bb44d514f3b5946a176ced3c9,training
red,804,f87dec44f7f809ed4454082cb573b25d4e052b7faa91bf392e4a8ff7e101e003,training
red,805,fe125e93dab65f5cf223b3edf6c7e8734dc35214e9fababd8f284a35b237eab0,validation
red,806,6fe59cf46f907693ff64aa313e5b8ee7f89d9a4d6ebb31e240e615b0845b71be,training
red,807,944ac200ef2c2cbffce60415e2e591dc75db4b7ae39a6ef84211831d95452d6f,final_evaluation
red,808,6fe59cf46f907693ff64aa313e5b8ee7f89d9a4d6ebb31e240e615b0845b71be,training
red,809,b94cd200ac0adf3f0c13dcc0d070b7e1862cf05afe386e23cd8e988b2c51330c,training
red,810,d0d9267cbd6a812ac1b3dcbacd282b97a30a445486116925509cafb58136028f,final_evaluation
red,811,a7c6371629f1f8f2dc4a81273b50f02ba160d7dfe4ff4403499bac52109fba1a,training
red,812,4f3d40ac9b879ef2286ab7f1d1069117cf1111946b23ab61d52cb22d474b28cd,validation
red,813,831d831cca504079ed31e3b4f8b9dd5a8f59db753fa69309aa9a7e21399723a1,training
red,814,8063834c7d3700ebfd5ab0d8f84a8a9d83eff9fd05d5494726357445f1584e85,training
red,815,4125a7c9cbcc8dfca8a580cd3144f754e7bb60c6dd7329cda80fa4f7c180154a,training
red,816,831d831cca504079ed31e3b4f8b9dd5a8f59db753fa69309aa9a7e21399723a1,training
red,817,47a2dad81a3790d326a825a8230c731e488bf848a5f0aac7fbbb4184afeba10b,training
red,818,caa19056a3737bc59b280a325c1ba3c627780fe85143bea27f1b751d164e661a,training
red,819,708da93141806bba20259a4ff22682036b055d12be0f619f8c85a1e28fa71cfe,training
red,820,2cd20f83502f4c4414a9f4141ef59f1295ba4e8ce2ea3cb80e3545acbd7b43c2,training
red,821,e754ac3314b17bff1f025aaf1c41a792f8176a69fe491295d20790a38b720308,training
red,822,752502f1383cea88e7423bc0b2d5a9c59e0c282550993ef35357350daeeb2020,final_evaluation
red,823,40e188f5c69e768ce51d75032e4279c9b8a59bca1b4e54158046ed341e61f9b3,training
red,824,40e188f5c69e768ce51d75032e4279c9b8a59bca1b4e54158046ed341e61f9b3,training
red,825,6a3df18ab75c8a9843c55b64d50d3ef0d13477af12f57cd852adac5fda21094b,training
red,826,a71ca82a4d7d3ef6a85c192cdceeed4195d16072fbc23da5cd1630d7e5aa3da9,training
red,827,67ce2b68d3792932d6677ca229546b56351d5b3bbca23dbcc0e756b7b3ef124e,training
red,828,a71ca82a4d7d3ef6a85c192cdceeed4195d16072fbc23da5cd1630d7e5aa3da9,training
red,829,c38cec418b361c44a05c4c6bca5f2a92a45a22e20a5e3e1f12d888cea49a1d42,training
red,830,e7b4edb88062f1feaddf10def9c7886b84d14ed3a1ae62a2fc13541e73b19ce4,training
red,831,7410c46bda88410a5265e679aa1946cd7370d797abab818ef0cbed9158683e4c,validation
red,832,e7b4edb88062f1feaddf10def9c7886b84d14ed3a1ae62a2fc13541e73b19ce4,training
red,833,08f764bae7390ef3386d242d8f78db0d4b1af6a0c3c7ce24aae8bca310a83eeb,training
red,834,cd0873861614e2100956ec0bcb0b439318f3f434dba5d1229800af468bddec08,training
red,835,06582675801ccf290aea67229bbeff4664a4a173422103f53b69e2cfeca3f69a,training
red,836,20a28d64cd5d56a3b15178266695551992951ddc46e922ddfb54d828078f4a5a,validation
red,837,520f8eaeee7a1e722b4ac6af2357a81a3bb2d21b630dd075e7ed3824144f4e88,final_evaluation
red,838,520f8eaeee7a1e722b4ac6af2357a81a3bb2d21b630dd075e7ed3824144f4e88,final_evaluation
red,839,fbd6b2ce7d49d83c14f210e8f19c839b1c9ab5ec2747d6551baa8c0b2e4f6cb3,final_evaluation
red,840,10a2fc7e689184b6e2ad241503c286f300d758e65cf5570a46325cbf531dd215,training
red,841,feb368409f0fb19116141cddd898db26bcea7261287533670a0caba809fe4a73,training
red,842,df67bd6eb47d40b1d2791234cd4e1b101fe0ae2cb53690158e0877d24db5c197,validation
red,843,6b9651babdaec10c03ce071b9f3cf24eedc59b1e79f596bcac4aa7396bf56f91,final_evaluation
red,844,859d162e40d3150ee0338cf9aed4094565c5600fb73fcc9d6b35ff5c863cf82e,training
red,845,68214be932284cfcebc8015310ad5fa563a309a406c18f2aff9de36906fa732c,training
red,846,687b15826f8bd38cc239ae1952ceaa9afb17604d2ba029b9ae246f6d96ab12f4,training
red,847,687b15826f8bd38cc239ae1952ceaa9afb17604d2ba029b9ae246f6d96ab12f4,training
red,848,e694ec2a5d40e7a3019188fb21a4b1104a0428ee140a1808b3659e34f06c057b,final_evaluation
red,849,687b15826f8bd38cc239ae1952ceaa9afb17604d2ba029b9ae246f6d96ab12f4,training
red,850,563b2dbf724d7727e1f9f8207671b7eecaaa00b8ac84fbb8f848199a0657b04e,final_evaluation
red,851,5dd5b55d7eaf71ce8b699846463931360f655af8e1b58d8f3f5d98a23452f791,training
red,852,5dd5b55d7eaf71ce8b699846463931360f655af8e1b58d8f3f5d98a23452f791,training
red,853,d0fcbd4324417717ca49038a8f7055ec8f4940795544f6fc376656ec12b908c9,training
red,854,ca8c9929af178715e5045484f14e4616a1430dc672564c2fedddedfed7205960,training
red,855,ca8c9929af178715e5045484f14e4616a1430dc672564c2fedddedfed7205960,training
red,856,4bc1ae6fa5bd22ed02b374c334fcac461da65b7a3ac3f5f6e2fb8b968885b7d6,training
red,857,ca8c9929af178715e5045484f14e4616a1430dc672564c2fedddedfed7205960,training
red,858,98efaac14018f05c64227d717922c2a9851e0723cf90105a604da8ebf6b8e316,training
red,859,8758dc8ee4bcf6d1288848292aa6d90b2176585008a10e50e72488e50efb7949,final_evaluation
red,860,77b0c00f5570c5442ba8f5b1e2b17402b81d6d235cbd2bc48077e2fa1659963c,training
red,861,e857819bc254a87a927552d37d637aaa96093634c5ea9ff9665524a2dc976db6,final_evaluation
red,862,c5b894713f3958cd6319855a0e923377ac32960366146c07370a5ef90b091c17,training
red,863,7630b0ddfe4e881551365941aba09a63c93cbd152ee79c410ac6644a424c373f,training
red,864,098006dd661b7da50ee13fd5e94aad316b836421b49be65657d52f9e73f8f76f,training
red,865,e857819bc254a87a927552d37d637aaa96093634c5ea9ff9665524a2dc976db6,final_evaluation
red,866,aa3c4ddb8debef3ae7df82d47776ffcf1a8cac8bf60a6ba6c24c40618cfeac44,training
red,867,f16daf5b15c631b0ed181084a73dd7b0d9d8e416b0f3949589bfcb7bcac0d895,training
red,868,81ead805b5f46693858b01a6dba76cd8edd94a8e7c4f454be19cfd36b68ef0fa,validation
red,869,77b0c00f5570c5442ba8f5b1e2b17402b81d6d235cbd2bc48077e2fa1659963c,training
red,870,b58131c2bda3c6b1fee86d49ad7979ea293bdf4243444d95f47b4899127d4e19,final_evaluation
red,871,e28cb0bf10af25c6301822762bc4df1ef9a01919af1986902fc97a50943b4f13,training
red,872,713f31924a43a3caad52a1f1f5e15d95cb4b0f1e5977da1ff340d48884f16bd7,validation
red,873,8898a30d1b48db7c310f95d1cbda11d7590a76755f0b97430eb0632388d8a4e8,validation
red,874,b9e39a66c2d4951e00d79a865ad0f3c244431c876a2d2b5bb9d2b8c41988a9fc,final_evaluation
red,875,5042d7480a9e36027657efd9818283fda842af5fb6228b9376ffeea380f801a9,validation
red,876,b3ba3d5907fa7f44c70ee754402faf8910120737ec3a94b9f3dcfa16c34aa9eb,validation
red,877,d817db8bc5e836042d56c9b4cd76e706c1150de66427376de349037799169e61,training
red,878,e28cb0bf10af25c6301822762bc4df1ef9a01919af1986902fc97a50943b4f13,training
red,879,eee37b9299e45cbea6c8b3437a2508c8b431eede2b31d6485307c24e37e2fb9a,training
red,880,a6d1d3c30e66a2a9ef0b0fe335ae14f2116ddebb2a961d0e799d93e138228e1d,training
red,881,1de6930059f25eaa3a67251d0bf3ad3b0b2c1669972423ef53ec2efa694daa40,training
red,882,13df376626979ee3d5202e160887dc74d2bcdf06a030c44d099090ac3ae72482,training
red,883,cf348a16d9dd90b9a0c555c5838bab1f30e6c49a7ea106e60af4ce5b2aec6790,validation
red,884,a6d1d3c30e66a2a9ef0b0fe335ae14f2116ddebb2a961d0e799d93e138228e1d,training
red,885,eee37b9299e45cbea6c8b3437a2508c8b431eede2b31d6485307c24e37e2fb9a,training
red,886,767ecf43a27c7b4d120ae6c83fb116d913fcae31bfdcce76dc319ea34e85b69a,training
red,887,ae90972d2adf38950c06d3e4f735e973986567f2ac66a0a6c36d304b1d53f75d,final_evaluation
red,888,475612eac92dca6b6d08b570cc6163bedd61284d3845911c45ab0e67bdeaaa8d,training
red,889,966a50856ef26ae7fb859fbee81886d72c32f4215079ff2c862e7e53f5839211,final_evaluation
red,890,496a930b1ed687ae2799741d38a8068147c51e14ae1f936505a467f2e8c632c5,training
red,891,fb8983bc96388a1cf7474ea4f13fa5778afad3b192ca89ec37aa3b2ebb52a6d3,validation
red,892,60e7341d39f39616d5b36b7fb83afe40280e2b602616432d4bde6d2df0c81bb4,final_evaluation
red,893,9a57777ef68502c2508cb49e252ed3ad0fdd6dcee7690577d1ad778a69a85a80,final_evaluation
red,894,60e7341d39f39616d5b36b7fb83afe40280e2b602616432d4bde6d2df0c81bb4,final_evaluation
red,895,66cc5e69e23e403e7b4c12450a6669120d38c761a5e1c36ddbd5c1c658204605,validation
red,896,d2124495a5adc2943e22e533f902a1ac3ad7f2965045938385b432e154d09b61,training
red,897,0c95d3cd6e360ce97263d0cef8c43e8f79a84b1b708c75d05d4b4369bd7426f9,validation
red,898,d2124495a5adc2943e22e533f902a1ac3ad7f2965045938385b432e154d09b61,training
red,899,0c95d3cd6e360ce97263d0cef8c43e8f79a84b1b708c75d05d4b4369bd7426f9,validation
red,900,a30f8972283c0f0ef71ba68d0130cf4869cb9389dc228ceeced7b74ee546dec3,validation
red,901,b2dabf8148c0db478ed548b4d1006fd522efda5878aa6ad1690719496da16a3d,training
red,902,0c018d4e66460102b5f9b498b52459cd2f32e1022c6c19adf2324292634a75c4,validation
red,903,0c018d4e66460102b5f9b498b52459cd2f32e1022c6c19adf2324292634a75c4,validation
red,904,6483ad241d9604cbd69aa01c406784fdc01c33696edbc79f84921e0fd23a6ffe,final_evaluation
red,905,6483ad241d9604cbd69aa01c406784fdc01c33696edbc79f84921e0fd23a6ffe,final_evaluation
red,906,a55f3a3aebab6fe296dd1060593c2940dff01be042dcb65110b91d6cc873b019,validation
red,907,88884fab77417b0461135b98c35eb1a7ea41df067decf0fb5c07dc3e1467dbbd,training
red,908,0f3f3011f4a4a384c9a5458bda813eb15353f61d16db11733f8438e165d368e6,training
red,909,2b19d1780c362a124f5b717d5257f3dd70f4d224941865d5ac6b4a445e385ba2,training
red,910,817efe99cd065d68d12f660f78df3edb3f779e02815f1ecdac6f56dcb268fa38,training
red,911,6749b716bf01d41d3509ca96d36e7a1c149564c9b82fa1a18bb3bb8bb1a1c39e,training
red,912,c7c56054f4eef1a183c08a5828117aa301b29835e9cc5b3ecc7ebfded055f50b,training
red,913,00540af8db6e1429ab85d45d0246741f8511c08d1429d69114e81fe86b1a3afb,final_evaluation
red,914,78222903704c8960e64a63a617ec70ae90729426ab1a67774558b6c94155c33b,validation
red,915,817efe99cd065d68d12f660f78df3edb3f779e02815f1ecdac6f56dcb268fa38,training
red,916,578ce794f49bdea9528089d9d36c10c5a5fa11eb6b57edb7dc7d46a9872eed00,training
red,917,7fb371d5072f06d2d8fdc47d62240fc3710478581cb20573638c0f7c777f462e,final_evaluation
red,918,dce8e3937cdb3400796cecd2244fd7456d52c163cc0c89f15fb5534685418aec,training
red,919,b12f9afffc4fda0bb232d015b5705f6169223402809d82a1b22705c8880ef395,training
red,920,e82a65e052244f25c2f5cecef89fa2ce0639e984df7f08204d2ab948d8c56e9e,final_evaluation
red,921,793fcf3b4c4ac447466bfcd0cecb9d7dafdc297564bb68678db4127d92b16649,training
red,922,b12f9afffc4fda0bb232d015b5705f6169223402809d82a1b22705c8880ef395,training
red,923,e82a65e052244f25c2f5cecef89fa2ce0639e984df7f08204d2ab948d8c56e9e,final_evaluation
red,924,dce8e3937cdb3400796cecd2244fd7456d52c163cc0c89f15fb5534685418aec,training
red,925,2ede8165eb901703684d13ade7eb363ee8047a885172813942e5a5e1b4db7af7,training
red,926,d4b607836b97ea5a1feac18710ba5d5a731ded1fecf2acebd5d77aca3053cfa9,training
red,927,f93c9eaaa3a2f86c67128b8a589ee445f799f2c4e6f8edc2377c0cdc98c801cd,training
red,928,562ff8b187b427976e0de9209d7091287e5cc47d4f01ed83e3cf566183cc9b8b,final_evaluation
red,929,2ede8165eb901703684d13ade7eb363ee8047a885172813942e5a5e1b4db7af7,training
red,930,5e80409de6bb58a8d6c5bae9d977b9831f3828cab3e3cff034a41b776d0f0f76,training
red,931,a47cca38182522dc29e457fc9ed2618e0ecd3eaff5450488f76fd7c4136bcd98,training
red,932,853e4e79bb9f5576c6d91afb97723ffce3de472ce1c2e8b0c2342009599f7f64,training
red,933,4ac2b4b84df28f06fddd4a5bf42222b83267e5501ccc90cddf11d57eb087a1f5,validation
red,934,853e4e79bb9f5576c6d91afb97723ffce3de472ce1c2e8b0c2342009599f7f64,training
red,935,a47cca38182522dc29e457fc9ed2618e0ecd3eaff5450488f76fd7c4136bcd98,training
red,936,854655f30452aad3b97d80c640267c43665fcd0fa4ec5298e3c18bdbff746056,training
red,937,854655f30452aad3b97d80c640267c43665fcd0fa4ec5298e3c18bdbff746056,training
red,938,0a4cf3be4a4bc5cbfaadcbf6ca42ed6b1bda8d704dc14096bc6badbeea0fbc4a,final_evaluation
red,939,7ae8593943c94a773f1ebde7fdeac314690003bcb26f92039df147bb8e68f557,training
red,940,c6651dcc07cf7fe99902a36e4cabe8f099f681241af7ad8fd0721c24b2671bc0,training
red,941,cfb9babd7327d67528a761fc38367426109c32f1b1068b9846eca48eed4a732d,training
red,942,a84da1ec607f2138e4b2833b5b12747c698660f370bd3af166bb9fc70afdff4c,training
red,943,9a3081ddda309090a55ebb9695d32bd1dad83073bda4bf0ed57db42da4b2b58a,validation
red,944,41e6de6ee47dd72c669a90910def0ac54e6585728d88d58354d202af1546e692,training
red,945,ef5b763250a66512adc82a631dd74d51e1eadb1ab90570caa6d352a98e1f458b,training
red,946,23c919893a3d4289efa96f64a5e3cc7706070cc7da81b00685bdd49ea2508e4f,validation
red,947,60f804b9043c76f60187ff1aef0901aa0f0e836e9a58545befc8b86080021ebe,training
red,948,307831e6df08757a11b8932f7bc9e43bad67b966d87729c0e9559956c113b8cd,training
red,949,b0f882d8de2865cbf3e2b33f627aaadbe6378afdb7486e76395d4fa6c4865a1a,training
red,950,b0f882d8de2865cbf3e2b33f627aaadbe6378afdb7486e76395d4fa6c4865a1a,training
red,951,b0f882d8de2865cbf3e2b33f627aaadbe6378afdb7486e76395d4fa6c4865a1a,training
red,952,307831e6df08757a11b8932f7bc9e43bad67b966d87729c0e9559956c113b8cd,training
red,953,12b7066f86ebf0302fcef9ebfbfdf77dd544b2e8b93d194b8cd5bbc4d9579389,final_evaluation
red,954,75e9c5e5831e0b964b4ba8e6801433907a49d4b3763883adaa87e918e5935570,training
red,955,a395e359dc43bea7fdc5d5f30aa12387d32b98fd4d4bbde19c31e297dd47212c,training
red,956,73bde2ff71db9c58d11bb8522ce6eee79c499bb3398a953fe7ea479e79010d13,training
red,957,979f9f4b53c916bee0db340984d45961d9c82ac2656d362779e0f0bb02b93134,training
red,958,a52ebba2971f02f7cbb8abba1643f9295ddf795d335b8966c6422556f446de89,training
red,959,1d79e586eb0a9465040f5a952114216cff5b06077b5e648a828a578b954f10c7,training
red,960,53f34876f4ee653855b9292c1f85d6435303d0bea98777a3d032c0ed52cb6d86,training
red,961,8c76b284cc410ebf34894d8ce6ae0bb9d657e9328ca3edd1311374266bde404a,training
red,962,1efefe3843c4abe0d85d1bb5379e3afc0e87a1d3ec6730308c3a1d773374e079,validation
red,963,7fae29e3ccc21f04b10e0a0d566fb2b1f7d1ae77ff0826a16299bfd22fb6054b,training
red,964,4e953035caddbdcadcf82787d060555626ca1831b3f68c48ceaea13f7c854352,final_evaluation
red,965,8c76b284cc410ebf34894d8ce6ae0bb9d657e9328ca3edd1311374266bde404a,training
red,966,13faa885e6909886899a9f7762f436fc1b00d1e8bf0bfe45b1ca576a26433567,validation
red,967,91fb9506c3dbd8fa983245a1d582d57f8319fce80363557882f184360b043360,training
red,968,52285bbdbe24cd392bbc4832a0e71798d198042ae4ce39125f128e44ded9da0a,training
red,969,eb66653b08c6950386c77ae6ec6b0b4ae6a5d1a5a2851d08116a7bb1f3cfcd52,training
red,970,582ccc1225757f556b912825bf411bd2f59e07f6dbc53acc1b35e4444871d085,validation
red,971,08680eae9fd14d12582909549e51b894cfdb04b950fbd1f873049871540995db,training
red,972,08680eae9fd14d12582909549e51b894cfdb04b950fbd1f873049871540995db,training
red,973,19220b1f9373c808e1c373d292856c60baf56aacc5bbbeac186b5e0f349d159b,final_evaluation
red,974,756fe227ac3e1e3a42b39e17e57085d73aa0925a9a58d98d5456fc780f9735b2,validation
red,975,355fb99a99a034b0b0f529086b20a00eb867b2c9b87649c3c35fca36ebc2c14d,training
red,976,e2c614767b6a0aec2afaccc3933123225cefce20cdb248214108ee5de1f99087,training
red,977,e2c614767b6a0aec2afaccc3933123225cefce20cdb248214108ee5de1f99087,training
red,978,6394e4fc1913743821b64766d1dff1d1dfc28d2ad404508c243ea236b7da9917,training
red,979,963b0f6574f1b084ca09de3d694da662ca0673243287d875333c8e20a660a20a,training
red,980,debedf0d8a8aa20fa724dac2a7b30c87de6a1120dded82e6704cfe855e6ac0ba,final_evaluation
red,981,05ffb58b394ce17b165f91fd861a981f3fe50fc35ffb6207d11aed1fa00236fa,validation
red,982,3659d36d493d434f8d330ce77b692ff7c5761f81b3243272ade3eb307134f2ec,validation
red,983,0d49baa7f5459e042ffd5202e5cac412cc2138e4bdffb79da3c95aa1d882d03c,final_evaluation
red,984,05ffb58b394ce17b165f91fd861a981f3fe50fc35ffb6207d11aed1fa00236fa,validation
red,985,debedf0d8a8aa20fa724dac2a7b30c87de6a1120dded82e6704cfe855e6ac0ba,final_evaluation
red,986,c17a0ed273a199af6638d2688b6981f6407e3daf6d6b57d5a24db8dba48b741f,training
red,987,c9fae91f21e0bb27928270791cb621b0b7566202adc34a0a9cbd51b2e522b6d8,training
red,988,3c5591124ffdc0050b6f1c610ddefde8e69d50d3df0218b0228f3a2fd4157fe5,training
red,989,9c6ada439e77e3f3a63eb50870adc6474b6f5ac8df51246346b6495a4e0cf9fc,final_evaluation
red,990,8b10399bdb829db4ff15d24da70b94f5f33fa598cb22bd3f44497310aa374f79,validation
red,991,9c6ada439e77e3f3a63eb50870adc6474b6f5ac8df51246346b6495a4e0cf9fc,final_evaluation
red,992,4d0a3a6af72536f010ef406294333ff9a703403ffff0c55d24c96edf27d88ef9,validation
red,993,08f961b26f4c54b08ce410993cbea3aba611d2b475fdbc44d6bbed6d6f80cabf,final_evaluation
red,994,4d0a3a6af72536f010ef406294333ff9a703403ffff0c55d24c96edf27d88ef9,validation
red,995,a33b220b8a92e9ab3aeb4a36e3828e120c7fcbd48ae46ea6a98679e5e0eb325a,final_evaluation
red,996,eec02a599c85e1bb4e8ffb2d58d4c098a30e824445342cdd2c0e7b726be9e20e,final_evaluation
red,997,fb96adeb6ed541994f31ee5302cdd8fba2e0876b99b79f035c0e1e6fac6d169c,validation
red,998,fb96adeb6ed541994f31ee5302cdd8fba2e0876b99b79f035c0e1e6fac6d169c,validation
red,999,71f2bda18687262488963ae7e1f2171b68be96a8557e5a7748a06fc563717f86,training
red,1000,97c17cfc5adf9bfcc8b7c2c5d96edb0d6c422ccee78b12780c4ed44c67d4f227,validation
red,1001,faff658226248e2401f255f65ebabe51ede422e8ab434dc8e3c31caeeddad9e2,training
red,1002,ac50cc63cfca4259a99077d79736c694b8422df41f32c5b143b66e39e1887785,final_evaluation
red,1003,a74db70a06566271b835583aada031ade2015b02cbb21185a2b171bcc22649f3,training
red,1004,803d1e4b866ed315bcd0d08ca9404166c3426dc88ad322709915714dea3c5acc,final_evaluation
red,1005,6d35ee32792c352cb0300012df01c6be18669b38fe38ab3dab7910f920ab9c36,training
red,1006,803d1e4b866ed315bcd0d08ca9404166c3426dc88ad322709915714dea3c5acc,final_evaluation
red,1007,a74db70a06566271b835583aada031ade2015b02cbb21185a2b171bcc22649f3,training
red,1008,b59eca4708cdf8eba11379f8c91fcdcd8ea497aa54d5e83cd3c61b8c764cb60c,training
red,1009,aa339101eadba0fd4885d0ea57549870b1b1003c2bbe4b4baa07aa3bc83dd3b0,validation
red,1010,4ec372c41589432c0b9e51b4e8b0bcb31cf7b06ddfc4f81fdc40430a3e26d571,training
red,1011,2e7be2b3065e89fd62c8e5aa002605e09ee8d979d63422462471a24aca55721e,final_evaluation
red,1012,bd85c62bde69f1cd2d169ff94b37c59df6787b02ca1218ce1b268b1b812d7eb0,training
red,1013,1aa4f0b6e0ffb1a0e47cd6217f023129b570f270b8326db2d6e22eee959fa810,training
red,1014,4da84ce35933471be76c2bfd6870d86f74ba2a58806983dcbcb8f1a507aca31e,training
red,1015,aa230ebffa3572c2e91d8fcbfcc6565d9bbb666306450f94a06f8a6ab516f00f,validation
red,1016,9d3d51167070b3febb833c00a584b9eb320afbb666535b3a6e7d2936ef20dc3d,training
red,1017,656c4050e72e0c4d466530052e51fd9cf94d0a4faf0cd9516281d65e9c9bd163,training
red,1018,295ce8abca496dc6f57e953895c3957a4b58359c8cc714d21a612b37526df649,training
red,1019,295ce8abca496dc6f57e953895c3957a4b58359c8cc714d21a612b37526df649,training
red,1020,beacc7c242e5ccf5e1011e7831f3cd624829ee74253da03cb75c9332a89db8d9,validation
red,1021,cef9e867064886c15fe07629f950c51f152c4e555c530c4b9a5e3c2fa4380176,training
red,1022,cef9e867064886c15fe07629f950c51f152c4e555c530c4b9a5e3c2fa4380176,training
red,1023,9ee3b62e5c7b28bcf90b8f395629ee4af3ffb84de56e9f32ce7888c3b8a7dfd0,final_evaluation
red,1024,0951c73f022356f3a40f627813450d40f49ebef12ee8861b6569280563fe30c9,training
red,1025,025f706ba8056fd7d3f18b62ab00934811681e1e4612e38a3abfd3ec591c4c56,final_evaluation
red,1026,b08630f8e69cc48600a6ebedc4a59633ce4d366caabaa07fb744d127feffe872,training
red,1027,ef064cd45a5bcdb698934233c9a02503624fea78035bcd566e2e16ce9c66f66c,training
red,1028,e678ccf5c9e2012f154a90218ac0418c62a88b7e01dfb7fc0421e44a4c4b0ff1,training
red,1029,4832001344e4113a3f2ef9dc10d0619fd624ea53dc75610e7b2e026066c5d674,final_evaluation
red,1030,025f706ba8056fd7d3f18b62ab00934811681e1e4612e38a3abfd3ec591c4c56,final_evaluation
red,1031,7207c6872153fb92ba21973a1a5e3181e805220500a4db5a68711b42277fff77,training
red,1032,ec6de50d8fcf796df9e396166eb0d04bd560c9082c1883c6fd24667789294773,training
red,1033,a661662d6bcf03b6484cfc68de296a5c4b2cc7a9ef5a98bdc8bbdc77e0e3ee55,training
red,1034,814b13bc58758e41ced320e56d502ca6e67eeb396d83f80954be34fd9e7eaf3a,training
red,1035,936d0a1f39c4ab99a3c3ecae3825cfe59e19609d15746668c531bae01413fbe5,validation
red,1036,401b7be502d2d5118d465410eeae85595640e899f97b46a87e530c061433f448,training
red,1037,7adad3e27f43e7eb8119de0674e4a067209fde40cd3c1263dc6fb17fbf2712e1,final_evaluation
red,1038,2b5c16ea984568c4c9ee87a83d115c5d2b13bc722c06a4922362115c4777f72d,training
red,1039,b4265df318bb418247f387f91cb4e7083db3aa830cf962afe8baa26f1382650c,training
red,1040,b158dfa580f9982c827b1272330a52e712181ffb718785d479a710099113f154,training
red,1041,47e11586a6fc97d68a17477dd65d9d62ddc25bd60cf287f81b8a6e96398414ff,validation
red,1042,60d75d53311f0e4a30864372e2ff26c82ef05028c161aacc9ac84b45381ff050,training
red,1043,b158dfa580f9982c827b1272330a52e712181ffb718785d479a710099113f154,training
red,1044,44fdc1ccdc466c9aed411f435eac4ef218385b12b6e14278860920da5166f683,validation
red,1045,c0f0467b529129384cdd8496c1289c4bca68c1998f4967537b1cbe3c00c2aaa0,training
red,1046,ba4b8f0664e9af99f81c01a4bedc593771533c15cac8dace8c4aa96f51eee5ca,validation
red,1047,d98801ef27772c003eca19303d3fc0a1bae3fc1578c276564279c7775205876a,training
red,1048,bf9b40ba39acec35d9e94607384cba49827cdbe50fe220147fc5821fb5e83748,validation
red,1049,3517061848642e56a34ad5d5f13dac6cc999afb3d16150209350eff87311f138,training
red,1050,35341b532b087786cd28c12e6bac04b27d50531245a7eb048d9711f478012371,training
red,1051,bf9b40ba39acec35d9e94607384cba49827cdbe50fe220147fc5821fb5e83748,validation
red,1052,330dd556f95e13897849fcc6a109e9dc46956e857513cf1a8ce6502fd7589c5e,training
red,1053,9ada0a97113e4862c334bc22d66e299b1ef5f72b4af06e1000a52fbaaeccf12d,training
red,1054,c0fa89b1fa2c90585ee63001cbcc556b80ceba3aaf8ca41e2019011d16a0225a,final_evaluation
red,1055,0a8e1294193b9210182003fe46ba3b8eb5b30d31274916bf4bc7232a0908f656,final_evaluation
red,1056,0a8e1294193b9210182003fe46ba3b8eb5b30d31274916bf4bc7232a0908f656,final_evaluation
red,1057,673174e02e7bdcd6a73805ecbbe245433a558c2b8c301ff768e92dcadb6c9444,training
red,1058,2453f9abda0ed3b9cac5826621663d1d121b5c7a7f2d672d638dc9863a6b75be,training
red,1059,db7d1f56290d8efd7da487fa14726dd677373d577301943dae14e1c230c0a987,final_evaluation
red,1060,673174e02e7bdcd6a73805ecbbe245433a558c2b8c301ff768e92dcadb6c9444,training
red,1061,634b8387587f138f94d9d7b617e58de0d30f833d426fbfcd95cedda250951b20,training
red,1062,f5e62c893dfd38dfe29003fe7974cf183292386cdb54b4a6797ab461416d94dd,training
red,1063,f3f19c7f8cead514266403c7f562d5478e9f3c7483caec07da9df60499d5b49b,validation
red,1064,19b0afa2ef0ad14c6a35279a081e11855a77df4c76b87b3344d27c53d2ccf085,training
red,1065,145ab205a90a34e374dc671d5c71f5234da3e25bcacb96220fa59a43d2ab7edb,final_evaluation
red,1066,4a875057dc20ccc4c87c794c775be1fdb7de3b063931746d4aa33a1d0f9b850a,training
red,1067,7f65d240f675a21b26e4ae2732325b568f049e070627df052c5580e34170c801,validation
red,1068,fc2cd519a63fb215f094dd3f8270f8db816c5c3919c4a440afe7bc6094984ff4,training
red,1069,fc2cd519a63fb215f094dd3f8270f8db816c5c3919c4a440afe7bc6094984ff4,training
red,1070,ae405abedf87cf77391ae03ac71d525ed5f1d0f5056dca58a4ef705809be4e37,training
red,1071,ee72e0b370d69e0936463d1ec85c3dbd61e2f17051b6922881ab5928b8c26bf5,training
red,1072,a59b9ad7cd41abd2954464e93e115e0e20b5cbed1bffb000f4c48daed03ec8d2,validation
red,1073,37e1e526e513f9eacf3c07b0453b68a773a99c19bf626c56d1f53f3f3ca60046,final_evaluation
red,1074,196d1cd3c3e665e1d321b864f294b3a064dddf498da15f47c867e9f2d4c75bd4,final_evaluation
red,1075,a59b9ad7cd41abd2954464e93e115e0e20b5cbed1bffb000f4c48daed03ec8d2,validation
red,1076,f4603e2d4f2db0ab175d3d814adf59250bd5042d0c0f89a230a93ad070ec0312,validation
red,1077,690461757bf755a679a69d4fe301f7cc76f6b57c2ba93ce4f4045e9742ce6052,training
red,1078,ec14a9332362b0ad5f63cc4fe07bcfc2cc4b49e9ee16fbaafdeb408f617dfee0,validation
red,1079,ec14a9332362b0ad5f63cc4fe07bcfc2cc4b49e9ee16fbaafdeb408f617dfee0,validation
red,1080,e26dea69862e8309bda243af40d5533ecf0e2c818683fdeb6fb7022c43cc6d53,training
red,1081,0a8822d26d424c9df0e0069393b17f260f90a3bfca2ff1f1880d80cf3add483e,final_evaluation
red,1082,bfb3f38fc03f4ee60d6e2db778206d913f706dacabaaeb7ba756eff3dfdf057b,final_evaluation
red,1083,79f823f69cfc7962b9dc895257b70c4af02aad497f4bdabef8da7cd821072178,validation
red,1084,6298798967c7b8117851296ae43cac65dd2f4d0915edfc84a3c0fe48d70cfccf,validation
red,1085,79f823f69cfc7962b9dc895257b70c4af02aad497f4bdabef8da7cd821072178,validation
red,1086,af70bf0013f493b60e8bf4c19351dea6b0cd3f85630bd315a0d69b834e2d6657,training
red,1087,cb0c2f8c472e233a3856d36157c8e731fbe208c41be0f2da56df71a2d882a16d,training
red,1088,eb0a2a7e5c52f15387237e0f8c9ca0b7df5c176f88a555dbb6bcb2a491e2d84a,validation
red,1089,1cc290406700d068a820ff399ecdb77f3c18c573b5a45b980f5967e942c2d0b7,training
red,1090,1cc290406700d068a820ff399ecdb77f3c18c573b5a45b980f5967e942c2d0b7,training
red,1091,78e73b50d292dcd333a36d8a6995471b11424400aba69fbaccf6093608739920,validation
red,1092,6a19202b43943752e2c7a6dc4b37c71235361e12d63814baa1e240414ef33d10,final_evaluation
red,1093,39aa5fe0f6360790a8cad5d795d5861596c12fa86abfb4c2410704270db5498c,validation
red,1094,8237f45c1396b072b05ed9df296c6fb637dc7e70df01777b6e5a2e0e811c22c9,training
red,1095,0827d14b0d6684ac0e2dec7477f958d41ca0d4e1761a7ece47a282021f6ebf70,training
red,1096,ad35a36a9e9e86fdbeaf32c6a9778329df5bca37a5ef00dd4e56bbf828a2d610,training
red,1097,0827d14b0d6684ac0e2dec7477f958d41ca0d4e1761a7ece47a282021f6ebf70,training
red,1098,7465b82a13cacfd6f0f5c4d14ff94f4ca82d93a51f1c812376902761d783659b,training
red,1099,73e8df877541a4ec06f6db75d54083e79cda13747a05888b81b819eeb832ea1f,training
red,1100,7465b82a13cacfd6f0f5c4d14ff94f4ca82d93a51f1c812376902761d783659b,training
red,1101,8e8378d054dd0a14f88e3698f915f8229a3faf19d7d8a624a1b80b202facba0e,training
red,1102,7a5e0521eeebfb1aaf4fc53d622e0c590d33059d278a41bce52c2b3f6c03eb41,training
red,1103,1c6bb422830a570ede0ddaafc8b08f8fe0d653ea6d8a7aed6bf8abc3746d8afe,validation
red,1104,7a5e0521eeebfb1aaf4fc53d622e0c590d33059d278a41bce52c2b3f6c03eb41,training
red,1105,6be15b1a074425e4da7c5e159f5432ecebec89182cafd2ed352794790b72b371,validation
red,1106,6d7f174f4d421c4cb67d345088d35dfd7ad1ec84696c6cd00fbb6c9d2f94b6ba,validation
red,1107,1356e16c8960d7a73c83959b59c967b2aa0e17b77e38d2a564b22b646a4a493e,validation
red,1108,b11e33d03c81e7f23a635e5c6e1f78a1971236fb5821f87525b353f519737b80,training
red,1109,621aec43813b710ab718ba6c7386a5d44b75df9e797cb0b539f305b368f8a820,validation
red,1110,575393f05d4e16e73f5fdb67da77184b7316de722d8de519d6bd5b17755322ef,final_evaluation
red,1111,a5dfbc8f1576ceec5375d2ccbee38b0a7e37f9fe304fc8c928a5199352245c72,training
red,1112,2e1e8ef7d6e838ac50a2ac4178b4298f14580f58724d1b6bbb6068dfc0098c56,training
red,1113,516ec2b0d87dca77355d1f284df4a21e9f0eb367c9214db14fb05c8aa6e17f2d,training
red,1114,a17b8d4e6b0e6b11843f1b4c7d9938f80f80554766f04b00d86e7977cec82a17,training
red,1115,ad5c31b790d77b73f00f26fdfb8a82eea01ab2ef61a498ced86a67f563ae62d7,final_evaluation
red,1116,31c83238cfc17762a1bb9452d6ed56751209a6e368102ac8bc827ca4b035dfdd,training
red,1117,31c83238cfc17762a1bb9452d6ed56751209a6e368102ac8bc827ca4b035dfdd,training
red,1118,31c83238cfc17762a1bb9452d6ed56751209a6e368102ac8bc827ca4b035dfdd,training
red,1119,6f80c69707113bea7aed45a0c9acab71b73221948b4cd266b520b449b8cd297f,training
red,1120,d18a7ba878f3e4a0f50e818130c377e6e53128987f1da9cc418df861ca768bbd,training
red,1121,9fa908dc61ecc083d5165490d2d00a739d865cddb61e76efde0889ae8be84959,training
red,1122,fe78d85128d8f9bea5e2873e6cc12eaab5cfe63a073bc0bf0625a81fee6973c7,training
red,1123,43641c8840e4a0b807b68ddfaf3652079780c515b3f6c4a08747c73fc4254ac2,final_evaluation
red,1124,f3dd67f1a51c8e1e976a9fe6bb95ebe961c3839bc334ccccdab7e39d7777e390,training
red,1125,7f418e7c63d38ba571ef4fa35e749634f78ef3e7d7f8cd2d113f9f2a5994d75a,training
red,1126,6a487ed5f48f4e379ae24ba26c7e765513f2e775b1146fe946aba65d03c189d0,validation
red,1127,2391cb28b1b3a3ae22d201299abf8bf0a1acdfe5caa0d91f7c70475d88bd73a6,final_evaluation
red,1128,7f5ba3407d428168f26f510b3440a2b582b9316489c4e324dd548deadf852eae,final_evaluation
red,1129,75a2faf3d19bfabe698eb55a01b356eb8d224f97e502249f135e3766b3f98de3,training
red,1130,5fe48abfc39c2096ad8d93ec9961ffc697e2f174173224d19641fe3b95b78275,final_evaluation
red,1131,a1a80c5c2d83e489337b1280d28e3422237abb5f9d9a7853e54d36ff9bcb7cd8,validation
red,1132,97e866a5f5a18e79ebe35707bbe6e8400b97392c6a774f4cacd8899466253cfc,final_evaluation
red,1133,108ec977b2ecf15d3e747b3af7aaedb496cf5a2020b5c883f8c44ef4d5e16a0f,training
red,1134,1bf2e9c8b2482fccb26d6385b8017d14fa31ef66404c31dbc948549ea55ba708,validation
red,1135,2c50eb33bc5a8a17482a39f60b18544506fa0f2dee128ee8543263fd46341f2c,training
red,1136,e38a99a4a053f0dd5b814fa5b6aa34263badaf4dda4a537d5c072f07eac8c240,training
red,1137,a6b5bbcae4d5f8040bc4bf84d0c26532cb689d173d27079f15c65dae270cd573,training
red,1138,a6b5bbcae4d5f8040bc4bf84d0c26532cb689d173d27079f15c65dae270cd573,training
red,1139,5580856c3ddf045f4dc9f563e6a19fc173512d2c74f6ac87f6f31b61791ce760,training
red,1140,1f31f7cd84c14f7ed864b409299c8c979fabcea02baba93f9d428d6fcd442574,training
red,1141,eaac9172218abe1810dff85a65fbf3bc0fa4dd2a462314c02f8ce6ed3363b04d,training
red,1142,c54d7cc15698ed741a93f2960e533fee8b24cec26b04dcffffe71133b5160d3c,training
red,1143,5205d01aea477ea37109dfe7c3bd6abb86dd3765a3eeee68e93ccb5dd9f86d8b,validation
red,1144,1a433b60202f11d663565e0959fc800b526a4092fa3093db913d69a216084cf5,validation
red,1145,11b022c74081170ef537882b92268fa348516425c7e6d865f54ff88c3fe4188c,training
red,1146,d8945044b0c9318811eafd853badc9e267b8078cb7b00824c09a96c90d36beb6,final_evaluation
red,1147,ab5a2a23bc721b006a263df0b74d445c124cd889efba426c59bae7fdbff09daa,training
red,1148,8988c4dae2a52afaae7d50e3b56279a44d87c63945e00dc6583e26cdf9155d49,final_evaluation
red,1149,502c6d924a077e9816da78441d951c05735e7fdaab4cf4bd442dbaf74569e305,validation
red,1150,23ac7727042aec92ba7ba295d9f3568834b6821cf06ee968ec53de5e6dc3f913,final_evaluation
red,1151,2119dd9afd3576ff1baaa48a6d86c22f96c7692a20701dcb80e00120dc1c9ddc,final_evaluation
red,1152,7c2530511eb2cf12523c9a1a1aa742d06e3f91cfface0b71cfc4b6dbc7b906b3,validation
red,1153,fe60ba960ab96d386b7e4817eb8afd28efb9a3f2e0ccc8d428668956852149c6,validation
red,1154,f6eff15567f7deca0d270e3cb47d75177f7666e1628702f750c10e8627584f4b,training
red,1155,9169101c01e91fbacbd6172e7abe7722c045e70ece7e1f7046bb170c5f03cf49,validation
red,1156,fe60ba960ab96d386b7e4817eb8afd28efb9a3f2e0ccc8d428668956852149c6,validation
red,1157,00abd1a7621ffd8cc1996ceb1e829f567e128837ea18a9c002fba1827825ba2c,training
red,1158,3252a897cff817e0ff8c6e03343006c0e875d50820691f7218c92a58406e19d8,final_evaluation
red,1159,1eca28a98c30ee95616878bfe689282f8dc214e88fd7c0e2f005958e35fde666,training
red,1160,7ef2359bc9e1524a69181c4580f60e7edde96ef892bbabf497462493c69c6037,validation
red,1161,f7e89a228b13f4d0db1cc07901aec8cab56a8218e79ca97675f87820d88dbccf,final_evaluation
red,1162,cc8f02290c65be399c9fd2cd50bebdb36f490cdbb916ccbfc3305b4f0bdf01d9,training
red,1163,f122e146cd0a54f9bf94ad1e14189541e928885b5ee2a57736a70ea37484d032,training
red,1164,a6c1ff438293c70b1c10a8df64836f84bc169ac48bc79e573d836941bfe95d45,final_evaluation
red,1165,a6c1ff438293c70b1c10a8df64836f84bc169ac48bc79e573d836941bfe95d45,final_evaluation
red,1166,84b05b970a4a51304ddfbf52dd736286637b75022a1ca57de5969126051ea1a1,training
red,1167,a7f8a0ddd1fd6af643ed143f69736c14d9aed0974be2f37a46ac0c4c211e8f82,training
red,1168,17608538b48e6172cc9d0968e7dbfecbaa3d5733ffa3646edb0395670f535c23,final_evaluation
red,1169,9b541a667740ab3d961038b506636b350e567b1edc0c03744714ecdfe6e61ed1,training
red,1170,48b987468f18a9ec2a483e204d74523ceedf2fed6b4161f77eb324eb60af4354,validation
red,1171,c4764f8345b58c6b8c009f4504687bc1881594c93d2754a37b2320fb8a16813d,training
red,1172,4ddb915b973c84a210f5c7880a2e6a1a6bda7803704f2b71d233779b103b72d8,training
red,1173,f6be5a370b5325098db926a5734301cf245b3b338823224f43c0293e19bd7dd2,training
red,1174,f06d3cfdd97e19a88f8c4158d1487fdddef02f4344f8dea4d7aabfa2e53df89b,training
red,1175,f06d3cfdd97e19a88f8c4158d1487fdddef02f4344f8dea4d7aabfa2e53df89b,training
red,1176,e4319e4c7cec3402ab8f65666bd0230fea2b7302a5e787d41ccab4e283957b71,final_evaluation
red,1177,e5351e54732e5a6e350178f8acdf318cbbd20909a945bac79e8cf96513ce4828,training
red,1178,ec1a1b27832f6b942b51696687cd04450823ff607a5179db88aa8fdd1e6ec251,training
red,1179,738a6c80cf0c444b45acc222b4363398fd29a3385b16a1502a5b0d4771f4d4ba,training
red,1180,d5d202cd20ad748d0d6c842cd556b22620cda5cc34e8af077d9f0516856b117d,training
red,1181,d5d202cd20ad748d0d6c842cd556b22620cda5cc34e8af077d9f0516856b117d,training
red,1182,8f2106127200cf7942d3c687e57e494a3cf718104e0954802c70b83eeb96783a,validation
red,1183,1c6e72f9a7be736007bcbf92eeef8eac9e2ad48657d7405986bc016155c23490,training
red,1184,2d5cfd952e5278d42d01eb94b598a87b083ed6df493f46d478ed71b58c5d3ffd,training
red,1185,bf53cb071bdcb6db107e85b8b122ca8c8f95a8dd548b1872884fc9ef9ee5df41,training
red,1186,af19fdb91e9021e1b7ed6d5239ecd398b26545543d6bca6c26de76855c70aad7,validation
red,1187,8766052fdb587f2191782fe10e7adfda2698103d7a73223af92a659079d963bb,training
red,1188,af19fdb91e9021e1b7ed6d5239ecd398b26545543d6bca6c26de76855c70aad7,validation
red,1189,bf53cb071bdcb6db107e85b8b122ca8c8f95a8dd548b1872884fc9ef9ee5df41,training
red,1190,1cff8e5f524deac9e5fa7c597c5a8edf47f6df35637ad3572c30a7965f1bac6c,training
red,1191,7ea9955f40edc9bcdfcde31d6a001b10eb00075808de234a4257a475c2a117ff,training
red,1192,e18835ab960a358dfcc9cb991acfd1882ce6a1ff7f462228e5837ea15a429139,validation
red,1193,96024dea93b52ea3d969b68749a031f18ffc7d84a6f18c894487bc15a268e47b,training
red,1194,8ed2ca4ac6a93ff30840b4c5998c1381ca84fa0d4a51b47078cb67cdea4a9744,final_evaluation
red,1195,06abdb8558e24d969fe8f6c42909ea6b076d9623c13f60c3022c884540dbb36e,training
red,1196,a16daae97be1e21424b700fd70f2b6b92238a0e20ad8d85de3e1765e0c271da9,final_evaluation
red,1197,0ab91b04751a910a526be57f1eadaf83215cd6f28ef2322fc7f306536cf10c25,training
red,1198,03fe211029936c91bb566a59df45ccaee23a2179b41e9d6089479e5be2e1e9a6,training
red,1199,7117664349aaa61ca282f439ea735ad1c8de3858a01fc1484b43f157afb04bfd,training
red,1200,0ab91b04751a910a526be57f1eadaf83215cd6f28ef2322fc7f306536cf10c25,training
red,1201,03fe211029936c91bb566a59df45ccaee23a2179b41e9d6089479e5be2e1e9a6,training
red,1202,b36d6409157650d1392d30cbe2fb852162a2a3bd861d710c8cc7a7d976d2b047,training
red,1203,28c201cb28872acf4b6dfe2eb5895f26550589446f0192d59bf152547242d459,final_evaluation
red,1204,fb73fa48be13e945a77cc646544eef99814cbfe0c8213e795545c57bdc79a290,training
red,1205,d231f67df647829f56b53804df445d685a73ea4155012352f152e21cd4ebed2f,training
red,1206,d231f67df647829f56b53804df445d685a73ea4155012352f152e21cd4ebed2f,training
red,1207,d231f67df647829f56b53804df445d685a73ea4155012352f152e21cd4ebed2f,training
red,1208,9d03bcdd0ed1ea4810ab9764a1ba7bc11a0a3ae205062e2cef938731297c25f4,final_evaluation
red,1209,d231f67df647829f56b53804df445d685a73ea4155012352f152e21cd4ebed2f,training
red,1210,1e266a5e4efbbd5b847fe58591488af76fb74eed9ffd68587f0af0474ca9f37f,training
red,1211,98cb340c74aabd0a56ba99f6f726c185ff0908323f7e49b7a8243a4cd25d17e3,training
red,1212,ff408f83d93d97b076d3383566ff3f4df04811fca155a5ce8f397b53f29e1821,validation
red,1213,98cb340c74aabd0a56ba99f6f726c185ff0908323f7e49b7a8243a4cd25d17e3,training
red,1214,db9a8ad3275e368466690c787776a0c5fa84ad4e0efe4345d86e3d24176ac18e,training
red,1215,8697c8e674d20348b3bff00192b9ac083cf23f2d5b9a163aef09421122b81af3,training
red,1216,96db8023c392737972c6b65e877e66df468c03d6c1fb2a6381c40049614c5f8e,final_evaluation
red,1217,1ce8e1d9fb725dc631a3973c3639dfe5c215e3370c1577fe1e7f186f11ab93c5,validation
red,1218,a775b66ada0c7875122268d9f2472c6666a011bb0a39587f3f36ea726d378a38,training
red,1219,bbc4d37e923fe555451200e1da46011b07828882b91ed338c5ddddcdb3f62205,training
red,1220,2a59b5d79db72694ce6876265f310b2251850a0bd48fd6b205c9b18cc65bb048,training
red,1221,90a39621d3e4b40d049dc1df8cb6d22a0ab855e90d9ad2e3410ee5b3cb74eca9,training
red,1222,90a39621d3e4b40d049dc1df8cb6d22a0ab855e90d9ad2e3410ee5b3cb74eca9,training
red,1223,fba3d152ee0c4622363a7bad74a96134f677fcdea57d46abc9dd31cbd8c16ea0,validation
red,1224,d3fed97786a2226e9fb07d58bd1fc1a20084af89941d720a31e5782fa5110329,training
red,1225,623519d343fdb8e8b9cd9e30cec275306994c6be4f5d343173c66b1260c8189b,training
red,1226,999075ee9b52c0ec3c2fa422762a071cf6229eee06b21c1036b36a7049d2876b,validation
red,1227,3b631b4025d93d26646ab3aa3c1fc9716c66d3b68e112ab61403219a9a8ec281,final_evaluation
red,1228,260a282e104067f8011f77bb6a0573555248f142df2a830fdbe14406b25f3434,training
red,1229,dbd6d002794839d816420e42afa502a94e6145ce738204ca9f2869a77cf0f188,validation
red,1230,3eb8fb776eda9fb395382e5c4c8a4376e429345dc86ed85ca5da4cc6290a2fa3,training
red,1231,c96b92de5ad1ce7ca80ee9d2d4836527f5627a9c85e2c1817600f38dc3060bdb,validation
red,1232,110b8c164f7ed3f38742fa43294f256ec9670ebb8c882368e227a7e5c0e90287,final_evaluation
red,1233,3eb8fb776eda9fb395382e5c4c8a4376e429345dc86ed85ca5da4cc6290a2fa3,training
red,1234,de535f1bcdda9dfc22495c83d859d6f15dd045daec78d58f4084c658626b26e7,training
red,1235,0767362868855f5aa03f602593e6afc40ca3ed04f3994c148a5b65b2b40b680e,training
red,1236,8954d412b95f991c4eae51931a614ca9ee8f41dc4efd494ec71ffa12cc7c5699,training
red,1237,095ed7d9cf90175139fdb5736dd35713ae064edab82f697054476c28c74e1d92,training
red,1238,0767362868855f5aa03f602593e6afc40ca3ed04f3994c148a5b65b2b40b680e,training
red,1239,275c1dcbbd3b0c3bb9acd5b93ee58c76f89da9d6b95125575c3cc852cb8becdd,training
red,1240,8b94423665f30004d232d59892e56f55ed46fb003af2a0cd8e69325667ce708f,final_evaluation
red,1241,02c128475ff10a771a82a2a82683e3e5f91d7676f251f5bd02d1a8f05b6e75c8,training
red,1242,708eb1be5e81477a800e4c533136ad3721ebdc9104748c92b379a0909706031d,training
red,1243,04b6c4eedcc51b2a93e2940edcb910b91bb806361ad3420057db0346eff66b8b,final_evaluation
red,1244,0d2c1df7dddf832b6ebb927a6fb03c706c8b5cbaf242b0d363e3a6d3a4d02c54,training
red,1245,fdaa329de079e646cb533cdac9d59132ae10d32c69c944ffafbc6962603524fa,training
red,1246,7ad07a49ea1ac86c9c81e0306bf22ac76365d266ab8197b0f3c5ffce9e8fe406,training
red,1247,15777e2336635f1fc589789dacf951f7856fd4f4ff74d40b193446aa1a2c7ad2,training
red,1248,7ad07a49ea1ac86c9c81e0306bf22ac76365d266ab8197b0f3c5ffce9e8fe406,training
red,1249,1151e85b2998da137ddd08b021076ab31bd046eabf876d7c6799924aae7adf95,final_evaluation
red,1250,5c79b5eff3b3e91ae6c92abebca9e0edbaf73e0a53ebf71e984df0573eaf0799,training
red,1251,5c79b5eff3b3e91ae6c92abebca9e0edbaf73e0a53ebf71e984df0573eaf0799,training
red,1252,cf24700f228de99c5eced3b0b7d17cacf9826f6235c3e992c8088a7944fa4e74,training
red,1253,f307530d93f750c3ef2ef3fde35ff6d84976fc36cb4334d5af2f3727e54eb1ff,training
red,1254,4ace88eab24e4a8f544b4a7460589b74b272d4af0f9665ee3053b1671437892f,training
red,1255,32a3c1c54c2631b9079267ccb5fb04c8d6124213366c5ae18cb6340089fbf609,training
red,1256,6a63f50152dfe46fc8620315452d88efb4d591d81b89db77b8ddb54c5a8721fa,training
red,1257,fba1778fedaf7a9a43ec4eaa1f6d9c0df71ff71008466e7eaec7fcb0a123f42a,training
red,1258,d38795ce1267c1609580ef65f7bdf6a102617c22de73d036cd7e33c50f7f25aa,validation
red,1259,87c54ec069376207d472a22f2948f29ad333b10e5e04d58baaede3db8db61de0,validation
red,1260,87c54ec069376207d472a22f2948f29ad333b10e5e04d58baaede3db8db61de0,validation
red,1261,bb7bd40aa435d39266919f9c587b0bb86caaea6472b4b57d91734aaa60538976,final_evaluation
red,1262,80c62d5178b1af979f93e154ecd95f5b734b51d66abf77cfdc27ec596f6780f9,final_evaluation
red,1263,06f980f5be0e520c956b5d9379f45fa61017ffe8697a448076514c994201ad58,final_evaluation
red,1264,1ee71387161d7549244430680828b7aade696e56790dcc55e45abd92b7bbeee6,training
red,1265,f0ba2f8ff95565e4b5c865149a233203cc596ccab0bc3534e18f6031b7585ca8,final_evaluation
red,1266,a44a37be87387a96515d827cfd1f75bb7e73e9f5b63e490502573ece50c0f7e5,final_evaluation
red,1267,a44a37be87387a96515d827cfd1f75bb7e73e9f5b63e490502573ece50c0f7e5,final_evaluation
red,1268,d1217e33f1cda8961ca2ca8ee613299d946f904e65ced23692b6cad2d388c7c9,final_evaluation
red,1269,397f92e54c7657984954e331e373d471c4512c236c2cbdc80fa95b213254b101,final_evaluation
red,1270,d2aaf98ca57bdad247073f110ac28b010de82276599bca966c4135f3161d4d20,training
red,1271,a1fc5d03aaa9f78f4241dfd7b12c2bc7cfdc2065fae0b76db2247897f24ddd31,training
red,1272,10aeed90642b22997e042ca24cf3ebf2874fe97a7d3649dab22c499116966fc4,final_evaluation
red,1273,7ce54002abb58b773033b8b502d483a4b5bc9271e506c72aa28dddac7fb4b07e,training
red,1274,8b28f534547105b30b5b85a66a95670ccf868484cff50eaf0e801a50972c8fec,validation
red,1275,a719b64e68f195e9c7afdbef99dc94c56565e5a29de7a4ffbe9402610aa9039c,final_evaluation
red,1276,09aa9bdc4f333b6dea0856b48deab226724e112199b2752a6cfa480b2b4addd2,final_evaluation
red,1277,230f6ad84847b812bb3495348659fa2766c861a1f5b00aa5ed47e1d8cdafcb24,final_evaluation
red,1278,9892f2ae35180902c8d19ce439787f485c0385dfcf1d01348a03f17e5bfda063,training
red,1279,09aa9bdc4f333b6dea0856b48deab226724e112199b2752a6cfa480b2b4addd2,final_evaluation
red,1280,eac1e1ecf1e0b8e110f66b44a938b31f73384d1f366d0a7d564b70657c4ce52c,training
red,1281,708af431a524527837306a6973505e9143027ea2555fd7f9c770d0d48f1eb925,training
red,1282,708af431a524527837306a6973505e9143027ea2555fd7f9c770d0d48f1eb925,training
red,1283,89799a4785709db1aa61eac798471f40932ca6f5fec550b883d847670da27dba,training
red,1284,18977acc55cbf3a135d683edd3d5d934fa3f6621acf51930debe70cbc58f8f13,final_evaluation
red,1285,520e893756048290f1a6afed84d3a8efe40ff12064f9a7441059bdad08e6a66d,training
red,1286,5034e8ef998c345fa869923ee11eb1e9eec72fd61c5a91c2811e1c3b7d0b756d,training
red,1287,5a1d78f20b553d561362d8aea366918e2efbc90d99831212f6112d0f677badbb,training
red,1288,60ae4c15689179dd70e8b30cbe1d0c74a583d9c4eebadf5c105615507b51aa00,training
red,1289,d48f2ab7bdba81f38e3c533dcc53e6b9edb5fca357921b77e7336c320411a730,training
red,1290,d48f2ab7bdba81f38e3c533dcc53e6b9edb5fca357921b77e7336c320411a730,training
red,1291,91f91a806417e8f33fec47d7ed10b1a24bcf4025a5d7025e05995cce51ec962d,training
red,1292,2d5fb601d1d8d794e6c9c3b8a91b61633103c8fa5ab0f014da8da1525dc213c5,training
red,1293,2ccd2dc11e24334645c1d8f3e4679eef0cb3a2a9ae1d55f431ec8ea657e3935b,validation
red,1294,afd2b71191a5cfc77b166b6ed3101c5207963ff7d215f2e1f039f2ad1fffde8a,final_evaluation
red,1295,2d5fb601d1d8d794e6c9c3b8a91b61633103c8fa5ab0f014da8da1525dc213c5,training
red,1296,0bb8038f185c411b529ea85b508ad19b4d36fa518b6ffca6e23f71f515979855,final_evaluation
red,1297,0bb8038f185c411b529ea85b508ad19b4d36fa518b6ffca6e23f71f515979855,final_evaluation
red,1298,d88143715ae9d166caa26ce96b5930f64ca37a6c258dced7a418dbf39221b1d7,training
red,1299,f2c2e34045ca5356e065e4068426f725f53789baf45f0eb6d0d39a85a1cb6341,validation
red,1300,3825a7ac271e1ebf877a9597aaf698660623ef3b504fec1f31c166cb3485129e,training
red,1301,0828e01f3cebdfdba1302c9964cd1ab511ee5276699411b1ce9c0de8ee386cf5,validation
red,1302,0f3124808b6c867e0406ef8c0bcc6bb371a5b8a135777766a411d22aac3b6456,final_evaluation
red,1303,1f56e2d493bd863c88c3b82ad9389ec432bede06634fdd372e562dae1078c26e,training
red,1304,9068c8fd81cdd21f363dc505da5e2b406b98183c56ec4410a4ec506d416e3d0a,training
red,1305,311401b81109d69b106d3b7cb8133f2c0f54f207defe78a80dbd15cf9a68e9f8,training
red,1306,9beeb1549d48b9a14cd54b5fdf9130f4fd6da7a8f2a476a79afaaffa5b2df4a3,training
red,1307,b8904d12b5a27c181f5e7e5d2b158abe6ab0f802a98bbf1bf194dd8a527d4f4e,training
red,1308,05cf519cc753366a5d8a967f0d15aca8b8e2cbd49e36dcaa8bcfa927da4de4ba,training
red,1309,b8904d12b5a27c181f5e7e5d2b158abe6ab0f802a98bbf1bf194dd8a527d4f4e,training
red,1310,27056749b25b843b24c919be78703b44b3837f7ebb21143f5b85144117656e18,validation
red,1311,9beeb1549d48b9a14cd54b5fdf9130f4fd6da7a8f2a476a79afaaffa5b2df4a3,training
red,1312,912a093e3e1cb7d3b9aa12f2335bd46500b76700f9d8b47b151852f722292be4,training
red,1313,1d5da01f65179d6822f1f4af1c7d700dc4bf42cca3366983d00872b19000ae76,validation
red,1314,059f850aec4afac3e106e66de86f9c0a3d33b80b366f44da7e15e526b22a3f19,training
red,1315,08f5ad13ad3c4682bb02d42d9aaa2e32b6108f24cdbcbc10175e96e1c6a063a6,validation
red,1316,80a50a20389bd45658f821678e6ac9ad6922680f0ac68bc731e516f3ea835584,validation
red,1317,7e80d97dc492227b4c5cc96aa8b487a70c04fc98054a93ab211ad346e079ff97,training
red,1318,abd6d294eec2c98ae923f0b755ea08f205903d232e5e74248f85a4954e50c31c,training
red,1319,80a50a20389bd45658f821678e6ac9ad6922680f0ac68bc731e516f3ea835584,validation
red,1320,ec7b4d5be093200b10b681ed5e8fcf83a4303a546c34392c204f9045ea4a0e50,training
red,1321,858f5c0c5156c919c9f4a469809617f184e38b8a6a27e89861c79e8084c1bbc7,validation
red,1322,185732a69d5c1d9187d3d55d130a4161b89c2622b2324a1f683aa3159caf1735,training
red,1323,a8cf9051dfd2872f1142872bbcf380bf8b967f07025cbb1ea22670959bd90159,training
red,1324,a61d61dc00594957284ed7e25b75c9bf1ac4618ea86deb919bccf602a743a777,validation
red,1325,743d82042c11670c1b50e04219ba726a627754053d2a7c1989c1ab071a061d38,validation
red,1326,743d82042c11670c1b50e04219ba726a627754053d2a7c1989c1ab071a061d38,validation
red,1327,743d82042c11670c1b50e04219ba726a627754053d2a7c1989c1ab071a061d38,validation
red,1328,743d82042c11670c1b50e04219ba726a627754053d2a7c1989c1ab071a061d38,validation
red,1329,6faef759e66867fcdba7b6ccf4ffd69b8d839d2e29fd37703aed0de0749d6f95,training
red,1330,18851acec5516f0e96862cac38b850801943b3f1d18055eca190ef1eac990984,validation
red,1331,18851acec5516f0e96862cac38b850801943b3f1d18055eca190ef1eac990984,validation
red,1332,a96377b5104b38ccee3a273c1fe04d97e7b99d50aadb9919e3624d345ba4afef,validation
red,1333,71655da6dcbb9b85514c8b25b59794d644fc5b816e808b0830f6a577a53dbd1c,training
red,1334,3ad4df292257ae63092d0ad1db2c3c4077197ff029d6d56a0fd904e4dbf3ce15,final_evaluation
red,1335,e4ad3e95b600501ab901c5560b8722e174997bb141919062462487cfd3009f93,training
red,1336,03f6955395ad4def044db4be309038bc41f4b19a8975ff10bf27a7cee5ebc1da,validation
red,1337,522a5f92d5f49cd5760225c11ae690058b7ea7a51705f93d54ccc1f58a994349,training
red,1338,522a5f92d5f49cd5760225c11ae690058b7ea7a51705f93d54ccc1f58a994349,training
red,1339,522a5f92d5f49cd5760225c11ae690058b7ea7a51705f93d54ccc1f58a994349,training
red,1340,4ae0914e3d2018b6d82037cccc5f24c10332af3d07fbc6db619ce780e63ed271,validation
red,1341,4ae0914e3d2018b6d82037cccc5f24c10332af3d07fbc6db619ce780e63ed271,validation
red,1342,4ae0914e3d2018b6d82037cccc5f24c10332af3d07fbc6db619ce780e63ed271,validation
red,1343,bb71c40afc5e58657eac4f64926c7c06aa40ae6e2236bcee23e0d0b3b7954524,training
red,1344,4ae0914e3d2018b6d82037cccc5f24c10332af3d07fbc6db619ce780e63ed271,validation
red,1345,aac2d200dba338e972a4948f4d4969340a97241e94832bf42438b50b89609143,training
red,1346,e9e9e2e9cafd98582818e8af00922398520ba7f6563e80ba77fc7e57889261e0,validation
red,1347,94afb6b7e744c5da48f41d481801a1e88559b0939d82a5f85417d00fcb9ea2fd,training
red,1348,b1282660cbef8ccf3a7d6ec2756835dfebc2643f8275d0e395eab01cb844abb9,final_evaluation
red,1349,b1282660cbef8ccf3a7d6ec2756835dfebc2643f8275d0e395eab01cb844abb9,final_evaluation
red,1350,97ff32c0f1f455b614b2edc332adbae7d3bb6aacc8cfd605b5ed50b50b62c1e1,final_evaluation
red,1351,c51f2dfffa27a965bb23aea8bdeb09f4dabe714f3031abdabe9e63e613c3cbae,training
red,1352,b756d769ab4492ca656f50f094e4fcb65cf56b683798ea9daf85a5065f84adc5,training
red,1353,ac37c3756eb6cf49d27ec1e1649492a2bb3ef315d59c0f86da3973b521c7badb,training
red,1354,ac37c3756eb6cf49d27ec1e1649492a2bb3ef315d59c0f86da3973b521c7badb,training
red,1355,c8dfa99d3d02e0a9ac51896df4a03fc2bbbd8264e2abb1ae93a488de899627f7,training
red,1356,1b091c40f3f6ef24e218599524900d3ebe2f7d55bab75092d8f93017bace7e94,validation
red,1357,1a63ddedb0ff89d510a51171d570b6c26cabc7a10b5c6682769175b817fb02e3,training
red,1358,de42303ca816c626b88a0aa077cd4eb67e9fe3b0bc2a9a93b26e5766f39858ee,training
red,1359,7bde596e5f3efe4c7a01f34119bdb29ec745e7404d72081aaf22ee5c6f4c1cc0,training
red,1360,4e970fc0237e85a58e882a87aa2b6b5ac3697e8b665e49188b88b3fb01a80b87,training
red,1361,11382b8191b8a861217e526cef03bc7fca1a53cad777e6cab785f7a506d3eb68,final_evaluation
red,1362,c736c0dffcc3a6eda4419856dd0c90c6c488d618a045364ae498ee6d64664dbb,final_evaluation
red,1363,4e970fc0237e85a58e882a87aa2b6b5ac3697e8b665e49188b88b3fb01a80b87,training
red,1364,02855fc271cc1ac859897d753b571e212174c41e959999fb95ef96e698a97bae,training
red,1365,53ff98bfdb29bf93342ebc3b35587da6773ac04277c432e4d9838a444f90521e,final_evaluation
red,1366,d68d838220c8b3b6d007173dca4c14c04acd0f154ff1cdc8bbc06d7e9efb6cd7,training
red,1367,2cb04c4761f49858eb02fac992cd42e2e662583d04a70be0b25fb8b3c8713468,final_evaluation
red,1368,3c37a73f2a49d2c11f8d556f7af586a26d571c980ff6c76749a72da7b6a18072,training
red,1369,b360eb19262749ec82779a5de5d5a41299cebfd6fc3646598cefe7bc332e8044,validation
red,1370,a5758bbbcd2068c583a2b5d7b5c79243bb121b810c50b80379c0f6eb43be66c7,training
red,1371,0d5bc7ab779f1e9e63cd0ddc92c9559c63c5cbc19543f78d07c241ff348f33a9,final_evaluation
red,1372,829e5914c51ee27102ab3e1ec9d5cb01a530d8e6994993d8f03c285bdce7b4ed,final_evaluation
red,1373,0d5bc7ab779f1e9e63cd0ddc92c9559c63c5cbc19543f78d07c241ff348f33a9,final_evaluation
red,1374,f66b86476b106873861c77c689aa455c5799e341cb8172266136458f6b7608b3,final_evaluation
red,1375,cb47e97626b017c1f022647179dfd3df72665a7e6e383f59333211b51d352a5b,training
red,1376,f8b47f8013006537f27637496bb413adb401d7a55781c50998a99b1a70f35362,training
red,1377,361783af4db35d9690a2f96c60372431af72410a83ae771c26139e23eeeb1005,validation
red,1378,3cd93f2491ea7b2583215c7ed272329329feaf2473f5654625ee043a68c323c4,training
red,1379,aa6ae090091365bf992e1067fba7c059879f907bc1bafa8ee35470524a488bdb,final_evaluation
red,1380,7ddd58d5005fe3e38dc185bae4f9403a10a29455a5f3a9c9b1ce4fc151156039,final_evaluation
red,1381,7ddd58d5005fe3e38dc185bae4f9403a10a29455a5f3a9c9b1ce4fc151156039,final_evaluation
red,1382,2e3599ebac0f5cd798926b9d6e63e208b8c83b36fc7c925f2fc07ccc46f2259a,training
red,1383,83b4d2d1bd655a839d69611bd75d27b9625acfc5a9c8f2df7677b2b3f03d83c3,training
red,1384,83b4d2d1bd655a839d69611bd75d27b9625acfc5a9c8f2df7677b2b3f03d83c3,training
red,1385,dd7eeb936f8c59eade79e4ead1fa122a4f4c09348d99f0355fa5110e7091c947,training
red,1386,37648fb32c1c21e0bb5e9bd67eb87b0b75197744e495d2f35e5853f8c05bf4b4,training
red,1387,cf2a816f3306b7753ca196679928e8a2e361bdfe9b9d52fbeed62bfe79b228ba,training
red,1388,cf2a816f3306b7753ca196679928e8a2e361bdfe9b9d52fbeed62bfe79b228ba,training
red,1389,6b0797c979ba82d6715b798cb45fa107785e1be7f5c690fa2816d82e2c89ed8c,validation
red,1390,6a6f7b7adeb50e3a2a87ca26584fcd47dce167e7075124cfe603ae0ddb6a9509,final_evaluation
red,1391,bd490ab90b7fce42bedb9366af7ad0a811c62ba678bc2003463c1e8c6ce633d5,training
red,1392,c7469c159d133e2683cf8ebaea0c31b8e2d4adfcad091d8f3ceea006f8a32c4a,training
red,1393,8deed0a92e4bb21fe07539726e6e6360899da9775428731778c104f22a6575b9,final_evaluation
red,1394,0a19a4446ccecdb8b88f49c882baa1f254b58bfb6da94fe539afec8e0d2adb86,training
red,1395,1ac6352c7333fa4d4147ec0808bcf666e54d1160452d8a6fbb31188a91c98be8,training
red,1396,886dafcb7610fe7fdf3371d4b2f67b0e623ea998af748bda1c7097f75f97a39f,final_evaluation
red,1397,04e29248474cc292b74686b0044473069be3f5e678094e8249d06dc11db64a3f,training
red,1398,54b16641b5cfd2d14c56dcf494ccc97512d5723c3867266e9e1b8cc2e7dcab55,training
red,1399,deb663f7519c72fafc51ace76b25cdbc0684ee134d456e8b130851af115544c1,training
red,1400,189a1af70f6d39ea56d2da5ae1b9aa8b3553b145764faa8eb49f32d840d46840,training
red,1401,ee69b5e91c9dc1d65de42d82444cd1062b20a4733a950498e4ce320bd8c5e9b6,training
red,1402,ee69b5e91c9dc1d65de42d82444cd1062b20a4733a950498e4ce320bd8c5e9b6,training
red,1403,b8588999bac19763ee0190a5275cb92ea45fcc87bfda4d2f4e455058ec6838f5,training
red,1404,e2e9d9877d9b2c2121d4a1e901b50c21e0035a2aed2707b0aa3cff3c3a18594b,validation
red,1405,bb930a29e720951c41124ae56f985ceb02d2195773374b8108bd9715da0c4bc5,training
red,1406,92440fb59c90ceaba3d655cb671b3b7de64a17b6d71929e1e1d1e5715c0565e0,validation
red,1407,0abd324a41bd79fc10386412036725236bfb8e2feee40edadf78e25b5fc768af,training
red,1408,a22000b20aa46a7b9207c8db664b804b65ec1c86de0adcaa20affad1eb099ad1,training
red,1409,917953d399606e855b6b570e2aa04031ba9df873b43630f04db07e11d99804e7,training
red,1410,a22000b20aa46a7b9207c8db664b804b65ec1c86de0adcaa20affad1eb099ad1,training
red,1411,31991a417c67eb286d7cc5b321675de32da8bde9464591f69b71b6f040316484,training
red,1412,2b5b2a6b805458025a16db95c32393b317d535543098796a11410d4269c2035b,training
red,1413,0abd324a41bd79fc10386412036725236bfb8e2feee40edadf78e25b5fc768af,training
red,1414,b6b4fccf8426024310395824a90f59aef6b75dc2deb85d8a603c837aa1001b18,training
red,1415,2d2a223e13e1635bf376490313d46aa88bee1c03229cd53ac3044e08947ee000,final_evaluation
red,1416,76a3a3024f562cf34df67d493e0ea1f0ce33713e79daf652720b1b47985ebaee,training
red,1417,2d2a223e13e1635bf376490313d46aa88bee1c03229cd53ac3044e08947ee000,final_evaluation
red,1418,3451e59ec63349b1cc054c35a51e558f4e9128254d565a9b80c12d945b581cc5,training
red,1419,1e36c0695548a303a1269a33444174a5a8b64f069a911a9b7a87e3608a7da99e,training
red,1420,cdcf524bc3e32d0163e355df9af56fae4903b88873ed86f1ac696748b6f3b254,training
red,1421,1e36c0695548a303a1269a33444174a5a8b64f069a911a9b7a87e3608a7da99e,training
red,1422,a8c5b12cdb239878f6850a35b456ca520255d44864008053f76dbf33853169e3,final_evaluation
red,1423,3dad37bb551bee7e0574fcaf071b2ed2966912eff89a855afa6339950b7e9cd5,final_evaluation
red,1424,4a3e63345fffe3f2ff21f4aa147a9fbc33966a61860dd6e6cd3a0f33e6cf644c,final_evaluation
red,1425,e86fac7ccd04adf1f7ce003ecd9040fabafa85f2452f81d871da2a4a2769dc15,validation
red,1426,e86fac7ccd04adf1f7ce003ecd9040fabafa85f2452f81d871da2a4a2769dc15,validation
red,1427,d94b4c4740eb87ef430f78ecb247102608e070616de6ec3da4eb64c563ac1d58,training
red,1428,b82f73d4bbdff80748b4544d780812fd720ac7a18bfba313446314db0f9744f1,final_evaluation
red,1429,2df32038931f00cd4b73a6fd5b13f404b158f36021f424ba00c4b317eddad94a,validation
red,1430,c083dc4fef3494edb9a0a801206e2113c625fe6193a0dbbf8ee5b0e320db41f5,training
red,1431,8b00ea3544b154425f76cddeceff9b1155e47c2c9006950242cf9cca4af021dd,training
red,1432,9275b78cc2861a8494fc043e5c08a3e5c854d96af83aeb407f5c75f6cec378e1,final_evaluation
red,1433,21ce83c6f1b37d3654f4c6c64feda375b57ac97cc68ddaafeebeac65d5f96cbc,training
red,1434,25d2ea67ea541ca96554af2cace260a65958d5b7677852b74608f3d70fe8f1b3,training
red,1435,5fb72d8e3364a785bfa7e792981dee0e5fffc09cbdfd8d53df742d174a15d9c2,final_evaluation
red,1436,5fb72d8e3364a785bfa7e792981dee0e5fffc09cbdfd8d53df742d174a15d9c2,final_evaluation
red,1437,1381278849cfac70007002e7d6a63eb8f5009f051466c28cdcf1ffc98a5d1ac1,training
red,1438,ba856365a8aa0beaac714c5648a7c93111fe63a0b9f283fbdad5ff8b506b8f0a,training
red,1439,2cdf7d8d0e03d46903fa01734a2a75a430a6428e9f1ed9972ad50b21d4f4e1ae,training
red,1440,4d7c9dab0a4e56cbcceaaf79f4d7e26426fb0b3027ab40b6d943335df377ab9e,validation
red,1441,e3bf6e7d885b4de3e5e825c127231630dfc2d59fbcc5f1bc774bb5f462e7dd30,validation
red,1442,7ed74aca2022a845876fdf66e2c386a0e2f5eacdaa97b447599224d266b60390,training
red,1443,471eaf79cf0a0796c0017dc9c7ea22df308a3ca4dc54ba55597ed1019357b748,training
red,1444,692f109e816518f5bc03d45f0c58f1f16197ca4726042520843c24e7a6508b26,training
red,1445,ed7de084a2d94118d3bf094f2dd1f9f85032c4b22fb825c6f0613e4bba4fb3f6,training
red,1446,9014cd0fb48e731aebf14f5e03311aee894216a877a880f85de7d221f2a50789,training
red,1447,471eaf79cf0a0796c0017dc9c7ea22df308a3ca4dc54ba55597ed1019357b748,training
red,1448,8bc24f0ef050aa4d246461bbc56fada60d8dec9a8797b44b06308ad103d5f503,training
red,1449,47f0fd0250caae33e6eee79ea50f98a645f16127a74668a2a2c7c7c1ea910f51,final_evaluation
red,1450,9425fd8eaa008dc1f2c59a1acd4b46f50b79428f8356df781d944a8bb0aa0b58,validation
red,1451,e3bf6e7d885b4de3e5e825c127231630dfc2d59fbcc5f1bc774bb5f462e7dd30,validation
red,1452,e0fbed2c65cef1551906d628ba0a30429edeee9342ff3d1fc1ba5d8baf89dcbc,training
red,1453,f7c05246d44ed2de62630fe68a2dafdc714752c372a92b89f507e1319e296df0,training
red,1454,4a68fd75b6c4e8124544d0a7add26d85d49fd7833fe0f1d17f5925ca47bcb79c,training
red,1455,4ef3a6d0af221b4bb2bec5f69cf878ef415ca56b840d9211bf5ced68cca2ba7f,training
red,1456,6b815d07d16e0519af7953ef2c052423871852702496956c979da395c020729f,training
red,1457,1fbd345fde4f6f6b8508db3b2c6d8edc29d3f7da1b174f56d470129f67b77582,training
red,1458,4a68fd75b6c4e8124544d0a7add26d85d49fd7833fe0f1d17f5925ca47bcb79c,training
red,1459,fcfd1e6137dfcf843cc33e28388b6367057afe70a4f3f011d8101511d01263e3,training
red,1460,24649652761e03f4fc5020dde8e22d6c8b36a32870d4ffa66b8973b71b27f175,validation
red,1461,38c010b367d1e3843b951ab9b302d2291c7f9ada18ae39cd608395fd3f473bd4,training
red,1462,84a20ac23a89e82d805889acfe4a3543eb6d6592650b59cd032c529dba4141af,training
red,1463,4a9cebfd070fd558b3d3014f9ed0047b9558f3d5e1d2999e63e9f04865617b93,training
red,1464,ee187f9453b8f325626cc3d8a761695fa6931cdfab7f44eb9a70eb573ebfde7a,validation
red,1465,989e2d4f3ef3e6994912a10b514f41c3ae13047ccbc470c7614cb582366ed8e5,training
red,1466,989e2d4f3ef3e6994912a10b514f41c3ae13047ccbc470c7614cb582366ed8e5,training
red,1467,3d6ed58789a8f1edf9ec9b154b264ea28dc05056e043a9995a158b381308a937,final_evaluation
red,1468,5d0a6e0a568a652e4cfd5594eb2396d0e9701331db87aa19a9f43b67f7d68fa3,training
red,1469,3d6ed58789a8f1edf9ec9b154b264ea28dc05056e043a9995a158b381308a937,final_evaluation
red,1470,dc5490ac5f5edfd679d17f4300e8fa8ba3918d94729853ace7e325260b1da643,validation
red,1471,04b4b5e97a5190720b89c886dd7215a8f4ab0e33bae7fab2c29fe2d96866c067,final_evaluation
red,1472,f95133f6df7e2894b164efc0ef64290e5159dd172bc92fdb6f9bc234f41c3e8d,validation
red,1473,9d2dd340a30fd0559fa0ed8f8e347080521d9faeccb65661fef9a88f4ed5219e,validation
red,1474,a09309dcf3842f44154172ba423ef30433ec97d7581f6101c330ce9d56f53ec2,training
red,1475,a5348bc7080e7a560565b43a7e8b825dcb53fafaf4d2c8aafdc7ba85bb7cc047,validation
red,1476,39afa8a540efa03e8240184a5c7687c51edbc71a1ce68e44c0a95969b50d2e2d,final_evaluation
red,1477,a5348bc7080e7a560565b43a7e8b825dcb53fafaf4d2c8aafdc7ba85bb7cc047,validation
red,1478,02c423efd485f23e2008f59021ba99e7d7d38dc9e2fe591b137dae728adb2d4f,training
red,1479,c4018e1ce2153a0f4f28dbe5cc207e06ec26321f60fea2a26862e8540ed1c7a2,training
red,1480,34ad23d57dd1e7a4c7928703d03605fbdddb50fa72c19a26e15dc090108c98f9,final_evaluation
red,1481,58ef9474283dd23b1b4bb136dd0cea45544c98e6794977565ab0253ffb4d6503,training
red,1482,34ad23d57dd1e7a4c7928703d03605fbdddb50fa72c19a26e15dc090108c98f9,final_evaluation
red,1483,2af2178631ef781093aca9cf3179a8faeb1acd9b62dea104e458902fa4028e34,training
red,1484,93e51d3df7073d4071a82df7db6eab9b9e5648b128df59b57b38329becc56bbf,training
red,1485,bc055e47df8c31a5fde407b363f8b1e84dcbcc1055940b5e6e20088a90d12a09,training
red,1486,94f4774f6dcb144d20d2d6345e99a587fe9a6122d0e99bd7bb4bc80a18725393,training
red,1487,fd3d33cdf4ee88262914307b312751eae6f6fbb109c06807cde19aef8f88f975,final_evaluation
red,1488,579c1c8e43d92bac58ba6d7f9bea1e609b1e4846a21951e22fe9ed623d8851d6,training
red,1489,f35007f6e2ef0214da39e7a33a1231c6946e30dc4358038b86031bdc1ca533a8,training
red,1490,6f0c511c86d05f5a7ef9b8bcd9717fae2153662237bcecb4c7617c6a62c51c13,training
red,1491,a499b175c516b7441b955aa7b2d02179ae14b1b60d02883b3108ad4bb90b326e,training
red,1492,f35007f6e2ef0214da39e7a33a1231c6946e30dc4358038b86031bdc1ca533a8,training
red,1493,68387a7fb76759a03cf6f1c9a5608d5155d8f402b2712b8da6ac1e07baced15c,validation
red,1494,75d47ba554c5807fdd7112f05551510ab86e9e1c0c2941800f8a0d5664195740,final_evaluation
red,1495,4fa4dc16ebcec01aeeb23b79c029c4edc2bef3784d052cc76ef14a66425621d8,validation
red,1496,db67bb8692f8a6890330379de2b1d76dd3f9c0631639a1a1ea03115d54a310c9,training
red,1497,75d47ba554c5807fdd7112f05551510ab86e9e1c0c2941800f8a0d5664195740,final_evaluation
red,1498,a1847bdb8985930dc3331d508e39defb2072b60e8e5b4ac0be4144906b874959,training
red,1499,70bb23c188581d652f771df2c8befd9a38e3d919e287dfe2c920ccbfa892576d,training
red,1500,a1847bdb8985930dc3331d508e39defb2072b60e8e5b4ac0be4144906b874959,training
red,1501,1a4bd79163cde594c20cd4008e991a13203a8878cbb32aed155ae07091297425,final_evaluation
red,1502,fcdf48aa3ba9987692b96726835342a2b51155340b9e90d43fa95f85bc380abb,training
red,1503,dbe275997d3884edd83999040d9a7be800eef577dbb04744b78757ead09b3f61,training
red,1504,3e87022fe09054362adc65b787222f30a32a835eede7e2c2d67a01e388e4a73e,training
red,1505,83b2ca15c8915b777b660bf62ac98bd626d8386a244ee2e7a888c68d529a013c,training
red,1506,afd83efb151d4749cc7c235b98a880f87cb4677495cd296a45daa2ee81ff94d4,training
red,1507,0b064d29e909d4a7e51c5e8c54e62dd26f238cc8b25f23322e69ff0e87757d12,final_evaluation
red,1508,83b2ca15c8915b777b660bf62ac98bd626d8386a244ee2e7a888c68d529a013c,training
red,1509,a0f2fda7539672e2e14dc18914db929d61795a5398d710c1a36ae1607dd3524b,training
red,1510,cbb649c155d7a5f40accc18cb3f1512306b58c212f1b8ab43c5195b8c8298c7d,final_evaluation
red,1511,0d082f4ddb90cb2f9cf6e5d85fd36867c5361174aea8315d4e58d05c563bdbd7,final_evaluation
red,1512,b9b76b2c1b48aa203fe0c627a2d211adf71be9095f6ff2b513a7fd87d3977d5a,validation
red,1513,fed954825bf6f96c34e843bc69e458c4c464e7d5c84701a3c6ef2ababf36a455,training
red,1514,5bac7c36f1e64a6d6c181cb8734537e5113cea31113a76454932021f7c761a2a,training
red,1515,6e125eb9b7cd3ffcce109712aa0438b80b8bc83db6c9589ee3a0236382d98deb,training
red,1516,1f06dcb48df13d8d892dd5beebe28987ee663344e88aabfdba48e8b77227355a,training
red,1517,8789608656cd72968535187150ba164ad1591852acb50e3b9b003226afbabfdf,training
red,1518,57d363b7725bd54c579aae24567fceae52780ef485b3a912813f4f0b993c734c,training
red,1519,e83fa75ca3241903dcab3cacee26dbe6b7f59bef529e819aff20aba8e313cf20,validation
red,1520,13d022ab74d2f3ca7ac347a8c656e9e34bad0757a2eb7734011a51bb85146361,training
red,1521,57d363b7725bd54c579aae24567fceae52780ef485b3a912813f4f0b993c734c,training
red,1522,882b5e64888484cf56205dd5771434ff94152e4ff5987fbaa8411655fc2891a5,validation
red,1523,8789608656cd72968535187150ba164ad1591852acb50e3b9b003226afbabfdf,training
red,1524,33ae08bd79eb4a546c291d7f23684c14eff75144685593d675f465507af5849e,final_evaluation
red,1525,1bf2258ef00f275e3f32fef3b6472c7103df748fc8678978a4a706648f3226d3,final_evaluation
red,1526,2855c2e778250f09de65fd1de029caf6bfe6a8e2381eca6a0b47c886ad984f71,validation
red,1527,8e83e2ab6e0a92f8f21585423025f64df9e38139b151eec54bb63979e6ad76c1,validation
red,1528,43c2061c3b1dd44a69473936b53024d672783c99b789bb452bb658b3c649d2fd,validation
red,1529,5918db1afb6d1e1da1f244849274ff460ad4d2677cea2b351423bfaee9b040a6,training
red,1530,050eaf23620dfdf4d8d78de8ef5ea01d39c8e92d2b3d2fb53977558020aae298,training
red,1531,a9832cfc3c4a77659662a25357807a3351c329ab590712224290fe3c5a47a636,validation
red,1532,b3a1c1b070821617fca7da99aaf6276bef450227bb7f3d15b99f12f231302e9f,final_evaluation
red,1533,a5665f445196e1d7d513aff1024e13cbf27941b20094bf47ab3ae615d3a61113,validation
red,1534,b136e25b04158f5c6d1727f2a5507a9513521552733e1a519a016ab3174dab8f,final_evaluation
red,1535,a81764a3796c350c99593b3c885598396c91fef42f98ebe85bd17c4d24ffd802,training
red,1536,e8194ba89e7edbd2b133d550cb979df9dd786f2ac53be8074ff111896c7626c1,validation
red,1537,0bc94cd20f0c5f29312831fade7b26eaebf938cc4c94f0680155d43dc4f13a45,training
red,1538,f3608c03b4746cb16f3735031dec43504c1f1138ef4c20bf028d1850baf6808c,training
red,1539,ee1c2db40ca8ea6a7e9fbf1acdc43a05bfa6eeae3abcefec7c03268431acc339,training
red,1540,30e5f3966e33dea2b78d79a7cd7785e7c3cbafe7ecf279d1f8ce3fa5c9ee4a4e,validation
red,1541,7e821f4ca1ada82a1426ec5004ce89b0d5527f8e50791a5888577551bd301420,training
red,1542,943c27a94efdda958a062becbdbc7645856768cc76b048bc80a498d90401b5a7,training
red,1543,5481dc11da73ce2b439936376849f9f9b25d62501b97a32197e8dc1496999c34,final_evaluation
red,1544,bbbd2e0fe817a4ba96b8489a691d06e5ef54363fcc696015b789a666c2a8cc67,validation
red,1545,a63884e41fc0fd64c2fd34b743318b85d7678cfbbceeed1038ea34329d3e4cc9,validation
red,1546,39adb9c94c52b83fd1b2e0787a0e1c3de05d4a2b86b2cd8c07d1e9de2050d410,training
red,1547,5e2cc76b70ccaf47b46b2d9b6d258f865ceb01010336890b17b450500caa6572,training
red,1548,b399bbfcc1f7c54fcb1cc18d279270ab6e77025b747843e8ef7b6c2b86689050,final_evaluation
red,1549,ce4d6d1c3a8e10f153ec136d9f0c0c9528df95b57dd32ea02ddaffb70f6d21e0,training
red,1550,922519425867b16743a7ec410d0b97fc2b9612d0d9d66d815d32e6f27855a29f,validation
red,1551,bcc9a2c481ed3d9d5122e4da2c7cde5f52e985b89e84bd251aacb957499fb6ae,training
red,1552,ae7fbabb40fcb2bd6520302bcad97cb3207e93e6208fcca9c927c1a4117c2a86,training
red,1553,713a73d916492aaa8b328734504fc76659dbc94894ac08716449726a7ba94418,training
red,1554,cbb3fc5bc53fd2c192144599f3a36049a77427c4963fce6d30dd08515dc1baa2,final_evaluation
red,1555,6ae06a94abeb3003468b4b954dda321eb9118cc180cf003360ff23e511f4a2bb,validation
red,1556,99609be74ec7920ca8d765b4890808471365475ee6de8070464f6f5c50404aba,training
red,1557,86a3602b7da905243999f0dfb94f8bbdc757a8213441bcd31c7db3049b70f284,validation
red,1558,6ae06a94abeb3003468b4b954dda321eb9118cc180cf003360ff23e511f4a2bb,validation
red,1559,baefb4b968d7bfcdb6865dbf52b4218f94732bc724c428d61dad60c697166a66,final_evaluation
red,1560,6e43414d886d099c60706b990635818f7b898350f584e6edb71935912d9bc788,training
red,1561,6e43414d886d099c60706b990635818f7b898350f584e6edb71935912d9bc788,training
red,1562,6e43414d886d099c60706b990635818f7b898350f584e6edb71935912d9bc788,training
red,1563,bd747a0a9a36310393efd1d84ce27e06f1652db6ca20ace12522559e4cb6d3fc,validation
red,1564,bd747a0a9a36310393efd1d84ce27e06f1652db6ca20ace12522559e4cb6d3fc,validation
red,1565,bd747a0a9a36310393efd1d84ce27e06f1652db6ca20ace12522559e4cb6d3fc,validation
red,1566,e02dbdb209dbe0e95743efbab0f19151f87d13f4fb59826b9dde6a74d6fb3abc,training
red,1567,a0a5b96f309d66cf508a2d0439623ba4e97253134168b928a4a43a8c282343fd,training
red,1568,bd747a0a9a36310393efd1d84ce27e06f1652db6ca20ace12522559e4cb6d3fc,validation
red,1569,7dcdac45d4f5e34e745acb4cb317ba8f18bb7fc9802d917aef63e9ebedf061b7,validation
red,1570,6966f001743d1d6c38b0bce2b5cd45b1be3a44fcbe280643fc0d440ed40750b1,training
red,1571,ef9c54389005d910cad48a29b2dc5919771844d1ca8f6dc66ed61a0adec25b7e,training
red,1572,2d7e1f83638ae391db1a0ed5bab289cf7d4f047d2b3234cac948ae2fac94b54d,validation
red,1573,4e80c2e52312433ce369e0cff2788e1394beb03aaf1788df52324fd47796b548,training
red,1574,aad16038b81551b0163916357aa1769cd5b3df426b585aadeec263c44b2310e7,training
red,1575,c25ee65f41fb0521c108f93d2bbe5f60ee1fce3b2cef9f5c534be4591c2ef971,training
red,1576,9ad851620239c1137ae18093e6290d0bc41979c933d28520ff3c4d1dfccd6b42,training
red,1577,e1acef23426baca1aaf6d29ab6aff96df3c0388200824cd25e187396fff0cda1,training
red,1578,87d696eaad6f77f252d7ae4c046b6d71e17a5cbc8d71e1a87119ee2f8c394b0d,training
red,1579,668d5fff7e7ace9e1698ebe7ea62efea113001831cd9b9890151d789b4c41370,training
red,1580,de0ae5e358267d4a6dcb5c893d96633ad68ccefdd3f85d11763f605829219e35,training
red,1581,cbcc41f90e1bfce1d0a74c1c41e7b78e28a3cce7952a1141c623768cd4e7e9b1,final_evaluation
red,1582,de0ae5e358267d4a6dcb5c893d96633ad68ccefdd3f85d11763f605829219e35,training
red,1583,fc4ca80c1e86b60cbe6b79e61b6387729fe3126ccd96561af2b485b3bc21d4b7,final_evaluation
red,1584,3c18a0114520f09a710b206842124a78f342a9352d3b2f1f097da59f6f7ba9fc,validation
red,1585,ee960e526f0da171a1b964238fa9b4a3a2f117bae94141e683f0e3b1bbdbf65c,training
red,1586,78e5ad95a10e6303e0c4168edc22dfe057a521410ea4a10c45390bcf79233adb,final_evaluation
red,1587,38a75702cf11bd1108b167c83b095044a26680ef5471cc4c4be5d11ccd11ad50,final_evaluation
red,1588,4ae04bbca8ab65e075e316cf776db9106abdb8fefe7e62ff3a6b5e2f2f577e0a,training
red,1589,e063b4bce27aeefd2243406fca4ae5d9e93ea1d171e2b59288db1aad3c0d622d,validation
red,1590,32aa304d4454f87104ad3c293d2216890e18333b5983174356ef746ccd718601,training
red,1591,7fea60125b15afdf031423ee106d2bc2a056d12278c6573c00b1ec3f2f7b4e62,validation
red,1592,82c331028574e81e422d1c4c34fd82e8e9012fb880c0a4f65963309dfa4bcccd,training
red,1593,e6a4e7566e2a1eb6f47c77291e3e2826fc74cb71df76c5d6fd951733bbed88d9,training
red,1594,36d6ef14414d59bce7c278ec606f8202f3ec9f5972656ae182b21971b51ac9d6,final_evaluation
red,1595,01fd1c8cd40a87ab93295aed4a0812fcea183cb1905df956ab0f585ac1d35305,training
red,1596,e5195987d3246b31f352ba15baffe6233e251fe0953214da492eb0bc7758f120,training
red,1597,e6a4e7566e2a1eb6f47c77291e3e2826fc74cb71df76c5d6fd951733bbed88d9,training
red,1598,24487af39cd2fb650ded921c64c28f216d1f94e164f5ee726254d0564dbf9a47,final_evaluation
red,1599,8b1c28af9054b127de647a41939384218e5b3b8ade933f7442117ffe3f65a52d,training
white,1,ca5b8000fc5fdcbf90a1fd7f14ec8f19b2570f36d91ebbab6b907e1ca6d66a8a,training
white,2,3bb5cf6593ec2e83c6f8db7de3af426f295df8efcf723450625bb97979d075a3,training
white,3,7bf4dfed702c02003e23c20a593b67dd68bd6570419e63e86468bb173ff02e2a,validation
white,4,0ec3695ac52a814d2b0fae5712f4d7b284ad45a5a6d59ef8fca09126593d6218,final_evaluation
white,5,0ec3695ac52a814d2b0fae5712f4d7b284ad45a5a6d59ef8fca09126593d6218,final_evaluation
white,6,7bf4dfed702c02003e23c20a593b67dd68bd6570419e63e86468bb173ff02e2a,validation
white,7,80310451ad8534ab9774476f5e7bbc473eea320b552cbea3bda36a89844ed505,validation
white,8,ca5b8000fc5fdcbf90a1fd7f14ec8f19b2570f36d91ebbab6b907e1ca6d66a8a,training
white,9,3bb5cf6593ec2e83c6f8db7de3af426f295df8efcf723450625bb97979d075a3,training
white,10,99266238246659a1eec5f87eab7594e62f58f91ceb44327464f70a3efacf88c6,training
white,11,7105101663046c3689cef9034eaa79dd6bfcb2d2d934d9c8f91b00961216a7ee,final_evaluation
white,12,a81a6e361cd85267bc7cefbfbab74a057579bd558ebbb4f7631503445ccdcf2b,validation
white,13,802081cd6bf309c0f628aa37a205c27f2d777e8c2c5c19d1bcd150553669d387,training
white,14,32913f21ecba6a3309ea9d0c8aa93016666380c03ffa2d1c150d3bea7b649663,final_evaluation
white,15,fe572809cffc1cd24fa209e3683b6760e0226edba61cdf0f6d7ba9f25d4c56b0,training
white,16,d48d0758fa2882820dcad182d653e1d569ac23b5da2c2477a07421c967020b7c,training
white,17,f69caaf1bb20638a81667750d196013cc065c5f416cf9cbe40b103e888f99487,training
white,18,db65ec1541363dcf28c7ee73665cae7a16d569886c1b05e3d0eed1d3e3c7a478,validation
white,19,c91755874c0fbc333731d1e3d86d6e772c33df0ff377426cdbc00e6df3f9a0ad,final_evaluation
white,20,81ea1282d325d2b99a8aa7e81126ffd935f0d12dd9760c15c943f39919bdfd1f,training
white,21,db65ec1541363dcf28c7ee73665cae7a16d569886c1b05e3d0eed1d3e3c7a478,validation
white,22,eb5beeffc7b623cde6c6c735d825f5621eb8a2823a2a621416cc2ce7665dc496,validation
white,23,12a410608cc3d584b44fbf906312f11dca87de7ece202301c8027551c45ac99e,training
white,24,abf904b37dfee5de227bd639797e34ec25528104e3976880fb12938128e19295,training
white,25,946c809a7277b7ec65f594ee38371467e54f43720961b2d3d5d74958b211a330,final_evaluation
white,26,08f1a4c03511886e87413c5c9e860be0104c519ce70784728d0e7b1dbadf893a,training
white,27,8fdfe93535fbeff0b17d9b981d383e02d68e029ae45b08d1820c122f49ac2ca2,validation
white,28,fb6c50d750f53d2945262e63e2b660361f0bd8b80f2d554fe393845701825828,training
white,29,ce4f4bab2f8c2890568e995acced743144ff0c3fd04476a818a5d742e6e6ee7b,training
white,30,fbca03b0d8c746af5fd4c200456c195851589bfe288f5451e63362f82723c5ee,validation
white,31,63bd9156096cbff61bb0540310cbd8ab8ea1bfcffb23e5e583c1548399d51b53,final_evaluation
white,32,f9dc323402bedc6bf89e0696f11e36923578e8b36b4db8ee5d09e3e60e7f22b1,training
white,33,faa7e2d298c2114382eb7dcff4b54e201b21f50bdafb6610ccac586d514d1ee2,validation
white,34,a9bc31109b19051542e059fde31c64546ac5fcae8cff145257c76b4e08ece824,training
white,35,ed6c489a5b4e77ca9027f43cc9ba45dbceb2d99bce894a73e07a5e248b2d5a47,training
white,36,97303defd6b7d56de8da06ddae9fc3bc76c44985b091740906fa5f38a09e8e07,final_evaluation
white,37,206fb6599339ac7a526c80d837e0a9d235c36ec2bc78bc89e1615827553c81d7,training
white,38,8e552eb54e818b05620321d188ed3c7319df853373fb6c54a9f74bf631574b82,validation
white,39,fe4417143df99956fb51337a23e34cdc3e3e304c211dd6766ff97f90090b5f0d,training
white,40,fe4417143df99956fb51337a23e34cdc3e3e304c211dd6766ff97f90090b5f0d,training
white,41,e24e6f2e273d9e1a5819bb52a23bc5c603dff551b4c5b2ae8111558e15c7760b,training
white,42,123e3200bff996ead07fed4475fd5d88e4b990a6f6fbdb1f1f2a5d6e601b83fd,training
white,43,594c6fe5e9776b9073aab3b081d7b36df85b333ff7515dbf7bfc926a5694d89d,training
white,44,7690f978784acbf7a557212814df96cf6ff18d08065aeda61be73213d7fd5250,training
white,45,ba6b7d77b65476fda62c3787444a378cad71e214962c35f1d4070e7fe581dd35,validation
white,46,08725b740b31cf8c56142dad91000e95b04a073891d3a1f1773fd22383f3a0a4,validation
white,47,dd4c7b56bce3dccfb3dd1f237433e620e7ee4197ff86efb6ea4f4d6d26877940,training
white,48,7b9469b1f9fa89cd39bdf34305de11fb28c149beba24d64a98bc612d9df3a4b0,training
white,49,594c6fe5e9776b9073aab3b081d7b36df85b333ff7515dbf7bfc926a5694d89d,training
white,50,a004140dcb7d9495819def07ac48d2eba0b83e65cdd36dda4dbe254ddb4cc688,training
white,51,14a96db70adb9d9b4080c8c987949b30aef462599ce3a8f3dd28da753711833a,training
white,52,65429406bfe2a1dc2a81ea7c4fb6d3f1d783213ad390eb5ce1a576425de82efd,training
white,53,31c691c0c6a0809c9ac90bed1cda2f72db80d0763f4a148f032beefd4f32a2b9,training
white,54,2c942b47ddedc21d2068b46da86328d106c933dd20f559c83fbf19d020ee7350,final_evaluation
white,55,cab0ae17f39b594b639ba5d6bae7a45eeeb6f5a9522049704155068d43ffed6e,training
white,56,dc50d72d36cf0b959d62bf1af97b26f4c70d644b6dd8b37cac759095554abab7,validation
white,57,de2fbf600046d36ed3a8031702334f93ca8181c8601c5b189c8b3e430e27d8d0,training
white,58,672315fa999b043a5a6bc5716d769b324df9d918bab06eccc64532159ce1e7b6,final_evaluation
white,59,51f32873b6f8619a590095fa2d9018d456dffed966a151efff5e9f5bd4a8409c,final_evaluation
white,60,69a577f4b3b4281cb28d80574e5d5ca2b5bf909bb74438e9ef2e9e25cbb86950,training
white,61,a8b37c7a4e4e347a9bc78d713c773e10496daf11be71b30cb638bbbbb31afebf,training
white,62,672315fa999b043a5a6bc5716d769b324df9d918bab06eccc64532159ce1e7b6,final_evaluation
white,63,29f13861aee1cda2f03e021c213674d2cd9e1408610f995c05a7397b4bf56f8f,training
white,64,51f32873b6f8619a590095fa2d9018d456dffed966a151efff5e9f5bd4a8409c,final_evaluation
white,65,18dec5ecda3d4201f72f34e28838a6f8fbead278c594a5600d81140838e45c0c,training
white,66,5a31d05fcd0f56eddcec1ec168b473ef93aa974d2b29b6b681dd2985e6f91108,final_evaluation
white,67,b530d92f1247183f7c53dc5d47e56ddf7e753198b9320c0565315b91d31f3268,final_evaluation
white,68,f4badb3ee21ce9834fe252f437a3562d27c935419ee5eb7921e90ea14b33d7a3,training
white,69,c97446056bbf9716c3f1d47491f2307880eff338933ff39b0a5aa133edce6b4c,final_evaluation
white,70,628a0744bf59e7b4259e7e86a71452af609a3bfa245ce0c7990cd2a11cdefc35,final_evaluation
white,71,9b51c6762d2fabc9d7972a7b5be3738d69fc47ae74852514a051c650b0a2f3e2,training
white,72,2f9f6256949d4e5a30b083906646b82e84acb6dbed6246e7471ed8e3531aa8ee,training
white,73,89a6b50c33b03cb4dd46758ce46f4f723d0946434869e97b4c38f4e847ca658f,training
white,74,5604d95f27cf7bcbeb46b752df81a5b304f7f4de47d0ce56dcbbecdc17d8dcbb,final_evaluation
white,75,c97446056bbf9716c3f1d47491f2307880eff338933ff39b0a5aa133edce6b4c,final_evaluation
white,76,628a0744bf59e7b4259e7e86a71452af609a3bfa245ce0c7990cd2a11cdefc35,final_evaluation
white,77,a8c324df9428ee702490243bb3a678b106d3e41436fe227b555cd62862e15dd1,training
white,78,ec830fad14e8f6bbf28b0bb10a768b6e66389b0c81373322afa7f06f1458c8ac,training
white,79,8e63d016d9f441f4b702185be0552afc2498a49cf8c0fec75c69efefe6ee79b9,training
white,80,8e797dfa2b723422c6502d66e5451f9af919c5c3c20bc575a9bfa5eb09296cc2,training
white,81,2b2716ef688e0ab6fbe51944d3aa2c72a9076a41d8bbb30bb7469bb02c6de204,final_evaluation
white,82,65e5ba761fcf8af53559b848801bb7fedbac702d1df339310e757e26e2c909ce,training
white,83,b78f80f918056f48857be58df237a96a2a1a1b174ece09b7b45a5ea24f1f2880,final_evaluation
white,84,4e4fd46b8045f346a23d08129508812901ed138289dca027832b813d123071b8,validation
white,85,1264a5d7917de4dad2363e5646f09d2e42fe91cb9c09335d2c3ef1b2b5bea90e,training
white,86,3e75dda2af9ac94435fd245f10f029f100d47c66b2013465821a7ca5425930c3,training
white,87,cb94409d24bca223af2cd07bd105899d5c4f6cf72f4647083bfa7c305775e1d0,final_evaluation
white,88,0e1370da4a3dcfe72db5dcfadf9776c9ba706589fe404a4bfcf6777d76f249a0,training
white,89,1264a5d7917de4dad2363e5646f09d2e42fe91cb9c09335d2c3ef1b2b5bea90e,training
white,90,3e75dda2af9ac94435fd245f10f029f100d47c66b2013465821a7ca5425930c3,training
white,91,cb94409d24bca223af2cd07bd105899d5c4f6cf72f4647083bfa7c305775e1d0,final_evaluation
white,92,e7f4ca4e7cc145f3000f7629630827dcfc2f1efea48022fa4f7a39a082aaffd8,training
white,93,7db71ad22838262a1aa93548b436739912df89008acd99ded21520f68d632a44,training
white,94,07ef76483e46c9c97330c388e551137e4b1f51e1a3f27fb14d1c7c9787ab8638,training
white,95,84da53e79bf78ae552b7df86ab1e8442be886c1ace3a66e6f5a902f08948cccb,validation
white,96,f479f042330c78e93c065d9cdb8e2add2cea755e2c804319db0ba4f8222753fa,final_evaluation
white,97,52cae12e57318a1b6341aad2f19c2ac53116d9f6fb992c1a607025a07d8242dc,training
white,98,3df72f26c75ca103a810285d5cce3a651c29cc55f46258e18ca915b140a9e5fd,training
white,99,a1ee2c9160cdef2b9d3decbb6368cd0d02eaaa04ee693ebc21eda32aebe31825,training
white,100,52cae12e57318a1b6341aad2f19c2ac53116d9f6fb992c1a607025a07d8242dc,training
white,101,0808dc3e7567cc2db15551a102e6cb6927d6311ca0b64b9216e2291ade968004,validation
white,102,42076fe5af83f5f6eaac37ae265b6cb718f22af6654b8660d8532afdbb3b9692,training
white,103,9b034d8c22a74bf7a68bfbbd02b27dc98aa68cf6a5b6f97773b4b21d44c60ca9,final_evaluation
white,104,a06de96e73d10290c2d624c2369f12a98f24cc68f37f991031cf816465d5927e,validation
white,105,0808dc3e7567cc2db15551a102e6cb6927d6311ca0b64b9216e2291ade968004,validation
white,106,77316d4785fe2b66a5895b93652880ab197be46920ddd728a1fa3a518fe495dd,validation
white,107,42076fe5af83f5f6eaac37ae265b6cb718f22af6654b8660d8532afdbb3b9692,training
white,108,2d7112b56bc49045e149fc92931599f17e61cfcc435d937acec830f1e6c6690c,final_evaluation
white,109,2d7112b56bc49045e149fc92931599f17e61cfcc435d937acec830f1e6c6690c,final_evaluation
white,110,22f9741ac13163ff5344757808865f96295d11cd72123a7c1a82e6c92c5656f2,training
white,111,53b400429be1850debb83a56328e52e1c0142bacb535c31c3c01183b7d2f1bc5,training
white,112,b94a7555a6b7d7a4109a4ccb13b3dbc0056f53fccb9f1c311ae4395562f66d9a,training
white,113,2e62213ce384a3210a92e6d4eb818603615dbffaff52bddfa38218405410b139,validation
white,114,5c8c204cc829271ecc17accf834416a2faf079d38a151731989411c150f64ecf,training
white,115,5c8c204cc829271ecc17accf834416a2faf079d38a151731989411c150f64ecf,training
white,116,081cd0f241718406ac2a6be70cd3d54bc553f9e4008ab2de2ceb0ade5f978b8a,validation
white,117,f5505120fd2a739bc8687322d92f1bfe637fe9a73de4693ced2a623b60d5a723,training
white,118,bb3b14b77311739e519b563293860ebdd738bb1e973fecbf54e1a205a961663e,training
white,119,2e62213ce384a3210a92e6d4eb818603615dbffaff52bddfa38218405410b139,validation
white,120,67d4fc836a0cd5a5821883b00626414f9e453dd109fdf0d36e8437cfbd835e48,training
white,121,874f679c40142861e0fd26468bc8d7aeb0af1b1ffef9e40a45f1460957aca120,training
white,122,f791a32b86d96a40465217fa4964609712c5cc4e5a9e4d24171445b0dc92f40e,training
white,123,57aebe021d9d03e186a4f749cbd26e4e89c7ba689fe3c0c465366529971a1c26,training
white,124,31c129a1ad1c7df5026ca19ab5a4722e05d4d7f9edd48f81323f1dc843896b6b,validation
white,125,899f887a6ac9f3786ebadfe8646df1061b217a8e9cc8e762ad87186f3793363a,training
white,126,0ef50bcbfa83e2437dfbdfd0f48021d86e23cf21cc918f95ba9cba330444764b,training
white,127,f4617fd48578f2c7dafcca91fb3ce538098c4735bd6ff648a5a3080fd8849e15,final_evaluation
white,128,6d1bd7a1f9af04474920c0fdaabb457f683a846bfff4043f80f1ac623fde58c4,training
white,129,c5651e9739b8e9af425e7d585ca84c01ef751aa7141c9fbbf23544fc97643898,training
white,130,ad32d5eff8e6f6122fe8bbfd1812f76dda07dc962ee3b32fd4fee8c39018e710,validation
white,131,b5cbcda49bfd8b4e42e6293df3bd76485f9e347782766acb46d32106497ff86b,training
white,132,6d1bd7a1f9af04474920c0fdaabb457f683a846bfff4043f80f1ac623fde58c4,training
white,133,a84c0372c8b0e388c97d1942e4dc37afe46cb3f8307b0a6f493733cdbcad4d61,training
white,134,b7f4ee50dedea82bba18e2647bdf6b67c2cb7be0c10725323490b03d2717d8b4,validation
white,135,8c6c31775d984468b5478c278221151ed1d1151366c7fc5677f0fd41e415e370,validation
white,136,fc0f9717de89294a3fdfc99f6ed4a2b6de26604a6ed5c5a476e3305f47091b09,validation
white,137,bba95c83a4faa76db47f73ef3dbd7ba8f8664f4b115631865279f0ae46d773d8,final_evaluation
white,138,8e515509db79497e94aa139208fdba79781d3a4ce2bfab4cbf9505e6100b9dae,final_evaluation
white,139,5323ed094506656e48cbefd796024737703526559cdadce1a49a0b4714f2f2a6,training
white,140,8ebadd3bc05165296ada0a925db5722915aa4eed1076951672150a525b5c29e9,validation
white,141,40fe8b4456ab9938fbcbbb917fa49b881eace5796daf8cd852c5a13627a7f50c,training
white,142,8e515509db79497e94aa139208fdba79781d3a4ce2bfab4cbf9505e6100b9dae,final_evaluation
white,143,7923e72e5a76271988ee1422dbe0adac1085dca17827028875c71ee69b14df21,training
white,144,05bd9260c006e1c61af7aa1188b84cc0e113d862c15bcb2a70267fe48185f013,training
white,145,6270c6894bb61eb9d301fef82d978faa642c190d7306f2de4e874c61c4dab505,validation
white,146,8f21f78f0e06a3e4bda85aa8018c3daeab76110dc032361f147bd0356dc5a5a4,final_evaluation
white,147,7c31ca721a729ce4581e3969e911182ce8d9993af78c25987b07597b24713341,final_evaluation
white,148,3037f5007236109a459350fcbd10ef21516e27ddacbe2e1415a52a43ac0f7624,final_evaluation
white,149,78bd887cd14d15542cd6d882f001d3c8a03b466fe566f97453676e09fd21eec9,training
white,150,89f2b407970a9b9e7ec4a7155f56e862cd7f447911ee3b36a6823c61f965e65d,training
white,151,ed430beedd89fcadfe72dbfe56f84f37a51be05037b360213c699d5a07cf7546,training
white,152,dbd50444b5bf850850949941553b59880a8f036c1c1aa1c26dc7f4bd6d74ef52,final_evaluation
white,153,89f2b407970a9b9e7ec4a7155f56e862cd7f447911ee3b36a6823c61f965e65d,training
white,154,daeffd1af0d4d1f05eb9bca87065d85ce47806f4929febe5be69f6c0158172ef,training
white,155,232915e27e53561558b5f8c035e03d6e54636e3d38e4d6d62ac893256b44fed3,training
white,156,d6a7c0589991f88597643efd22c2636e78e82c6226bd567496e9c0a98c1c32ca,training
white,157,d6a7c0589991f88597643efd22c2636e78e82c6226bd567496e9c0a98c1c32ca,training
white,158,b675c5abd64cc6486f100d1a26f7d0e6e4a2c99119d679c1be7de25d3b8e64ce,training
white,159,1167ca0ca8f259e19f004a3995ae099774042910ca8906670e04109f698e85a1,training
white,160,1167ca0ca8f259e19f004a3995ae099774042910ca8906670e04109f698e85a1,training
white,161,b675c5abd64cc6486f100d1a26f7d0e6e4a2c99119d679c1be7de25d3b8e64ce,training
white,162,5c4d27ced45812eab893c795b483a9ab011bc41b037f0714d759d942cfe10d22,training
white,163,33f45f0f068b5c842f16e91fde9357194d16b8b70b7743785c39338a8a2b5638,training
white,164,d6a7c0589991f88597643efd22c2636e78e82c6226bd567496e9c0a98c1c32ca,training
white,165,1ab84f8ba219a0af73d405232626b4da774fff9a03b1f6511dac8bca1ae33541,final_evaluation
white,166,8797c16a808f15f1dc201fb341f7512d0db584250d4bcafd4d9f05154964e0d0,training
white,167,a7e81fc2dce4e949bc5151531f368d469aee1bedf07f6c78b6cd09012e3ccbe9,training
white,168,8f0977ec02ea1a5e19b6e884ad6bde916c030e787215911dbfee0569a329dc91,training
white,169,1fb2b80f362e187b3f8b73a7ae45283abd3702334a0876f7537453e194096420,final_evaluation
white,170,36f2eed817f70e443fc9618b6fce9b482fd6bb01fcb2e481a9ac16f41ee4905b,training
white,171,2e913bcb8f6821069ba40be2b883b892cfd42de8470626f5202a29754facd5f7,validation
white,172,cc69c91903c2337c4aca525fa93651c9c7910fbe6666bdff0b00f4055d698d32,training
white,173,bfca356a5a33baed9206a07c535360322dd809989fdc753ccca8b23cf0215dcd,validation
white,174,5982586c9260e234df938fae76061cfcaf25675f07dd5877d778f428638441ae,training
white,175,ee4de32dc814cb24ec51653f579ab17a4382f58b35add1a6d4e615fbdf1f720d,training
white,176,ac4eeb7535e792df823a3099cf158baa713beda16ad007d2349c92a4ca127cc7,training
white,177,aae7544f0ae2a74636166327ab072a9280e7b58266c032ce275740a52e13de43,training
white,178,0cb6d9b539216e5f74853c04b0c22de5f87b7182964231d0c88087ecd5d83830,training
white,179,004e040818e72b657aa217803b63d71ad860370b18df388134bcacad67845add,training
white,180,afd1188ae1fff42f2fcd10294e8ba8bf23078dd9a38cfef234777c4c2553223e,validation
white,181,360958b42bab5388753afb87bac48e28956638833e02d65de2f4890bd65898d3,training
white,182,ce852c71145c737232fecd59b0b553c16e7b2345d9bb22fbdd4af0c5ee33a10a,training
white,183,eaa6c40da1781e6ae9bcbe7e66dde24595c77c2d546decafffb569dd3a85c376,validation
white,184,8c8bed6ba257008230451b93a5b0b76ab72ecde517047969f6cb174067ae3b71,validation
white,185,f2a12555bee4e6e471c0b4148e2fa2f308eef58c5f8cc467d5d2d58bc1c2f99b,training
white,186,e66b8732ca2a1e024c55a3788113f7e36e97f2a7d09bfad3e1624321c6761485,final_evaluation
white,187,341ab3e49cff3a9981e577f25c95b29a30486e42c5bc1b75f4d54bef16b76b0a,training
white,188,7c667fe03a3107005ce54b7795e2af77fda696ead95e6569585238e15cd50e38,final_evaluation
white,189,89a9ed1d15a852708174889b855a808adb94972069f2d9ed5819863fb7cd11a7,training
white,190,125089706f4c0187224a8fe1dde67e4675185e934f3aa788e6f40bdd7c62625e,training
white,191,ac7e4c5115f8d1b1ca596e5f50d29aad32e4edcdd6c000d9c5f3c236752e9549,validation
white,192,eaa6c40da1781e6ae9bcbe7e66dde24595c77c2d546decafffb569dd3a85c376,validation
white,193,51a116454fe36759a7fbf24c3f5e64ec1490260b0082bec9fb5a08115c330eaf,training
white,194,f4bb6e744af7b059118b6198753cea3058f41e559b7cc7fe464fa6f6db96c7bd,training
white,195,05dd23c8d4546261e649fe1697d745167d5b8ff6a99061c0500e7d9568b11dcd,training
white,196,cdcce469bba2058cc57b922f48c174c2ad5148693996d013cfbb3400e434dd19,training
white,197,de069d62504d997057ece62760454ad68c6aebf56285419f723e7cd9d1ef3218,training
white,198,80067ae3d9cdbc89a0a131f6d07d049e5cbf1a3e6f5d6c19cc2cfb548a650cb0,training
white,199,208db25c1545b434a51b02d27e45a500d7cce4115ed18b3559b0b367f92d11ea,training
white,200,80067ae3d9cdbc89a0a131f6d07d049e5cbf1a3e6f5d6c19cc2cfb548a650cb0,training
white,201,08d4ce2391f611dfe5525f4508ff53149cc88e91d961148c56f7688c00198561,validation
white,202,208db25c1545b434a51b02d27e45a500d7cce4115ed18b3559b0b367f92d11ea,training
white,203,4a2ed6d68b9cb9b8caffaebeb4335ff5fb7cb7603bfc50e00180f3a6ade088e6,training
white,204,89b5ed915b15789372d094c8bce32a5cb017b0fc2806afa1f528785741b6bff0,training
white,205,1834ebf263107bf561f487153b6337f73bd67f6ca21b845374e2ee40b962aedc,training
white,206,57a4b693469e375f56d7ee91c50a24d93b41a7c8e36ddada42eaf9dcbd3e6988,validation
white,207,fe418ba93ad724e3603e1e46907a0e2a354b13516ce7fcaf9da686b43e43bd45,final_evaluation
white,208,e4d98c23671470ee86ba8952e3878b89dc2f50d314669a1d01b804510d1024b3,final_evaluation
white,209,2f9819e7e67d5c7ad5014e5db404cb0ce7b907d395817c7c502694e7a4ea2d38,final_evaluation
white,210,c82443ace37c079469dbf40470e935c4e35efca30691160062ee06b710b79b08,final_evaluation
white,211,082adfbf7c662ed53f9509d322adf03e0cd98bec596dea64f8730208e7691d98,training
white,212,16d2256d106180ad7898335e8ae14efce4862388489d1bd065d61b13484ade16,final_evaluation
white,213,fe418ba93ad724e3603e1e46907a0e2a354b13516ce7fcaf9da686b43e43bd45,final_evaluation
white,214,d44e31e35225f92b05ac3617aac51f9c0b20cffddcedf1109b55df50e12b19da,validation
white,215,13c0a242d782de9b96f847e7c6a9e02a9b421b33ea3687e7195b1ab45de1caa3,training
white,216,daa8f916c6dfb06cda58bdcb0b5178d00e4ff646e95e39659efb1888b858a1fc,training
white,217,eb384428e9c903e498156bd45e1a13aa8e07eb1b451c9637c61e65db65c9499c,final_evaluation
white,218,daa8f916c6dfb06cda58bdcb0b5178d00e4ff646e95e39659efb1888b858a1fc,training
white,219,a25f02c1fd3941a7c831021bdab6878c8a49b935d91ca1a01914c0fb9428a96b,training
white,220,ff1631dcde03b7e34ded5dda281250691a6d6670f204061f41d4f4b9a7eebb3f,training
white,221,eb384428e9c903e498156bd45e1a13aa8e07eb1b451c9637c61e65db65c9499c,final_evaluation
white,222,b964926ca9a02909273ee5269faf005fd047d7749d2a87165bf2b864d9f5e9af,training
white,223,13c0a242d782de9b96f847e7c6a9e02a9b421b33ea3687e7195b1ab45de1caa3,training
white,224,74b040a05e86053f1ce17d49878b66fb3766e8a77ba950b937e7063f8411118b,training
white,225,6631e10fea5302c018bf9deab91ed9d547990311c255b2a6bb2b1a46bef850e7,validation
white,226,f746ec33cfb76c44dad0892670ed9f62c8fe67e38164ccb6fb1b19f84d105df8,validation
white,227,5d2de07d4e60ac9584d3f68fffff4989b89073c1f71bd5cd56b153941073e8ad,validation
white,228,9eccf817879640d5638a53e342e7717aee0d0eef253b9e952a17884c0f1c8a78,training
white,229,5d2de07d4e60ac9584d3f68fffff4989b89073c1f71bd5cd56b153941073e8ad,validation
white,230,f746ec33cfb76c44dad0892670ed9f62c8fe67e38164ccb6fb1b19f84d105df8,validation
white,231,740813930ad0d53e74f42fa5f8abca82b618131020ee748f5db0dd47a923f603,training
white,232,4dc4f23f9c4d61b1f30fcb64ee97ca3f42a9fbaa3b2810c6536abf244d338e35,training
white,233,df6c0fc7306f4618e332735720aad76c0775ada44951497c0611f38732f02367,final_evaluation
white,234,f7f2e4edd656e1e83989f9f2d3eefdd6cdfd112097db79c2d8e7b6ee955d8f55,final_evaluation
white,235,f7f2e4edd656e1e83989f9f2d3eefdd6cdfd112097db79c2d8e7b6ee955d8f55,final_evaluation
white,236,f7f2e4edd656e1e83989f9f2d3eefdd6cdfd112097db79c2d8e7b6ee955d8f55,final_evaluation
white,237,f7f2e4edd656e1e83989f9f2d3eefdd6cdfd112097db79c2d8e7b6ee955d8f55,final_evaluation
white,238,a739cf907ea37b5552ab7c9b1154b413ea5c8b05d1923bb8863dcb189beb6587,training
white,239,63a26014c5a8eb0107fb1be4423b7ebf73015319e038da25d43b82b4d767134b,final_evaluation
white,240,fb34498700d5d220d4b4da71af29adee96823d33a903f883183e85fc941d687e,training
white,241,803fbb20b59f0e01883d8b8e5908ccc39564573d69e6c6d306c26abb3fe414d4,training
white,242,b5e5185ad0c93b094492a0e5507254f04e882431df4bb8a4b0c8cf924fe97aeb,final_evaluation
white,243,d5a2d425197dd1688101dc9b37a5ce1d282544731b253ff17a5ce0402cec5d24,training
white,244,554a3fbcb92b7d05124a04c6559fa0e5000f16c3727b41250c6539b3cb4bf392,training
white,245,04414e157e13ee31d2e7443022b9f30f6dcf4dc8075ccfaad852cb7e66d67ef2,training
white,246,66efd1b3fee25bebc527552179e78b27768dedb8f952c947d35aa86176e2573b,training
white,247,d8d447650bcf16d8f13cf7c83e577a2bec86daae919e0cff01c845403ffbcafa,final_evaluation
white,248,d8797855439199665d01b2f932a0e57ce9c8e687a25f9e1e21d8b58d19dc009f,validation
white,249,b1e66c6fa5617a7f41c04e50a69985890c735a194659077cfce155c1042f0a5a,training
white,250,4360069e5b55934931af3d78d11a0db16885148c9f3073ecd9dc14bb4828a8c4,validation
white,251,247a1ee73b1ece03a2735925e84896fef33980f9ab31811aa1f570e2fb4f99ea,training
white,252,3c0e006108834ef5179a0cac94ea68f9cc2a2035c94ef1f9d4af4f5cb05463a0,training
white,253,04414e157e13ee31d2e7443022b9f30f6dcf4dc8075ccfaad852cb7e66d67ef2,training
white,254,55d4d6be63e8b36e61a4e756f74c8212632ca494884460c923ec7e353e982bf2,final_evaluation
white,255,8d8b6ee9cd77661c6a2a22078e77212eef2781af206caab07648e0397fe77e4b,training
white,256,1fb46b64c90fd23c2f8e3ab1d679fa49f840e32bf8f407ad516f565126ffc59e,training
white,257,337b04aabf316832c0ac2c4dd2167c2fe2a92e6fe7fd0b4fd27c4ccc007f11ee,validation
white,258,337b04aabf316832c0ac2c4dd2167c2fe2a92e6fe7fd0b4fd27c4ccc007f11ee,validation
white,259,0ca95d1f6f2f67ea58b086a612bd26e9b7753d3208164f2d43e6ff41ddd31b1e,training
white,260,f412c88bb6761d8e165899cfc828c5bca59a1795291a1673fc0c3ec16bbffd81,training
white,261,def99fb695017a75ea824cd16fcfff576fde1d1c1e710a3aa05531f1b1ec34ca,training
white,262,97f877a32149e2b63160c80afc48528e98f6fa1081e7f49f87e7453ce5246e8f,validation
white,263,5cb6e8c8e3bcf477aad3dd47e9782db6e9604ab6f3c4cdfea1b9dc9c54971203,validation
white,264,9720231a7a51f732e90746a5080b40ebc9d15d9112543069e364f13b160f8d0a,training
white,265,e0848410d8848374bf912708635712636cf4ea0de818c4307c486612d771fb72,final_evaluation
white,266,97f877a32149e2b63160c80afc48528e98f6fa1081e7f49f87e7453ce5246e8f,validation
white,267,255bde99fe8d10d94f88a267b7d29fde997bc86c0982ea086ea8daff3e77dccb,training
white,268,934cd4f26f81f7886c3875a3daf30e6b1e5775e921630a2cddba42928fdb0b12,training
white,269,5b6e75a98e9358c0169a4bc55cc51890adacd5d71db553c4b59ca461cf91e43a,validation
white,270,61a176d851e7c13d9a1a6d91e00926ebfae43f637148425ce14865d58f288e80,training
white,271,255bde99fe8d10d94f88a267b7d29fde997bc86c0982ea086ea8daff3e77dccb,training
white,272,3a74548d38a4a12b315f57a5f62419b647916c1d7d390df9a7ce1dd9c3bc7666,training
white,273,41efeac96218572f5c1efced9f49d61cc1cf05ef42840d5a9bd1d4c40337c9bd,training
white,274,1b9e15a472158dc07546783f4fc64af9f985714f3586553e89d750667cfa0821,training
white,275,68a254efb6897bf0849c2dc1a335bde3cab5a66a092536d60ca839761e7c0f38,training
white,276,cd5b725020b3bbe7bed66c50f3ca5bd7b245b5cbdaa39cf841a0ee0f03e94323,final_evaluation
white,277,bb3d392b268817b50b21e5995bfbe21be3f051e83b64b5883eb6e81b7ad5edd0,final_evaluation
white,278,5bb3ff8e36a0c334a9d94f2e15c619c084367241e1dc3e07207fd0a19c3e9922,training
white,279,e4bbf3d827f96f619fab31f50137cfe381d5faae74729bf654490ef14018d4bf,training
white,280,645f62d6fa47e857681434573478a95e261844110dd8f6ce1bcad05cba5cb21f,validation
white,281,4a3db7e4ec9c686e1a12e9d34380c24e52feafa4e666cc07a373d28a26cb3637,final_evaluation
white,282,0154ca19b121d8e5af4c1dbd6021e18fb73d2ccf164118021787bc781101bdcf,training
white,283,d4cd43881405b2fee5c8e5f7ed2e38b206ed395aca88c04eb8e667176d436881,training
white,284,b363cca9b30b4b1c52bb5d1420d5480974745af3bbad3eb0b98fe4702ce0e290,validation
white,285,6b234f19e7fe1a5f6ddb46258534c2ccdc06f471e550cebf79659c84ba907f5e,validation
white,286,1f0b90fa8fd75f2d6829cd484a56a9b0a96da97fc4f6abc3293c7bad9a768463,final_evaluation
white,287,4ee28b75f466fbe75a3e05cd916036c468b79872620df746d3bf0142487b9bee,training
white,288,e5985cfce0d0d0d4f7f69103dfbf99c47b60a5f9fbe0aa714d2fcc0e7a65c379,training
white,289,e5985cfce0d0d0d4f7f69103dfbf99c47b60a5f9fbe0aa714d2fcc0e7a65c379,training
white,290,e5985cfce0d0d0d4f7f69103dfbf99c47b60a5f9fbe0aa714d2fcc0e7a65c379,training
white,291,e5985cfce0d0d0d4f7f69103dfbf99c47b60a5f9fbe0aa714d2fcc0e7a65c379,training
white,292,7fc30b62a04f13fecc522bb0ac908641a7d9644b090041c02e8206367c8c3523,training
white,293,e7f78b2a00ee1bbae46a9324eb035f7873b01fea6f27affcb9657d66b467e658,validation
white,294,5b1d96f7625883ca09bd2e4c986218c8bbdeb0ee207ede2ef08aef0883a67c22,training
white,295,b9875a51f74ad9f95a38e91434587478c5c527e701f8c20426f751c17c0dc59d,validation
white,296,88b9ef98071a3f9b8e113aa3190f8811009da12d32ca3b3ec5f42e9b7745a4b2,training
white,297,18446890726130bb34b117e2c2dcc23d4b05f91dc9824765746873d66dc3a8e0,final_evaluation
white,298,ad6688d92908ef93496c671f161a658f93ec78ae474ce1bbd302cdd46ec25d80,training
white,299,b40c7616af0bed652c0cbbddd40d1f299e31a41ee2bedfa1e75b9e346f469f9f,training
white,300,9756f0d914c9f8adebef6e2a47b4b63a43965db28129dafa958c95f64f6654fb,training
white,301,cd1404a30707b3215bdd35ce85cf0d0f2dac7049eee2804ee4ab9b1ef9243505,validation
white,302,00ad088484d2b85ad431153ba2842d932321e13f8aa66c11de917bdf3138fc91,final_evaluation
white,303,cd1404a30707b3215bdd35ce85cf0d0f2dac7049eee2804ee4ab9b1ef9243505,validation
white,304,a30d67b045f0be29fff3b8327f643429e76a5982348b088ecd870b48e0fe75d6,training
white,305,d06f0ebbee208d518ab1bf4b4c06ed9af57cfbf6519e77191e024d157993a109,training
white,306,d06f0ebbee208d518ab1bf4b4c06ed9af57cfbf6519e77191e024d157993a109,training
white,307,a0378b7291d8deb6b45d234b98c838e6f40748c6f316b90e4e945d41cda4a907,training
white,308,63c1253d8c6e55a8fbe1b361c4c0cfb40297afa142cba6a77806161ab98e03f1,training
white,309,7ea94bac5b84bbb45daf6823f3cd1d9de956053b1bb017ca4a243f3ec47c9187,training
white,310,7e602773a5dcc10e6fec29eca4609e7aac3aa3dee76e7ee073a1f6718120bc84,training
white,311,b7b4ad8a36adfca45b7c85338010ed6ca01e2cc53ca7737144e035fe093523f7,final_evaluation
white,312,4343fcb4b6825a314d6ff90e0c9997c45664b7fddd29d27f4cfb84a3f7aef3e8,validation
white,313,6afb4fd80a8fbc4c01f48093ba0cdd46603abbe32c5e6af1c7dc464850b1569b,final_evaluation
white,314,931143506e1777aa6cd0576c11552169bd9207c115e8c55b53a34363cd2e582b,training
white,315,789a21e94d80c62204db303762ca6188163f58f7bfe9da8fd5c054226d1b73ae,training
white,316,9d02b20c295523e27bcf93596d196c4c885d6a745feab60d10376ae957496edc,training
white,317,8c1493e582b62bf0225f2729a0ae62f395b36613c2d3aa4ec603b911e278baf9,training
white,318,0bea15fc120199e75a264904da79a01f7c60a33d6d74be4551941e27dd4944b6,training
white,319,c10d06d97bbdf59ccad9d938d2f7378141c98afbb1dfecd055fd0512c3c32306,training
white,320,f39003677edcd277aa6c805afdaa0d27139e4b7e5014bf3e21c67bdcf01a7eda,training
white,321,9c77e11499b53830733e323997370468f52ee67f6265ec26d84ba848c994cfd5,training
white,322,0bea15fc120199e75a264904da79a01f7c60a33d6d74be4551941e27dd4944b6,training
white,323,8c1493e582b62bf0225f2729a0ae62f395b36613c2d3aa4ec603b911e278baf9,training
white,324,02af64e985e2e9271746384f006b616152de66b143ceea94bf490aa1056571fe,validation
white,325,ea6a6912464f2dabe4f5ed12b8854affc58ae79cbfb5d7b885f9f95bc5d43056,validation
white,326,cf01232702d0388e5d98b1800327653e6c4c84b4d8c738bc1284eaed155ccb80,training
white,327,697ca7ce0bac24c98059b6fb97183b072dad9ace0fbf90049c5fc8521acd7358,training
white,328,88008ecfe922cc353564897c8d60d3a3434503e494c199e49510be42caeee1fd,final_evaluation
white,329,b298643d6602fb769731f2869a77fa300ad8cad2fafe80681b93361105716174,validation
white,330,17d0b0c5a70a036c59f75b3f82c203cba782fdbbe93a26432321c078a48b0d92,training
white,331,3d3c4bedd8f69b00dc55465480e4e13dfe7af616abfb8426f6c18e0f05955d12,training
white,332,f971ea829b6447b250c532a4cbf3fc94c47b09a535d2155c8b8b477d7baa050f,final_evaluation
white,333,25f0cfff634db33a0a19db96449cd8651e83a12f85c6e18a666e37a654b02158,training
white,334,99f636d175ccc740caaa348883fb7a62098d0ab0c45799b431882786c0387e61,final_evaluation
white,335,798c1c83443f4345b66605f89776e233f8da090718c3ed554f85c3c47b1fba0d,training
white,336,25f0cfff634db33a0a19db96449cd8651e83a12f85c6e18a666e37a654b02158,training
white,337,878f603ecfceb5df71a09eb47b8742071d5ee2b3c7966f181f793a9fba5f6da8,training
white,338,94001c2cc8a2748ea5debad2e4c9a31c8e793074da63fbd819bfe21e7f883d46,training
white,339,82107d5db15fe91d47cebbead0bc337957547bceb89914e78afe4c220fd04539,training
white,340,bf7c3f0860e8fc7bd3b1c75d0d8504e72e2344975c8bb51a306ea70189e7cc7b,training
white,341,8b7bae205c9a5bc45abdca3316d8ec93b959792b9ca136abebea10b2c77f39b3,training
white,342,5ec13d0438253e9be45035cd98c8920bb109b466e037f203ceb1e8a363d8f6c3,training
white,343,5cc4423bf922f0c2c55ca1a30da4c0812a72dbd305215d4c707246ddd8782314,training
white,344,6b8e10bf97a733f43452acd8575a63f7afe2343231d4e1b6a5ca1962fe3d2557,training
white,345,41b5488ca8b0a50f2beaabd377ddce54cd3653b8b14b21f10dc744cb1801dea8,training
white,346,85efca3a09e377ee500f33adedc775cdea673f76b2d36af5d016bcd1ecf6978f,training
white,347,20fda9a06733c20b214e79037819cdfdcc5c6536303c3e91deb7e3d4e42a6c20,training
white,348,bf124c5f2737c2b6697eadfa26bd57dfe76605c29f7387f130244cbb0805093a,training
white,349,1f1ce4991766fd37568b17742598cca62306eb7c5f5156ef0430ca48b274ec4d,training
white,350,3dc2281cfac082aadeba8d190fdf281d225e5cd9fe6a3c2d09ebd25577a0c867,training
white,351,a05f62b9c720db94adb8ee5e46ab19b362f1df493ce32464a00af0f45708dd40,training
white,352,0c7157f76459d9303af9aa1a6e07b10bff053e45aa6f794d137ebde96e6ecc80,training
white,353,26258c1c58484c0e071ea41b4e7da1687ca144e9e84be5c292fefd2c0c2fe4b5,training
white,354,0c7157f76459d9303af9aa1a6e07b10bff053e45aa6f794d137ebde96e6ecc80,training
white,355,9ee83e07e332bcdca6ac663e47ae0fe5a0044fe3f9d51c523f92b97ec839fe6e,final_evaluation
white,356,469ac5979a9dba275cbaadbdf57e1ed501400041abc8da7270ae651b747167a9,validation
white,357,469ac5979a9dba275cbaadbdf57e1ed501400041abc8da7270ae651b747167a9,validation
white,358,fb74fe2681d2a506040ae306e01996d416e9e39828231d7acf17dc41c22f6948,training
white,359,8b7e95c7d1e5ed5c968ea66fe6570c8ba48e1d84d3b9c27128daa3653d6a68a7,training
white,360,5a14aac693f77f5418253bc4bc69d69ff9116e7e1e28fc5d697e2345d97dbfc2,final_evaluation
white,361,4418f89b1d1eebdfa3b736abedd95c34a9e3da8f68074e17a0213dc490c1d9dc,training
white,362,42f40aa98bed9e773aca20680c4ee5a07c862b2dfaba4d67269f2cbbc0cfc56b,training
white,363,ad163f1d8798668f1b89ce84b0e52976c7d96587b733aaea9435f262fed29151,final_evaluation
white,364,469ac5979a9dba275cbaadbdf57e1ed501400041abc8da7270ae651b747167a9,validation
white,365,351fd57565d6190a50c5bf8d0c8ca5c4a595501b507dd5b405627ec65e871754,validation
white,366,ec8cab7400c473e8c5fda0af37715e918678df8b8b5d47f322979a14d335616e,training
white,367,0a09b37a3531fa20fdb5c6be31d7a79b96a1080d889700f290610623c31d670f,training
white,368,eff8f49c0ebc8e6ce3cb5879028e2348fdcde9b18a0f1c10fb3dc8341033f242,training
white,369,0c919432e22aee32181cde140fe3059e8312e6ca059e4b2f5846226e9b4fe4c4,final_evaluation
white,370,c5d234e16a1ec207d2dbdd65b2649f599d7571f66b86614479393b3e8385da77,training
white,371,eff8f49c0ebc8e6ce3cb5879028e2348fdcde9b18a0f1c10fb3dc8341033f242,training
white,372,0c919432e22aee32181cde140fe3059e8312e6ca059e4b2f5846226e9b4fe4c4,final_evaluation
white,373,cfbf1c0e3d6c71d3ac4b7e60d4be431dfc584b233b0a6b7c28abd4609f74c116,validation
white,374,55844300f9c9684daad3b98b1e75e058a7fc2d09d9cccf1c079e98a5b82cf720,training
white,375,e3154f5cfd4da85f008e0d99f7195d88aeeca189c7213a68d43f83f7b6e70b64,training
white,376,e3154f5cfd4da85f008e0d99f7195d88aeeca189c7213a68d43f83f7b6e70b64,training
white,377,b65c57196fbcda04c685267935c5b1f2d3a89563cca0a88c0b6fc022fe60563a,final_evaluation
white,378,b3fc1d7dc01c5f8ccae985ff53943ef2e5847decd1bea3ff74f9b4a0ab346b01,training
white,379,63fde4d203e76f355f760f906a10e13358f21f612517fd2e30360c8b95b42778,training
white,380,b65c57196fbcda04c685267935c5b1f2d3a89563cca0a88c0b6fc022fe60563a,final_evaluation
white,381,b3fc1d7dc01c5f8ccae985ff53943ef2e5847decd1bea3ff74f9b4a0ab346b01,training
white,382,4b521edb393c5e89ccad0b40284136ca931772473028f47dd82cce628febc706,final_evaluation
white,383,4f78d623b43236b7000ad087ca342bfd5fd210b15402dec6daffb028ff5719fb,validation
white,384,55844300f9c9684daad3b98b1e75e058a7fc2d09d9cccf1c079e98a5b82cf720,training
white,385,ebef24a6a59c76cb1e2b07bd7e572e4212ac6e3cdb015324c3cb684dd1f1476c,training
white,386,e3154f5cfd4da85f008e0d99f7195d88aeeca189c7213a68d43f83f7b6e70b64,training
white,387,056d5a6078bddbabf389a91d29bab79672749aae1ba485dd80f1a2c705cef645,final_evaluation
white,388,bfe0f081b8ae6aad2400edef1155cc2e6d10e4aad6095c562cdb5b84e0301bd0,training
white,389,8f8ee9c8c5eb76cafce5c2afc4085d06ffb0817571d32ac54688668909c63659,training
white,390,4c530ec7eb5404402eca34d0ca54f3ff3a7660915a168213255fa8178f8f2da6,training
white,391,4c530ec7eb5404402eca34d0ca54f3ff3a7660915a168213255fa8178f8f2da6,training
white,392,b390be78c0df5b93a179bfe8cd8387eecdeccd9433658198a78e604ff218496f,final_evaluation
white,393,e08a77108c94c76a1bd48fbe3d001d9e64bce9982a6499167ec9f3583d4157f1,final_evaluation
white,394,1c50413bb53d02b0c576a4406528dd0d42da8131df504fcc4034581af1970beb,training
white,395,958820f4e0d0531301cea4428664a3aa6cb1059c9fd0deff6d57adc6ce3b434c,training
white,396,6660640d36953ce3420ed193325f2e25ccd0e959b92ea865191dd978e7a2c59d,training
white,397,6618f4fe2a123354038b493d98c0de11c18999864b5ae1d7a8eec2a6d05b8438,validation
white,398,49e2faa5fb6e3eded48c33533fe39c3c3315dca51864d3961ee894f1d813ccff,training
white,399,8c903df71d3dbd218f73087334e2646fa9fbec4b7bb2b785eccf556a84da88ca,final_evaluation
white,400,364d916f8b29a311a521dd8489c3833ee7d020f5f680eaadc48a7eb03f85f337,training
white,401,49e2faa5fb6e3eded48c33533fe39c3c3315dca51864d3961ee894f1d813ccff,training
white,402,958820f4e0d0531301cea4428664a3aa6cb1059c9fd0deff6d57adc6ce3b434c,training
white,403,db315e90d642d9070c549d8d526c500beb845107d72454529a8243d06eaa84f5,validation
white,404,d58144e9aa035d5ff28dfa2c7df7054cc192112ced54a44ab21f97b16bcb908c,validation
white,405,94465512cacf51873cb69b17add152ff55f43edcc5742838bce89b7afc2a72cd,training
white,406,6660640d36953ce3420ed193325f2e25ccd0e959b92ea865191dd978e7a2c59d,training
white,407,ad7c4c1d4b52cbaf22b27d671d1aab52f67af174c7c0d7768bedf31c4dc03d24,training
white,408,96681f8f0f5706983c44031041b6578866add602b91dea19f1db9da8d5b65ccb,training
white,409,5be6f8e1de15fd71e803d8e524079905e8b3cf462b55160b135db8cab3c1cece,training
white,410,6618f4fe2a123354038b493d98c0de11c18999864b5ae1d7a8eec2a6d05b8438,validation
white,411,b7503afe2e3972e8773c118fe35751a21307e2eff306f5c575520bbe0590cf74,training
white,412,11957d9702dc3cdb53d9c5eeec32af11d8a71c1ad460401f9dd9287a3a048727,training
white,413,92989d1a1d1b10f44a9e46b7c8e6fe1718066537dbe0637b6ff4a4285817223b,final_evaluation
white,414,92989d1a1d1b10f44a9e46b7c8e6fe1718066537dbe0637b6ff4a4285817223b,final_evaluation
white,415,b7503afe2e3972e8773c118fe35751a21307e2eff306f5c575520bbe0590cf74,training
white,416,11957d9702dc3cdb53d9c5eeec32af11d8a71c1ad460401f9dd9287a3a048727,training
white,417,f1ecd0758ca065dec4071618dfbb2f25f82b2cde3fdfd4d0f7c7f22f8b85aff8,training
white,418,0ad8cd187b3dce8064edca7037a39c847c7175145a220e4ceb1e397423e8048d,final_evaluation
white,419,f1ecd0758ca065dec4071618dfbb2f25f82b2cde3fdfd4d0f7c7f22f8b85aff8,training
white,420,c175de99e034960f9f4bb0136a1f5ae392a4e8eb9666c115312a0e33b8100ea5,final_evaluation
white,421,c31ef163993e47c6554490c5286d60778cae9e83c1a942dece67a0c170299d4b,final_evaluation
white,422,a72da8bfd3a6933ac618a8b41881661dc4635da0e02fb7c2126acc90e12794a4,validation
white,423,ffa92f77777bd7a51fa9234c14d26778534f3fe2e93e4d4f80cbe9f258197bd8,training
white,424,ffa92f77777bd7a51fa9234c14d26778534f3fe2e93e4d4f80cbe9f258197bd8,training
white,425,ff9cd3195f2def2d6f6599f96ac6f7274ab771941369c79eac95c3a88e6461e7,training
white,426,a72da8bfd3a6933ac618a8b41881661dc4635da0e02fb7c2126acc90e12794a4,validation
white,427,ffa92f77777bd7a51fa9234c14d26778534f3fe2e93e4d4f80cbe9f258197bd8,training
white,428,2aaf225c692a4258747674d20acc1332497764e3b8a99b3ef179e4d62dc81741,training
white,429,e5c911a8e83e02a31b0adb49544c6ee786e2bea13b29a65f96de1fb2f79da23f,validation
white,430,5e6def62ef7916e22765e7a4f27cdf78081ff0eb1eaf7c84d1d397f831015520,training
white,431,2aaf225c692a4258747674d20acc1332497764e3b8a99b3ef179e4d62dc81741,training
white,432,2e82475767c34f1f3f489d1c8cbb4bca68e956d81188f32284febc72b31c8ea6,validation
white,433,a8538b1868bc14a04b0c116249f03986000c97ab8c472603a50b4be22f11e6ff,training
white,434,b7bcb12f2692573fac4187a9bf5e0fcbf4bd56adc78459256885db4ee0945ff4,validation
white,435,029efd39b1096e8788c881c35bbe3006c939484504c663cec5d6edac9aaa97b8,training
white,436,1bf7dba780b6cce8b25dc241797009c11f09b708d08949286385f13edfb714b4,validation
white,437,6a4d25028c70ee7a765bea55819c2381d68652d503fc6e55e1586445bc82f331,validation
white,438,1e7114ae71bbeae1175dc1a7dbb559b8de41a653aba84e50f6d878cd36d88bc6,training
white,439,a8538b1868bc14a04b0c116249f03986000c97ab8c472603a50b4be22f11e6ff,training
white,440,2a8b7312d5305d8c86c0fe3ecb30fac66569041ea2cdd28fd2455a7d917d82ee,validation
white,441,3447315e0ec544f329183a1b93b9b72d1061e685e424b9f45ec882fdc064daab,final_evaluation
white,442,54c27dac615cd053ded03a7b726921707ac380ad1582c374a048d63a86099fde,training
white,443,7ea14b2b730ce543fd9f82926449eeda525dcd866185a489b3f19f1872ada6ce,training
white,444,ef81d7cff3e3943124196b264abb08f48a1ebcec99d6d999401d26e7aa9c9635,training
white,445,4b5fe84666c743ae6b2e27b7d42b6459272f1797fc44cecf4304d01ac0174d2a,final_evaluation
white,446,e941218229b9c29c869fbc6553bb3182a6e56854daa3a06a5f0a083d76229210,validation
white,447,9f71dda1e426d784ed9abadbb03cb8d411b9a835f65e7216f12caf173efdb33f,training
white,448,650456ea2b2c21c1cf95866cc31d6eb8d21ae7212a6e676eb5dd9f51d10bd9d4,validation
white,449,650456ea2b2c21c1cf95866cc31d6eb8d21ae7212a6e676eb5dd9f51d10bd9d4,validation
white,450,39fc0ec603f2d2b4446385844a8a0088881a6407d2fb3b31bb1592fc08abdf3b,training
white,451,044a7053d7c52a239e239ff0a0a05a8720505c1da2f593ed71cee6b1136faac2,training
white,452,ed7ec67f5b63005cd6d20ccf04d85a2fbc53a4cc09d042c70953c109bc55e602,training
white,453,c5e61d39459d75dc2b05f5567f310b76a84359abbdd02be910bbed1136165e31,training
white,454,087a1cfc3a34a5a1f6350f4a47a68e398fea8a2072e2f35f4361b2c7b0aeef27,validation
white,455,39fc0ec603f2d2b4446385844a8a0088881a6407d2fb3b31bb1592fc08abdf3b,training
white,456,37ab8d62284619dee89df71ae5fd03998d27529c7c51040620670a294d236238,validation
white,457,7fcf6cf110723fc3e8d4e81153cbe1fdad528cfbbb845b1ff426763d508d5de8,training
white,458,81d82a4eccfc5e0129c432994aec85e2f2d22dd9ffe16d2424f26d257ea5e341,final_evaluation
white,459,bb3414fbac6583fd21efccc2cc9722fbc4611e6fed68d53ebee250af5d4a064e,validation
white,460,ed98157ad2ad7a9c0d038ca3ee096905c24cc81da7386e218f210241bdc380ec,training
white,461,81d82a4eccfc5e0129c432994aec85e2f2d22dd9ffe16d2424f26d257ea5e341,final_evaluation
white,462,f586a65de70e7290fd36c3bc07b1de95111294f16b9e8b563a23aa2c4cc15162,final_evaluation
white,463,c32becd98e99a6ec89c5a4f50d8636f86fbecfed943eed5af150b7ce0ecc0a01,validation
white,464,c91b96f7ef14fd49942d4c00a129e80763352480c19b0018e7bedd8df8790e60,training
white,465,1558d0fa3f739ba4384a30f5ef96818b95395ddb59f7b7728be1eb64021208a0,final_evaluation
white,466,39d7a043aa9cca49dea7dada270579163e1e75b0da18202bbc72ec0c2fa7b323,validation
white,467,46ec3a936a9b5e072dc50b6ac5c36120e9c3f87c317290fbbd80bb382451cdd3,training
white,468,c91b96f7ef14fd49942d4c00a129e80763352480c19b0018e7bedd8df8790e60,training
white,469,1558d0fa3f739ba4384a30f5ef96818b95395ddb59f7b7728be1eb64021208a0,final_evaluation
white,470,109f278adeff392923cc6fe2da81efdb976e5e0d10f24df9cae9d51257a443d4,training
white,471,b0b14b9ce255469fa38504cc7827829ca3e4f7c4c7341f270a4bcfc60ad90beb,final_evaluation
white,472,4f77e31b4a02338de9ffc337863b361ea2b2fb3d4a4da903265519c879fd215b,validation
white,473,4520190841c73dbe70a45be2a13b0c60b1215d6e0d295a4441f3abb4385d852f,training
white,474,f623f3347e763122f54645fd86a6c22cf3825d6f5eecb158acb22d50cfdde85b,final_evaluation
white,475,33061d86258e6a4d344940eebaf824d4f8081862130b20601090776e04c8e45c,validation
white,476,be2760ac71f2b10e3a5c0a8c9fae0dfa91f51499f4cba7e861c4ad0b7a509fcb,training
white,477,29608dc2f532b26cba90c41fa14dbb0385bd96028dc3dfe508e91d45cf9ac575,training
white,478,aa75de9d89c2c9f0acb78a723f026464cca713054f1d656190c55a1f0267c51b,final_evaluation
white,479,32182b6937be3a9352c1a152d14a3c0f5f9ade181e788c1135d60ad24890ef9a,training
white,480,d6f5f4677179d6c23f5e690eab790c905a7b4d728a96ab72c83d61f4a1473653,training
white,481,d87b7352cf7f4fb4a128ac0cf0cf5d79f72918f90724011a12a73d9e65d9cae0,training
white,482,1731e4a0279125f654e02aeca218409d2c338a965944336b8bd6051c6b048a0d,validation
white,483,0767ada82bff0db333d2c6a4cbdf3ec78ae4268cedae5e8261fd83f838660a34,training
white,484,d87b7352cf7f4fb4a128ac0cf0cf5d79f72918f90724011a12a73d9e65d9cae0,training
white,485,7d039ea23615467cbd66ae72a2c418ab8ea1fd72d8c9c556cdbdc80d80339bf5,final_evaluation
white,486,8bf330ddb77b5fe5e1b99a4f335e52d0be774c3dc453e63d4f7ad9790eaad12a,training
white,487,9f572410c4261daff7358b469a8bbefa0fde0e034119d3a240157c85d4da232e,final_evaluation
white,488,3bb3f8851f0c617ec30783336ba4aaeba9b004a9a81d24ba29356319a7f1ee94,training
white,489,345dfb91ffc02caf0d7acf77936e6973b51c987865effb078f80c2e0dafc6a93,training
white,490,475076be080498ea759f6b622dca4467f1f52f00fd6bd151db44c49a8c7bcea3,training
white,491,cee3ed04bcd2c4fb1ea1370b11ed5a3a86e7c11d636238c73e79ec73b2399532,training
white,492,69cbb4544cbd6405cc6193d90fd3d449ae7e3a8a2d9494b61560bd3e35122752,training
white,493,0eb8c03373ada50c4a5402140c803067c58e889de23713153e368d18bf904757,training
white,494,e86ca899f2221d8f96d4a80895aa7379686ed2625fb88874a2db41f2c6b00d02,training
white,495,7b9fca0778da96e1cb129c50e62fc6a3e863421a333efcaaa78b82c568db4ced,training
white,496,4b0911cf750a8c29a4d457f8ec989dc9d187ee3bb66c9796cf69209ed65e3485,final_evaluation
white,497,93b09122c1898254181c088b321281c990d3a616f0cc036a29fc2ea773d044ca,validation
white,498,14f2c1d84b98fbb78c2471a6082b26903a839dd348797a5a6d3e2dd0c7d7f64a,training
white,499,211061bce64123d68f76a4453b8137abd3dd614cccc253d0cf008124585d4da5,final_evaluation
white,500,93b09122c1898254181c088b321281c990d3a616f0cc036a29fc2ea773d044ca,validation
white,501,231b82dd0f81f6184e1e6785f76c3a675fbb5d8833b15a400181e29bb9e847d5,validation
white,502,6e539eff44c4cf3a76d723a12e85391e79afc39509de2284dd5166fc2eaac8be,training
white,503,ae53cf467d37c9ff8ab7eba9b17b2e3a9a3fdb1e732fb4bf084b1e69eecb7bac,training
white,504,ea8480bd4c2de55e16962de395ae41cf95e7d46cd020791127e182f627057b66,training
white,505,ba7734614346eef2c0f3add1fead3d3295ffed8002db4e97c2a20b1675707a67,training
white,506,ba7734614346eef2c0f3add1fead3d3295ffed8002db4e97c2a20b1675707a67,training
white,507,33ef05baafb31c5878a3cfc85decdbbbc617f5226ad1d08ffcc5072c99a1ad45,final_evaluation
white,508,3adef268bf23daed1bfffcbf56486edec1853e74aae9edb7edf7bb8f5ddba448,training
white,509,74ad88051f33ff860be6abeb17eaa6c9289963dcb5641391a2d9e7ec29b55986,validation
white,510,3adef268bf23daed1bfffcbf56486edec1853e74aae9edb7edf7bb8f5ddba448,training
white,511,f4195ff60b180de9917bfab7c2d2d159f51b1ce77ca21f32b9fa2457c8d31cc0,training
white,512,83ef65fe758ec5ffb21ccb49822fa968bd406441c76f8c67206e6e0c4b884688,training
white,513,eaa09202b591593372f5587cc43f2914af24a0be5790367fee61e023b0716e07,final_evaluation
white,514,a8b0dad3c47d3e210e9e03041c6ab26a27101218bbbbde806882878e0638e9d5,final_evaluation
white,515,8bcd1bcaee198f54b3f0112a4c5baaf7258f67f58f295c71d8f338a0b20ed9d5,training
white,516,062ded6636c87dbb95fac3595113c8d17ee5a7b74b1f060103e709079c854f25,training
white,517,062a4609fad4af88d8a3b06e232f345e328a63255a346e4a99a58ae2b2dd8d9e,training
white,518,46385fb4979234689f4e370eb9dc2d018cb72ba28ee713638118999ca6ee8b2c,training
white,519,ebf5fac7f076e28dcd3b4f9a78ff019168a5800e5ca744f2c4fe12f4ca489151,training
white,520,a2f755344414b4fed331e050a0056fddaf7945b69749e60ad2b1882589967644,training
white,521,c32de37aadb4507b34fc284ddb66f46b68d9e0ca4340ee436f673416b2d821e3,validation
white,522,c32de37aadb4507b34fc284ddb66f46b68d9e0ca4340ee436f673416b2d821e3,validation
white,523,c7ffcf79cbbb86c209ffe80cbd84895b891b535c2afcc177f5109c85d79753f7,final_evaluation
white,524,fd6a8ae8f7cc60816627e9e3e72b1f774f21ac39bac4bc0f22b74f47044e19f4,training
white,525,a65158dd42aa2d5312b22a1e8c6af870d9632c0c4910e277598a30eb18acf648,training
white,526,4fa300f40d11fafaa80161f36d4d98f92979d4de1f29895675da0050c7ce7cff,validation
white,527,43000448ea09f92012a41a5805d9aebc9c760d10a8b0b9aa10c021c076762ada,final_evaluation
white,528,71ca9ddced0079b309cc5be0f516e0d9ac87cd7ad1d654cde3b4574ee3508990,training
white,529,26aa971d1514c76c1bc18bebb893783618ff4c5ff80ef58d705c44fe9f1e4b97,training
white,530,111b9d98b9b9e68dd9539cc7534bb13be3ff4a8a8dfd98e5fb057c7b7c176916,validation
white,531,99f3a912b76c3957cb6a476e285c22361afeff2e6212de71e35d0814572556da,training
white,532,52fd97205f9605b28ce4816f65148c0f1f951a9d332b06bd90cd6e36fa1aa8b2,validation
white,533,bed3366c6fad08e85f8f0661202ba60caf830dc52ed295c2e35e9408dcf36a3b,training
white,534,bed3366c6fad08e85f8f0661202ba60caf830dc52ed295c2e35e9408dcf36a3b,training
white,535,bed3366c6fad08e85f8f0661202ba60caf830dc52ed295c2e35e9408dcf36a3b,training
white,536,21bf382c1e4f7bdccbe56c39aba131e2a950c73806a21cddb4f448ff6a212fdc,final_evaluation
white,537,21bf382c1e4f7bdccbe56c39aba131e2a950c73806a21cddb4f448ff6a212fdc,final_evaluation
white,538,bed3366c6fad08e85f8f0661202ba60caf830dc52ed295c2e35e9408dcf36a3b,training
white,539,3a3f4a72b58e0f3af85548daa2de77958471020efb98162575fdb88e124e8633,training
white,540,dbe7f71d8f5e0f8faf91db88e59cbaee19e3020d968d20816f8d36790e11541e,training
white,541,1facd2fa49eaffb9126fa45d2b221f07b524655b9af7a6fa18e129fc8df20d1f,final_evaluation
white,542,b9d66891e61d560fd382bc387f153a8a4c41f9b1b0e91737fb9262b747e74f51,validation
white,543,f8d426c07f09af5d166fa3402eee37ff957eb82019e94324bf44d1b31d54f34c,training
white,544,ebcfea1bb4888c97825b044e484ed03d45234d1399ec082029ecae0f1c7adef7,final_evaluation
white,545,429ae68059b3f74be3fa49f382c7d8109fb254cb3a29fa5e3ddde7b64180f15c,final_evaluation
white,546,d249b0e040009479d74a429c0254c343c9caff15b75fff4d58f3d06f9625d770,validation
white,547,254882c3c4e1b13f62ec7f7c12df16576290fe2f75959c0b441325df0dfa4216,training
white,548,0cae1643c77aa60a6a94e8ad4b5c12371d73a4bae6db81446629ef2113a61927,validation
white,549,a1218bf0b4eb833b1bed179ae8fb7398ac6aaa15a9f5e0acd47d9a0be03d08b0,validation
white,550,b9d66891e61d560fd382bc387f153a8a4c41f9b1b0e91737fb9262b747e74f51,validation
white,551,a0d26967939552766111f9a9b0e6bfd80bd7c4056f33cee6eee6de1f9fcfc0f8,final_evaluation
white,552,8fcdd2176c66de32881b09b4c30a10935218e63c72b7426e8628c8ed37af6f61,training
white,553,b95496b9795702dc9d4b0362e5972c8f1fc48604778850367c392ac6d635b4ca,training
white,554,a0d26967939552766111f9a9b0e6bfd80bd7c4056f33cee6eee6de1f9fcfc0f8,final_evaluation
white,555,b95496b9795702dc9d4b0362e5972c8f1fc48604778850367c392ac6d635b4ca,training
white,556,8fcdd2176c66de32881b09b4c30a10935218e63c72b7426e8628c8ed37af6f61,training
white,557,8d5aa69e814a22fa69bfebf06d1f4c921467d140ef9f58cb1a3962a40804d296,final_evaluation
white,558,e0d1a8c222e263391e5f602bcfd9b5e28c7abf0011b77e82c47bfba13897914c,training
white,559,e15bb2a61cac967b7e6f1232b756b568318abe4e8eba1b990a922b05e9605784,training
white,560,607bbfe617441053e49461f2b560acc46f5ea2d626bb5d7bef9d5b8531d479c9,training
white,561,25ebaf343b25887da4f61f54fbb53137a0decc050a098811ac6bbd13de2d762e,validation
white,562,5e2bbb4c3fbbc4d04f9dc945639be5f4317a6fcad58c71c51fc3ec1aeed327f4,training
white,563,8c88b6f6f36bf557c4aab2bc394294d3d6ca2de618e2c1fe78c3f075dd910db5,training
white,564,ebe70b66633dfa487a8a6f0a03fc5702dfe026d464c693cc346718a1ad4f1489,validation
white,565,d93d2543530e14e89df11f3d86ac228c69ac5189b4eacb0621a1da38058e33e6,training
white,566,df5427f0c4a8d9ea98c19dc1521f042ef389bb0bd24ad675112d3ee26ee2c52f,training
white,567,dc39474b30358aee6f9884ce29b0557c710ae49ecbbb94921d91c4a65923cf90,training
white,568,dcc0632d48bf522e95d67232cf10eca467d932227d620b73ddb712d2eac4eebb,training
white,569,336f903c70b55b54ab4ce9f0bd29a5c1d0ad66f35a8ac118e571716b3ad5948c,training
white,570,46ab6f319ec4d8af37d13ca721e96b469762de4a1ef44905ab2b3d21de8e6ae2,training
white,571,25afd5dcee090c31592fbed136adf003dceed6fadc44e81099267c76ae7d077e,training
white,572,07fe4ef9ed499fe5f4f234e29f72090ed820fde86f475ead1a9c310fc6ac91cd,training
white,573,47e0e11c2d39076b2eacb3e8e18417815bb03727c4c58f5047e2494686d61d39,training
white,574,694196b7d15308647f24986a936406cb6b706388a87fcfdf3796ae75f3d0bda1,validation
white,575,7fa012430cede475092862d256f894d4b195c39afee1c1eaffc84415e5ef898f,training
white,576,a92d4ef10e13d6f750f9f9ed3c70f71dfbcc7ce0bc6235ffa78093af8da32b3a,final_evaluation
white,577,7dd0bbb0d7d6c5969ea04e7423f7d3a9da3707b6bb42aa27476040740657b1b7,validation
white,578,1448c0cb623f1cc8e0d3ca0e67bf1147665262d6ad1e5a6a936a4206b522ef77,training
white,579,07fe4ef9ed499fe5f4f234e29f72090ed820fde86f475ead1a9c310fc6ac91cd,training
white,580,cdb12923aaf1de9e98bb7aa299d97e9533d90c3133cd64a921541260ba1f4a7a,training
white,581,25afd5dcee090c31592fbed136adf003dceed6fadc44e81099267c76ae7d077e,training
white,582,dce7a08a386f6ddefe125e11a3d01ff102fa22648c1bf4dca83df8bd3e0eac02,training
white,583,949010b2c5ddd328ed4300e3b99eaeb3aa78c20cd2b67d3c68ca2918449b89ac,training
white,584,9b2ddac2b590bc1cf578d80a11bb1f4d7461ecddd8db121d36d1a13f7325f0e1,training
white,585,88ca0314298190aca506d1cd886a2b4e7770960e47135f9230dcfb3c56d398ab,training
white,586,9b2ddac2b590bc1cf578d80a11bb1f4d7461ecddd8db121d36d1a13f7325f0e1,training
white,587,a7c29ea76010745b9000ab4e221934daf09fd435a8ee6ed6a1bd3d6f74d81fd3,training
white,588,1798c2e7a5f1cea8fb587c07ba974581a97bf1d0d0bdad540c122db18662bf55,validation
white,589,86ed22a77a43fd50ebe8de48385befd39211023e2b99bd438087151280ba36b5,validation
white,590,93393d13f3c6bbe5651ea48a49262ab2f5fed01e5625d2740bc0e9eb58e3e6ba,training
white,591,7a99af718f671cf30c2459eee53fb3661d25e4b3d14d6c0913d29b319f6ee202,training
white,592,f10616fc8fa947ff036ac8c36033042832e57a8c83cb1ee3fb43fa9265966010,training
white,593,523a548e77783e00defdafb7fae126a8a2161f0a3d2bf6546e4a7a6a2d46cc36,training
white,594,e88c6619156edde8f7631470c53b8fb000f745e8878db4c994d5e779904ceffe,training
white,595,caf07477e060a923eb384e3b8e6c29c7d46c24720847b670562fab94da346c7d,training
white,596,66a320efaad62fac25eb3dbbf791cc61cb38d3719545276238e44333868415a9,validation
white,597,523a548e77783e00defdafb7fae126a8a2161f0a3d2bf6546e4a7a6a2d46cc36,training
white,598,c30cc39dd928a6461815a077757ac744be8095fc605910a1a671aa629f744dd1,training
white,599,53467d29a0b20ff29183496222de15746eeef74882c8550cfbeef6fe1b915bdd,final_evaluation
white,600,483bfad132ec34a3eaa7a22efc08b889ef2cd3ce0353c5eb73e0203d6e39b076,training
white,601,981a8b630073d731afdbd6a15b82ccc1231ab1c2b10aabf9c33124fae38a428c,training
white,602,40446172f6219d574527ff6ed6e401e3a39b76fa1930e0aa91f398e2aad72a84,training
white,603,e88c6619156edde8f7631470c53b8fb000f745e8878db4c994d5e779904ceffe,training
white,604,caf07477e060a923eb384e3b8e6c29c7d46c24720847b670562fab94da346c7d,training
white,605,d460c05fdf0ff57525927671cd0904f864843700ac61878d3d70e53ae198a63b,training
white,606,d460c05fdf0ff57525927671cd0904f864843700ac61878d3d70e53ae198a63b,training
white,607,08ad0d6597bfc90c9665160fa92296cb5ecf39de44ac1608f8bed0225de38deb,training
white,608,08ad0d6597bfc90c9665160fa92296cb5ecf39de44ac1608f8bed0225de38deb,training
white,609,c1094d9de36cadc4b0cc32ae4a471ee0a631d1629247fc52b265672951d26f1f,training
white,610,c81f69177fcc3b37891f9125105d0838db6414837546d665193b22afbeb3a7d5,validation
white,611,6b2ef5f9345e79d13fcd643f30f5d8f4a00902d4ad1c101771fa1d663f188972,training
white,612,1f1a0bd47eb0f602351e0d93df0e64fa56cc8a9fa1789dcbefc5e867a38dbe44,final_evaluation
white,613,0457b71e728d7bb5eed7d11a5355e41ed100be5763d451e81e6396812169adaa,training
white,614,9ff470d2e4a837328675691239e2aca2ceb6516bcc87b3167d07004545af51d9,final_evaluation
white,615,9ff470d2e4a837328675691239e2aca2ceb6516bcc87b3167d07004545af51d9,final_evaluation
white,616,0457b71e728d7bb5eed7d11a5355e41ed100be5763d451e81e6396812169adaa,training
white,617,f4ee3cfcff867ccb02dac481248faf2c453ea50d6c01c6c38f5e9860c07ef767,training
white,618,cc6a3cafef496801444151ee51f0e563716b9100d7e34455e8354be47608b78c,final_evaluation
white,619,9c6effe872bc9fd91ebb387f617654587486622b64134295a33cc6e6e0c44275,validation
white,620,87db944951625218f89398c51c0ab7314a1cd13e61be5e7ffcd753e17d7a74a1,validation
white,621,9964c31c4be79b44ab3b88c248f99be87d9072657666196493f1d718f96a322b,training
white,622,53ba798f3679ce589d9b6db9672d73bfabfb06fdb1ebc1807ee2f903b9fbfbd8,training
white,623,a858964f784fae153388cff0ea0efee43f5c90ef7294d0dee377cc28f03f8719,training
white,624,83f9471f016ee27a7fc2d9dccd24fc6f18b3d2f6d41dbc90c0e6a1715a81ffb1,validation
white,625,eb267efcf8fce8791141678bd4d5bd9192a0be05037222a70ded6ce6fd771ded,final_evaluation
white,626,f264fc01b8037f52edee1d5b3cacfe2651cacb3d99c26c5596d9169aaaf7228f,training
white,627,0b6ebf5e873fd7ced6faf0d9fff44376539e72445fe745b93a9e492cb197ef05,validation
white,628,31dafd23dfc23be3c65959cff2026636cd1e0a55fc39743086ba3344af4db5f5,training
white,629,31dafd23dfc23be3c65959cff2026636cd1e0a55fc39743086ba3344af4db5f5,training
white,630,251f5c7bdfc4d891f29c5e840822ac7e26b49a346ec9a047f37604b83ba1124e,training
white,631,c7af8fd87228f87b86aacfa3a7c18db1304e82a26ad774ca5f01721fd3475037,training
white,632,c7af8fd87228f87b86aacfa3a7c18db1304e82a26ad774ca5f01721fd3475037,training
white,633,ad04647bf1fb313508319268ae4246efc529faff96fe67fdbcdd9402e5321617,validation
white,634,3b2abd8482a0136abb176870d683d5d6773f837bba65c4490cd55cb6bb303e12,training
white,635,1681dc04d33f4725eaf0e3f7458e996e1709e292fc75e23b0389b74d2887bf83,training
white,636,226918b1227a5de893a3789b9963bb58221b5d8a331e1e5092a0ad6d15b0ade0,validation
white,637,6869e2060fc527dd2d74d17eaaba9a79387c3324a998994938e05cd3576a11ab,training
white,638,78f88a907e41afded0bc4e4a964e06487cad11bd7f3864f63210730ed13451c0,final_evaluation
white,639,3572479f1c2c5e94aff9c7bdb3aad09bfb2f12c72d6f119dd89c95fa03854580,validation
white,640,e1d678e060b5054e7d843afb370b346983e6a84a995a06b800e40697bc6ac195,training
white,641,779216190529a3fec43ce0a8cdf52a920be55ed93e90645a00519d0e6c68f4c5,training
white,642,4241764014bcf9dca2351235d249ab76a2abce91dca33cf2e0fd8cf192be3101,final_evaluation
white,643,406dc1b4716ac93ed0f3ff27d1cd1d13b65b197abc73132473ffe3a279f39e5b,validation
white,644,4ef71146cc7964578579a7c8bc1587437640122b92d1802f998c4dcfc3f2076d,training
white,645,88783c98715dbed09dd23e9daf1e98696a1bca19cf2769b6e7cbecb78d2ac52a,training
white,646,55c76a1a600fd4b854606bc4bb573eb6388b91d6dac50fe37597ae7aed857b38,training
white,647,c8bc90c153bf5a1c0d6c7c76c440cc862e04d69c37cfde726b20aec4eaaaca7b,final_evaluation
white,648,8741d0c501895c22fb00f030a13f0e6cbcd55945a982466d00c57f37fedc286e,final_evaluation
white,649,4157c5b5d4f1d8afa758325a7d4f2929c7ae932394c46c4db21caf0d1465f1e1,validation
white,650,37f5031374ceb88d5ca266ea9d221f7c4c9cac2553e9297d94cfb0764abebeab,training
white,651,37f5031374ceb88d5ca266ea9d221f7c4c9cac2553e9297d94cfb0764abebeab,training
white,652,37f5031374ceb88d5ca266ea9d221f7c4c9cac2553e9297d94cfb0764abebeab,training
white,653,37f5031374ceb88d5ca266ea9d221f7c4c9cac2553e9297d94cfb0764abebeab,training
white,654,9bac0acbb2438ee0cece362eb4da81230c6482219ad1aad31934bfc2c8566f1c,training
white,655,b68206100a9d57243e66c6ead64ddba7833501eb09da42d325f8b012bc8b544a,training
white,656,addb1ebcd50bb9db1ad1558867c8262767192e8fc344364293706a8b3318a637,training
white,657,cf93c4a37c63e188409a2634fdf6f4070bc124cb5badd0459844935c24187fc3,training
white,658,c691401c59049f898c849bfabf46c519ab06a45a83478a2bf242a9f61b46c11a,validation
white,659,9bfc09438d6ae623cd1b5bd44b9248c083aae9aec10a377ec4ba3ccda6cc4ead,training
white,660,09fe55de55f080c6be0fb9c938cc40c77a70488a589a2a932b0302ce7d78a15b,validation
white,661,eeda2be06d3bd9af02a7165eddfee67de438e81ea48b54a13245ab0e18f0ab6a,final_evaluation
white,662,0a4a218b96117e9fb43ed4a77da3e1c9d9aa3825618b0c0080dba2b21bbeca03,training
white,663,0de9a9fe56e15e3e9c4fd88fde1c71521f3c7786549e7c9196c213e8d9580243,validation
white,664,eeda2be06d3bd9af02a7165eddfee67de438e81ea48b54a13245ab0e18f0ab6a,final_evaluation
white,665,7929b84896ffb1fcf54cc3f3482a381d2ce4e446c1a33411a266d15ee84b92b9,training
white,666,9364d2dc47a250c4c33091686849253f84ade2f8d506cfb4a9e38cce4ece2ef1,training
white,667,94e9bb4e11df837ae25b4bc2dcd792033681ddbf41d096ddcfcf147f0b1ab4d2,validation
white,668,7929b84896ffb1fcf54cc3f3482a381d2ce4e446c1a33411a266d15ee84b92b9,training
white,669,83ba03dceacb54b16cc082a3688782a242d7f9ca6b23b88ca70bbca0791fa9c5,validation
white,670,0b643e3ec32be75e60d9a02f13f9be5d42d9992cd8310abb6ffcfbc107ae0d85,final_evaluation
white,671,bdde6e1b9dcd1a72e1feaa42c116e964e0760b892183392ececa4c17186454f2,training
white,672,fb2ff73a6afea361fb134f79c9bc13231f80352897ed45fdec6e4249d9f90a6b,training
white,673,f77f2581373ee5b44d0b1a5e8352496afced2e8f347bb10607a87071cdbba8f1,training
white,674,cf65a39914cde7658467163c7f9be7e7b9f89d9f6b793aaa5b99b7f84e4df169,training
white,675,9ee31d88ab0f87577b5a93d32e36afcb9185743897a2513b03e0e958362fc1a3,training
white,676,a17f882f297b4b3b5f615231f37807e27c4f2e28f27a3da72a8260a690193c8c,training
white,677,4e84bd5fd1d435b9d8ef0941d158a80aad9f66cccd652111aa0ddf0364d5b8d5,training
white,678,8628f30ad74cea6bfeb2d0354ac7d96cd735ac43e60897f217d02ac5641bf1d0,validation
white,679,8628f30ad74cea6bfeb2d0354ac7d96cd735ac43e60897f217d02ac5641bf1d0,validation
white,680,007701b1ff2af45e0846e830f5958f909ac759ee0bce8d226fdd10cf848a17fa,validation
white,681,42d9c54a79dbc5b43612275c4f31c631629351b98387d5ef1bff15166fb4443a,final_evaluation
white,682,47e659c85776522d36e8c36d78f3217b3856360b951dbda96a6e437353086788,final_evaluation
white,683,b56eaf309a0bdafcb62bd2dc560cabc24ef047e517f775b9582c46c850e50f88,training
white,684,27ea0d6cc35c414fe178862bf3e3b2ff644ef86b8e886329bc248467b073c1fa,training
white,685,a6e4baf1d2bed8fdc84e4e8b780f7a767b5f145831920fdb3f0b2e091f9da627,final_evaluation
white,686,ab6f4d1671653bdc30eb9395c3970a0e3bdeb5f807e2dc387aa2a0408838512b,validation
white,687,efe8aab62cd438e4434be10ad34871da18079fa4d3c6b9877d12873853e00011,final_evaluation
white,688,50e342f06acee0b2b1510e7dfb1c0b6f6b1dd2bf59d4c7b68b2acd4e8c8ea697,validation
white,689,9c762e806e016b123f5b0b513a4ebee6d1fe738bf0ffbdec95f60959e26e765d,training
white,690,f60cc77a0c258c10ec812304b70ce0fc8e3d09412e4cf71a2c7f4d04fb22f00a,validation
white,691,7b9cb6e5bd21d514b16048e757a4a4aa62373dd497bb63f69abb17ea8de5907c,training
white,692,a49c5030cf2c9179c5fb61123f391979c069325e6bf068b697e1b8040d736ee5,final_evaluation
white,693,6d1f033475588859accf302cb8a54a37541b61b24e41f350612621ba92563e59,validation
white,694,217360124c6e20ef334d415d155336c3359d829f5ee37b4b700024c92132b756,training
white,695,a6545412540df4afd76c9048b77b252941ef6a9e61e3a54e9a9f87b32a8896bb,training
white,696,24a61ef029e87fc747bcf2e4c6d254ebd365caaa259f4cd102c2df70d205d5c2,training
white,697,bb3980786b149dea5da4ac65c539944df804061d07241c1c1969a4c4a74621df,final_evaluation
white,698,771b6b1f38d8b279017c54276fe7e4802953c9d59cc336e2f9619e0668054015,final_evaluation
white,699,771b6b1f38d8b279017c54276fe7e4802953c9d59cc336e2f9619e0668054015,final_evaluation
white,700,203ed477621911874b55b9adf3953769ebf739205da8dba79b544fdbad2c91ea,training
white,701,8d635b643ee392556dcd117f9f50f8b77fd030a551604d99b89878c0f5ff5464,training
white,702,9df5411839e6e37b2b33b48dc1260c7851a1288c92b066c1ef61447544fb5292,validation
white,703,b0bf1071c7434f963adc01c267320f07cff467d12226d84fc10b2efc9840cb36,training
white,704,faad4ed2b330e8178ab64435b0d391544ee16a940b21a5a1888ad0df02fc871e,training
white,705,06411239e70e4da1b92d015da5ba2b6770c50c07a73d086b03c3311a88c94d5c,validation
white,706,c6c27762c8022191e237f7e71454ef65b368f4491efe5a9756bf5c1af5ac1471,training
white,707,47269b41235376532df4f109a3e8fd4b3bd805e24dac8428b593e9a82116a75d,final_evaluation
white,708,b15540b0d41f09c44275bcd8bf2fd39dafd7ead9655765ae6a6866df1eed480d,final_evaluation
white,709,ec678a9ed9dc19bf24f512347f3fc870636d46b7d4d233997801041d9669a0c4,final_evaluation
white,710,224986c6349a99a4b413434e4ea30edc1976769f4cec42c7689f60a199e3b3c6,training
white,711,beef749c16045eae95670255a4e8152c99d1e016c5c1941a66e9cc5b84f08729,final_evaluation
white,712,7b4c269c9ebd7fcf30f2e848a76931d19eeb3ae8f3ce3595f12a3d0d110107c3,training
white,713,7b4c269c9ebd7fcf30f2e848a76931d19eeb3ae8f3ce3595f12a3d0d110107c3,training
white,714,e96791d457e7adfa9810d8681550019124547cedc8bc593a51cbc0710ca4a916,training
white,715,be57a9fa6152bf9e2a16a3151a90e1b34bde56698c61361d4bc3cb2290457d54,training
white,716,c52168bd947f3a70ed7ced5a93db083976d07e79f84a726ed061b79e44a7a46f,validation
white,717,acbabf0cb4a58cc7d99db6353a223218a770006d607b292cb67c8f5f67d68bed,final_evaluation
white,718,eb8b8f5ce1e9e291786d6ede59180404b24e50d5950f4a212dfd11c7db3b7ed8,training
white,719,c52168bd947f3a70ed7ced5a93db083976d07e79f84a726ed061b79e44a7a46f,validation
white,720,f5f387831c1d6777a299bf11ff11d9f3c1a08b99fbd5cdf8105cee6b248dc624,training
white,721,5f98c21ac173a6cece7dd23f7fe031574d28f5f9d54dcd4746c6628b61955487,final_evaluation
white,722,659fa35e6c3a752b274997b7b84c90b636985e5c8c1fabb679a46118b5c6a639,final_evaluation
white,723,8c4a0ad6a01c29d3ea09a0556e4a44b0d822b216f00846723ca07df0607a3c97,validation
white,724,e25c706520c3742147c70e41b27ea17c775f7ce9a2892d8d0ba123d06b71f744,validation
white,725,70eb0f0edd604b5c40fc5de0b4fa5edbd5dad817a8c39d625c6f1d2117ee23d3,training
white,726,8c7f66e857e34c585cb17810bc25042cb91ce30cce1f1f8d4d2a001bde5dc3a4,training
white,727,1a271d89fdc5d6a01a2a725688b8fa4af090ea8c6d58a22e88a135abb5492e6b,validation
white,728,aed787a4d23b119c23ec9e601f533b176d68996c247b61d8589ec32df9d25093,training
white,729,6ee22168efbbea9915cadb103f34fdb30944ceeb577b42665082c6e47247f3a6,training
white,730,527f8991add15b73ee2a0a177965bb71a79310839954a0fc11837758c3e59a23,training
white,731,7e4724f9711398b7dca4ba9919bd5238ab25617f01186d2a6ee41822b9c7012d,training
white,732,5bf3d5a1ec30ae2a2dccf319eb8a7a1bbad2c38a73d0b4d3ebac558ac120b2b0,training
white,733,bbc0a506db16e206beb6e395805ce2974479ee40a38c70a359bc4d692ccd5b5f,training
white,734,45be159b033a8cdd50d8c000c680acb7aa5206b4e6aaad97c13398d61ec4bc04,validation
white,735,44f66d04ea4c880f8e40a61ee33dd10889bbf91a85de028e2c003ff5bd63ba2f,training
white,736,f434c8e384c5226ceddaa19b75aaf64a825fecc8a28bf9320d153983852ddc19,training
white,737,45be159b033a8cdd50d8c000c680acb7aa5206b4e6aaad97c13398d61ec4bc04,validation
white,738,44f66d04ea4c880f8e40a61ee33dd10889bbf91a85de028e2c003ff5bd63ba2f,training
white,739,e1b0404f1b88776a31f0cca5970a48bf5129cfbb9864a2bf6c0ec90549f59867,training
white,740,f434c8e384c5226ceddaa19b75aaf64a825fecc8a28bf9320d153983852ddc19,training
white,741,bb486e8c327c8ff4d61f7caac0170c0b4b89c5de35eabb3cff85147ae91f952f,final_evaluation
white,742,711a83d53fca9a3d946013d427dcbb9ffcbaa258bafad11a9222b054a07620b4,validation
white,743,aacf4478494ad7f5920752102820b65e4f9e5b218773f630db385fc7a55eaa52,final_evaluation
white,744,13747f4913f8a0a6dd62bc183b85fd58229b86864fa1205fd18c1dad2e3afb40,training
white,745,7c290d5749dab23fb1f47c12ef97a10c63abe8dc2917127f986e0781b0b11efb,validation
white,746,135447953581cd63e8a2e33e75bf22efab2df3ef961b1d7d65ce8edc2aa06dad,training
white,747,12afba63475bc35ab1340395e1b70264facbfacad51c242b446f6e4400950ac5,training
white,748,074cd3fd656c7db06d3899dcf8608fa412ec1ed6fa68fcbec6cccb7cbd4ed72d,final_evaluation
white,749,362c6775d86d9325a75c6990001de67c5cfbb01e9484cb8482c47d3b22425efc,training
white,750,2e0876a5b631346951f26ae7f50cf4bb59ea76401338995ce6c1c6703be82731,final_evaluation
white,751,074cd3fd656c7db06d3899dcf8608fa412ec1ed6fa68fcbec6cccb7cbd4ed72d,final_evaluation
white,752,d134edef501c8f3fc376f84545b1386f6c1280d73aed2d3416acd83d3419d38f,training
white,753,c18931603b97f9f55edb79b9042eff1b7b0d1010c7d4b604ae6ed54b3eaaa7c0,training
white,754,12afba63475bc35ab1340395e1b70264facbfacad51c242b446f6e4400950ac5,training
white,755,b4327934907874e697e3e61d501b6b8968323defcf0d9dd17b7593581d7689fb,training
white,756,11e124410ba0e1b555ad499b4cd92010f022b4891fc3429defa0a46d62d5dc74,final_evaluation
white,757,7bf611b5ec2efd0671d799d62bfd6b181e279d78b4e198d1bb7886bda6f81ead,training
white,758,00b1f292219019af384feaac6db65958b36c88ebc27c2fef8da60946d03089f3,validation
white,759,c548ee3942ec6ba8129102246fc01d85e4f85b2d358ee49a678a8b4d5d401c1b,training
white,760,3adef355837654fed3d159476f082eceb994570fe679515380369cef8ea15e2a,training
white,761,362c6775d86d9325a75c6990001de67c5cfbb01e9484cb8482c47d3b22425efc,training
white,762,bc78900308b787cc00af383879f41b48489fa738eb775e8cb1e5a3099be5c709,training
white,763,184ec80efd2a216c8a83bc79255bbe551cf20c4245b305d21995fbf478d45734,training
white,764,4a6d4921370da6d4a10f15a215aa62bc9c465f0652dedd8d2e39fb8fb0eb7c8f,training
white,765,85266e8afeb4ebbc6b44d372619226434a3f61d8bd9a0e8059722d65154acfe9,validation
white,766,9c554a9fe5cb5ac26fd60e23f124cf9f1da8972c7cb224e71af547f054a7ad53,training
white,767,6c5e90625f526ab4338760f4d1b92d66e570fe7e57f427d2aece11d91c68ce4a,training
white,768,f615acffc50b29a3b2b4671c17492b7f7e5b858e679a8022819bcf666cb4069a,training
white,769,55f0fad1b0f8363f144fce28d044714852a5368162f5f543dadb6ebeeea02a3b,training
white,770,55f0fad1b0f8363f144fce28d044714852a5368162f5f543dadb6ebeeea02a3b,training
white,771,902a127ac71a7ff2dd151a27a9eb80ee3db2847cf20bf8f4c4f026a68e5befbf,validation
white,772,d865870281ced3750a56f98833a92952cd384afc86abcb45fb8ecc48abbb7c6a,training
white,773,dfe643c7fc177d2626956debd9bb8af19bd89867e09c50b24eca2a6256574a17,final_evaluation
white,774,c29f37726546214cec2f5ec9dee04a7d6f554aab26a1131279ef0534978bb6fe,training
white,775,32dfb836f42e0cf513fc8db5a54ad5992e9cc4448bfd0a12b830ff4f9735284d,training
white,776,c038f56ccc8cf6b32fabe044d5b5db4a2f6e7e56d46fb732c2be09a7e7922580,training
white,777,3c63234191f487583f0633f61d34714cd78b8b55b72e2fcf51a78adb5641451b,validation
white,778,bed4e5d36d83f6701c47cd75704c9725c2f9a8c0fc03a8898546ce7dd95faa38,training
white,779,d2d6f2740903f2dff95f28913ad82c040f47eee60bc008f8a1aac634d0ca1bfd,final_evaluation
white,780,e3c148286f842ff4cbdf081cc81bda728d53b793be2ef213e2d9b74ae63e59d9,training
white,781,d29a77c880ff5f0e9b7c9a678b5f0be6ee157a4565ca4000cde5207098c5afb0,training
white,782,4e07de2ca634ea0293633805b6ff67f53bd2765fa03c32e917aea199864befa1,training
white,783,d2d6f2740903f2dff95f28913ad82c040f47eee60bc008f8a1aac634d0ca1bfd,final_evaluation
white,784,e3c148286f842ff4cbdf081cc81bda728d53b793be2ef213e2d9b74ae63e59d9,training
white,785,bed4e5d36d83f6701c47cd75704c9725c2f9a8c0fc03a8898546ce7dd95faa38,training
white,786,83718b02f5a993ff5c2be503baddd3fc316f018259ed7a200803183beaf7cd5e,training
white,787,c1c86c02d86a7808a05fc5b00d0233cacf950ffb0ffd5de76868ef96639dfefc,final_evaluation
white,788,c1c86c02d86a7808a05fc5b00d0233cacf950ffb0ffd5de76868ef96639dfefc,final_evaluation
white,789,5fb17047a6cfa0b0e1ef3ed3c2d4d8c9749f4a39e56ada23a0c474602edd4258,training
white,790,83718b02f5a993ff5c2be503baddd3fc316f018259ed7a200803183beaf7cd5e,training
white,791,c1c86c02d86a7808a05fc5b00d0233cacf950ffb0ffd5de76868ef96639dfefc,final_evaluation
white,792,9ea95e5847e85798d47d21701539a0222eb382311ef9ac4d4f307edf6f143ac1,training
white,793,0184cdb98aa3d83b5bde617d065b0aec2d0cdc87042ee436371a1eecd52fd3c2,training
white,794,9ea95e5847e85798d47d21701539a0222eb382311ef9ac4d4f307edf6f143ac1,training
white,795,aa0b2709f6874e253f0e02904b8e7c9f65bbbdd098879f8e790dc00e4e22161f,validation
white,796,189e2c0346e3a5e5e1427cab5126b6dc2afe1d5047baebf5931dc817594029ed,final_evaluation
white,797,4d767375a1c047b06b833d57ab3454ca12f82ffbf15572f66853f56e6bacdced,final_evaluation
white,798,cea5e261c5ccb65fc3976f24d2e2727554d86c827b52e60d84d08e7393450c44,final_evaluation
white,799,59bd01603aa22cfe10919beda91f47e43fb033e8ea82710f6cbd5bf1b3f986f7,training
white,800,e3a19ae5e58e06dc7293d48a704169ec74b710dcaf7239110ecf9120692a46e1,training
white,801,cb49f741a560bc726296d2028d4745cce11742ce51a2a681112fe00d96e16fbf,final_evaluation
white,802,71cc338f49ffe4eb8bb6eabf2aaf535c8531bd3d545e542b6ac866fcb5c350ec,training
white,803,599ae4cd4f1162801006444600d73d1c387b01d67253001f9d3bb56be1d9f7d1,final_evaluation
white,804,b30df8d9ad1283387e1a9943af443addb286e9a81bd10a1f5967c6fbf5e54158,training
white,805,1f16bc227974c226478ecbc3e6316a6bd6ed8f09e4806a350514396fef1af1bb,validation
white,806,cb49f741a560bc726296d2028d4745cce11742ce51a2a681112fe00d96e16fbf,final_evaluation
white,807,785807a268952a1e7d363fcf6fbf3e65928a37a49243bf48d7cc15c195468ebf,training
white,808,466a8ea4744a2c253c1cbec3b69c6d2bf49cdbd98d161ed63baa241f3c8680d0,validation
white,809,3fdb3406e5b372032029b2801b39cda8318f3538ac000fb56d36894f79a29fcc,validation
white,810,99ea638d1aff1b15ac789c5b10a744041de2598a5d7919a9e2fec71e42e710b3,validation
white,811,71cc338f49ffe4eb8bb6eabf2aaf535c8531bd3d545e542b6ac866fcb5c350ec,training
white,812,a3823d4bc80a7126da0e76ddcf3f456e67037cc5090bfe511091056eb0b339b8,validation
white,813,bdb29faadc9ceac51171b3fedda0263d4f6cb400a0fd1102edbe0e3c1c75e72d,final_evaluation
white,814,4e064f15b2e63b11dcf56f692d0407c52c26e8ab20b1ef8c9ec815a7b90f6409,validation
white,815,7d864e94ade215709aaffc97d130063b531b0bfaf7f627828266c21969e71794,training
white,816,a3cbf4c7937275dd769cd734e216c586748c6392b48e160d67d27628fc077be6,training
white,817,b006cb324016901b1fff6fd422a608c0f4516a4dba72e2bd470e0c799e221d10,validation
white,818,1d3a63ad59840f3db3dbd5bb3a8d8d55007dd29a137260b3bbb4add9e60c08a7,final_evaluation
white,819,a3cbf4c7937275dd769cd734e216c586748c6392b48e160d67d27628fc077be6,training
white,820,1d3a63ad59840f3db3dbd5bb3a8d8d55007dd29a137260b3bbb4add9e60c08a7,final_evaluation
white,821,2a7afecce3c9d63a0b29b72e7fe7994ea7d9b21d8907f70fc90550afa6107fca,training
white,822,dabd846878db09cba1ad8790578bc3a1bd514723816da8f7b84a29ef5f79bfe7,training
white,823,9e37586b6503fed6b45615d2c6f4ccc7efc07d2ad68976c00c03138d76fd5f39,validation
white,824,593d352fb553118ef1a1980da483000ee323a07514b8ebfa986e55ff73dc0514,training
white,825,b006cb324016901b1fff6fd422a608c0f4516a4dba72e2bd470e0c799e221d10,validation
white,826,9acc7e88c7ccfd80a8a3410c3d60f722d7566d7e3ecf9f9d1474aa305a92698b,training
white,827,df07120dc8d57d8de0d7ec0e4779ebbda89ba89a0a032921ab63ca7fdaa7581b,training
white,828,b6dac751b6bba4bc51f5bfb527af4f4f7536a821f877556549a8e7d62db63a39,final_evaluation
white,829,2e8c6c1e52105c9c6161c0b1de427eb49c15a4a1c42005b788d381c886d3326f,training
white,830,3c736b5fb5c336bdf457078725e8e3720336b3c0f7afd1a734c1ac92a813a9ed,final_evaluation
white,831,7d4f37a590e623a80ddf3a615cdaabbd091bb96732792e974c6b3316508a2348,training
white,832,1ca017c582f70bcc4e181c6ab015b7d0584b5b28d4097d1b1febfd6f1dad31d5,validation
white,833,cfb9aabc1eb3ec867f75befb670d9687598759145db8ab74ad374d6faf6e7e91,training
white,834,75d39b3a8fc2712f805cf75328f85374332fc2095104838de369c4da803e1d95,training
white,835,7d4f37a590e623a80ddf3a615cdaabbd091bb96732792e974c6b3316508a2348,training
white,836,fec5789a1681294af460c3da0a23156bdf52413cdafb860009d8cd2d743799b4,training
white,837,1c17ac13acbf9d0cb46dd4d435238faf814eefc396dd5a4a2e4dc7c94ee7087f,training
white,838,1c17ac13acbf9d0cb46dd4d435238faf814eefc396dd5a4a2e4dc7c94ee7087f,training
white,839,1c17ac13acbf9d0cb46dd4d435238faf814eefc396dd5a4a2e4dc7c94ee7087f,training
white,840,878a5b210c1a647fe4f32eb716e71435466019348d47438fe97e70005474a6d0,training
white,841,b7035ab0ac5f0ed75fe4636b0d6afcb93b373e09100b9b33bd574a672234dea3,final_evaluation
white,842,d39e29bb653eb578d8ba24bd591255ff06505f3a8b29bc9d351d9e1cea24d696,validation
white,843,d39e29bb653eb578d8ba24bd591255ff06505f3a8b29bc9d351d9e1cea24d696,validation
white,844,26e39b3986daefaa64c9bf8c80cc2c2b6fa73cd05bd3d35c56959b7afcf5d31c,training
white,845,600467494d095b173b46baa3a966f0d485de017f586be4e8a35af3c0dee64e80,final_evaluation
white,846,600467494d095b173b46baa3a966f0d485de017f586be4e8a35af3c0dee64e80,final_evaluation
white,847,4a50c356fd917b39351a2187f0ae95b5fc883f143b9f624f7bfcf510ff9292f9,training
white,848,d13066b6fd1a9bb09ee3c89c953232bf8b96d0c2272358ba7acd30f34b9b5d87,final_evaluation
white,849,d39e29bb653eb578d8ba24bd591255ff06505f3a8b29bc9d351d9e1cea24d696,validation
white,850,bd36e06e423abf2659f819df80af295997508a4d27cfb5338d0de1dd36475aec,training
white,851,26e39b3986daefaa64c9bf8c80cc2c2b6fa73cd05bd3d35c56959b7afcf5d31c,training
white,852,272683602c5e2dc9b1245e21aecbdf03a456e9b9af1b9ea69a2702ef67a127ae,training
white,853,e6a0f630c5535a2c16d76588bbf1dfce210ba8287944b760dfbd1f363d2d54dc,final_evaluation
white,854,59734d22f0045933b72487626baf3582a3c90792ae8bb9e094d24b7fd8082e9c,training
white,855,e6a0f630c5535a2c16d76588bbf1dfce210ba8287944b760dfbd1f363d2d54dc,final_evaluation
white,856,7348ef4be5497c8c565d073ae0534110e4c6b0c10a17fccd5d6e3e14af245d55,training
white,857,272683602c5e2dc9b1245e21aecbdf03a456e9b9af1b9ea69a2702ef67a127ae,training
white,858,62a2d2588d22b413d0e440b68b3d39ddf03e461214008b077415180991e5d42f,training
white,859,f8df487d2dafa4da5429894c552f4e60b24cc3f9dc2a43af3e2dbc3e12bcaf39,final_evaluation
white,860,3b08f52c99eea267480473444bf02abeac953c2738214c25e8bbdc17442555c5,final_evaluation
white,861,13e478f685ff4302a36c8ae460a06d828e67d811394b497ea0e38cc0468d59d0,final_evaluation
white,862,c31b4b8e07ac1edbc347ec9b1884a35a45aff5f34a43b16eda26a3dd858bf86b,final_evaluation
white,863,70ed059f12325e8336ddcf92a7b061475a5cf597e29d669ca6a67bbe943d4947,final_evaluation
white,864,7d26cb5f64736efcd557c567b0627d9477f75b11e7b255dac917bf899dff3a2e,training
white,865,4476470e3e64b075a0fcd3021f5e06ae2b88bd6449f63894c0172fff262e0c15,final_evaluation
white,866,e3f82065b0386ea3dabcda5360f42b6d8db9cd1da5c66b43d1d9b363ee4e6c08,training
white,867,e6a0f630c5535a2c16d76588bbf1dfce210ba8287944b760dfbd1f363d2d54dc,final_evaluation
white,868,d72760ce033f627cde1089c9008fd97d569d13829c7e95714eaf22a1e9289f26,validation
white,869,f3104af6c428a2a20ad7566c4a2014328d06e4999155c2a7bd7650bdfd294d30,final_evaluation
white,870,46a03ec81f315f90d4a26a1b341f98786e28fe503f9e01cdf70020a6b99993d1,validation
white,871,09c88214bbd170b7e7a5e3cf992282e7a8e68dd3cc43ca7338b18e24e305a16a,validation
white,872,59734d22f0045933b72487626baf3582a3c90792ae8bb9e094d24b7fd8082e9c,training
white,873,9bf5b7af89b2e7efa7d18e878752c711c201ac7dd29e92e78b9ddcaed7c042c3,training
white,874,f11ddcd70fd18aec63982f8ce3c57388a3479e42045022a3345db582eb15d854,training
white,875,edb5a3b94390170a3e2091aedf4e9ee58d014276ab3e41fa2d130cc389cd348c,final_evaluation
white,876,a7596a6abcf4ee7f326da5392f9809ca14673545a8f3e11f274b167b3b931e25,validation
white,877,56cfec71652f66084a2684297377627a0189d27465d7aa932bbcee058f55a09e,training
white,878,df42e4a414ac4f21686811c883281813f1b66715efa0e4091b154734b5360986,final_evaluation
white,879,00f0a1ca9e9f825d8d253125c4e017bbb3748f50e24a7a3e17f9bc5d6cc91130,validation
white,880,d9dec40dd2a430b9bcadb8a2794470882e39cd646590104e77771281b403a42e,validation
white,881,a7596a6abcf4ee7f326da5392f9809ca14673545a8f3e11f274b167b3b931e25,validation
white,882,d454c914f4f93caebc38b967e4351dbd77a1647dd6a3c86f919c708a127dba54,final_evaluation
white,883,e4053490f2a5a707a408008524658d780c4cf19afd107aaedc46067ae28a1ba4,final_evaluation
white,884,e4053490f2a5a707a408008524658d780c4cf19afd107aaedc46067ae28a1ba4,final_evaluation
white,885,4ddbe0450b56fb5341a33d3aebca300d5388f86f903b59eabc065e7ac135ee0e,training
white,886,c4cd34e6becd928a8a55d8786d3dccdc823174738906fdd9d5e3c3288af57528,training
white,887,b89348abfe379bd9212e94dc3d4cf8f1370017c7cc1a13a0e01ca2cc755d96ae,training
white,888,0f5c23be24a7e4020a59a461b58d37bcd7325c67ef73233ca2491558f3abd861,final_evaluation
white,889,b89348abfe379bd9212e94dc3d4cf8f1370017c7cc1a13a0e01ca2cc755d96ae,training
white,890,0f5c23be24a7e4020a59a461b58d37bcd7325c67ef73233ca2491558f3abd861,final_evaluation
white,891,0461a2076a4557b44e38824bfc24f699fa65ab3b61ed03cb4a9e59d9c20e31f0,training
white,892,3d93afacbd0c8ba4598d2942188620b7f8de30b583424fdad42507d85cc2bcd4,training
white,893,adfefe6c72c3669c28c3728c9dffb5de9a8f7d69ad50e1d440dc511b3c9a4f77,final_evaluation
white,894,2cd5a0c50fda730487e9facab5fa88f3762a8cabdfc959e6715e86515a167d64,training
white,895,3d93afacbd0c8ba4598d2942188620b7f8de30b583424fdad42507d85cc2bcd4,training
white,896,d8a1f3989992532b293a48aa5cc38174561ff0e5ef1486e6dbee140ae23a8db3,final_evaluation
white,897,29a17c893cd2659e6fb751d38ae101f83db831cdb88620ddac26d1c92cd38562,validation
white,898,46b76725cf3b44bad98a852f9efb01ce81cb0d222bb3d196d90aa948d3c5e29b,validation
white,899,d38a6d18bb9dfb62c3903df6ddab2b321d9717286dc57ecac253e150e35175dc,final_evaluation
white,900,f9be53be0868cfcd5d0aedbac75f0f59cdfb7bcde827c15608668c48537e7263,training
white,901,02bf487c1f28abf22ce2ee6c3a21290d5ba544aaae465bb1d4c723735fab1087,validation
white,902,73e82d5a0ef2b7aee237e34fa7798be2e9ffa0e53684c27c153fed9a1e2738a9,final_evaluation
white,903,4d8fa20558d84645b1c30ab48d155c10bcf01a40fc63924f9dbe3b1a88782444,validation
white,904,60276d2e724e2ef4c9e905a4f0377a0b249cf669d00d225fed12f1714e5fd67f,training
white,905,ffeaa125dc70077f5319af85c4fc04b6f2d149917d99ca2d647a8ab018f15421,final_evaluation
white,906,3ba5a3a2a35d20bc8c1b8301f89458873df1a82454c43c5409bea40a55e7b5f9,validation
white,907,f7cf57b162de44d91be0c07406023957c69e06053aca755b60ca9dc5b79a51d9,training
white,908,06431f489e1bbbc383f667ba30007b734c7dde26f1feaa073a3b989e32e0ccf6,validation
white,909,47297b34310c0a8e1826840f149c74455fc3effa13efb57f0a2522de65788b7b,training
white,910,89005eefcbf151398327b3a2e0c7fac30672278d4fae47c555c7049db557787a,training
white,911,3f3c46a77da673b56a8daaaa332bd22846d44d07c615715e9063051384eda8b7,validation
white,912,cd0db2c6a1e2b815d94f2aeab7196cc7f510e0ed28470d373d7221ee26260776,training
white,913,dcc5f7d10009078242e9bed6e08d300401e9fb6cf559096f0a95fd7a9a3bf3b4,training
white,914,23cf09c67663ff05ac369a19be908de16ea85533579034d3af8c031b569225c8,validation
white,915,e26187482baf994359f43d1a7167e36af907c8c573ef72493e724b7fac5a943d,training
white,916,8c5e19c7845c1b3008f53630a471cb03cc006fbb8ab0a82570861b551821b08f,training
white,917,f7d96b57a053fbe9e88f8a2a983b9ea018aa5f88154e586ee9ad1d739ec0e0bd,training
white,918,50c6f24e6634fd2e7e379084fdd548812e4cd3f8e7bbcfa3eabd2584dbe1ab3e,training
white,919,8ae53d72028f62bba4612a7df2bc1c8d21941662e4cea5c483e2d1dcaac2c6f9,training
white,920,4eeb6ac4a1657a67dfcaca2072cc186ce92411c3667ce1610beed31437c4b84e,validation
white,921,545616291f651f8f613d417596b96eda5916a7527c942ca4401fd00bbb4bf0bb,training
white,922,2f13b14f2aa6459d7eea2d82e96da47433de900f483bf93a362846e5800ddcc6,validation
white,923,2f13b14f2aa6459d7eea2d82e96da47433de900f483bf93a362846e5800ddcc6,validation
white,924,f157c73d101db3080b03baaa00d54789ced9395431aa8d194893b98fbf519daa,training
white,925,9432c8a02bab3049823bf7832ce6a51267fa5a83575e74754f08ea432c1e8083,validation
white,926,fff5d233ded719ef54d5ee5fc37438560a4c68ce501b99de292b2268c4efb6f5,validation
white,927,f28f213b47dfd1adf72a62fba7e886278139a1d0d3d4bf0b3f83acc21804d208,final_evaluation
white,928,4a6fe70ffd38b1fdd645d211e8db91befa159bcca46d5851436093f9dd31a886,final_evaluation
white,929,6643a311a337aa9e26414694f4c75637aeea1dd80b3d1ee9cbe31ee91fd94727,training
white,930,b88bbc1cfa69b4ca6f5b2c6b4cc0947650e9c29dd5fcbae0ceb5175c95be31c4,validation
white,931,d6480fc23e4abceebd4bad345eba3bfa4a37f8b44a20b06f64b66e2c9b4f650e,training
white,932,f4a76406c17fd88a8b3175f1f94da1c29b8a923a645057e0ae15ed43f1146e57,training
white,933,4642d130b206e4fd78c254cafc37f6e1e52ba14fe69b4bde374989cc886098b9,final_evaluation
white,934,8c1f135affef671ba4f60ffe578a4fcce9f38071919b100fa51762166ad8381f,training
white,935,db53e1632b423b499aad32f00891b38183835a904239f8838d76096e32c7a42e,training
white,936,f2cdbfca85a00240aef4703df5e94f0e4232ec9c53ee16e6d9c4bd155a9b438b,training
white,937,f870c1db8c5e47a3152c0d46838139cb19b6aacde66a840a70c163f2ad7e1d62,final_evaluation
white,938,b88bbc1cfa69b4ca6f5b2c6b4cc0947650e9c29dd5fcbae0ceb5175c95be31c4,validation
white,939,bdf8ba37f7ff6bd852bb25e8c0e7d80aa5ec90c5f24c5a41d52ee45951883915,validation
white,940,80ef54e5572da19f7a5f693df86b585e62ac4b2566acb1bcf5c99d4404cc6006,validation
white,941,7219fe26f957aa9dc194bdf213ded79a99a6b2150b68386bb0df0b6af5afbde3,final_evaluation
white,942,6b06f4b888970dc42bbd3d5d2eeb1c36cc2c6a7109958b0a81946d5a2cbdabbf,final_evaluation
white,943,d5f5bcca066f78c78cfea52864b8ff06c5fd7e477331ffe793ae3c3294339aab,final_evaluation
white,944,abdbb9f3c7c9cb60a516e8c8e4c5f768f1e11f40f8603bcbea3b04b7ca71e1b2,training
white,945,4508271e1fbb370f088cd27a34d2c94175daa7f94eeceeb3679d9a752bcb18ea,training
white,946,0eb1f4f1b6572d1e27c5674407ed8fe3599219dde3a51ef53671e7c47e61cb7d,validation
white,947,ef99ec9cf69182eb70e6c679bc5223c320abc4e2b3b45d3c4bf0df812a55a640,training
white,948,c8d001566b9f039bb8b01f24842078afc7d2dd527ec964be8521af36855c7eeb,final_evaluation
white,949,57fd7fe475d644d4f9235e41f714be07a7d288ee0ea9028a67e568ec142b3db8,final_evaluation
white,950,c4c83ad4eca70a6a6b4a6933a5540145c3232664870f3035e3396472ab22d265,validation
white,951,1080cf28b4c6e99180cd6a703a6e2ebd76c1b33cff98a29e0db852ae7144100b,training
white,952,ff1cd233e1f9126014a6fd51a17ecbe0d3c7afe2cf5d3832b6e37214c0b259bb,training
white,953,fad64ad312f81d034bc3200465f779bc7514d2f22f7d98efab27e2f9e1cb80f3,validation
white,954,d661c59137363a51cbef356c16be6dadbb5960abfa07100d05cf370b17e4cb5e,final_evaluation
white,955,ff1cd233e1f9126014a6fd51a17ecbe0d3c7afe2cf5d3832b6e37214c0b259bb,training
white,956,1080cf28b4c6e99180cd6a703a6e2ebd76c1b33cff98a29e0db852ae7144100b,training
white,957,179a2058928a6c66adeffd7c1a55d76fb6c72c16fa0918f1ebaf04fbee639a08,training
white,958,69145d1f5c4093488d9a87a272481fbbf2b2ea2edda3f721c4600e4825de3c2e,training
white,959,d3934afac53344725546180a1cccf35174a5ab9a08b9ab34960aa06bfb3efc11,validation
white,960,d9c1e40883a85b66f925f608f39a69bc229210a8339380bf410a9809df0046ce,final_evaluation
white,961,d9c1e40883a85b66f925f608f39a69bc229210a8339380bf410a9809df0046ce,final_evaluation
white,962,609ab128ab84d363d3fe47ba08f0f9c959f07089c80b7ab87f4a2620b618ed23,validation
white,963,d9c1e40883a85b66f925f608f39a69bc229210a8339380bf410a9809df0046ce,final_evaluation
white,964,219e8598f438ccf7b43621be06db947c0b4591d0f7e10f8bebdbbdc54d41e6b3,training
white,965,6f71253d16c1dd2487ccbdf4cc829cf5f0fca4f46ac11c43831c14534e8ffea2,validation
white,966,ae75dfc8d180cadeb050f1aac9d7a0d2805ea2ecb52419ae5ba3376365f75656,training
white,967,0ab9fbb70c53125fb46fd078ff58cd6c579c649131e10bc763e62aa6c9dd8d24,training
white,968,1154e4a5f5bdf3c3e73402cd9ea56f9885526a1861bfe5be34bf409bc98583e6,training
white,969,d3df02b60c362b0ef076c5a29f9785207d1ce36e952db12a9ec21daa0320e920,validation
white,970,ad7cc0d90d30a1440eabbce7018e5f443cf800c7b05e8b05c5ccc1c8797c2254,training
white,971,8595c6649d5401d1a600833d1b76d69e8fb954ce67e4f16b7dfbc73c7f125d48,training
white,972,0c389d4fcad68c73b726700204f7640f31b0ff4fc5f47755126d3495c3380bf6,validation
white,973,1154e4a5f5bdf3c3e73402cd9ea56f9885526a1861bfe5be34bf409bc98583e6,training
white,974,d3df02b60c362b0ef076c5a29f9785207d1ce36e952db12a9ec21daa0320e920,validation
white,975,ddb99810b292ba97fe263c860f16ec89c10d2f9b35898ef31f981bd7c2278fa3,training
white,976,bf2d9050884817f945057a87b89a9f80825ca2d4cae6c847939bbbeecac84650,training
white,977,aea9f8706fb49bd283961ce953c147df0c93821ae7b3932dc5d066ce0e3ce573,final_evaluation
white,978,236561aaee86aa3fa78b5d70b6ba03648d9c70b123ba15145c3c1e6310bf1b5d,validation
white,979,ba9c3282ce326fe19b10efd3bec2248081914502e35a99695c49e635cf7daa36,training
white,980,bda0076cb55cf78851a48a8352089500e8bfc1ff3826bf9f977843762eb3339f,final_evaluation
white,981,6ffe31928186ad5c04f9e90edaa122f52172890c0a69a656b664918f1c6f8ad8,training
white,982,ba9c3282ce326fe19b10efd3bec2248081914502e35a99695c49e635cf7daa36,training
white,983,3d481b52007986c48d96ec8d3e3289a9733364c95e9be02a03d6211b5e7bc815,final_evaluation
white,984,5476db2131a2c19de3bb859ab82a2926cee5640cae4e7cdc9347ea523a171f5c,validation
white,985,891369a2f2db021ce38c485770ee49f590c80db994ca00d48ee0dcee54f340ef,training
white,986,2f40b5fa695b9c1a90b09dc5fb153200c30097bc3d6c68070afb35e9c3aa8a20,training
white,987,8513664e2c9186f602d29cb77a8516e1c5a5267193ef4bd65e6304f433ffa7cf,training
white,988,1c26657bda8f796ef125f07d784ffa231f2e0182f3c25ab642e9583ce5ade152,final_evaluation
white,989,891369a2f2db021ce38c485770ee49f590c80db994ca00d48ee0dcee54f340ef,training
white,990,6b96ff280f7ad8eda7a654775161bf4b3a421ad00406416d26b92a79492b0a88,training
white,991,678fcb1d4ae000b00955fc5d2b7488b594d67706c7ba6c79cbb58fdcff2dcfd3,training
white,992,9c04a05218910883d617b21fbb591601b6f3a1943397b759e62bbc056ef65daa,training
white,993,223de1ea553cbbb7aa1cfae638d922c86d87c5039f72beb7f216d8c5a02cc6fe,final_evaluation
white,994,b63c999684176e95671182f4de704904df6904b625061ebe1251d72d39e42361,training
white,995,de100b37d02d6d68982d03ebe0806fa3b35dddff46ce40e096f7de01c20a4887,final_evaluation
white,996,5cab3701933099cc499167175e00bb81245a732c6b76067c866de6827916ea96,validation
white,997,b07ed0ceab163ee63295f8a59934d755e2316a6f4c8ea843bbbd78060c05a624,final_evaluation
white,998,e6d58ea287609ebf93b4c5c8be684f9c6cef7143ffdbb9f6a5632b0a2bcef46a,final_evaluation
white,999,5d3e3812e82d2907e62ced218299c40d6fe2c4fe835162030e0d5ac0fb585789,validation
white,1000,a0c3493edcf52e2ed5c96b98d0e95971c5f2ea258e5e7659377dc35ccd96a1e8,training
white,1001,d05a916c8a15e9aad7851317f638761d2d20b6576078e5f18a12525edf8271af,final_evaluation
white,1002,54cfe251f4c1252801807957943b6f5ad22e74b3409d8056fe9169c6752bd968,training
white,1003,64ca57f519952a1aacf2510ebc43b59ec5e7f057c534c288c466d0143cd09278,training
white,1004,7d40646fa1baa158723356cc373634b18b75502b1eb9f98d4ce433a97a34be06,final_evaluation
white,1005,16cc75fa7de479ae5892ba63c2992b1a2db68f100df5ef4a6a3cc1730b4b9d15,training
white,1006,a0f5dbe41570d4a6c9d39de2a34994638bcb5b8c3020013e2c7d58b9118cc42e,training
white,1007,16cc75fa7de479ae5892ba63c2992b1a2db68f100df5ef4a6a3cc1730b4b9d15,training
white,1008,f586b324a5d44dfbe34902a07ece50a291d447986b6fad582cdecdef72e4fec3,training
white,1009,e1ca32a449eac1662d815586a377c8a85cdbb6ad0be900fb341542332a933a1a,training
white,1010,43d08e91d182a10fac83efbb2c247e99d3a5be349747d324a73dab11c85a9484,final_evaluation
white,1011,b83cd5624b20b80a15ef03e105c24d4946ecf43e218417294675ce36bb1231a2,training
white,1012,f68019f9743136dc8db802dcfa9565b6881ad21a4985934008f59839a7f2a84e,training
white,1013,e91f699c380cfc0daab011944fae26609506a61367361830258dca32432dbc5e,final_evaluation
white,1014,047d09cdf12fd6922361c200d7ac12bf77af31d7b17b3a924218f86374682604,validation
white,1015,7d9a91e4d36e594458c375573c96534ff7b9f729961f4edfd30aacba2ef03c9f,training
white,1016,9ce63d940619ae514f540efa934e51af273313e54635cfbcd36127773bd0aa0c,training
white,1017,820b25ebf41e5ecd869fc41cdb0b77b1013172bb008fce90c1972c11c153675c,training
white,1018,b83cd5624b20b80a15ef03e105c24d4946ecf43e218417294675ce36bb1231a2,training
white,1019,078588a80e4c9f18a02de1473c11bab995e78f014ff91b748f994043ec991c3a,training
white,1020,d2ebefa7c37e2026065b8286113d4ee8b6a809511cb1131a90358f3bad348241,validation
white,1021,9238766a2f125bb8f61bf66ab098f4e57dadef2cbc09a48186124465388d01cb,training
white,1022,9238766a2f125bb8f61bf66ab098f4e57dadef2cbc09a48186124465388d01cb,training
white,1023,8aeaffc2dc1d6cdd807dbc5e5dc1f2f9e1377a2c82ef07e53a52cfa8df0600db,training
white,1024,84aa69d6997c3e85fe29bb3057d1259c4d1acb37fafd0677ccbea88a57550b16,training
white,1025,b63767849da2e87c6562873c286b8698cd5d51358487f7412d931812a9b93b56,training
white,1026,7c9b790f33642d044236b75d5e683c94ea3692f10c464405b30ab99e2999c4bb,final_evaluation
white,1027,db11de67cbf1b299967d01306f8f70a5596fb2ba62ef4eeb5c93327dac74c93b,validation
white,1028,3a9ccd64909820b28697ec8de72a89e6f2d6ed81568f375f895126e6901331f1,final_evaluation
white,1029,51e9d575d6f87f71257b3bfbc9faf04e471caff24d4bc88fc723b20ef03bcda4,validation
white,1030,0f1179b235352f858ef362601d605b1342c30d0313e7c1e777146cc502dbe138,validation
white,1031,01f1cdb33bcdc8cb6396c90b00fd3f2f3b3cec0e6bc85987deaf0c4f7de5501a,final_evaluation
white,1032,12541441f7bf0d4efff74f3dc04fd9282a2a22c6fa143dea073206eaf359398c,training
white,1033,ed283077ebb39c626df900115a5de891f35cefd91bb6df8944727fb593b1e87f,final_evaluation
white,1034,ed283077ebb39c626df900115a5de891f35cefd91bb6df8944727fb593b1e87f,final_evaluation
white,1035,2cef5c311c38a784af879661f7de70562530fda1a484a53a18ef1da6f7c8f40d,validation
white,1036,490851b46d80d878af2f8a1bda5d025abfcfa084239e94fdf5586c24bd7acf34,training
white,1037,160db69a7edc071bd6e3dc909cef66818e936982f672c6117d80aa529f8232fe,training
white,1038,cbf86925570cd50b530139593895695a9743558ced06651322458eac3be00915,training
white,1039,c8f2a6242b60d2992627c32662e81e4d5a21ea558343c4bbc54a0988a29f17b0,validation
white,1040,715356de98916b5e30de4aec308ffb1f21b01fae5959bcdcbba380b5cc85b30b,training
white,1041,c3d8075a0eed637ae7fedf5abf2c03e1da8d7c26555fe0c6e70530a9013683d7,training
white,1042,328e8be12bec0382b9c23ef9c9d001aa451805493f30ee7a35904be61bd4dcb2,final_evaluation
white,1043,4b364cfd444df85dd531e3c4ba50f9c98d3fa1efd3eb64a6536354a24eb3aa55,training
white,1044,4a2581cc45cead4475ee83357152b48bbaea77298785e99fec6d009271eb64e4,training
white,1045,7f515c89ebe1380e365ff5fe0d5352531ceaf692ee030e6b8e8990cfd6e072ff,validation
white,1046,e36f1a8782e7eb3e903c210485fb231373ee0d5f8ce4903ebff28bfe16f56cdd,training
white,1047,6f592c58ecfeeb24a0587d9588e2e0240e15638fbd1d7391b3c0107ba112c6b8,training
white,1048,8ae38caadfd0ef0e9f30539175725bc9033c4bc6537b494da3caa6896123e732,validation
white,1049,f934789a3e28acb016b7510e7795e81b340de432438c0f2d16c6ca49b4fdb76e,training
white,1050,1f85aa2fe3ed867b7158ebf0ae467cd55d34f01ebc8b0d0d0cb400e8df062c1c,training
white,1051,2373d5504ebdc8c0a53c322f6b0fe7fdb80b2b3edfad042a70c7689b090a83c9,validation
white,1052,ff1a2b6dedfc5cdcf147ed744140c592d464894df985014f3b8eb3b206d1b78a,training
white,1053,4a0bdc6deed6cd77a3642815b313c4dccf54e68095c3b86a09389d7002d122aa,training
white,1054,d26fbfa8f198ab8e657efd730f034e2e81f9615445d9be3d495daac8c5ee334a,validation
white,1055,8ae38caadfd0ef0e9f30539175725bc9033c4bc6537b494da3caa6896123e732,validation
white,1056,a29ab5810f989034be3d6ef12d3b29e4f14fd2d5338f8a094a8f475ecbac3f71,training
white,1057,0b709417da1a30863690dc2d19520b4cd726ec1b7d70f67095866da40d669441,training
white,1058,515e5384515d5a43d98d75957808928ba6e2aef75e3b3ad036a3c58fb5938ef8,training
white,1059,0b709417da1a30863690dc2d19520b4cd726ec1b7d70f67095866da40d669441,training
white,1060,6e722e87ef732b78bc81da9ef96c12a9f891e57b20f42de59c2956718ee6cd80,training
white,1061,f0a0eb11dcf7366d18cd1872a73eaac707703581df81ee034031ab09a225b24f,validation
white,1062,fd6269472e94c74448d838407a0e6b5d265ce5ef3962be1bd5f6685c604a59c9,training
white,1063,de84898629a3fb59c15fe0ba52f561ce7174908a04c39772703cf43c421348fd,training
white,1064,ad16b1331915a632e3f798c894d89a0a2de6528e36f9a59aec53de93e1628726,training
white,1065,1985d2d48c02c4990c0037b57f28aa81e7c4a9a8c89eef927c339b46e3929e16,training
white,1066,9585e3c8681b2bd2bc2b404bb94d6bd2e7b2a368cb7a7deba56ec62029257487,final_evaluation
white,1067,5684ccad9f0b8c3ffbf6dc465fc7af251617d4492e49940a9edf67329d9c1204,training
white,1068,c6fd813289e1666580843ca90885f94e56455803e2ede60c341baea2f976b533,validation
white,1069,03950282b9d6bac8610ce5a9fb0bcaad5b6fdbf879adfc95e4c1474e6958b6ce,validation
white,1070,df4f653ee2fb18b23d51b76431ae7532d0c9bf7d43d5fbd3b2477a75e3a2f308,training
white,1071,3ce698b379aa6ca9899dc06e8418b0088be238962bc208ee451a3fe715def028,validation
white,1072,9585e3c8681b2bd2bc2b404bb94d6bd2e7b2a368cb7a7deba56ec62029257487,final_evaluation
white,1073,821d5d244de322ad658e891e45e3298eb69a2f9906484bd19fff3441cf3359ea,validation
white,1074,c458d0aae8378fb92b0adde2a1ba2dbd0bd7fbe4c7621a20749aba9b9abac359,final_evaluation
white,1075,3299b7d7e92e37a6deeb6be0c4a686393c300abf05d3cfd2ef0c51f0b4e4794c,training
white,1076,d2d208e56e586f297bc57c9a690565987ae84ee9d12fb437fb660391b7f1f810,training
white,1077,e559a299b284230cc12e437ab7312129cd2a85d2bae8d5121d5e1bd3bd44bfa1,training
white,1078,2711b3dec2793548e49fd4084002688b133ee3a9cd24fef894fc245edf486558,validation
white,1079,37cb4cf2ce9857fcca9fa8cba30bd8f9cdd9ad4e722af9012627cf13399eb386,training
white,1080,a85e5219e4876f417252166f1f4db3ad018dc348fd3c19d6ca80c30baad6b728,training
white,1081,664a5679223c862e305b9b5d0c97ac692f8b7afc2e3c71b7fc6a13e23907ad12,training
white,1082,5e2d820310dd2b04490afb9842b640a0cc8cb7a742f1c9a6c8f15fefc82ff158,final_evaluation
white,1083,5e2d820310dd2b04490afb9842b640a0cc8cb7a742f1c9a6c8f15fefc82ff158,final_evaluation
white,1084,6f0589a01777a1c5bb3b7df70692bac7b91ed3f9655906cfb1f516b93575999b,validation
white,1085,d54a143db5f3053b6467d6c41777fc39e4ae6e98d2f084b6fb1eb785190faa8f,final_evaluation
white,1086,5cffde7304784768045880f43f8a6142a993586e690e62c7b62f35de490ddfb5,final_evaluation
white,1087,e4304b1c404334be18fde5dc698963cc9c56df4be67c4b95b4f10c02642d1789,final_evaluation
white,1088,0a8d0d448d0a4272b107c8917c337bb201209e5e8810c708ada0600a3f4b1cd6,training
white,1089,6f0589a01777a1c5bb3b7df70692bac7b91ed3f9655906cfb1f516b93575999b,validation
white,1090,4222813c2803406fd50783afe777f47e4cc47410f287da902e6da2747d1d8a86,training
white,1091,7a7995ca8e2371f591bc764e8851c830da99afd42a5c8669f049f0822ec41ec5,validation
white,1092,9236085b4565a47a4bd13b7de5bf4ee8990e2aee329e82448cf843f2570d62a9,validation
white,1093,8a62559f4121efca206b538447a7e43777aefa770f70c42503c5275412bcb5d9,training
white,1094,24af06aa0fd0965ec48f2030074085d500a53bfa3679192851a66e09bbd77d12,final_evaluation
white,1095,a9c3dbdaba2cc88029ab00118d78b2b3ab2e77dc6f632f8a624bd018dbd9ddc7,validation
white,1096,c563112f8ef636d04e5f7a8436b95f46c837566558079c0b632a26bd2ee956a4,final_evaluation
white,1097,f13311232532b5171061ca7871d731767b4fac01a0cabab40ec95e05220271ae,validation
white,1098,d54a143db5f3053b6467d6c41777fc39e4ae6e98d2f084b6fb1eb785190faa8f,final_evaluation
white,1099,5ccf0a3089d462721b7a93afaaa19bd4431800314183e53c589a6f91879c38b6,validation
white,1100,21aae8e39669586f700d862f48835caf49041a8b4bb9358935a26937d0797e06,training
white,1101,5e2d820310dd2b04490afb9842b640a0cc8cb7a742f1c9a6c8f15fefc82ff158,final_evaluation
white,1102,10dcd19cf0d89ddb98485a0388c8afbf7b641c0d53a50166e894d25892519ad4,final_evaluation
white,1103,5a388453df24a71f65a87804eb89e43b1e0b3ae56e67e5fff93ff2ff4327559f,final_evaluation
white,1104,320c898ad73d1d90a5b2be90b19f117215da8386d105f7ddedf96cf83b0b7230,validation
white,1105,5cffde7304784768045880f43f8a6142a993586e690e62c7b62f35de490ddfb5,final_evaluation
white,1106,8bb6e35d0ad3a871df93361890bb3faf2e7d6c03437562802f4a22d604dcfcc6,validation
white,1107,e4304b1c404334be18fde5dc698963cc9c56df4be67c4b95b4f10c02642d1789,final_evaluation
white,1108,f555494ad03428c6453eb9905fac32b62039bd3bd2d3cd5318f76b86808407da,training
white,1109,62bdd0629091e1fa5f3567a936003b61535651ccae251b8cee97625110fe1d1a,training
white,1110,078bd228116d334089ae647db35e126ed22af46f8da5797313545fc12c0ee2a7,final_evaluation
white,1111,f555494ad03428c6453eb9905fac32b62039bd3bd2d3cd5318f76b86808407da,training
white,1112,1a4151f9ab112dfa5fd1e3eedd3d4ef16e3ba8e405cebdfe4ed222da42f767e2,final_evaluation
white,1113,27d37a09b914be2031c13ea0d190907d57288c58c735e46c7081664ef2d6ba0c,final_evaluation
white,1114,be47494fc98297ea5e74b8a3153d927f5e8827a0fecf970f400afa73321e16d6,final_evaluation
white,1115,27e1c2e7dad02e9a52638b03c2231436b8ba0351ecd3979a98bfbe22999a05f5,training
white,1116,c201688262a48a0bc44586ecbe35994087797d08f26f76fb14353f12bc38807b,training
white,1117,1020e064ee70c9954eea5ea6851c181fad84efc954387137886cbe8cb07399d4,training
white,1118,cb46e776216307e9fd778fa2e67cb0b3dc710225d8a7df1ba98636cbdfa5cbcd,training
white,1119,48abcd941723300eca37efe2b63f7938c599e88df3ef104748667cf449264653,final_evaluation
white,1120,50af715fcce55de1d4575a79b7bcc2607d2b8f7d334a5f230c83c402fa1cea77,validation
white,1121,3344146bbaaabd0030c837e89b44f10eb14d36d1f95888cf829600bfea7e8dc7,training
white,1122,dd1c1972e96fbe32e3c2ecccba1a10a1d4e5e9f51546d4a1ab329b574b6588ef,training
white,1123,35773adf5aa28eca816b81b1d7cdb7db1072590ac1ac4460e75ad1474bcccf31,training
white,1124,3f803c649a687b3bde50432df0052e086069f7f759efac04ac20ab55ef0e0f58,training
white,1125,bab27f46bc02786e3d096ebe60ddd00d2656d718b7c287c8e2eb586e056821ce,training
white,1126,fc599eff935aa5809c566d7682c81f8418a551d6265d03f4d5e3a1cc4026f940,training
white,1127,7e32b46ee8572921fe32f04fde7ed4eeff00159d9aa84f8bccbdd1d3bbf56601,final_evaluation
white,1128,a15ab9164e11982add81985dfdb34b343cef16820145d0e83c7259252fc58244,final_evaluation
white,1129,3011475fe6468bda81366280e52af166f2ca621135289f7fd530eef8f75abdb3,training
white,1130,ce9cadb96a139c386c3d6d41352684e627dff5b82b1cf8277135cca2e6832b1f,final_evaluation
white,1131,b4e7087754c730e72843dee52d1d85532bbc95527ef1821cd551b8a9273482b8,training
white,1132,d047e66c7e7ad4c1a97ad1fb6ea148a73a53bfbe009d7c6d1761d9c44fc5d757,final_evaluation
white,1133,f89b628f26242427bfaac9c9f0a64931b326df58fa858cf6c061f7618cf3622f,validation
white,1134,c1113efe5429fdddaa3bf9303947137dae263bf0f738a4ac5ef4c1ad347e9281,training
white,1135,76f360251f6a9d6207b001d1cc408113843bbc5cd2de5b44889373cf7c4bb398,validation
white,1136,54543deace06baee7c8fbee4ac034eee2fbc6e05a7d30f4686b1f4c5a97293ed,training
white,1137,0bdefacae86ec0b706ab3c9b861fd648256b3467ad98c552b479912d8d862460,training
white,1138,ddb4c4bfd9bd047007e02ec2b032e573f7efe25c8051ca2d43075aded40f703c,training
white,1139,4eb2b5b1556b85971710a70f5eb4dd50f6fb32d6a1368147c07d6779bd93b0bd,validation
white,1140,85665a549e7e5711d78930903025f8ad92fe924ffaf42eb89fe189c2340d2795,training
white,1141,105f62b321da2b63ac4098319c9d422eacb086f517ef0b5b946d5e225a4eb5fb,validation
white,1142,b6e97ab39c9a53deadc4bff838398f1ba3e360dee5654827cc70493840881b66,validation
white,1143,4eb2b5b1556b85971710a70f5eb4dd50f6fb32d6a1368147c07d6779bd93b0bd,validation
white,1144,3a97b2ac6dec53a15175b6e87d987b051b4df9be66930b3bd2d426bcf97e62e3,training
white,1145,d79e31649024e4eadba091b6f3f8531bc2cb2518e0118dc0540c74dcc3e2a6f5,training
white,1146,4c3c7582356dc072836bf2b0f0d1be371adb0a4b7fa924ed7e16d053007cd295,training
white,1147,12a3e23eba178a140d2b7cdee5ef0ade299bc267895c466eb578e64e767516fe,training
white,1148,540ce2bdb8c4555f89fbd8b3149c42ff495183be3fed52cc5692a161922a578b,training
white,1149,b17da9de507eee9b1624ed36e1620a1954ba5cd2c67714d18abb39d978e5f0e0,final_evaluation
white,1150,2d27770a0232ed51f1026f43a4184a4bb0eef838b6552d4d6cfcae8e9d050d5b,validation
white,1151,21758819596c6cf054bbd501dd53316158b39bd51b4eb7e04ea3cd5aa9d9edd4,training
white,1152,4c3c7582356dc072836bf2b0f0d1be371adb0a4b7fa924ed7e16d053007cd295,training
white,1153,0b93740f715f801f4db2900f386dd8468af5ec86cbe42f518b605ca9a05b9bdc,final_evaluation
white,1154,f28566ae05e4a1e807b5624b3d8f9e0671f926eabcd44b2d9a059643e7c699d8,training
white,1155,afec1afe39959335f6784aaa4a710b19951de4b96ddc9e46c466be00d9fde387,training
white,1156,d487f2aaf93f9fc5ca7bf53f45856cc14651fd4d0ba537e0b3f24df2f629ed81,validation
white,1157,0c37ba1e915f32e304ea3905e373e1bd3986f747384bb41ebcc6f784456ea294,training
white,1158,0c37ba1e915f32e304ea3905e373e1bd3986f747384bb41ebcc6f784456ea294,training
white,1159,dec3f90c4459fe1eae05f3b8147563c4775ba58077411dfa2c08d9754636e960,training
white,1160,0c37ba1e915f32e304ea3905e373e1bd3986f747384bb41ebcc6f784456ea294,training
white,1161,5de9a9140ed9a2c28744c3ee061688b666931493d1bf473da952850668ebe587,validation
white,1162,0c37ba1e915f32e304ea3905e373e1bd3986f747384bb41ebcc6f784456ea294,training
white,1163,0147f86fd1edeb75a514819996a752d299309b362d6adba591a9a082d479647d,training
white,1164,dec3f90c4459fe1eae05f3b8147563c4775ba58077411dfa2c08d9754636e960,training
white,1165,632479b9bdbc5e66f67e69224d3f68d34c2f156d42da4fc2ada8933e5024f451,final_evaluation
white,1166,75e2f18cbd8cdf356a87233f8a5a37827d1aa8e7a238c00ad761abfcde099b62,final_evaluation
white,1167,6e32f2667fa03124df7aa674a7d1cb154196a567ffbccf1e459e904144fdc810,final_evaluation
white,1168,b60d71c0cfacd06a03a3ca03640597eba4074809b3b36164cf5fecb167c3f481,training
white,1169,b217ac41303473191a70a3453b91b0865a961debba2fe8446f31eece8ea38124,validation
white,1170,5de9a9140ed9a2c28744c3ee061688b666931493d1bf473da952850668ebe587,validation
white,1171,371300aa0a44b390d89a7b357f7db47e10e5750d57ad834a33d7b55b7f270b43,training
white,1172,14906907c950b9ac34c77d6410d27ea021b3adc6d56d3ef71f86262871a073d3,training
white,1173,a367976ddfa400d9391de9db225ab03e935046c7f74e1a8018144147393fa17a,training
white,1174,30baad43f6c11aee101ca9994c59831efce38f9ff83cff4392af248153e3a521,final_evaluation
white,1175,70965154a045522e60d25a24c21fdc550ba8de531c42203062c807ee0c91d447,validation
white,1176,844edb1f42d4f923636c620d49bb3adcccd17f19cb40455e67c43370d034c9cb,validation
white,1177,dbb27daaffd88005f9bf7ac862e1c22dea21b44ea45bfaa1c4341a55aaddc57d,training
white,1178,5d4b8a512d799e512c80254e6350eaab1a660bf057d7b3bb6abf05ac8797352d,training
white,1179,23c8cd68006a73fb569e0ed9f1218496e128f3fac95bb1ed1f06f01bf897ffda,final_evaluation
white,1180,fe5a062cc90d867c104c4f9a9f8e2bcde3f3deb8fec0dae08f2860c731aadaa6,training
white,1181,14906907c950b9ac34c77d6410d27ea021b3adc6d56d3ef71f86262871a073d3,training
white,1182,574ebf78bf21d15ac7e204b86bb3bea7553d8932f3686c8035f51c987f5a7bfc,training
white,1183,30baad43f6c11aee101ca9994c59831efce38f9ff83cff4392af248153e3a521,final_evaluation
white,1184,7370ea58a8deeef324b564e78377f6553ff04291a629f6a892d6fe9ce0af4252,training
white,1185,24593307506bfb7fd8ff66c46634c9d3ea8247224fae7bd6e3a53409460008ab,training
white,1186,ba5154037e18822bb057629636cbe6196d01dce82fde9c00b24494a27677963c,training
white,1187,3b1808045dd5a0685f50589db4c3b4260ccb68025876f2335668e387bff7d2f3,validation
white,1188,134b8999e9b13baa7bbef11da620ec281ccab6e772411598026e0fc98ba74714,training
white,1189,224c4b942ff5683129ee623831d33abe524efe5405617f3357b0e5e2070fdc70,training
white,1190,c91e6aa657645c734cbe4093b83319db7359136898e5b973d56bd272dd5b8cd0,final_evaluation
white,1191,a367976ddfa400d9391de9db225ab03e935046c7f74e1a8018144147393fa17a,training
white,1192,14b2c5fd4b2e0fda6f0dba0d897a6b5aadd87687c452d59bb065df5c7a584816,training
white,1193,207c47c32c02225da55d0ce29fdbd8d0f885c58d4a9609b93375cef72be03d55,final_evaluation
white,1194,2173ca512e1208bd2c654832949fea6f590b0749f11a3d430fc48ded70580b0a,validation
white,1195,07f2cf900b879999d5b12afc35284dc208737fb97fd417d7dedb034691ae97ca,validation
white,1196,010aefb5009b959551abafefc47151e1467d368db6016225eb68d906d05e5fe8,final_evaluation
white,1197,14b2c5fd4b2e0fda6f0dba0d897a6b5aadd87687c452d59bb065df5c7a584816,training
white,1198,2173ca512e1208bd2c654832949fea6f590b0749f11a3d430fc48ded70580b0a,validation
white,1199,207c47c32c02225da55d0ce29fdbd8d0f885c58d4a9609b93375cef72be03d55,final_evaluation
white,1200,57c75143d0ccf67857f35fb8a97082d30dc7dcbd451dd62eded61dcdc8b369b2,final_evaluation
white,1201,ccd813ae8057d7e480382db7df305c2e4e8b9f71f24337244e62de25a9c105c4,training
white,1202,45b9948584f8af705acc8e535f0734e9016bbc8b34ff260361352e67c7dc38cd,training
white,1203,14888b6951076a707410f05dcbd4bcf22c7b7caea7c51d5ecb104c8410cce4de,validation
white,1204,46b636f0dceb70c22129a86a6640c9c2a694824bc1f975c611a316560a7b8d9e,training
white,1205,46b636f0dceb70c22129a86a6640c9c2a694824bc1f975c611a316560a7b8d9e,training
white,1206,1770a8faa5ed33be65badd7eadc73719027e7acb65472c9a74df84f72db63fa8,training
white,1207,a8f25b9e74a569a8ebe3c920c74035c650ee4d2a6d5ceebf423b0bd267032c08,validation
white,1208,14888b6951076a707410f05dcbd4bcf22c7b7caea7c51d5ecb104c8410cce4de,validation
white,1209,2d474e09aae9bb37b59fa31ece66f11e912fc81368838ed9d44c6ae64d0547e9,training
white,1210,4890fe6131abb9534372066b67389477ccf7f9fa9dd0024333273cd19376d8e1,final_evaluation
white,1211,45f9deed8843baaab7abcd70c7a2cc1b76eaf31df6622f5857ccbd4ddec184de,training
white,1212,b603d7659d7a4b69687831bf8c14417d3b05676c00e638c6102c56d09fba5914,training
white,1213,919ccdc076d380206c2570a296f9b4980881cbe711781fd409c7cf6f04ad4d7d,final_evaluation
white,1214,46b636f0dceb70c22129a86a6640c9c2a694824bc1f975c611a316560a7b8d9e,training
white,1215,38a6b22f5a75c1fe91a250b09a12456ca782e73ce9b4fe18525b60ba02ec251f,training
white,1216,aedc8e61de93fba5f67b23b75fe9ccb1aec8b40ea68e178a070d492fee37fcd4,training
white,1217,6daaf5d311ad2afe04c821e8012071f49488081a6f3f18d415153bb2ff2e1f9c,training
white,1218,3af7dcd936736154055a4b0a643a44d8ed6f9aa2976b802693f4e69cf4d4f852,training
white,1219,730e84e845e22f4cfef63b43982e0a013105f1d98601e602f8c5d4cec3b76074,final_evaluation
white,1220,6daaf5d311ad2afe04c821e8012071f49488081a6f3f18d415153bb2ff2e1f9c,training
white,1221,133bbb0b8e33b6308abd458e920ef7dfaf1450b54122e4565f5b4a62f23e7265,validation
white,1222,d99dd52074b38e77e691e5614bcf55076843c724fc180130a46a98bc2f56e9e5,training
white,1223,776a3daf07407b8caa7d6ec9dbdcbcb2cd0d265618f72b46518aaa3330eef638,training
white,1224,aedc8e61de93fba5f67b23b75fe9ccb1aec8b40ea68e178a070d492fee37fcd4,training
white,1225,41bc0ada0d230b3a97fb50b4c9b8d6fa3d9da9ad9f06802cd07bd01c3463eb44,training
white,1226,4fd2a29518d840c5265accb2ed97540c302f52947ff69568a05a7aa3f7fa66e5,training
white,1227,41bc0ada0d230b3a97fb50b4c9b8d6fa3d9da9ad9f06802cd07bd01c3463eb44,training
white,1228,28b623cfa70206582538d13c1a905e755123a3e578d77a72c5149dd361ab39c8,training
white,1229,3fbe28c574027ad440757442d02356a206ced83084f21026cadc2d734c4df3e9,validation
white,1230,ea365ec18723354804bb25d2d2f6b1b43f8efd970b05cddc98d87bd00bfae7c9,training
white,1231,abe8c97ba613a1d82f71a718d57662c1c3dbe98384048bd37e93a99416b6b74f,validation
white,1232,1e1bce93fe2078d8a49899429516808eb8173942c530af9d7c00057310262ddc,final_evaluation
white,1233,a15af83214a4571293d80df049768b1419b8216f6870c353a805135bdd3e38e8,final_evaluation
white,1234,efc4376df47125f267029e2c2ab73e606e893d71c0670c7135231e4039867604,training
white,1235,4926ba5e9c7da513da8b08048a96b81f7edf2d244f3db27b0678e5bee2bcc212,training
white,1236,0ea253e5e5518bf20d648fc548db0cd69cde12e066638dd6c81f584d641607af,training
white,1237,4fd2a29518d840c5265accb2ed97540c302f52947ff69568a05a7aa3f7fa66e5,training
white,1238,95d5a42359bfe7e1e028e4199da6d280e5e30bd6c650a3b48d43af1fbdc99d12,training
white,1239,864673712b8dea9d4c90bec4dd59d29c2c81ddc586e4b5a2d5cef0a11ebf6258,training
white,1240,7ff859342f2dfab8dbee4952cda18012eddf833061678b8d1284a5ceaf224433,training
white,1241,75b56ff486b1992bffb878b182d9dabf432be9b31285587430e64e3fc71550b7,final_evaluation
white,1242,2c9ef3a77056ee38f482e769969eed9506cedfde6a43030fa0e7ed54e0d7f0d7,final_evaluation
white,1243,a73d7b5334d309d6ba348d61a33d1f4a9cd8f92dea2c26b1ccbd0abaac76c519,training
white,1244,864673712b8dea9d4c90bec4dd59d29c2c81ddc586e4b5a2d5cef0a11ebf6258,training
white,1245,007f061b54fbc59312ee281e2c3f60e358dbfe1f79c31e0c5b19a1d976862eab,training
white,1246,099a5c6a08278cfee2e711ca1b219ac72158d142c50e8ef746d67758d1495b9c,training
white,1247,4176a1649401799e899c4b9ddb5bd20437b2f24c864d55a7518abb9ea9662616,validation
white,1248,1f78b00624630ff91ab8f11703909578ed8677affaad8853e5782254a15577bc,training
white,1249,5c1402487a2eb246489f13b2bf245520484198aedb3511ed3a3437c15ae63904,final_evaluation
white,1250,14c65e4e7ec9632aa412bf8d5e61a3ca4731b582ea8cb2f657f06b8fcde655c4,training
white,1251,0fa1974a4be62b6bb77935ad20f68583c06929b182b22e18a19443bb4a028a8c,validation
white,1252,41a7bae178ec97557f97b158a561e3a897217b17545c186cb7b61e04ff589eb1,training
white,1253,448cd1b7a26cd7135cc4ca5aaf757afb104c3a311036c0dc0780cc78c34df255,training
white,1254,6da8666f6bf1b05978787feb2aa328a5d8b7a064bceafbde9fa2acb49828d6a4,training
white,1255,364e1400cbfa09065ac6b3521178557173993890a71a0ef823282e388092c83f,training
white,1256,6b77b59bbe46ad9b1aca4b09e1c6163ad3080bb577bc6251430b08e844b26895,final_evaluation
white,1257,5f77bcbaff840771b71d1dcb24f346fa2da5175a44dc8b8535e221757d822ac3,training
white,1258,773f6cee848c19264a875b42ba4dc7a6881d8bc16b3d7d5c18b2220d69f2b3a2,training
white,1259,02680264aa5f893d7c75405aec1520a2691eb5c8bc0b112187926fe72fc30f7f,validation
white,1260,3057bc2ee3eff30d0ecd905bedcac8f6406743ffc12f751e36383f8caed4a2a1,training
white,1261,c00072ac14be7bbb2f6422b6a52d187073f6b14462e062a51b70250e47f2d9e4,training
white,1262,a200c24204365814d53e3574d6356d0fe74f18c348c1f9a7642d7c72f519b56f,training
white,1263,5f77bcbaff840771b71d1dcb24f346fa2da5175a44dc8b8535e221757d822ac3,training
white,1264,5c6ed6b595306291e13f2f7bc9733b59985b44d3ab9fff7f3f3b8ac0245db93e,training
white,1265,0ab8787a74bed04b750cf079272b91063cdf42d5734bb01001b11a080b24da5c,validation
white,1266,279e270475c868952d27abfe7c072bee57a536787d60c84e69aba1613d8b4546,final_evaluation
white,1267,25c478f94e2902d2aefe4e9ae440be10d44b7266f112e9d66f0043fb6a9fb230,validation
white,1268,22758bb564f3246c7027a8555c15b8d88e6c288906c95012f2a4f14851365f84,final_evaluation
white,1269,162c9a53b27dcc3b20bf287b166d2bcec031680aefa4c6b5ae50d1b017559f04,final_evaluation
white,1270,cf26aa79329a4fe9b0153bafb86606bcf0f76864af8549c8501f93a48f93057b,training
white,1271,22758bb564f3246c7027a8555c15b8d88e6c288906c95012f2a4f14851365f84,final_evaluation
white,1272,d508a625f3d07417446b34b7c9dc9318e88f48253c8d0ca6958d3689587a6afc,final_evaluation
white,1273,e6a12ab6342a872b51cb5f1349b9ad81ad7a2c12a4992a70701afb5318856888,training
white,1274,d508a625f3d07417446b34b7c9dc9318e88f48253c8d0ca6958d3689587a6afc,final_evaluation
white,1275,cf26aa79329a4fe9b0153bafb86606bcf0f76864af8549c8501f93a48f93057b,training
white,1276,ea7082dd18a9411bb8cf82dde5b7bbf82285d146b18eac8043fe093d4c019120,validation
white,1277,22758bb564f3246c7027a8555c15b8d88e6c288906c95012f2a4f14851365f84,final_evaluation
white,1278,162c9a53b27dcc3b20bf287b166d2bcec031680aefa4c6b5ae50d1b017559f04,final_evaluation
white,1279,120fac0b1569a67f77071fb4e37890547bb7da5e8449e83a1cc103f20029cdc8,training
white,1280,4a9666b22de420c7e8ce339a25d94481fce53095e68948b9db073d9b311f6b30,training
white,1281,6085d2ad2965f2f18e644c29ce2de4ae21ecf1c2bda70958e00b720f1a3d47ee,validation
white,1282,029b540ab91346fc255931110a460ebd78bae8dff568858c744fc1090e9f9abe,validation
white,1283,162e5f7b0f900e49976bae4c3b1e006c871cf4ce961ca8175a470f9d4dfca18b,training
white,1284,d761ce5fd7623697b446aadfe8835d8ab8013c84affe4eaeeb8e5ed2072ca872,training
white,1285,029b540ab91346fc255931110a460ebd78bae8dff568858c744fc1090e9f9abe,validation
white,1286,6085d2ad2965f2f18e644c29ce2de4ae21ecf1c2bda70958e00b720f1a3d47ee,validation
white,1287,b40f75d90a99565b764e734c6a9a3688e2670adcb7540fe0932d8f3c66b89a4f,validation
white,1288,e9ea623319e2b86920a7958a6ed6c588705b73dfaa0981bf763fd5f6f61b3ed5,validation
white,1289,075223bf0ececabb56da74330495cedf8a65fadd9dfc765222b4b082b930bebc,final_evaluation
white,1290,172a6c37b5cb9f3b51b155fcd63c524b4571a4fae47873b538d602c566d9f18d,training
white,1291,2f4d0d656d34203e08cb0b6958e1c810fdb9f85020ed14a3b0f400b57f943c07,training
white,1292,bca706c28cb567f8dd4d7c18a8eaac0260a06ab63cfbe7bd5250c342d70196ef,training
white,1293,345cfbfc6383310286e8dcc27f45ef61060e4e1f583984e62e1a5a6d6fd13c12,final_evaluation
white,1294,c67b057280b8e0ba87215761cb5b74d7176a3ab59b68b60e3e99be8ce965431a,training
white,1295,3095e5a20e253bc8601e10351e49b889c1c0ead354fb423baf9c98d7d78d5f1a,training
white,1296,bca706c28cb567f8dd4d7c18a8eaac0260a06ab63cfbe7bd5250c342d70196ef,training
white,1297,dca436cccfc72b5de6937cafe4d5451cad4a453e86c5f5f55a2646432d1b1c35,final_evaluation
white,1298,dbf2583ac141e68cbb1da2284c073677c7cc88580bf02ff551a4196eb0b8b673,validation
white,1299,0bd1ab45a8bdc8606da71c5c19c2a0b56e36d39cd3d1eb69a581f50dd400bb66,final_evaluation
white,1300,5e33174de2784fe3cf73cec2c84b570229c5dd1f04675461c149ec5c5096e3dc,training
white,1301,98c54bc93d8b895629f84b53988cf32b0fdee3a94236afc4ac202d1996dffe1d,validation
white,1302,d119391e40d1ab2d305c1eab19f1f0d08978992e2c54dd9f1a24164ec5b96fcb,training
white,1303,7db1e0e3186a2f16076bc5d2641e926c1e979945daa757a23bfdc562027aec10,training
white,1304,142f2e6f527f17a590c7ce7d6a01f7ac0f99d8891096b3c98c3a5aab57840f18,training
white,1305,0ae2381e5bad711fdbb27e7524701ccbcc6a4aa69860b668ce8a76d60c3d913e,training
white,1306,426b6c2aea881f56f6d76c8737a06430fee26358e49e090f097054212cc6702d,training
white,1307,ef85e61084578b7fbc40ba5877677b2909640c1fb32e70fe5c8a87ea445317ec,training
white,1308,609fe22d55e289b20749d50e58ffb1a11c03e06656cbcec51d225f84c4fba32a,validation
white,1309,56e368a469551213c90f3f602720cad0fcbfce703a02e22b1657b3453b9af999,training
white,1310,201bd524b391571576bdbf8e5775103b26595fc5a55835a867840fd2c4757e13,training
white,1311,1461479437b40588866c0373989a36166a006349995b4b6793ac20e73f4c674d,training
white,1312,e34096508a933e8a1af6eee2c73005e95d82883783a0ed7983cabff055ab4093,final_evaluation
white,1313,7e82f6cc20dfa4056c1bb4a1d870cd16b72fa93cd71f0ed99e1acbd8319e197f,validation
white,1314,9e3e996c920d18490846ff89cf3fe5e1d8cf0eaf24941d6bde97a7469b8b926a,training
white,1315,5f9c2c350541a276951f60daa144f418aaaa9410b4432ead9c676f6634b0bd94,validation
white,1316,b582736c9cf07d7eb48ced46e91aa6f08d09cabbc132c77bc299fe686017c906,training
white,1317,bca4c91d76a484ebd5bb6a7e64ab900f07fc10bfcc5425e0a55c4c26504adefc,final_evaluation
white,1318,77b7bfcd3a35463d2b7fdea1ea18f208a88749d874e5238a591b6c1aaebd014e,final_evaluation
white,1319,0b166ff908d19a2d1aa5ae012476118e84a9c6b82d687d9ba740585d92538e2b,training
white,1320,3aa22c433510fbb1a42235cb4d9c09e6f8a1ad555a2724976bf2732d39ffe9d1,final_evaluation
white,1321,48e7a2dce401594c377ac1350ff2f6019d3b62c324c7ec51277356b2b43cc531,training
white,1322,8e5ef04aa71580060814ad9558c5dcb9764b13be3f47b9dcc32d1fb85c19d458,validation
white,1323,38a5a47f36d41c2adad198a752b152e8766acd893353b67859365151aaf6f013,validation
white,1324,af37ae7b5be414bcec0ae6465087cccd3787376cefa0151bec61880be96a7ae4,training
white,1325,39b924b269a2c230f6b0f7df36e559f51c53ab4ae8f18b7133fdf2c3aa99772d,validation
white,1326,64f5b01f6abaad506a90579d90f0bf7332f90cd2047a77b348c1e1af729dff5e,training
white,1327,04e06513c229250bdb8e9d13420b252bb2fc6223ca998fd296468f1caa345e2e,training
white,1328,e71cf55fca67e36d8a5eb553ea9537b2e1329ae6d68d210c97f6027d1f8faf6a,training
white,1329,13cb0ad6d3110ac699e20835c5a830147a89396f66764d727f1a3f8db91e9fdd,training
white,1330,8c5bae0f00b199b7e81f3a05a40d4d8303e3a6c6f8eb97074f2cb35596550da9,training
white,1331,243109c340e0d4ecc2070d02844c490ad3a4ea29747180db80fae7d8b3135595,training
white,1332,c30b93a3a03d19eed294913d3e2c187f76cf86cafb91b5a73ffc04a195bbfb87,validation
white,1333,2d82c5c7291753df104f4cfa146f822ea7ff34a6ccb1e90d92c5ed6d9ce771df,validation
white,1334,80b2a2af8cbe7e5a71aea7322bd61192f01bb15da86f9134530967021171ed6b,training
white,1335,ba8bf28d41e9ca50d8c7b0d1973cda7f9bef0976369d8a99037f359799d621eb,training
white,1336,e0dbbbc8053b12307c2269d7637e473ebadd177e1dc47f5f661b70ae3880131b,training
white,1337,91add354717b22df6c57ac16c8c013e474e192a480d476e8bcc4e581d0da5fa5,final_evaluation
white,1338,ce6e579908ee1b9c3b2b70519ff16af3e4b2b3040c4512ffdbfc8b222da7d27e,training
white,1339,ce6e579908ee1b9c3b2b70519ff16af3e4b2b3040c4512ffdbfc8b222da7d27e,training
white,1340,635bb19e62b1133a2f5e378163c758fe83c1b15aa2a7b57bf9af39acfa7bcd8a,training
white,1341,88ccc58478289d6072b9da289819f2f12cf58a921a2811adc0557b6b9eb28879,validation
white,1342,5203b75b9bca9c75f44011d29c2c7b8b3bae3f2ae5969391b1a008d028aec24a,validation
white,1343,635bb19e62b1133a2f5e378163c758fe83c1b15aa2a7b57bf9af39acfa7bcd8a,training
white,1344,c3012f82804bb00e2e3b6448d97301a9945dad093782c4f3c52322fabdf75c91,training
white,1345,47ebd8bb791342bfc25bd20358419e7c606a5eb3bd5ee111a57b854817992301,training
white,1346,c7694ebd48256a6f3437efded57ba41d315e3ba83b77c7c0045e898be6c5b1df,training
white,1347,66fe0872cc0650e02f7e39a3cc563f6220adcb0fcf119330080ce284cdef6ba9,final_evaluation
white,1348,2f6f3d7edadd46658a39f110d454f38581399ad56d2bb57768709c657dbea3c3,training
white,1349,91add354717b22df6c57ac16c8c013e474e192a480d476e8bcc4e581d0da5fa5,final_evaluation
white,1350,edcb55776f32326be49b28faef59456a9a1551b61bbd113ed2b22a2482ef39a0,training
white,1351,7c2731da92ce1cd5282481c2020e9b53b65936508a45a24817a47adede2629fb,training
white,1352,e8cbf3b2908ad586ecfacdfd6788f3d933db486007d5f361f3b03465dcbf62d8,final_evaluation
white,1353,e0dbbbc8053b12307c2269d7637e473ebadd177e1dc47f5f661b70ae3880131b,training
white,1354,ce6e579908ee1b9c3b2b70519ff16af3e4b2b3040c4512ffdbfc8b222da7d27e,training
white,1355,2f86d9feab8dcb6bebb8c5eb4eeb5fc4ef0422355332bbd60af4475d859a7c1e,final_evaluation
white,1356,7d7c192d408f36f9207438f4f879c68cf380a80caeafebea33f31aa8bb3a390a,training
white,1357,18dad205d5ecb34126e206796defa805db657a5aa9f06b2f636b327b5d981ffd,training
white,1358,2c06914e5878495478811e632a1a5f56a82c85fa12f08e9333e4a2559348279d,final_evaluation
white,1359,1409078f8ed459d98d7bc320fb46d4e525e90ef3ad0c15ff4ac2d446152b4351,training
white,1360,f7231a6513e34b77229c418caf77e28461ea6cf4650f4c7680310869bb279a09,final_evaluation
white,1361,95e94ae699e40fe64de3fa0406b7331fb03d34922844ef13038992a92d8c10b1,training
white,1362,f372ddebaf82a9056408198f34c111b52e12b20ec509307c5fcf5f7e9e9550dc,final_evaluation
white,1363,4d1fa8c4b4f218c260377fb4dd18837826d6fa05a51bdba29f9eb08d366a838d,training
white,1364,2cd674c923f23180f4da27093e30394073e16c526b2dbfff3dd0c1f62adff081,validation
white,1365,7d7c192d408f36f9207438f4f879c68cf380a80caeafebea33f31aa8bb3a390a,training
white,1366,7ce8287cb736751e8fabf0904d0664596a2384d1beac1e00047e822664b934e1,final_evaluation
white,1367,f29484af87b77c00b5a9493c40ad64f180632bce0e249f32b1b653642587891c,validation
white,1368,dae71f94dc61c03993d0be7d06a9fbb53d77ccf2fa73cea40988056def015699,training
white,1369,18dad205d5ecb34126e206796defa805db657a5aa9f06b2f636b327b5d981ffd,training
white,1370,fb9267cb7b60ddbc018d3e3f724ebbb6dead2f2dd4490748eb654ff6e1d138ee,validation
white,1371,60c82b10e3cc8c2c544e70912363d3c2ce37977aa7ffaf7b613ff56bcedb64c6,final_evaluation
white,1372,f0214766b250be2e10e168bf5b0d7fafc80ad28f2f4f9169e946998eda128e02,training
white,1373,7bd4a1070154d447005dc3609aa18a530793c6cc3657d46bbfc95c22b986a122,training
white,1374,7bd4a1070154d447005dc3609aa18a530793c6cc3657d46bbfc95c22b986a122,training
white,1375,bf1e1bc34da2c418c12e6c9c3ce0f988a5a4bbd3c3e3457024c30d2733ed3dcc,training
white,1376,26ec0c20e8c4d8aab603d72eb0e0072c712e82fe5a2b12393ef6214fc355f220,final_evaluation
white,1377,0640bae8f1aa3d4438af11aefe8d09de296dfb72762aca9ca2efd8fe0309b49a,training
white,1378,b90c7695a673c10202c574d78194498d21fc41ec60cbf72004a7bce4dca8163d,validation
white,1379,74700b97b6c0ddaf5a644ba33fd5f68685b3f63921250364ace97aa779c2f301,training
white,1380,354cb20c9bc840d9cb82518d3b26896dfe74d25fc3a16079ce14c745b8d5fde7,training
white,1381,3cf9f44ce2dfb72ceed26af2230b67070d6c0160dbc7f3af9d76dfa75353a36c,training
white,1382,5cacb3811773e7f94d09d54b937fd777438a759eaeaafaeb159b6717d7d8d225,training
white,1383,7f09f8f08cfd823cc4d2d84037216c10b88a11c046f9c85c8660fe6a906ef120,final_evaluation
white,1384,6d8c774a665126d76b73a8646b227f897742aed5177e693e0e32805b9e0019dc,final_evaluation
white,1385,31bd419111de2d759eea60b23bd96f45604f29ad1a224d4d88a4206f5493e052,training
white,1386,c5608695aa2bc89c1fb016084de3e8f8ee0bf15668ba07c5b3d06f8a7d2ac973,training
white,1387,6013aca0594512833051071925807148b91ef434ba6d33e22061e6f4c9dd5144,final_evaluation
white,1388,3308747ec3c9d1b464b7a5ed27b6c50c58a232044c7ef380c2242e861e4c28e0,validation
white,1389,17bc20b7e738fbc210fe8642476c9ac740d8844709132cd38e232ce0da8e03bb,training
white,1390,428e7ac6142806512ce844687358036fcb36687a93a71edb806d957ef7231eb8,validation
white,1391,19cf2e698938b60b42c6d31ca623aa9b57d26e3fc608249e08c4cd3b5cab3395,validation
white,1392,e267f0992892c7cbd8b60c25ea50a2ea53bc750dc07a1d628948a66c137bfdff,validation
white,1393,3308747ec3c9d1b464b7a5ed27b6c50c58a232044c7ef380c2242e861e4c28e0,validation
white,1394,f71996c13574fccc6fd2eb41a8e1573ae8d34006ffb431d33379d1d2840589bc,training
white,1395,6013aca0594512833051071925807148b91ef434ba6d33e22061e6f4c9dd5144,final_evaluation
white,1396,f4a35875780a0da058fe31d7d4d74caaedb67f406adf619df66c4f9b4b800642,training
white,1397,17bc20b7e738fbc210fe8642476c9ac740d8844709132cd38e232ce0da8e03bb,training
white,1398,6c4899f02cc37d23959b054e1f5ed545deae68d962036dc749a80e3c990c1294,validation
white,1399,6c4899f02cc37d23959b054e1f5ed545deae68d962036dc749a80e3c990c1294,validation
white,1400,16885d1fb0aabba8daa0a962ed08265d89bbc044654d89b68113d0ea8a421094,final_evaluation
white,1401,6c4899f02cc37d23959b054e1f5ed545deae68d962036dc749a80e3c990c1294,validation
white,1402,567643c0557f51fd22b38c3a63975a940c552aae0f69c0395c7a07a1e559eed1,final_evaluation
white,1403,85b4f2f03a92b47da68c6c1be5e34fa5d7475a6d09f33127bfa0090d5f4993a8,validation
white,1404,8208fab639f2dffb4b24bc0b66d6eaed6b2ec18e468f93b65a252cf4271890fd,final_evaluation
white,1405,0bca5529ec9516bec5ac25cf6894c5fcd745687cb9147e60bd3bae777d130eef,training
white,1406,81a379e45f17476d14e9000d3a6a69ee23bd690c0538be783e206d5dfa00f41a,validation
white,1407,4bb594f02d7af7309d7fda3ae72469893db1993e001183cccc3f4670c0588420,validation
white,1408,77d0af3268b7364383ee3ef1378ea176c26de6a87e12d450f96072ff806ebb90,training
white,1409,6c4899f02cc37d23959b054e1f5ed545deae68d962036dc749a80e3c990c1294,validation
white,1410,9add644282c889706be6bfd344c12b794b80710204f9942ed891ed04d6761219,training
white,1411,0a36369181e9d5113e9cac12ad34c39abb71efdee87f0681b991657b323cfa4f,training
white,1412,16885d1fb0aabba8daa0a962ed08265d89bbc044654d89b68113d0ea8a421094,final_evaluation
white,1413,da0d9b99a99d2b8fba31a3d755eec584daad0077dae33670c3d229c1f7fbdf7b,validation
white,1414,ea74f3f64d288c204ffc453ea72b5dce7e5e323dd691ef5a58c55120d7d600db,training
white,1415,d76c5c4667435cff85c68e6b91572523fada3a8d489fcd53387ec3035aa12cbd,final_evaluation
white,1416,6ecce987bd5fe4803423df5343d94016c009546330134ac69d964e05354c56d3,final_evaluation
white,1417,e48bca695d3721551bb72610ba078caec984c47137da7caad554c92d23f27db8,training
white,1418,2d9a314750fd205a824120e57e70d9545410b5a13301b7ed0722cb85d6b70002,training
white,1419,c83865fddcebc23ce1fc7d0d1f5bffe10eeccd81fe84e611703037463035dc30,training
white,1420,df89b08ff7bdb824dca5098c1fd78cdb58bf3c40f3c9c5e7a1e2f5f435313773,final_evaluation
white,1421,bc7f10c83464875c184f80b668513f5b7822d6ee4d3b80488edbdb526fc537f6,final_evaluation
white,1422,2246ff93aa83f10cac654997cf2c0420ada9602584a6f6516be615719c87e89e,training
white,1423,98b733de1357901451e2a2e315d4507d1a0cb9dbb560d3f857334dcdb4bf597d,final_evaluation
white,1424,0e14be72cd7e8a54222f0353a38afd8b6b26d1dd7e69835ed5ee857f9d9ad8e8,final_evaluation
white,1425,ea74f3f64d288c204ffc453ea72b5dce7e5e323dd691ef5a58c55120d7d600db,training
white,1426,cd9f51ca4487e021a9d5905c0094196ee5c0e7cd1eb475dd83f761c511bee6f2,training
white,1427,1a4e59f99e3e6cabf1946778230ebb018a432d66cbf08b2b15fa2410a71cd342,training
white,1428,29133582b10e71b3cf489a2d157937f8f25e6d3d230c236b95907defdbcfe0da,training
white,1429,a0af6d65167fe76d039b5750eac30a7fc4031b3b61b5cf5a0612808725d1383c,training
white,1430,6e0ca4fe6baf602d796820ead3cfd14285fbf797e3d3a1bf1daef1e64dccfa81,training
white,1431,6f8ad1fe0a2078045260b47a3f5aaf40e08bc431f83212923d9f90b766a85d9f,final_evaluation
white,1432,6e0ca4fe6baf602d796820ead3cfd14285fbf797e3d3a1bf1daef1e64dccfa81,training
white,1433,e15b9dd8bdc870f314e1369547f71afe11718ab67bd274cb50beb63fc845142e,final_evaluation
white,1434,5a942fe58d8b70c41a05c617f0892ce15909a92b4bdc96e266aadb1b82ed3a5a,training
white,1435,29133582b10e71b3cf489a2d157937f8f25e6d3d230c236b95907defdbcfe0da,training
white,1436,12a126936ba0a02625db4547bf171fe4797c0045d25e0aad810f853b2e3ccd90,training
white,1437,f16d5dfdebb313585f095d7a8d62afe8d44a3a98c420be966628bf1848dd02fb,validation
white,1438,a0af6d65167fe76d039b5750eac30a7fc4031b3b61b5cf5a0612808725d1383c,training
white,1439,e4b41e68a51f8ee94465c99785153e987df42d93e8cf788a27f9012b20e16712,validation
white,1440,bae555a5b6bd49fb7de3c34c6b19ed604b8bff2ddfd2151aec8b8f3621c3dcea,training
white,1441,d71e7c403c78adc89f2682fe0a3738e6a4439ed6977eb264b79922c8596a8ddb,training
white,1442,6d55dd10fa7fa3c14658807dcf9cebc7b78e81390aa16a3e3fb09926cf2b4687,training
white,1443,ac3c0d0e7607f34fd76a62d9a4ca695b5b36665c6696f8e6e7665ecae6770793,final_evaluation
white,1444,167ddaa5576988d8e5c9129fda80d53dba93fbf91d1eaaf05cd74c054b7bbf1b,training
white,1445,d0219ef522e6ddf8632049f3a9b5d1e31c3d62ada8050b9d8e395d50c76aee2a,training
white,1446,65e691246e892426ead1db9b11e8b49877539e80d78d71d81ed2ac27e4f99289,training
white,1447,f2e074fb7071947deb0a0f0f62f02ea758f144feaa98affb87230694ed209f69,training
white,1448,374b0d36a0aeafff3f46d9681f8ae69e3fe6dd57bc6f888eeb680e5052ab630c,training
white,1449,374b0d36a0aeafff3f46d9681f8ae69e3fe6dd57bc6f888eeb680e5052ab630c,training
white,1450,2eb86084a5561257e2fc7cbec929990b400ee1afa70c531692f14e40b65c4550,training
white,1451,d0219ef522e6ddf8632049f3a9b5d1e31c3d62ada8050b9d8e395d50c76aee2a,training
white,1452,55bb57fc73a5c18c5dd38090e95bf9aaf69f0dacc0a36e7d6a8055673d45f6ab,training
white,1453,d0219ef522e6ddf8632049f3a9b5d1e31c3d62ada8050b9d8e395d50c76aee2a,training
white,1454,acf12416d5b1da8c504a79ee61d807e91b599d96f6f1411ec3e68e1eb41c9754,training
white,1455,3b836e8c3752fbb5a73c8fbae30f083af1be41de2cf29768f5bb4a0a576fcb8d,training
white,1456,e08973113b0123b036cc28d764daaf80f1f370ab54355b0b3a1ab36b238f7a2c,training
white,1457,f2e074fb7071947deb0a0f0f62f02ea758f144feaa98affb87230694ed209f69,training
white,1458,65e691246e892426ead1db9b11e8b49877539e80d78d71d81ed2ac27e4f99289,training
white,1459,f1de446939e7d6007f6247ac505688dd8512c678dc4f083075fa891144336733,validation
white,1460,523f3d2849f4214f320f19813b46ca6dbf803c92fe593375e76ade949248fb9d,training
white,1461,c29f479bc0dc37df09f2ab70ed882c71ddac153297485ab37625b2f180934de0,training
white,1462,f1ae64a7b9bbdefc675bb1e18ff96f89591d3f740084de4833779da619a379ea,training
white,1463,374b0d36a0aeafff3f46d9681f8ae69e3fe6dd57bc6f888eeb680e5052ab630c,training
white,1464,25f077beb60a3864dcbb60a4a83b189364f0616919adbc62ef0a558f5d9da4df,training
white,1465,b68786dcfedfd1fe31e3d6093ec9e1fab6f17048ba114d5d0dac1388e580d82c,validation
white,1466,ff7ca65c4cfd063714f3401ce96dc1fe2c989e2f3ee5e5b56bef275b9b9e0e1e,final_evaluation
white,1467,2eb86084a5561257e2fc7cbec929990b400ee1afa70c531692f14e40b65c4550,training
white,1468,0df3c0be7c9d54b6c15dbfd2d32ade30b7965d622a4b56216982eb777da428ed,training
white,1469,aacf13f73a39585fdcba10bd3fe5d3128b71d3b8e3570c37a9fa32c71bab09ef,final_evaluation
white,1470,55bb57fc73a5c18c5dd38090e95bf9aaf69f0dacc0a36e7d6a8055673d45f6ab,training
white,1471,acf12416d5b1da8c504a79ee61d807e91b599d96f6f1411ec3e68e1eb41c9754,training
white,1472,d0219ef522e6ddf8632049f3a9b5d1e31c3d62ada8050b9d8e395d50c76aee2a,training
white,1473,3191201c4f2b5f126473aa0b56073f1ede8f1cf5892989d872e5d1f81644d5af,final_evaluation
white,1474,b276609c0c2fe8a3a20184af323597ea7a262429e61011c0fca4d1e679c6bc50,final_evaluation
white,1475,0a9ecc616df6d8a26964c8bd921c4698dccd7ff142660af6e9b51169e328c7f7,training
white,1476,287549334cf2ab2167d83b57dcbf83c5e9193977cdb72173be58bf2f6d12407d,training
white,1477,1eb93bc208cf7b03c3f82933a58e3a04f789593728c0a162140984371cdd6195,training
white,1478,6d31406318b787bdeb97d1e7b7cf88535e30c7642e5cb19e78f9e8eabcd2c41e,validation
white,1479,aceb78620b4d3408f221b270e1edca5ba8af1c27fb11d8a7afc48d8b775a66c2,training
white,1480,fb58c98eab3c14c791d39258b2e50dfd153f2b2fda3aa35799f4fbe742debffc,training
white,1481,287549334cf2ab2167d83b57dcbf83c5e9193977cdb72173be58bf2f6d12407d,training
white,1482,2c88cb440934e704e29afcb4bf6821d90b42bcf1eab82223da966c114cc834e4,validation
white,1483,dd218f1e9e7b9c250f3087f5c9158a0e1fb99fce504939cbe3979e317b932fdb,training
white,1484,0a9ecc616df6d8a26964c8bd921c4698dccd7ff142660af6e9b51169e328c7f7,training
white,1485,2fd594900c6dc9b0b4a902dbe1a3cd6da9d10ccb64bbf96bd066b7d9ef1187fd,final_evaluation
white,1486,83f3b4c44978cd450f505e4ad205402de3209b3fb9037af1961e855f9e535346,validation
white,1487,af30ded0e435ab5d75018dc8ba455f1cb3b0fc7985f0051fd91c1c1c33eda73a,validation
white,1488,4cb2b2deb42a90a47bd64c112314882d2a9cc746e9854b19f6d527ee9cc990cb,validation
white,1489,1f98531448009a48f26ed27c46c86199105d00e6129f4c043b8603929fd2565e,validation
white,1490,371b03d9f9656300a65cbdcdaee424b32afddd0ac86f7b2efd08d8435b5455bc,training
white,1491,5de132175b5c5daaf04a1faba7445ad9de20f9c63a0d01ac66ff468c309d831a,training
white,1492,51d2c96456765c02b62b9ed706a67dec0ed5163222df72b243445161249d57ee,training
white,1493,85395a06e8879731427e877a3bc0055156da5f3e66c4601019fcf2ba110394b7,validation
white,1494,e583506fb274ee5f2face1a500a76463db37bf0bba98b1e1a6c59e0b2c1ca6b0,final_evaluation
white,1495,2954173c04a0c8e453f5894cd2369e064bdf66af16c31602f3f69bcda229f5a9,training
white,1496,a16641b6dfb5195cc3d120bdd087f785a107e52d109687de50d15482e06a1ab0,training
white,1497,238b753a41811a1a03e9347763e12acecf29026f64f51eae2e487b91cbab6648,training
white,1498,3a89adb0d1e5483d327a91869d1fe1fdb28dd588cc570d1b2c3bf2b994c29f58,training
white,1499,c306cddd78a17b976a40e341fc8112cd7673ee698f54edb1e864c1a616af7b24,training
white,1500,1d5b791f67fda4060a92976157c38fc4e4bac6809d37a7b7b20bd57b28ee54db,final_evaluation
white,1501,d899e3599ad8aa1252cc5f71f623b47ef5655801847ac05cc900a652bbe4bd05,validation
white,1502,f8d2e24359475f3d767a2cb210ebf3ec459c294a592686a278b3d2923418983c,training
white,1503,e55c63f84989532243e33d8ac9a653fe6b4223bdbae3a62ddac1824818945086,training
white,1504,f868da18230c2962b1292d6464e366f469f74f946e82b624fefa99d0e848c8ae,validation
white,1505,b9c86cd9bb6bf2a8198ff333618d9af580b177e74ff857d4b8ba23b55de9d1ea,validation
white,1506,5e8e5687ffa54b8bdef29202201863b4679ffcb9e2977c16465ca625ccb6aa35,training
white,1507,08bccd9d46d4f6746d90fa2bd517a06cc0042df00a7d35e6f06cc3e7f21e5fc6,training
white,1508,a6fdca77c71068dc27781948ae3ed4856d1d89d6946fb66d0ddf197a25f38bc8,final_evaluation
white,1509,3d4aacd4d659097e9b29776c772179ede0b47a4b9a3e1a795e8c5b129e2887ed,validation
white,1510,3d2e0c298d4d348b731131d8e229510ddba3a14c2cc8ea6f7d90ed2d244e8a51,training
white,1511,c9656c372270db991a1b454c17da04fad9329312adef7d5b1bc53bf9b8fa5329,training
white,1512,389e51f5f8e6c4ad3eac2362c4d35fb6142d3ecf5fc612613753342ec3ddeff1,validation
white,1513,086880f2877ed6dce38c9cbafc35c380c236c88c4f63ad724fef0f5d36e813c0,final_evaluation
white,1514,60bf44c5260f37b6e887053ba62d12cab3948f26794d643a3d76d86b4b997f2c,training
white,1515,d899e3599ad8aa1252cc5f71f623b47ef5655801847ac05cc900a652bbe4bd05,validation
white,1516,8aca4daf9147a08213659d4f078608ed14a5d59d63145d96cf444081ad0748fb,final_evaluation
white,1517,c1164b274972af6839e6fa700ee7b0f4dd9201272d1e0c37316d5b3655d5a1b6,final_evaluation
white,1518,2032cf63bf895b48442bfff0cb6523cea8307f3a9fa1c940f6dcab89433fcd7d,training
white,1519,9fe6f154f2374a35fd5450b9ea5a784135f85c60e175cd094ba9a8e0ea83b2f7,validation
white,1520,f8d2e24359475f3d767a2cb210ebf3ec459c294a592686a278b3d2923418983c,training
white,1521,4920611070a08970383ba9f29f6d2f7ff47508e6e5f5b116e41aa5519c1850e9,training
white,1522,e55c63f84989532243e33d8ac9a653fe6b4223bdbae3a62ddac1824818945086,training
white,1523,e1830e1d77eab8c7b2e32a00f84790cac94c1b57f16f73a484ff7d91bc5d2332,final_evaluation
white,1524,09eff80035fc13b8ef48fada1727fb25a45b6ac8a2a7c33d700dd6f35e27b6f1,training
white,1525,c05b3323c79e29843209927b71e35cd81d27fcf8d2178b74eb0f43fe11276222,final_evaluation
white,1526,51c73eb6fa60d8e7041cba4de45653cfdec28946b99646a90228e3faa9e7e42d,training
white,1527,cc99d77ab20ae60c96a5c33cae2492bbd4dd3953a978c68918c12aebdc43e919,training
white,1528,b59392887f6ca8a0731e3c9ec17a92e1e1cc73b9b8581f86050b76870579363e,training
white,1529,b5774bd0172a0b1d2fb6b438d7804aed44c1b6a5835d417f2b1bb1365ca9da2d,final_evaluation
white,1530,c05b3323c79e29843209927b71e35cd81d27fcf8d2178b74eb0f43fe11276222,final_evaluation
white,1531,51c73eb6fa60d8e7041cba4de45653cfdec28946b99646a90228e3faa9e7e42d,training
white,1532,472698abf8b5334bdd7b220fcbcc914fa91c6ceaebb1d1c712d424bb173e9de7,final_evaluation
white,1533,e04d2603253b4562cf57a32cb6dc2464e54c285bb9d83371c1219cb879b808c4,validation
white,1534,75e10b9dcd308be900c2cb7e7eabba2bc68297a845206d6318ec5b206306d31e,validation
white,1535,88d16360bc8ec3683b32670e245937f3326764082219fef2df1cdeeeaf75a045,training
white,1536,8f7d07d1cf2da3db808ddc1d6517fcb08bc9e17a6ff0629ca56b760e6a285a95,training
white,1537,b201ba27061ca30962440de7c617526679994d8b2bb293f6b67af3f11ede1290,training
white,1538,945d27d18478d4fc75467b3b175ca25490a2da6da3d8c7de7a19531507da5fd7,training
white,1539,688e4290684ac05bbb5bbe6600618da3d1e78ad5832cdcf3e8983254c5a96d38,training
white,1540,75e10b9dcd308be900c2cb7e7eabba2bc68297a845206d6318ec5b206306d31e,validation
white,1541,88d16360bc8ec3683b32670e245937f3326764082219fef2df1cdeeeaf75a045,training
white,1542,2ac099836243409391e7e3f77807852243ca30750d25899808bd9d9ba7068b5c,training
white,1543,b51a127d7564762343de533551f808550c9405ae72a721032fce4458910604d7,training
white,1544,f9565af00efc306a8f6aa135d1130fb666ebe1c67ac092d138214f3de0f7ad03,training
white,1545,b201ba27061ca30962440de7c617526679994d8b2bb293f6b67af3f11ede1290,training
white,1546,9dae36690bfd8cca4ebd7b92a1aff17ed035eed405d0371ac586dae8304d894f,training
white,1547,f3093d9e7aaefb25806568c871f39e35ba6562dd5c64e8ac94492ddd2439fca8,validation
white,1548,39816119457f0af76fba9cb7a95f6690353d7671036684242601472f3859779d,training
white,1549,8bc9d8ff92f7cb5b26bbade470568000fe7c8bc85cbdf3830f63724adf2cc78b,training
white,1550,8f7d07d1cf2da3db808ddc1d6517fcb08bc9e17a6ff0629ca56b760e6a285a95,training
white,1551,1954b10820a2c9a8b099e96a9c31f7d88ecd932e7796f53de80c72aa809cbe03,final_evaluation
white,1552,6707eb7ca302fd2df3629c216975a48df10b1eea0b27bc40cec44c8abb0517c2,validation
white,1553,19fc07abd2c5d65574a61f996b24642b66856a56416cc85685afe12a9e979b44,training
white,1554,becaf65ce82c9e20756e727e0e806c9d65000f2d3f96217acfa900b9a9ad9b09,validation
white,1555,fa496c2a7f5e3b74a21994572e7584bdb54c145d5344cbd798c0a0fe38c60695,final_evaluation
white,1556,97e266a34b7a9a6e0c5b18779710971fa59f283b80701752c1b9721b1ea130fb,training
white,1557,bacc783cad5f719cfcbc83ad555ff3f70ad0d38d083aa08c35d15eb5c37eb760,final_evaluation
white,1558,1954b10820a2c9a8b099e96a9c31f7d88ecd932e7796f53de80c72aa809cbe03,final_evaluation
white,1559,b9190f9e020156b6c1314084366c5b647b3303d7ae0b814354c558c6195d8207,validation
white,1560,8cf0bc8d5d71de910b7fae46b56efa02dc9dbbfb86df5d1f45288d0588dd922d,training
white,1561,f13d4bf8925a3922ca7fb34fb05ecb0d016e3a1fad6895af07d54fabd13bcaca,final_evaluation
white,1562,2a09efcc6ff2baa487a62b1f955fd5d96569e3aa556cd04a27bd448acca8de3f,training
white,1563,7e6a9c7887a9ab82bbfa2eb36912e780be61604acf299284d49414217d8aafa1,final_evaluation
white,1564,f13d4bf8925a3922ca7fb34fb05ecb0d016e3a1fad6895af07d54fabd13bcaca,final_evaluation
white,1565,2a09efcc6ff2baa487a62b1f955fd5d96569e3aa556cd04a27bd448acca8de3f,training
white,1566,c2a1de29560b67f85a68838941b51fdc6fee4dd47670d0a79ea9ebef9901e306,final_evaluation
white,1567,8014f11f593ef631689de5631fffbf569ff7241b1d2b5f91efff6d33bf9a0664,training
white,1568,6ef890bd41a05489aa6817bf00356806eddf0c8dea0c26b8bc2619bdb6f94ba7,training
white,1569,04a8ec32a59ae771b015c20e65e49da61d2211ef90afd953b829092639e652eb,training
white,1570,54ed6427cd92b534bb25f3097d489716d2c09f81ba390649ea4ca12f2ac029a6,final_evaluation
white,1571,769031e9269f8adaa46f690b8e14a01ef6684e72476fee1edff6a7f9894a3b68,training
white,1572,04a8ec32a59ae771b015c20e65e49da61d2211ef90afd953b829092639e652eb,training
white,1573,7996875a2b05a78d11ea5f3baaca430a7db11d2ed0087960b5cffa6ec19d9b7f,training
white,1574,d45f3df2e2106772edb2440e63e820f9d12427d8e100035e9b0f6e65092d7b53,final_evaluation
white,1575,40253d92289c1a5c633b5265a51edd34e22626fa4190f6d4a1b9c53da7e606c6,validation
white,1576,d2b98f208563b8d2f2013b2ce6c08cad237489fdecc386964bee13d292a07661,training
white,1577,8f91dc36e888c3d9ffee8a8a968042a4a10bdad27bffff2242f0856cfd87f28e,validation
white,1578,149fb48626c5b1b1cf22210db42597661592c057e06940d3b08ee5a071cf229f,training
white,1579,b62da887ab79c75d4f754766abaafe4da561f71ba28e094bea20d397697c8b5a,training
white,1580,9471463b27914f4e94bff7ee4ee8d8dea2011a4bf0e199d4ab39175a3f70d267,training
white,1581,beff3fcb79d87666bb65d63b6dbe23f415ca7cc159c1557bd3199af7ffed6f46,training
white,1582,50ff0800399d7dd908664c19c4237aee57e97c370d1f3caa8a6bcb3039ae908a,final_evaluation
white,1583,ee6558c5c4a25f61123d25a8f69ba2532c6e3fc1b3fb08acca708009a9fbfcdc,training
white,1584,b62da887ab79c75d4f754766abaafe4da561f71ba28e094bea20d397697c8b5a,training
white,1585,fbeafc06ebb9f7a03e3b4b4987054a0c946e2c80c9e1fe3282530aaf7b4f5b28,final_evaluation
white,1586,cb4404784b06c6705d4abedc311fc73f59f64476a66cf873c872c62f0d58be12,training
white,1587,aece0fd69354d6ce7204552f4cdeeb60660db0605d28a347a510635921b80253,training
white,1588,fbeafc06ebb9f7a03e3b4b4987054a0c946e2c80c9e1fe3282530aaf7b4f5b28,final_evaluation
white,1589,cb4404784b06c6705d4abedc311fc73f59f64476a66cf873c872c62f0d58be12,training
white,1590,c801a4ff051cfab165436fbf3339cf11c4c7ce060e50ee9d069ffa884140fc18,validation
white,1591,2b87fcb6c128838628f08929b8087840c71c0f11fe8b84a350fa28b33f1fd647,training
white,1592,b83746bc63d47b4690795451898b5539d7d309a85732d37e6db959934ab93b0e,training
white,1593,de5f42fc520a2df74121ff4758eedafd315eb4a589956850fd7cb58004f90cb2,training
white,1594,fc980bc2c429e6fad59ccb6a2f2851602906570c9fb1640c6929c2fabfec0d8d,training
white,1595,de4f67d6a4ddceb27209f46cdec1e7c47049f1212318683afddc8df26754865f,training
white,1596,0337e76d9bbc498b43afa1f31abdb2175f1b26afc84fa3e731b5d93da9b5bdf2,final_evaluation
white,1597,170c919e1302ad8eedcf46d03bb03fd05a40dbf267377c1b2c571eb780340798,training
white,1598,0337e76d9bbc498b43afa1f31abdb2175f1b26afc84fa3e731b5d93da9b5bdf2,final_evaluation
white,1599,5fa097e123693d9608d09dbeb96f3ac32e8c4869c3c1b3caa86663bbf7c1bc30,validation
white,1600,f8376374479a627a04cf14658a482febfa639c6c774b687b3f5ce776cff8d157,training
white,1601,de4f67d6a4ddceb27209f46cdec1e7c47049f1212318683afddc8df26754865f,training
white,1602,7af783f042649644186df16853587691ac7f522f74e08ebcc1a3f136aa0839f5,training
white,1603,c7d1efd8b91241a561cf749bc3ebe124da94b5ac11dd0fe233370ca034859b10,validation
white,1604,bdfc700eb5ec7297075c493a77122ddb2ee45c397f7f6c18830869558ad56166,training
white,1605,b48937028bfe5dad96039b82c860fa38186773cec42257a36fc60b874a674db4,validation
white,1606,68548f53a35eb6ec4b4dfc4068fe89b163c45b5c15be9ad06fcfd1aab1242de9,validation
white,1607,b88837009328dc9732543032e0a69df9960d9368c71596f88c60895a9c4c13a0,validation
white,1608,314228d5d1e3dfa4b5c6c1410ab2e28b148281d6df5964c23ccc30b419235ebc,training
white,1609,b033af921bb010d65bd3ca1f3d880a3d352035d6281263c6e3dc61817b05958b,training
white,1610,f298601ae0b4b5f19982702adca48f9182155d2d08534ef182472ee5fd718094,training
white,1611,b88837009328dc9732543032e0a69df9960d9368c71596f88c60895a9c4c13a0,validation
white,1612,db0d2a9346c1c18a15923f6f3a5cdd8be64ba9e278e711c96c86075341fb56ee,training
white,1613,f08bd87f087535155a89c780f372911d9e28b3c123ab2a98efd4916feab127a5,training
white,1614,51884d6b3def2a5d528cdabdffd22fbe2cec769caa86b2ad76d982f2bac6fa06,training
white,1615,619741e6897e742d0de9548c616e47b379a79af12d13fe4360328a423a18c340,training
white,1616,50b561a497b16b632f0a5bba00960ee00a1d88ada1d6afdd84d8ff81b46a9292,training
white,1617,3695c4c46a3d98ebd2a6dc61411debec832ea9da1450fa74c3177844f3ada1c0,final_evaluation
white,1618,a8ab75268e79d8b8649b6083872a3c4a657607940cbcdb6dd9794316de5b1b1e,training
white,1619,96ce7d5f35b3b8acef934a57b7bdb7d3dc126724933e88a437f8d8c562834a88,training
white,1620,e0bf566f57251ae4e4b9342b09c39286956bccb574582d7560b73fb536835d2c,training
white,1621,f08bd87f087535155a89c780f372911d9e28b3c123ab2a98efd4916feab127a5,training
white,1622,d23a2f5e74a576903b119f508b0de47d39d3a3aff635235d6b0b1ee43951eaab,validation
white,1623,d4dfbbdfeb6c1b2cb622d783604dd1d4e28ba2d27225a2dcd7323ead59e1812b,training
white,1624,1592dde23eec2c133a2df971daa9ffc4f0722fd554bd43d639115fa87f16eb05,training
white,1625,9ca2221f8d2fe919b6e5267a624e0da0b3fe1abce1025562c1cb19321de1ad0e,final_evaluation
white,1626,1d3a1f3829e5a9246533b65382f2a1fc44fa970e29af71d711a0299784a18d0a,training
white,1627,bf46163eec302cebdc64c155fe1bc2f29f012b00824bab7440afc5b2160c17b3,validation
white,1628,d23a2f5e74a576903b119f508b0de47d39d3a3aff635235d6b0b1ee43951eaab,validation
white,1629,841112adf5eb139cda761ea31b4c308c315c6f1d70a13267d47df234b54962d8,final_evaluation
white,1630,e07fa29c73802e67170f183d54c9d8592e900a6b1524c6198e217834eebdf9d9,training
white,1631,63ab5fff3467c220742d799ab3b5e7ad7f5000d69f3bda4eaa9b6f29542958b4,training
white,1632,841112adf5eb139cda761ea31b4c308c315c6f1d70a13267d47df234b54962d8,final_evaluation
white,1633,04027d02d9886c415a1711b382ada75813a07155295031cca14f1f6417b95139,training
white,1634,f199139f89fa7b5d05ef3f7cf44a3270bf3d9a2b89dcbee5f857b614f74aceaf,training
white,1635,dd1001e45016e8afed2fbc8d814eaaeca449aaa1810228ad09095454c9a8ea9f,validation
white,1636,f916560a66c4a7a4829031a557acd855b48bf5900ced19f629523f4956abc73a,training
white,1637,d54973a862f3bcf366cccba387059056e78bee65b0566606a8cca87417d9d1de,training
white,1638,005c7fc97e43355fd5f50d748dcfc6d792d1f1acac8c8f11809c484d8968047c,training
white,1639,f9b23511e4e755e19555a4880a17d62b3a5fb938902ba9ff7aa8e349fd304041,training
white,1640,42d02f185a9d4f6e0cb8baf4f08eef3b9665ab384871cbb3bdead191837cce9d,validation
white,1641,d54973a862f3bcf366cccba387059056e78bee65b0566606a8cca87417d9d1de,training
white,1642,3437a901c1eb43b404225f0ce91ee05c22aa38238763c3a0597faaabf721f0fa,training
white,1643,896c32a8d257382084780b58fc14c5585dbc4fb5651ef4720a9465af4ac70a92,final_evaluation
white,1644,8c7a61223a48a00020d77d36cb4bd3975721492abead84c7a05e8670a7108121,training
white,1645,896c32a8d257382084780b58fc14c5585dbc4fb5651ef4720a9465af4ac70a92,final_evaluation
white,1646,01797781d8d8c371e9a75a76dc0e8697d7828dfd0e6b3f1258514178ab162cec,training
white,1647,3437a901c1eb43b404225f0ce91ee05c22aa38238763c3a0597faaabf721f0fa,training
white,1648,183c883d0064fbca5c3834080b6c933c07c0f458197152b94feb664d78d43ea5,training
white,1649,2d3d5e00cbdbdaa7fa683b8cec8fe887cd8998f1352e52ecbe0dd03fc86b384f,validation
white,1650,0652d2ae8b86c22f531537e42dd648ee3e3b3ea2765f8c471f0f414ccb20cd0b,final_evaluation
white,1651,20f8d1910117b552594c2f5cefc3782c6bde00696ab25b1e5fbedf57ffae7541,final_evaluation
white,1652,e1fe2332a06079ea543fc72f719b6750f2a1128afd9c220623c80d85f9c48b38,final_evaluation
white,1653,8bd2d92159ed09dd5aae26df936d6ecfad53b276305a862771064373423dc208,training
white,1654,551558449dc50408644b6237da0fa11e271c3fa1e7d1c5bce53aed464b36d6fd,final_evaluation
white,1655,ebe4db6dca3a4a440ca4839ee835e2348f0a51ef8ea0b36f0c3014556b3a5014,training
white,1656,9264cad7ee9a42347a517d6739e28497d4d54dc9302592ad3ef3b0f19dafb406,training
white,1657,e3358e715930a7692fc75bbf5d9bab0c7a161bb8a6f164c8bfb9bb968c204841,training
white,1658,3e8196a5891f8ad74aee637550f38f4d1a879c31543794f95e470e3617f5f951,training
white,1659,4e65f466d9e61ff4435d408b081dd7d1625422dda7576a79b0e091ae74c83164,training
white,1660,75e7685020940857986835d503a419e4fa98836a1d25d8563589b90834e2be54,training
white,1661,d89e3260439ab9b5b40497a2d4915473541a812586b8b5fe0e59b2b4fd1133de,training
white,1662,bceb8463a0989aaa651ae6392de428cbe244240f5c8ef59961561feb21fe8c9d,final_evaluation
white,1663,464494202712e0a8ad9bc05c3a62ec82e1a29db878aab8977a15b682ac06d764,final_evaluation
white,1664,551558449dc50408644b6237da0fa11e271c3fa1e7d1c5bce53aed464b36d6fd,final_evaluation
white,1665,0a018e1573da1196cdc852b14eb1a95cff44b824eae45399dd9e6a07055bb010,training
white,1666,d38ef55704586a262cbf42efef66bc812bb8cff722cf8054d873b338a9dc0599,validation
white,1667,8e58a02eb8ef1a526d3bba02e1edc126bb5729b26830d022d151e5e4633b343e,validation
white,1668,37cb30de3ca486f68ab3c6e22e049e31655e93abf5373d6c7b3131e731f636c8,training
white,1669,ee1757288ab0f7ff3d9bfc810674fe7d10549dbd6bc432cef516bf62689eeb0b,training
white,1670,7b42a4e1899fd0c4023be7201ba5e230732a80b80dd5d079c59dba30111397fd,validation
white,1671,0bce0ef722b46d092472f2a54ca39719130e899860e227f0b50fa00a231fcbda,training
white,1672,d76440a18783480fa049b541f77afdf07e8c3b1845f7330598e4b7b9ad16a8ce,validation
white,1673,b6f8f38d7d8af2cec42084d6d1912bf3366fb4ab3418d7e2ea309167ed61e4bc,validation
white,1674,e6d2db6c5039909e98ad6aa2ec7b6a001eefe87fe471fb3fbc44379307ddc5d0,validation
white,1675,5db489076def221c6ec32c5b5257be7325000b9c7789f9e3c3bab5db0af3bd27,final_evaluation
white,1676,4fd5f82ed684c99886f4f4fdcdf34800f7ef138bb209e9f43e38180c51945054,training
white,1677,d76440a18783480fa049b541f77afdf07e8c3b1845f7330598e4b7b9ad16a8ce,validation
white,1678,3b4b4e51198247444f7956efafbafb99f4c59e067e5be1feeb5fc39b0bb9c3f2,training
white,1679,15bd038258b88a8e06f19a5f4948344dfbc8e843298326ee807c5ef816c1ec75,final_evaluation
white,1680,dc63e67278cedd31d6a65299a17064613b346f38217956f65e012e09807581f5,training
white,1681,bc7811160f868d97868a948c54d65acf4987a972bd531551b5de685880461f7b,final_evaluation
white,1682,a778722f35a7c96a6a73ccc392dc9a753db3c33b56d01ce0d86cc026addca287,validation
white,1683,5cc1894ea8d58af5572b166055f7286d646e0a1d3f5becfee7514867a335ed68,training
white,1684,5cc1894ea8d58af5572b166055f7286d646e0a1d3f5becfee7514867a335ed68,training
white,1685,9722e94d971dd824b581e8a21f67a3f7faeb53e53c592221454458c194fe0420,training
white,1686,5cc1894ea8d58af5572b166055f7286d646e0a1d3f5becfee7514867a335ed68,training
white,1687,48a44967396a1e2db305f09a035d19db7ceea3670c9875c0c433a9d1767746de,training
white,1688,9722e94d971dd824b581e8a21f67a3f7faeb53e53c592221454458c194fe0420,training
white,1689,9dc1de72ca6c70e43901602fcdf96dbf8faa9764e399d32742cea63c64d1d3c3,final_evaluation
white,1690,795ad799dbe2df395d829b6b68e95e33372621e5fc9906685c5f6ecc76cfad2a,final_evaluation
white,1691,29dd965a4be4ef6c02a2ed8a9bbd515d829d50b9f1a6db7d05236ac2f6a7cc56,training
white,1692,5cc1894ea8d58af5572b166055f7286d646e0a1d3f5becfee7514867a335ed68,training
white,1693,e55b10d24ac3154729c0bdacf934fb4b462ec969caf601aa440d5ef4a8b77628,validation
white,1694,c2eca882d43a8da7a7289dbf71a716bf2fbd5031aeccd2f300416cf5580fe4ad,training
white,1695,e3360a7dce27c446f9c662775d32a00c09e8b9b4eff3fc67070a5a4c74015172,final_evaluation
white,1696,190efd6bcea4cb6b72c692262867129692cb9c2218fe4540dcc93e3b15a8f879,final_evaluation
white,1697,3b21071317e680f5a464f2327c846de3a8abdfa2bc08f2923f2eb4b11c0849a4,training
white,1698,d70f1a8012034e334059733e0cd6e66bbf264c383958744dc11322dc81280934,validation
white,1699,e55b10d24ac3154729c0bdacf934fb4b462ec969caf601aa440d5ef4a8b77628,validation
white,1700,5673b4bd6f6eb5314d7ca6d91f75027fc5ccf2b4348598678821e4a57462ec38,training
white,1701,b6f964fb9583d671fa5d6f5aca53d8055da252626b764675faf37c6065c5a2f5,validation
white,1702,74b1ed6c3933275534afad8b3c2fbffb37a0a330db3d0c54f472f5973d05a281,final_evaluation
white,1703,0392d23ffe10eb1d1f6c10d90eaa40b9703152f67591338f7080deb45639f57c,training
white,1704,535190c3782bc2ff300089e3a8b10eabf2a5e2c50394664faef5c4cbcf96ee4b,validation
white,1705,1fd3589abe0beef613e854e299e1ed957f61e20ffa6ff2cddc12efa24b152b13,training
white,1706,3f682e9cd9699f86f3001da58abe13c776cb113be24aa41b09dbd1a82f4add34,validation
white,1707,c0be38a86ac9c2ef7ad9d6d7ed23eb1f8282a44016cbcf6af64e073f66186a45,final_evaluation
white,1708,f2de70947bf2ac07122ebc22850523be805356d6cda2b8b32deb7b4677566e1e,training
white,1709,5dda7a659bf8bcd7c6531450bbe1f4b04f6d7841d269abbd405a0f3fa1b5af51,training
white,1710,e16aa3ba249bc41603094f9423e1a7dfeb54cceab3ce731a55190bd563944c8b,training
white,1711,f87325f31c691fb52822b168d4b4443eb274d6417f81ff5dab38242485247806,final_evaluation
white,1712,a72cf6d1a2da26447b80eabd2565d56fcfaf8b4934af2b617dfd2d9fe36b4683,final_evaluation
white,1713,11cc29a4bf96c5ab5bed1aa368fb4f898a5b2903f37aa33ccf341b5a92376dc2,validation
white,1714,b82138b826b6f5af7c04cb13c2aed3e5ff57f6df5f338274eb86ba5dd0ae9fab,training
white,1715,74eb4482d41f40843674343b175218d4109c0b36ec6b2c6d6fe7204e79ea1f6f,training
white,1716,71fa6cf40bb1ee102b17cc9bfa698bac769235e9543ad73595e9f2f24662fb8a,final_evaluation
white,1717,4456b62fe9feda75375ac9f06a591d94bac8b45fbd37fadb788b60ed075a7bf5,final_evaluation
white,1718,309304e500db96efa4128d738877139f9477b2cb6cc71b56b597561ff1fad976,validation
white,1719,60a57c0245f4198de397430be7c3865cef35bd68954f75e63b5ae0d59840e90c,training
white,1720,ed96488570ccac5b9773facd7f5070a45a4e217c0651805acba5da80109841bc,training
white,1721,549f7fc0cd299efa209f5872b6a054a3e932a472829a70397df3d26418ed8a77,training
white,1722,af5ab462334bb8210b5e214a25cc7b6f0c3d9e23b87ff626ab39b3c8238a254c,training
white,1723,d55a99d7fe4e24d4cb4676a190d10248331f53b6c2c944e81cc08370417bdd28,training
white,1724,71fa6cf40bb1ee102b17cc9bfa698bac769235e9543ad73595e9f2f24662fb8a,final_evaluation
white,1725,84dc6d0f1c6708589c5f1485068ca9fde7bd1abe56bef1b637934749807ed200,training
white,1726,3a04baf3e0a75173c4506baf9757bb50bfe5b9d8afa030a7c5e382ba8344b026,training
white,1727,118d9e32da992126db344c73933d19edf2c6575574ba5703c5ed1e23346effc9,training
white,1728,938e4413fd36fcc4ae57006bfa05f3d5503b7aff498b797473fcc7d3e1ff3a4e,training
white,1729,74eb4482d41f40843674343b175218d4109c0b36ec6b2c6d6fe7204e79ea1f6f,training
white,1730,544f06bf94e5c009958bd0f9902e09941757b08e9368a9b16035b540e606b087,final_evaluation
white,1731,53ec4508944fe436fb34a2aeb00419b63a5a6d035e01f307028fb38d5905d1cc,validation
white,1732,5dc0612e64d2eb240010f8a1f0a85a8b1be05687c5c30a6c441125960772fbf3,training
white,1733,82255ba74b1a5b08abbd4d7f38ba925fbf0fa8cc5f5e5c0d87f53bde311a5924,training
white,1734,210b4f00bddfb71c088cff5d3a4083ab146a35fd22f847b6c4a996d64c3f6888,final_evaluation
white,1735,758383af408b70cf7061701639432bb5ed1b109074d7504cbe2e059b4ccb70ed,training
white,1736,709c7c2a758ce7cd3fab3dca3f1fb118adffb869ac910c5a238169aca501e853,training
white,1737,5f669e85e0f4efc483c587abd2cca719d1cd516217592e4d73e0158d249d9912,training
white,1738,758383af408b70cf7061701639432bb5ed1b109074d7504cbe2e059b4ccb70ed,training
white,1739,2d8d35db0a1f852ac82a53b871cb05940181d733ee1f72bbac6df4d7d12a2e6f,training
white,1740,e12c4aaeb8b39cd4cd1cff983d8be7e5db75a1e45feda75b041080c97b823e32,training
white,1741,06a97228307087ace5b536a61a856a0fa567733fe37c95fe70c4a5b8407150d4,final_evaluation
white,1742,4d7930535d64a83d2a59f1cb699676c8a40214989660ca5f67f6d5f86b72af1b,training
white,1743,00f0d26c166b10013b151f54fee4e188ccabe3c94e005c787f06305a41afb83f,training
white,1744,75c7f2ae9b5799d194240e8329e0d297c8ff09432c5d9339ad2acfe107efd1f2,training
white,1745,2006c7fbed8fb3cb07cfc5cad40b2784da78280c5814dcf15bf088fa33cf36ef,training
white,1746,9542f52ddd2962f4ddee796e20d38d38b921c4cec45be4b996808d0312698da0,training
white,1747,216ea70bc8d9d84d03eb4181722bd64ae1e97e25244f13bf97e739738b0314e9,training
white,1748,75c7f2ae9b5799d194240e8329e0d297c8ff09432c5d9339ad2acfe107efd1f2,training
white,1749,97a9617af3cba262ba0ddb36e249adb1976104a988f11df8292668ac1fb1934d,training
white,1750,6b747ae5252fc6cc826707b790f5964bc91e07360de76ca56c3324786bba8a13,validation
white,1751,02cee7454cb3d724aca5fd3429adb25757894b49ac71e3af8f364d167cc7e77c,training
white,1752,e3c04e96ac5ed811cb16faea13ed7b47c11ec0174b509a2d141f2b449121537e,training
white,1753,7e0a5123d2d1f59b3bf0b26fc8000791620bb5bfb74c641d566e69e2f4b32a45,final_evaluation
white,1754,63aa073495dda74f59d73e70d3a744a0120b152684aa03cb78376cde3086aff2,training
white,1755,c27771f6e88e58fcd410d913caa81819fcba59ac63905a0aea8d10c487dba324,final_evaluation
white,1756,00f0d26c166b10013b151f54fee4e188ccabe3c94e005c787f06305a41afb83f,training
white,1757,0fe709348b45c2d8b67d17a0f0ed2587f01f0d36870003f566c38f2cb660b3d5,training
white,1758,721c76e6ab2c1bca8b4ce3464de64739d0dcc4c118ccc3077b79a83f0ac8bc9a,validation
white,1759,bba484ca76f22644b0ad25eeecd52c726af901277db64630bd31f6552610d7fa,training
white,1760,991a0d7964ec2a014ab527c085847eb1ab3e030adb51990d7c4329c5e3aec74f,final_evaluation
white,1761,15f4fe6b3c724672ec90d60d30cedf1caee4e8a7bcf15b0a2d2a1c3fee8ce7e9,training
white,1762,ad2334f34fceac84448d81ec80f6ea5e357f5c1ce1c629d69c4e84322ce6fa5d,training
white,1763,8f7b3cd5a22ef6280261c1f36b57f7c025dd6cff9402200e2db73bf7905876ca,training
white,1764,44430b64eb63d5d144e90b387a03a233a8d9caed2c287b20b7fde1c98342825f,training
white,1765,0fe709348b45c2d8b67d17a0f0ed2587f01f0d36870003f566c38f2cb660b3d5,training
white,1766,721c76e6ab2c1bca8b4ce3464de64739d0dcc4c118ccc3077b79a83f0ac8bc9a,validation
white,1767,ad60caa554d3d849e861f83e4ceb5a72c12c1e8c0ba31cf690dd4227942fac9a,training
white,1768,6a2adf69c1cfebc102bf193bb8a5904b463f2e47a48e0f99535b138521b634e9,training
white,1769,66d2ed7875cfa89f46fe0c2a14d3867e86f4ae3e71d2640e2b368ba0fdd06d6c,validation
white,1770,2bf40005a5585b98e777e70c37ddd95fea6e49441c0d362b565a08ad7fb5fdd5,final_evaluation
white,1771,db0cd425f6a045012a65aa86e15dfec58223d2d1687cca0945747a3334099c5d,validation
white,1772,2e7ddbb16ffbce61cb2ff04f150007420da87a84940f313842d22d54b6cc66f4,final_evaluation
white,1773,c675ef5220442b2efced2b13568909f4142948ffc5252542c10883ba84e17ff9,training
white,1774,db0cd425f6a045012a65aa86e15dfec58223d2d1687cca0945747a3334099c5d,validation
white,1775,08010cc979d9a1c48f0c21687f8dc0d9dbd22e9559c05da15532559d726008eb,training
white,1776,5a5c488a2d5c34d30e80da7f6753d80b34badfb6bdc3deac1526dd895d2f6272,training
white,1777,40dd85907852e8148427ccbeb641eee5a2b900c1d2c9b77e4701db18954a11c8,validation
white,1778,2e7ddbb16ffbce61cb2ff04f150007420da87a84940f313842d22d54b6cc66f4,final_evaluation
white,1779,01b0fd0befeed0afe220e567ee0e9a7634c7303affbcfb15a77c4d015167fb86,training
white,1780,01b0fd0befeed0afe220e567ee0e9a7634c7303affbcfb15a77c4d015167fb86,training
white,1781,d386f8b27b94387f4d6f4a65d0995bdee3ca277c3ab2c97587400ff636bd8485,training
white,1782,2624203779ba157498e7e035289120db11b74cd0028658f7be80e19848946112,final_evaluation
white,1783,de75b0c9879862dedbf2c3d8445eb12ff4090482b01e8d09ac54907f38d9e3a0,training
white,1784,ee3f2e473112679fe61a413d2d422b73824024302d3d9ef2d0506b5b74fe3508,final_evaluation
white,1785,fc5dec6e0135d5068342df3f19cefc604472bee611eb37bca44e4882ce992935,training
white,1786,de75b0c9879862dedbf2c3d8445eb12ff4090482b01e8d09ac54907f38d9e3a0,training
white,1787,5710ae8a73787f05ee518b9f9ba2dcd61fbece8b2454047270da1a0e20aa08f6,training
white,1788,6d170ed0337e610835c9fb43985905dac54cefcd83cc887ed4e14210ee9926fe,training
white,1789,740a742aa00d41dc5e1242da0232169c65465cc86fae87aeba7821e08cb639a0,final_evaluation
white,1790,9ac54bb3319f8ff5e4ac2c3259541f0230f35027bacac8850d35ffb333306691,training
white,1791,b58dd26879f40fa0f4b2d70e2fba6a3b312a8228417b6f6d0b807f343aff573c,training
white,1792,3e2843f0aa0b08774aa5e90d562fb151115691b432fdd90a4d08ef831c386604,training
white,1793,85560fb29a06d6ecd184415bfce553fc9b40f840cfa4ef1d38da437faaa84654,training
white,1794,8938ec7e55151d9d47fd93567cef130d6d0a486b1e221accbf56058135b2eeeb,training
white,1795,2f9777df3fd8a8fd47953d218dcdfc82e69238bbe3b1dfec6f503c859ccc4d92,validation
white,1796,882634680e2af0bdf0657f66aefbfcb0cc0d148f38f02edb9c42a825338e8110,training
white,1797,af3a85f9957413aeea295479831723ed0611e06b5b1612d56cd6f8c1a33e4edf,final_evaluation
white,1798,5c90bfeb052508ee06ae5ad400d588d9d9b9f14cc791120724e4c01bde900b86,training
white,1799,7af575ffde78a0f33c6aad5ff349a258fff40928e6cc5129a91eb033c9cc962a,final_evaluation
white,1800,2e83b88247851492bfbf14d8934310e564e424aa9bf7182c3321aa5ec7101289,final_evaluation
white,1801,9f562599b3ad9391f393f095decb5569038676ade5557660eecc8143f1863317,final_evaluation
white,1802,a9c92ff9dc9ab9cca1014b8cf197e1eb7ca38ff69232b529357dd6f3f24ae60b,validation
white,1803,7af575ffde78a0f33c6aad5ff349a258fff40928e6cc5129a91eb033c9cc962a,final_evaluation
white,1804,2e83b88247851492bfbf14d8934310e564e424aa9bf7182c3321aa5ec7101289,final_evaluation
white,1805,9f562599b3ad9391f393f095decb5569038676ade5557660eecc8143f1863317,final_evaluation
white,1806,2332a4f484b7148dff57c047327eb7342d41eb85527eaee5415afff882c04310,training
white,1807,946f9515c6ef250127006e1ec4c14efeaa016d505870547210c1bea11bebf737,training
white,1808,eda2b8f71ef92e95790517b7e6fbf1625c022ab76cbeedfc176466349ba0281e,training
white,1809,2332a4f484b7148dff57c047327eb7342d41eb85527eaee5415afff882c04310,training
white,1810,eda2b8f71ef92e95790517b7e6fbf1625c022ab76cbeedfc176466349ba0281e,training
white,1811,28568d608749e1a905fbd6d6ec7fe188daf5fb02df3651b9377e1cd65a1bd8c8,final_evaluation
white,1812,946f9515c6ef250127006e1ec4c14efeaa016d505870547210c1bea11bebf737,training
white,1813,682795a0e113c093e57e4bf25606d10c5e42852cdab47f26d578e1e8eafbcf09,training
white,1814,50307d83d633473228a2a5f9d6f9bc126948175def33398d0a9a492b56f12bcb,training
white,1815,5d8123300405b8e04dad694aba10732fc7d30455ae051c8201d6401176a7f3a1,validation
white,1816,ee822a7a81b5899c0001b8cf0a4bfa156d78c347ab5d91df9de380f3e06b19ed,training
white,1817,0c922dbc4210bb27e1ab82f2c28572f15b6b378c0f10c77c0ed358ed4feb7252,training
white,1818,ad79ab4a73f51c978b0d18b5226becd85e15dd0af294e464b3388590ddd492b0,training
white,1819,2b40b976f36e36cae585a87f7c89f8da0afa0ac0552038da552219ebaa376f32,training
white,1820,fda3ec4e8fa020a9facfd2e1a0c28ca08b8fcf89d978ba08154ea37cb9bb21b3,final_evaluation
white,1821,ee822a7a81b5899c0001b8cf0a4bfa156d78c347ab5d91df9de380f3e06b19ed,training
white,1822,df9cbd9a51629aac93fbe48402a173b715d62d2825a3c3e55f0e8af9a4941f3e,training
white,1823,5d8123300405b8e04dad694aba10732fc7d30455ae051c8201d6401176a7f3a1,validation
white,1824,9732d8378da4990b2d177c879ac8fa316ef28d66f55983ae601a2f827424e92e,training
white,1825,2c28fb22456a7967fa4f1c18fceb8ce524bee4b1b144fc8faa8e17e73fb446fc,validation
white,1826,fd8d144fb5a29c919675600d9a02aa250351fdf5eb76c4ecc9f5a260346a8a42,training
white,1827,2c28fb22456a7967fa4f1c18fceb8ce524bee4b1b144fc8faa8e17e73fb446fc,validation
white,1828,9732d8378da4990b2d177c879ac8fa316ef28d66f55983ae601a2f827424e92e,training
white,1829,d13a0d963522a4304ed6c548f6c4868a496ba11a3e6a4599af16188b0701e04d,training
white,1830,25af36c4a0b8f4bdda3c5ce111996fc09569186f794b4ff0101777c182ffe9bf,validation
white,1831,25af36c4a0b8f4bdda3c5ce111996fc09569186f794b4ff0101777c182ffe9bf,validation
white,1832,d6198cc732d5d2bf1abbce50d4bfae2a9cf4e844dbae674691a99d3cc1c1c13a,training
white,1833,25af36c4a0b8f4bdda3c5ce111996fc09569186f794b4ff0101777c182ffe9bf,validation
white,1834,d6198cc732d5d2bf1abbce50d4bfae2a9cf4e844dbae674691a99d3cc1c1c13a,training
white,1835,87ff0de3997b8dcc625009a836125d315462ab10795047acb765411acf8f9bcf,training
white,1836,a04e09c117324bc384646a13caf8416051c8335065a61efdeb9e129c7da83d36,training
white,1837,3ab91c131cb6afcfaae45f1fd2bc46e1d8cb0c37eab40bc5c2a7f9679fd341e8,final_evaluation
white,1838,8fba24050f11e4888772d00bf304a087769b8ab87a2d50d9341e60c1b3823762,validation
white,1839,e87f62fe2f788b0c9e50f6713ddc8c25342da6483a0436e80fa8bc724a385c3e,training
white,1840,3ab91c131cb6afcfaae45f1fd2bc46e1d8cb0c37eab40bc5c2a7f9679fd341e8,final_evaluation
white,1841,0d65874fb9aa71ee3d7c2d214579f64c47641ed8541b92e7995016882e272b9e,training
white,1842,8fba24050f11e4888772d00bf304a087769b8ab87a2d50d9341e60c1b3823762,validation
white,1843,b1eaabaf69f47a890fe7439d3a17d606961ebe5b66b39133bbc5cdfc29617085,training
white,1844,14ae62e46d31f0e0479d9faeeebcf69a304254c1ff6fbdb4edd0c2eddf86e96d,training
white,1845,7cf7f7b750f03905483452aa8c7e562dc1be97029ea4dd08ca2b13f1e58c8a0f,validation
white,1846,1347f4895d7cd06799ce0fdd8a9810c0de8be179309bbddfef952f5d30c8d62f,training
white,1847,56213e585adcadb861c16b16f67b2bda9916cd8bfad49d8657bbceccd1e7bf24,final_evaluation
white,1848,1347f4895d7cd06799ce0fdd8a9810c0de8be179309bbddfef952f5d30c8d62f,training
white,1849,bb83d6845cf2aec59695eb01cf8dc51b0fa82bc616ee8080f3e953540fbf92de,training
white,1850,38a666c2d1cf924a97695a0d64ddb5bee59efd874bdb5aa8db4141c7cb3a3b76,validation
white,1851,f71258f770188ed9f090730ff91a350e2a4346b4c82e475b1a02453872c985f6,training
white,1852,7cf7f7b750f03905483452aa8c7e562dc1be97029ea4dd08ca2b13f1e58c8a0f,validation
white,1853,e5550a6b9480cf22b514294706ab19c35494a3ec357ceeec1966f44f7dc4776c,training
white,1854,69df263bb7399592c5ea087c6c8830611c8629489a65b779701e4ee01d3460b5,training
white,1855,c7dc0e88f7a2cf9d32f4d2c4fc073e4f8f4751946f571def230f09f9ecb011a2,training
white,1856,0f2fb14a0e2b1e116e991b351273f88552ac0d79893d525a6cadb5bf0be67b39,final_evaluation
white,1857,5a08fa4ae7ab015f7d4e5e30b3e7bcdf0fe1af4db41fd7088d8ca4ccae2c3d34,training
white,1858,906cf5bd45e6f8274267f32a399617d2b569fca39e3d3486731a6af492192591,final_evaluation
white,1859,ba95f4e8ddd0784f72992f6c88ce9de7ff9c34c3f9ec5be359a676e2dc4b9bd1,training
white,1860,0f2fb14a0e2b1e116e991b351273f88552ac0d79893d525a6cadb5bf0be67b39,final_evaluation
white,1861,a4e425a4cbeb01c02d01a00c062e5fef55dd45c811b38b839fd8114625f370e0,training
white,1862,c98a76a6972ff0ccb500994d350e51130dcf44ece8f234493c34a482927e0edf,validation
white,1863,909b471b8a1bbfe27166a207bd81bc5f7b152da3167c20fd5f6658424a3f35b4,final_evaluation
white,1864,a543ccc83b0908e832955c5df723f831da3b5224bc91955a9c4bcbc161c5aa55,training
white,1865,e446d9d041035b16ac1ad390b9558a77ed0584cc641cf5209174ca8b6472fca6,training
white,1866,e07dd4e8d2a0645825139c11eb6f101f235e4b24e9e4a63c09577a8c518c6c57,training
white,1867,d3afc8864537b13c0f2eb9a8e60ec494b88be438644f158c1169259362616275,validation
white,1868,7ca98010a252cc02c08327ac7a36b41ab81964d42f10294811baddaeeb520858,validation
white,1869,d6383c758f84f25ce954477cf8024f236c1b8352082f238c49b0b7bdbb6eb759,training
white,1870,25fe61562a471bd2762c049fa2e685d270b166d6deca03aa4e557bbe42b65fc1,training
white,1871,fe59356a9034217e45289adc3a4dc417e99e2521de9ada4a73b7583985b97dba,training
white,1872,c9f470f8406740925f419a668bd57012a49ab56f5a49bc2f1f4ece1bda5d9ae9,training
white,1873,4c9b9e8da55a2efb8a29d0d52eef4b7098349b80d602b084750d3bf522fb5ee0,final_evaluation
white,1874,4c9b9e8da55a2efb8a29d0d52eef4b7098349b80d602b084750d3bf522fb5ee0,final_evaluation
white,1875,449c4e9a045428f7419616a86355b2bb31f472d9e8555e7405c1ee09e9257f23,final_evaluation
white,1876,38bbde2ad0133355158a53ec0f001648bca1e6b4bfa6f830f89fa0449394dd2e,training
white,1877,2532855d0944aced09a47323db2fdc6002b3daf844574537367ef9ebc1478ec6,training
white,1878,a2ddc9892455395a7ced1b04cd9c866101713228100dbd827a2f7c01f0452b41,final_evaluation
white,1879,eae5d141edfad693af5f995940199810dd4628c433cf6f25a22261b43dfddeb0,final_evaluation
white,1880,7937ae2443507fc1940a15e533b50c352448c94cb042c5110f9f2aa73ac4d4cf,training
white,1881,2c6b1466e7d96e8c1624b4bc08d2fce48629f561b3a037906a49a45619bc22b2,training
white,1882,7937ae2443507fc1940a15e533b50c352448c94cb042c5110f9f2aa73ac4d4cf,training
white,1883,2c6b1466e7d96e8c1624b4bc08d2fce48629f561b3a037906a49a45619bc22b2,training
white,1884,2c6b1466e7d96e8c1624b4bc08d2fce48629f561b3a037906a49a45619bc22b2,training
white,1885,3fdcc98c1c40cacf4ef8222e9ec4b2927e93bb8487a49acf1a599597071c80d5,training
white,1886,7937ae2443507fc1940a15e533b50c352448c94cb042c5110f9f2aa73ac4d4cf,training
white,1887,f9a4b80a20947fbbde764b0d5912ff186fb3b58eef1221514cd260eb71daa72c,training
white,1888,0885aab1f6069b9a0767e0b9974c797dd1b423b7b39a43a04b7b93efdfabadb4,training
white,1889,66e43e3b54dc8712bc77bb25384f1cb8a5fedd254d4c12cc52c785b0d88228b6,validation
white,1890,3f3671f7944f30027f9fb812dee892cb44e5c480cf74782c5694d50157433eb8,training
white,1891,2c6b1466e7d96e8c1624b4bc08d2fce48629f561b3a037906a49a45619bc22b2,training
white,1892,b60d7352e2ed09edf6261bd4de66a5d49c7b61c05bfe5f4c904798c96e1bd4af,training
white,1893,34b8cf56c384b9f758bd1b71666834b59eb465abb563ddd222cbed45a882d323,training
white,1894,34b8cf56c384b9f758bd1b71666834b59eb465abb563ddd222cbed45a882d323,training
white,1895,73f6d72e290cf5928b83f74165a41e0d0dc960505da12e274b9bd562298e7287,validation
white,1896,d4f041c13b657e0140f33c95cd90a53879bd17e291bab44ac8efcfbf1b864f4c,validation
white,1897,587bfa045e939ddeaf76ed9aea71066f9ae64b04fdca329959dae9ab5ee8ceb5,training
white,1898,587bfa045e939ddeaf76ed9aea71066f9ae64b04fdca329959dae9ab5ee8ceb5,training
white,1899,80b94f42ebf33419280a42f6acf77120c5e20da36cf46012c191c63c7b645eb0,final_evaluation
white,1900,f28d043cc52baab038979e3fab5f62d34bccae4301e3b3c7f89b3a8702660427,training
white,1901,c64e2ae534bf352d26daf15cd4bea3cb41c906ddbdd8b1206c1580a609ee2214,training
white,1902,90f67c1d7922783d76cf9b3f299efb50e66f113b9adceaa5579f673fee9cb308,final_evaluation
white,1903,a0d30825767a86cd71d7b4c689cc7645dc20d6317cd962f686fd7df2167e6911,validation
white,1904,ad586c4981cbc4c1e2a799b0fbf19e695767f632697301773f7a3429313d584a,validation
white,1905,d4f041c13b657e0140f33c95cd90a53879bd17e291bab44ac8efcfbf1b864f4c,validation
white,1906,587bfa045e939ddeaf76ed9aea71066f9ae64b04fdca329959dae9ab5ee8ceb5,training
white,1907,a74f57b5a11683c9679e8cf51fb45ea026640983fa567125aa839c1f1bfad657,final_evaluation
white,1908,cdc6a3db3ce2b426deb732ab2594f875fe357523e18cf3f98c744549786dd77f,final_evaluation
white,1909,14ef9116bb84a7908a62bbf0c378f3ee20643556473ceed5be5b7cdf1f7057aa,final_evaluation
white,1910,657415bd5b0119d9503b94ecb17394f8daf70aec5fcddb93271c604bf229eeeb,final_evaluation
white,1911,ea55679d3af23a5040965b96b795ea1af01f5c330a6340f428b91d6946f6cc0c,training
white,1912,abe192edb6b72786451ee2ed325c69062637b56dc862b1b988beafcd176c694d,validation
white,1913,cb5ecfbdc5e35bbe262e957df7fb32c8c93ef8b40ec06bd04015dfb21198e6b7,training
white,1914,66ed7aecc7430648a348694999dac579a78a5258b7bb05a656e4ae55c624771e,training
white,1915,3a174a2b786a0d8a06138f32409f7fab8410fc8f7a82f0f102ce14406a5d2161,training
white,1916,14ef9116bb84a7908a62bbf0c378f3ee20643556473ceed5be5b7cdf1f7057aa,final_evaluation
white,1917,ea55679d3af23a5040965b96b795ea1af01f5c330a6340f428b91d6946f6cc0c,training
white,1918,abe192edb6b72786451ee2ed325c69062637b56dc862b1b988beafcd176c694d,validation
white,1919,3c2581bee5295dc0ec9d132c95c380f86c6afdce3d993c372a215f123031443d,training
white,1920,2ffab540e015d2a963d7b86681766799ff3e87fd1d9870084ebcb0ed7c30d308,final_evaluation
white,1921,554e7dd8b60c8c885a941cb67048106648edae3998301559fbe572a6dad8d5f1,final_evaluation
white,1922,657415bd5b0119d9503b94ecb17394f8daf70aec5fcddb93271c604bf229eeeb,final_evaluation
white,1923,8f12c44696ebd336ea55cbfc44d7f6157febbad47f0825e629270550289735f3,training
white,1924,4c558c1884692035c25fa4b68cb67bb425443411d738b97841e36977486c115b,validation
white,1925,f401ae119fd29a13bfc19e3006aae8226bad0cf3a67ad5cbe08854abfadac0e7,final_evaluation
white,1926,080b49226d21250db8c2262b7961a451a89993485ba72dee0b49f1625e4bb5e2,training
white,1927,cdf65bb059b69e1f5e5818b9ad52f29b530b193d70f7f19b22426113c8b123ad,training
white,1928,01b1dd94263788c2bed53c594896b21804a2b5cc7a8a1d0377240451bfafa194,training
white,1929,fc80fa6eb14654afbff26b39d3bf5127ea44df9951924e79122df7e66de720ba,training
white,1930,1fc5b1581a6eac84d5c497f492a2f7670e72184adbd0adbde85a56e0cbd83005,training
white,1931,70fe51053363ab88e76a02d7eef499b3564f77f119b7a396680aac2f9e163cfb,validation
white,1932,8810c38baf7ac05070e36721796eb6ead9a695fb9a8ca3656f792c406373f411,training
white,1933,efeb2c8d721a0e8b5cbb0a782b37133027d6b8cae80a5e437bd1875cd456a8d5,training
white,1934,f07d8f8acf97c973b0fd039e77dbf11ec506c1865d346bef834721902b69af2b,training
white,1935,9ca57a7f582ea1effe63ea84b986105a82a16623404ee9942692569fb93a1d47,validation
white,1936,1fc5b1581a6eac84d5c497f492a2f7670e72184adbd0adbde85a56e0cbd83005,training
white,1937,70fe51053363ab88e76a02d7eef499b3564f77f119b7a396680aac2f9e163cfb,validation
white,1938,5caf4e491f9e90453d914addf76232ac033a6aacfef0c08f73711df7489c115b,training
white,1939,02b652dc55a623dca9444e69bc9834b873e60dab8ce74ee7a8ec85592dbd6661,training
white,1940,ea29cdaba007110c0bf845f40ad1328951e77c4a034df175f94a481f8eb0ce5b,training
white,1941,6d75ab9d6dc18759ccfad00b6e097f9e348740f0847feb2159fea013d73c0ed6,training
white,1942,ea29cdaba007110c0bf845f40ad1328951e77c4a034df175f94a481f8eb0ce5b,training
white,1943,6d75ab9d6dc18759ccfad00b6e097f9e348740f0847feb2159fea013d73c0ed6,training
white,1944,e4904c46a87b2e4c8fafba01febde0b0b39c6aa254ac969ceb03b6452e0d22c0,validation
white,1945,9eb0dcc9b17a13e988643b454f88fe8ac29feb2046c3f16d8a9eeaa80df0b5a8,training
white,1946,bc96796a03019d9ffbcacee21ff212fde9fe9de38fb1abf6dae1b237356cefb5,training
white,1947,b1ae45d9a633a9aca48426f54d3f90f6cb880bf0ae2c39bb6cffc64f6b0cb4e3,training
white,1948,550bacf0e48945de5fbebb5de0a0a36e80b3e70afbcb143f58eab1a9a574ed60,training
white,1949,3bc3847db8fdf339b9282a69c3e55df8305ed592aaa7f1e4944e9b1db8f928e5,training
white,1950,e8be3a4d8dbc99aa08f4dd0cd7336c0647045f0a8b946e0df37a0b092594ecc8,validation
white,1951,fa64ce46a30773d082529104b8672086d85c20fc14a8edb26ab38eb693d01dee,training
white,1952,d41066d1edc1c22712d96c82eaf6b42d690809181a33ee83fa711510321f3c64,training
white,1953,924fa87d91f297dd588418e082158f8b331eb63038f99193c2b55ad41beef0ed,validation
white,1954,037f4534297601ff1d01767c896b08b6041732a97317516d606d70dc5b7bd179,training
white,1955,fa64ce46a30773d082529104b8672086d85c20fc14a8edb26ab38eb693d01dee,training
white,1956,4ba897ff66e16205be1f1a4debfe9ee6a8df8a3998e8ae6ef3eacf3b2b995b91,final_evaluation
white,1957,4317e727b820e34211a6ae8576eca45f8635ddf9283aec2c89d14b689b4950d6,training
white,1958,092ef731c75c344aed66048524fade8ea07214061b7f7240835382ed162e7c42,training
white,1959,9c61a0775631ebb3dc5b18f65ca1e7f2cde57b6ecf238803f94a66d433297796,training
white,1960,9b139a9ac1fc01a030cfee3787473f88e074007bd0ac6d2065fe334bdf8d085f,training
white,1961,9b139a9ac1fc01a030cfee3787473f88e074007bd0ac6d2065fe334bdf8d085f,training
white,1962,c664e1656e44243b2c8c96852039c42b44b86ff4466d5fba48e291f622fded15,training
white,1963,169c8d80dfc330784997c156332a0a661065a36390cfad4c1ebf76a3c788435e,training
white,1964,9c61a0775631ebb3dc5b18f65ca1e7f2cde57b6ecf238803f94a66d433297796,training
white,1965,300d9f5a82eea69bf817dcdcfe8111cfc49f1ddc26b41ce513dc5cbd347e012f,final_evaluation
white,1966,61ef6c2a86931060f718cb38b68a0c0ee4dd3f894dd1e40f27dca548ee45de6e,training
white,1967,5507eb2d65d37b45b815b1226f1d81165533d41f17bd71081be90dafe6b8ca45,validation
white,1968,927b2460816af1abe77a79577a7db148295c4b2dd4602961de8d73078fb25b64,validation
white,1969,3de36b89df87b4960f9e6713a4f1e5535b5f2e752679d669ddebabbe475b76b8,training
white,1970,b340a330d8f60434900b2c65dd01a989757b93eb842e65c511171d39d527a254,final_evaluation
white,1971,0649f647df2d011b0c12dc6c4b285bff20adb4daf19eae3b638f8a650efcc9d7,validation
white,1972,b340a330d8f60434900b2c65dd01a989757b93eb842e65c511171d39d527a254,final_evaluation
white,1973,2ad5ba9561991c200ddca19ab278ee21cc02cfd0034a7f00137f147f4019f8ca,training
white,1974,1e1b761365a0546095d1a7ce0ee56861bb38e6122e0285770354c5a7575e7c55,validation
white,1975,1e1b761365a0546095d1a7ce0ee56861bb38e6122e0285770354c5a7575e7c55,validation
white,1976,652ecebc7f8293dd29a3df4a44ed24f26f913257cc94fb90e0b69f5cf26f0c20,validation
white,1977,356fa70d3c927164cf82263d9959830cdf43b9280e9ecbe671e643a178ac7df4,training
white,1978,ed6c7843473bcab84fd6cccb15c8a4569a74324fd8f54c8be0c79f261e18e58a,training
white,1979,dc1e0286fd022f8af52eb7f3d75cbe1683334f449b0777056a66c07b627c3536,validation
white,1980,8fbbffbe5bfa92e4008cc983ca6e3f3f93aea58d31b0f16c35bd81124af39076,training
white,1981,05eaaead215adc13e1de405cce8bc4aaea7ed6dcf89f212ff1e6fe292e5dd276,final_evaluation
white,1982,05eaaead215adc13e1de405cce8bc4aaea7ed6dcf89f212ff1e6fe292e5dd276,final_evaluation
white,1983,05eaaead215adc13e1de405cce8bc4aaea7ed6dcf89f212ff1e6fe292e5dd276,final_evaluation
white,1984,05eaaead215adc13e1de405cce8bc4aaea7ed6dcf89f212ff1e6fe292e5dd276,final_evaluation
white,1985,05eaaead215adc13e1de405cce8bc4aaea7ed6dcf89f212ff1e6fe292e5dd276,final_evaluation
white,1986,8d285cea3dbd812d35e7c1c28864df8085184e38371e912b70f0357fa4d5c31f,validation
white,1987,256cdc49832c89e79e2db4557b19e78727c03de1a162301e4a666bca426fee34,training
white,1988,bd6d246d44c1fcf6f2528a7915135fd3ac95452c02f19a63fff612b06e6b21be,final_evaluation
white,1989,3891e79f971811efe46a76d609e689ca7fa2376d8aeee8d2a6b230a529e5a00b,training
white,1990,aa46b35027e44c7ebc421a15e16cd178214f59cea7ca68501bffd4c110256925,final_evaluation
white,1991,6716fd4364c433e525e48b4b307b6b28e3025e8402026b43ad4077c2463498f4,training
white,1992,05eaaead215adc13e1de405cce8bc4aaea7ed6dcf89f212ff1e6fe292e5dd276,final_evaluation
white,1993,4e43602b35e86b2f3103bf3db6a263f4d856e080588694accc88b396e9e5965e,validation
white,1994,cf401923c76bdc6bf6eef42454c970407d30291c90e0faf4d094e0cb556d1ddd,validation
white,1995,b11c3e0c87cc3a5bcf13086f7b0a66901ec92d3e0f137cc06bd978de81beb990,final_evaluation
white,1996,d6fc041d429545482969b975a6b90cacd1b7abc31f43a10e02b2c6fd07c9ccca,training
white,1997,b11c3e0c87cc3a5bcf13086f7b0a66901ec92d3e0f137cc06bd978de81beb990,final_evaluation
white,1998,d6fc041d429545482969b975a6b90cacd1b7abc31f43a10e02b2c6fd07c9ccca,training
white,1999,d6fc041d429545482969b975a6b90cacd1b7abc31f43a10e02b2c6fd07c9ccca,training
white,2000,8e368c7e816b2c6ee834024dc5a6183447ba224c99d71bfdaa5bc3ae71965d52,validation
white,2001,900cb2e503757a9c619cc8f08716ad3835628513efd40ff3a3609c74e506d8b9,training
white,2002,6aef3a2e1345f972f5bbbd59995c38134be7fb84bfd8cbe92f851a0c78ec8425,final_evaluation
white,2003,96f4ecff2de576e1f29044bf64940db1b702480e4d5d0f52f32133fc18c2a5ec,validation
white,2004,cf401923c76bdc6bf6eef42454c970407d30291c90e0faf4d094e0cb556d1ddd,validation
white,2005,7a3c8ea080f356038ead05451fdae5dca285cf56eff15f2bf88b5f9af7f12758,training
white,2006,b11c3e0c87cc3a5bcf13086f7b0a66901ec92d3e0f137cc06bd978de81beb990,final_evaluation
white,2007,d6fc041d429545482969b975a6b90cacd1b7abc31f43a10e02b2c6fd07c9ccca,training
white,2008,428fbd196574fa07dd326fd8b51f9974d778f078b567b8ddb523ba0488240402,training
white,2009,00bf738f48041c744e37e7286d4112ea814d28f2d1f7b1eb8284d9177ea38128,training
white,2010,5da889dc331a2617561c76c21a2af7a834a6094e792fd08e9228fa0c86e389de,final_evaluation
white,2011,144b25b249dd95227384e81483b2fe955a1572ed25b73a4c1431702ad20a3e80,validation
white,2012,00bf738f48041c744e37e7286d4112ea814d28f2d1f7b1eb8284d9177ea38128,training
white,2013,d63ab368df7ef5a4b8634e7867e0d0ecd0202d2c19d2f8b3ad1040d418a02648,final_evaluation
white,2014,60c3000b3c0e2a2b64f6c3dd3d0b6a9d767054c7b17ca178fd93d361492132e2,training
white,2015,6cbfeebe7e26bdeb4563547169735cde094d0054eb3b1a234a36f4ab35623614,validation
white,2016,f1f504d7345854b606b3a35595fa8ea2a72f0dfb212ee5f3ffc1234cb77e48ac,training
white,2017,544572fdb8f946a1ae1e349d7060937a2b3e82b43474e6f5a8188db212af2a24,training
white,2018,6cbfeebe7e26bdeb4563547169735cde094d0054eb3b1a234a36f4ab35623614,validation
white,2019,24a82bf2d558116266db6ddcda67527890d39a46e223ed2d37537f32d95749ad,training
white,2020,60c3000b3c0e2a2b64f6c3dd3d0b6a9d767054c7b17ca178fd93d361492132e2,training
white,2021,c849655b2c4a3159a0870125535ff3187ca578a11d9c99903c4e4121f716a751,final_evaluation
white,2022,47e8872eb1c00a3ebfd259e4bcbcd508cdd2e90256e01186d0114bf0e9978e35,final_evaluation
white,2023,8863cb4241ea5085eda4a3445166dd4c4f047697a9da7acc2eeb85f1b121bcc0,training
white,2024,47e8872eb1c00a3ebfd259e4bcbcd508cdd2e90256e01186d0114bf0e9978e35,final_evaluation
white,2025,d203376b3daf4c432ce7b3cd8ab8d9ec2fa753ca0fe1790479977b4ef9696248,validation
white,2026,5641f22e257b3578f71e72e4682b63c378f9768a1a5293a73c0df8d95e23536e,training
white,2027,9d7ab6059961b0f73e4d613d8dfcbf418c14309f9c66ed922f633f0e2a3304af,training
white,2028,a40bfe5030c3033a3bf6a6bc79bd2dd7a346c54eba467a1bcacfb430f6bacefa,training
white,2029,6a00e2f6964c9fcf92b7aaf3eba94a5733fcd20daace783270f4b58aba6bc145,validation
white,2030,8863cb4241ea5085eda4a3445166dd4c4f047697a9da7acc2eeb85f1b121bcc0,training
white,2031,20376bda33be84d0dd346233a0726913711f8c80cb044fcabe00345cabbad865,validation
white,2032,1b488b1cbd1f88eed0f4dfdebaac8b6523579d02174cfdf282f51385a31eab55,training
white,2033,2af585947bc570fcd7d17b42aeaf290f0fbfcf928a2f96fc86313dc64f3ee40d,validation
white,2034,5e7aa719d93cdb23dc683e6dfa0fd1cdf6900868e3f362a8a769781b86a1e1f6,training
white,2035,1f28150d6bdb3851792ccd4c7ef1cc1fabb5989ce924d1417ede6eea689efa75,training
white,2036,59ef6276669f540c98d4fd3cad2cbfc3ab099ccf8a07a9238f7ad98b709b268f,training
white,2037,7819870c042c04078eb373979dfbf66468be7fe2353b669d5266a8bb2b766540,training
white,2038,1b488b1cbd1f88eed0f4dfdebaac8b6523579d02174cfdf282f51385a31eab55,training
white,2039,288e32bd1db218f89a4d20e79534529515690080f7a077b741d140846a216b25,validation
white,2040,98e561c5f8efa90e8f484de926d814f36b6b8b126588700f21e9d186031e6339,training
white,2041,e3ae4beacf99244b84837888d9344ba613b4b7158c1e609dd3ebaa5b7f861cdb,final_evaluation
white,2042,288e32bd1db218f89a4d20e79534529515690080f7a077b741d140846a216b25,validation
white,2043,2a6711657b238da0a9291ad89a14a92e77c0593aa08fbd3f18dd980cce506964,final_evaluation
white,2044,e27561072bb1c53b82eba397c1b88bbf021b205ab44bef8631eccea4e184b466,training
white,2045,f5d49ffd3ca26403dcfcdd9c89d0ee2fe0184a8ae514d2a262225f3cb786e784,final_evaluation
white,2046,98e561c5f8efa90e8f484de926d814f36b6b8b126588700f21e9d186031e6339,training
white,2047,6b2a6f2450c9df0732c6a1fba41284876e99378b8ff058e5cb376c0a0d241878,training
white,2048,291c9e5c8a3574bf07400c6f6cfda6e796a85049e94c7bf07eef0940444aae0b,training
white,2049,728201ce500ea725268040c39b627902845ef9b358a136e8ccf0ddbcbcf3f78c,training
white,2050,023410626ec583cad6e8d8997f745a5c506b6e12eef5bc7d1f8371ce8239ac10,final_evaluation
white,2051,e72f54a996bdba5e87e66c279974bb8c0d31d289e5ef26c647933daf9f53cb84,training
white,2052,824a3c315bc55dcf866e5efb4c3e7c7c5c10754f62837b374f32e00728f606f0,validation
white,2053,824a3c315bc55dcf866e5efb4c3e7c7c5c10754f62837b374f32e00728f606f0,validation
white,2054,d40574c82b7790d0b794a40044c8964bb87f8001dca827ba1b6602ef5b222105,validation
white,2055,d40574c82b7790d0b794a40044c8964bb87f8001dca827ba1b6602ef5b222105,validation
white,2056,ce896018ff48ec15adaa14396f61692679c8f251c441d500603abc0089e30ec5,validation
white,2057,824a3c315bc55dcf866e5efb4c3e7c7c5c10754f62837b374f32e00728f606f0,validation
white,2058,89b231e41eff22d9c39eeba4445a760531af63694ae82632025e2588e10b1703,final_evaluation
white,2059,7306e5d909c12fed67bb971c82056c908de746a4b0c329daca45c56981ac72d7,final_evaluation
white,2060,cb644b0f62a4d25bc8af9ff23f5d7c92a72b139c22b630495670f5fab76f69d7,training
white,2061,07aa5d40dec817f124779629ce5232dc96c6c1e95ef76939225ad389732e0e88,training
white,2062,0f0e12880eb60d2d0500a26fd99bc4efeed3e2f7ad965d6511e584ee97f7203c,training
white,2063,1ad184a00b63b93ddc6241abe188a5b403e0d110be1979b8cf8b5b7daa984918,final_evaluation
white,2064,6113423d65d72aa76c6e9d2b0e09bd8fe1c1b827f08aac4408b2b790eb1a5bad,validation
white,2065,41cef49c0f4227b600eaa8de09779baf3a00931f9d2b2fb8a0dd4dcc953983b8,final_evaluation
white,2066,a571fb98a205b2fc9295933c0dfe77edf987cc049c005295ce830f203be14268,training
white,2067,2565124dbc74435cdc7573eb4f0e1a3dd120974882c7f5b33653bdc9fa28ef4f,training
white,2068,d3b9e125acd78b74c1084707ded79faa21fdbf618c1f119f56a0e6ac2809dc2e,final_evaluation
white,2069,141e74246c3fe3d424ac30f446f2199ec2c50e3cb3800ef4ef5f2fb33a579d77,training
white,2070,599700775a7887a7de9e1839cc57aecaa26a0fdc8a6c6010de0f54312afeaa87,training
white,2071,649f121db65173cdd9b63a4e58d4e1507fb943905aaa3b604bfb752977bae00e,training
white,2072,cbd494c4136d0f270abfe4c1c665b2a954c9561d76063c753c27579eb399f112,training
white,2073,d5265a6c0bc0510e8a5f4e7419e882b9ca3f938dd7268d025ab8b87eb95972f2,validation
white,2074,5d70092495141896080014b84ba8b358abb2289b7e3bf5ef1c36c80800cc1e52,final_evaluation
white,2075,41cef49c0f4227b600eaa8de09779baf3a00931f9d2b2fb8a0dd4dcc953983b8,final_evaluation
white,2076,6113423d65d72aa76c6e9d2b0e09bd8fe1c1b827f08aac4408b2b790eb1a5bad,validation
white,2077,30435d4e7c54cd3b8533f9a42ed5177f5d4d9aa3925cad9bf8d7453bfc50be9a,validation
white,2078,1357637d80f0d264df199dd0016915b7821946c0cd0ef5c7762cf47b8aa6696a,final_evaluation
white,2079,b1d0f83436e1241eb3c92bdda72ffe33364f3d8ef4942fe92a5aec3d34c0b890,training
white,2080,5012018f1362ba4c7a97e2e7b25ebd27c15e38dfe6cddaae7040a44687e8fbff,training
white,2081,30435d4e7c54cd3b8533f9a42ed5177f5d4d9aa3925cad9bf8d7453bfc50be9a,validation
white,2082,282f086ad02baeea752481186de919360746f4b325682f5566f3004af37e1601,training
white,2083,b0fd548c552f4e9c2b883fa22d40679df91c42c1bcff537bd7dcd9769b25a61e,training
white,2084,ed9715ead2aa11772d429963b67c33528bd3173764f7c8ab352259c081918fa2,validation
white,2085,61b68a384cdcbbf854600c25aa538d27a880c3e5f8a0be39f690d631f6bda13e,training
white,2086,61b68a384cdcbbf854600c25aa538d27a880c3e5f8a0be39f690d631f6bda13e,training
white,2087,841de2739973e2e1fed275b5739739e6007ad7f9961ce1b07532c746b10294e9,training
white,2088,ddef51f1797703f5990c58b2d9e84d300c5ac017227bbddb446f3027a718d932,final_evaluation
white,2089,059688991d73b2741b4657269805691629abb9f775317a71566347baf4b1e5fc,final_evaluation
white,2090,61b68a384cdcbbf854600c25aa538d27a880c3e5f8a0be39f690d631f6bda13e,training
white,2091,d7964f1d1e589fdc09af839add8d351d946fcfca629624c4aa43920009ff0029,training
white,2092,a0213720a66a96c610c37c60d23e51bffc40b99d8cb5578824688abf2b065d98,final_evaluation
white,2093,e3561c3bcc257f4e44ab88efa7231161d7d760cbfa3c5058af617a57ce29a71f,training
white,2094,2f0368c4c35de4bd3ca020c9e80d5c3767307d271727a5b5d13de9ef3a58c7bb,final_evaluation
white,2095,2f0368c4c35de4bd3ca020c9e80d5c3767307d271727a5b5d13de9ef3a58c7bb,final_evaluation
white,2096,8c788c8b3fbfb1868c70e00d0b17e5ede293cb38a2e2c73689db045303b370f7,final_evaluation
white,2097,5511c3d28e9a1697420a581878a06de4d4e044ec2b0c0e32247593cb81cf8383,final_evaluation
white,2098,55ef1488f44ca486627544c5200d61ac6a49c8cf0e243b736569e9e76ec13379,training
white,2099,b6256c4ab7784f2a7ce8076d6bef5c6bae289dcf6ed7497c5a5a854273243b31,validation
white,2100,9d0c18c585e83a610812d5be66d21969de7de39d27c7af45fe7ddfcd629974a1,final_evaluation
white,2101,55ef1488f44ca486627544c5200d61ac6a49c8cf0e243b736569e9e76ec13379,training
white,2102,d349350588fdcc20af61e51b32d55a6cbc8fb6d1013cc0e382f12252e2f2666e,validation
white,2103,dc321795f791e98b3da5b61d28468bfc3a6ed3c2ce947ec96a0bc040a3dc1def,training
white,2104,aebdc903af8ec93c24870147a197ed651d1e8c70479d653f10069e2eaf6d6add,training
white,2105,9d0c18c585e83a610812d5be66d21969de7de39d27c7af45fe7ddfcd629974a1,final_evaluation
white,2106,5511c3d28e9a1697420a581878a06de4d4e044ec2b0c0e32247593cb81cf8383,final_evaluation
white,2107,078f6853f6b81e110962685bf7b786c209ffb3dc5f9ac2bf2f177f0d49b165b5,training
white,2108,a4e7dc9427a65f6b7055d55870ddb378fd88efb33a6e1e5b7225e89bb14f82cb,final_evaluation
white,2109,b6256c4ab7784f2a7ce8076d6bef5c6bae289dcf6ed7497c5a5a854273243b31,validation
white,2110,cf7c00158b68e0415dd7a63198bd2bfc2598b852c451a744075688b22f0fff7b,final_evaluation
white,2111,e4bac67eb0e56af844fc55c16fd986003f671a6951c8b329b0fbf003dc9d7b49,training
white,2112,e4bac67eb0e56af844fc55c16fd986003f671a6951c8b329b0fbf003dc9d7b49,training
white,2113,e4bac67eb0e56af844fc55c16fd986003f671a6951c8b329b0fbf003dc9d7b49,training
white,2114,3d5ab091a5f5a4abfaafe78dc061ab25426f91a91c60f654131da6a33e5a683e,final_evaluation
white,2115,cf7c00158b68e0415dd7a63198bd2bfc2598b852c451a744075688b22f0fff7b,final_evaluation
white,2116,e4bac67eb0e56af844fc55c16fd986003f671a6951c8b329b0fbf003dc9d7b49,training
white,2117,d24a4e8cdaf217e7a9e3c1519232e8bb366704bcd2ca535469f3909b915cfb69,training
white,2118,0d08aef4f2c7a1cd4fdc156bc0648385283df694249a12401e4676d427f9d17c,validation
white,2119,9c6a34b1a3341bc75abaafc8a52d220c34490619f868c143a13adeefac8d3f81,training
white,2120,cc08fe0dac0ba3cdd95f8231ebd7c3a57874f8b8126aa4f52796a33e3680412f,training
white,2121,bce7e92bcc835c50f5b47fab1b1e55cd899d741158edcc89e2dbdd571c77fd6e,validation
white,2122,b91fb207bbdf98d68e112f4274051f60cbd5bab124b4b53826ce991bee8794d0,final_evaluation
white,2123,86f94819636412ae8076000437a78871b9bb1240f224d039e1df8df61a32655b,training
white,2124,bce7e92bcc835c50f5b47fab1b1e55cd899d741158edcc89e2dbdd571c77fd6e,validation
white,2125,b91fb207bbdf98d68e112f4274051f60cbd5bab124b4b53826ce991bee8794d0,final_evaluation
white,2126,14e36b602e2c8c181e6b4a037505f24a939c93b12cad6c29f5bc7ab07642a2fb,training
white,2127,ce0f782973d029b1b4043a59f7050e1e12fd02298666618908d35a967f15b492,validation
white,2128,847b2eeac73cff3ff2da4fac7f3970ad50f0aae139efcd98f4976278bc73bc87,final_evaluation
white,2129,aacbb8fc0ae162aa0fcf219d8cbe5ed4d6425643289ebe5939d382e35d8583d0,validation
white,2130,d24d41146185170f1e642b11c35ec2873c821b9d9ac4d8bbd9fae2ef03e03938,training
white,2131,475828f4a7a3a2ac5803985e6621f074819974400756e6acdd9d44875837522a,training
white,2132,1c3fa6f7f2986d355cc78b0534e119f788d5b1f5e1973c714e49f259958e6b3e,training
white,2133,1c3fa6f7f2986d355cc78b0534e119f788d5b1f5e1973c714e49f259958e6b3e,training
white,2134,97734c1e60f2f4adae261cb9587042a76b54bd714050608383c2f9bb76aeea10,training
white,2135,54f6c4d4e95e8edc9094310f5c9bfd152de1f8f2b4610e7ee961a12687f6208b,training
white,2136,7d1e3d032193b71389141325f5934d0af57abecdb3bd1d0c05ae56fc71885578,training
white,2137,4d37c743e9cbff1b1009078bb82dc26a51c3d6558de303205ddb19a1e79178ee,training
white,2138,7d1e3d032193b71389141325f5934d0af57abecdb3bd1d0c05ae56fc71885578,training
white,2139,9d652b4e3f8ae9d4050c0c8eab3f7f39e4931bc80c9eb62274e14c4c459ff1cf,training
white,2140,506cbf318d645dfc99f128074f22a23dc61488916a1f4922c6e9528355ddbe94,final_evaluation
white,2141,71b17e55d9a8adb75e5fffe97e44f5c1e5f598b0209e27ae839d7964cb8af726,final_evaluation
white,2142,71b17e55d9a8adb75e5fffe97e44f5c1e5f598b0209e27ae839d7964cb8af726,final_evaluation
white,2143,68c4cae93260da4989df247e7a21e639d761f6a653e2d0df9c879716c88a04f0,validation
white,2144,284a08d8b79cfe87513d6c3dbcc05897a19bcce788a836e7ff3720175f3219db,training
white,2145,3858d53c45176fa7262e8b2aced9aa475f9ce75024516376e1e88662fd932a09,training
white,2146,f1def8a40f84a0d622962bcee3e711789ec13c483be678ff8daa204acf501e38,training
white,2147,c45c22385b4646253f2377b219d179aed8b2e18b0e13937e6753c0e16790fef7,training
white,2148,d0fd000720e161c71dc641878d1b4cb4c97f080cec051859981650371459d883,final_evaluation
white,2149,506cbf318d645dfc99f128074f22a23dc61488916a1f4922c6e9528355ddbe94,final_evaluation
white,2150,58177e9d7ffd7c571394fb0639b3a033820887ac95cc2a9459b878f29a0b17d6,training
white,2151,35266cc990a8f9099128855aea17dfda4c45c3907c9dca7fce02fd6c9e50ca13,training
white,2152,71b17e55d9a8adb75e5fffe97e44f5c1e5f598b0209e27ae839d7964cb8af726,final_evaluation
white,2153,eec57d04df99e60c0bb9a437a49c4df410bfbe5717b6e81db0b4885d647f9213,final_evaluation
white,2154,4c9f0fd48f49e7125d042b9005fe2cdee5439bd51558c39d91a5665780f11ab3,training
white,2155,32a259da7d132044d63808f9160ad5d231cfac181f1bfa94c90d23affb8230c1,final_evaluation
white,2156,ab1b7f0e535f1263f54aa44d34c799d5e5a6cc40c45300c6e1ad941882b0330f,final_evaluation
white,2157,b0da309ca4d834702e9d23f6baa4ae5a3d72bb72b3ca53ec29550c3f50d30aab,training
white,2158,33ccce7cad315a8454f8d5e555a6a8957d9c922613acc55f1ba2b677ab255839,final_evaluation
white,2159,a1615e600ed0189711e6016f0706fc081a9aba316b8b5c0b7c7787b70348d098,training
white,2160,4ca4ec18bbcf4577e0406df3c1e7d8d04df1eaa1d999f744dc1731de2b383d9b,training
white,2161,d55c893c45ebfb99a1879dc20f8682e3e751e9c0b9d91aad096370af3053fbb8,final_evaluation
white,2162,3930a0dcb2e0c2806bd9760bc191e90da5ecfe1ae6a9a8431e5e9e0e38deea01,training
white,2163,90bc0e9c463528884ec17b7364b932d3103a948fe2137d8154fad60d8aaef6c6,training
white,2164,33ccce7cad315a8454f8d5e555a6a8957d9c922613acc55f1ba2b677ab255839,final_evaluation
white,2165,cfc6dbd3a1918047fe4bc60d63e6a4b70762a2daace3bcf897b9f9fddc80a95a,training
white,2166,1c4eaec99874b5a165bcee6529c8141876b2a51896427d5a40c4283f2bd5ef95,training
white,2167,1c4eaec99874b5a165bcee6529c8141876b2a51896427d5a40c4283f2bd5ef95,training
white,2168,4d70e4f21994417a25bacba588c03ebcadf773345b825220a2f8a13822d9608f,training
white,2169,4d70e4f21994417a25bacba588c03ebcadf773345b825220a2f8a13822d9608f,training
white,2170,4d70e4f21994417a25bacba588c03ebcadf773345b825220a2f8a13822d9608f,training
white,2171,4d70e4f21994417a25bacba588c03ebcadf773345b825220a2f8a13822d9608f,training
white,2172,4d70e4f21994417a25bacba588c03ebcadf773345b825220a2f8a13822d9608f,training
white,2173,a432baaab68c7ae1737756e1020ae2d283272733ec442eada24b993650fce0ab,training
white,2174,eba303bf5e3c0132afd2450a3edca5fc552874e047b01e8653f193131f8085e1,validation
white,2175,4d70e4f21994417a25bacba588c03ebcadf773345b825220a2f8a13822d9608f,training
white,2176,94bc7c5b656f014672e5d566b5300c7bedf6232014bcf2d3e4ddad908f36df80,validation
white,2177,a432baaab68c7ae1737756e1020ae2d283272733ec442eada24b993650fce0ab,training
white,2178,6713c64de22cc83ac390c71336c447b47d53a941b154804802225d76682de2a8,training
white,2179,eba303bf5e3c0132afd2450a3edca5fc552874e047b01e8653f193131f8085e1,validation
white,2180,ea04e3e17398f64a18d22fb2e2e8c9359809b928a3e5beefd7554f87c87fe91d,training
white,2181,d832d6d30398ebd1a427a59c23a202e66896d77940c3efc954154cbfce68884d,training
white,2182,1344efd4efdf6f70250ca7f8640ea4f089012369b9ebd1bcfef3c210f3b7e29b,training
white,2183,0b018aa48670401d7a07aea17b5e222130295dbe664cf319a49477a294abdbd5,training
white,2184,1885ea4cf2158d7c2ad946528b390fe2bca67252220c5b76146b9a8b2894ee00,final_evaluation
white,2185,6f57e178266f1d9f84a01fc39d7d9da081adb7de9e2269b0b3a0b24e78e45486,training
white,2186,f363cc477649f83548acf4de43ff7879372b7c8e6e2c6acdfab7f7a4ea3d2358,final_evaluation
white,2187,d7417be6e14f2713e38569897aa5014de7ee4e54dfdfd3b09cdf4aee72710728,training
white,2188,f8efe460c10ff2897223745cb4c98b61bed2f8a0176fc8c55fdd43ad8372e09d,training
white,2189,d4e5129aec941a6d6f63686db97a1f89d06452d9feffb5842eda6d0ae3d9db91,final_evaluation
white,2190,4459a89d02ddfae45cb47d73c486af206b77cbdb52b5e8b8d70ccfe7da62fd51,final_evaluation
white,2191,5be23c94b08d1af7c732ed5c77365d41acadd1bdc7bbc173ef055eba9f668819,training
white,2192,12c4f17f3728bdabaee3ac3e1fea7164ce5992e69baabb5826fd5b35e8a7824d,training
white,2193,32b3ef644618cb73d498153ff89fd20d6825a2e2031838efc17ed1ee02d5ee5a,training
white,2194,4459a89d02ddfae45cb47d73c486af206b77cbdb52b5e8b8d70ccfe7da62fd51,final_evaluation
white,2195,d4e5129aec941a6d6f63686db97a1f89d06452d9feffb5842eda6d0ae3d9db91,final_evaluation
white,2196,f8efe460c10ff2897223745cb4c98b61bed2f8a0176fc8c55fdd43ad8372e09d,training
white,2197,d23411eb4481805189f48a1f233a6bad3e618982a95f6e4b2fc6bb2675afc06c,training
white,2198,239252d258b6b50789758dc7af2b904e5027899b28f44c515bb2d6f86311217e,training
white,2199,d187bb8c7d6ceb31abb3226f76f37e4d71034b1981479c1a8e952633ba1d64b4,training
white,2200,7092c84b0b70d337d7fdab7a1ba25555f0fdeeb346ed0cda0f63415ee3ebd6b0,training
white,2201,22b5dacc02d582e2078fb53b2b6ab9f2ad3b558f7ebaa8b53b700548bfa329f0,training
white,2202,5b1ebc47cdb24792655adf836dc88b5710a1624f1b6ac434668e2597021343ac,training
white,2203,d187bb8c7d6ceb31abb3226f76f37e4d71034b1981479c1a8e952633ba1d64b4,training
white,2204,8212ae9191c78a35451b91f3eb115e8435ff8061e8926bf1046b4ccb0678c530,final_evaluation
white,2205,751c582af7d6461ca8eec638054c0ceeb134a9267c6e4db3bfa47318f9dc72e1,training
white,2206,06bd97b4e66a9e29d997fd0910912cba7e928f3d19adddb096fb642cc8293649,training
white,2207,de7fae942c52776993dfc955bc169da61d4af0d23e3b89cffdd5276b966331e0,training
white,2208,b572520b892b19e31ec706762e4e9f9fe64dec9de992fa4590aac1ab4f9de325,training
white,2209,6c8b49ca5e4c8bce3a51d5858cbf5011de26e0d061d6d11af6e9e9160bf585d9,final_evaluation
white,2210,e5caf9b1a94390f393f032f561bd56c7e307e091d9d28a3bb15a781b25605203,training
white,2211,4a5bdd658e97dc5eccb0838d6c5549ad0be9dc7c6dfd2cafbf300b667519a411,training
white,2212,23abefe7b331303722bbeb51e82e3306bff852ef7901390f176cd9101b060e37,training
white,2213,e5caf9b1a94390f393f032f561bd56c7e307e091d9d28a3bb15a781b25605203,training
white,2214,22c0727a6b05ef107f38c0b4adbe2de9ab5ec4ff178c375387d1485a04dca97e,training
white,2215,6c8b49ca5e4c8bce3a51d5858cbf5011de26e0d061d6d11af6e9e9160bf585d9,final_evaluation
white,2216,e9a787c18527f82832ea8219bfed4d506d9ec216870c15772626ca516cc8664f,training
white,2217,8f7f06a17891940dfb188dd65ff7d428ce6b6976deb17e411b26ae72a724eb12,validation
white,2218,6a25579b31ab982364a1734fc753c4cf4e6fcdda6785d7f6370c34460e2064f7,training
white,2219,c3226d60206b233795559635d5ec5668253b9bad5b92ab839b6de0c1d8a27b0b,validation
white,2220,f99e294dc51b3d2b85896e1c49f9abf978dac3244d010fe4e5e7ce1bbed350f9,training
white,2221,9504a75e5a01927de1a1709be6c357f0f5240967daf88f8f860ff25ecb6b8a83,validation
white,2222,e9a787c18527f82832ea8219bfed4d506d9ec216870c15772626ca516cc8664f,training
white,2223,dd6372bf5682cef3e623658484564c771b50e4d4a0f4e85f201cb21e0ba2423e,training
white,2224,aafe8420ea4cceeb2f117d47b10cfa9d6437149587a796e9b46badd491250427,training
white,2225,dd6372bf5682cef3e623658484564c771b50e4d4a0f4e85f201cb21e0ba2423e,training
white,2226,9619d72b47be0a94eb9592bcc6747b92afde1bf0ee79bc35937895f057a32a17,training
white,2227,4226942dca48d7175337d09b841d480b34babb2399577247bbd58ea2db15f801,final_evaluation
white,2228,e79818c5b9a711faaf60271a585acffa92b82b0f27e4019b429adde86dd11e25,training
white,2229,00a6c7e16896aefec5de486c7f3517a6c9279b2be71b1fe4c9e3b5d9fdd43e5e,training
white,2230,e58351315ae672e4809e39e6e7c0a61ac991a87d47da74c50403aeba849c8f22,training
white,2231,00a6c7e16896aefec5de486c7f3517a6c9279b2be71b1fe4c9e3b5d9fdd43e5e,training
white,2232,e58351315ae672e4809e39e6e7c0a61ac991a87d47da74c50403aeba849c8f22,training
white,2233,eb3cc3a0f8cad82557e2fde65151cac5f621fcd7ea92cb98bf0fa6612ee1dc8a,training
white,2234,7d8ccefe4c870848c53c5879837639bd460b91ef63f7ff2e9b45246af4eb313a,training
white,2235,279d401169173c0710571b1059c735f1042bf3f8e4e82507078206d2ad522a3c,final_evaluation
white,2236,dda4cea83c21d9aa09c729ddd7ce39b3bc101b1fae68775c152b327985030ceb,training
white,2237,6d05bc093d6e468db0c37714325d66c1ae4a970dae3fa924a13717decd8f3628,training
white,2238,5b8ea1d2b45d11eeac33aae79e86befa987027827df3f676e2a14123e93ed741,training
white,2239,601cadeb7bc27948f925c276e5501a2cfdd00232d84dffe2a26072df0ec2e811,training
white,2240,dda4cea83c21d9aa09c729ddd7ce39b3bc101b1fae68775c152b327985030ceb,training
white,2241,87c1ce195e5c4a00f84a7d6217ed4e06c979314f5094e8ffdf8870dd4d3794a5,training
white,2242,6d05bc093d6e468db0c37714325d66c1ae4a970dae3fa924a13717decd8f3628,training
white,2243,1bc707786f8430efe502b4c9e5f5f1f982dcf4a118b99b330e058df66b29190f,training
white,2244,b122b4665b7b48ee22f7d9e97be44e215386db4eb83e3db164211b0a0226165a,validation
white,2245,12b6102842a45b3d1659d3075c6c481b1b03605c846308c2668f94f48b338a18,final_evaluation
white,2246,6b9bc3df68f648261414a60630865e2228aecc6ccd457b3d0051025025212958,training
white,2247,5b8ea1d2b45d11eeac33aae79e86befa987027827df3f676e2a14123e93ed741,training
white,2248,601cadeb7bc27948f925c276e5501a2cfdd00232d84dffe2a26072df0ec2e811,training
white,2249,17997e54b1ba205e12fc2f2dd8bc118b7a87e6f69cbd0c946e91cb184fc5268f,training
white,2250,255615e9488eb7ed4a358fa3bc252d5b9be47fd658abccc06a3a628d86d58029,training
white,2251,51efa9991e8815a7e8f2296f5ecfc26bf714b8cf1fff29c4966b5883bfbb0ffb,final_evaluation
white,2252,06785b54e849b5f5d0655cf8ad25daea10709244e28bfdc9fc7387b6590d1fc2,training
white,2253,f9a4e8eb99e7147850ee9e53eb7271cdf8f1d139983b5657783bef93ed54b27a,training
white,2254,255615e9488eb7ed4a358fa3bc252d5b9be47fd658abccc06a3a628d86d58029,training
white,2255,23f5754e71ef60ac82643ee742efdeed8af184cb95decb291c73b3f943c69591,training
white,2256,aaf9a9349aa35714b2f2228ce270a6e2781a0598f7f2ebf9801c893121acd089,validation
white,2257,2634025818412890d0710cf5919b93ce5e74c53ac0c4680d096e815e22bfa605,training
white,2258,96c0f3b742485f8506e160b074f5e29652310a65dbd867c95ea840c2199c48fb,final_evaluation
white,2259,eac6fe6cc0ad1d1aa683d7c99ee094c3a487b31b87c355176d3598c4ec83e5f5,training
white,2260,96c0f3b742485f8506e160b074f5e29652310a65dbd867c95ea840c2199c48fb,final_evaluation
white,2261,eac6fe6cc0ad1d1aa683d7c99ee094c3a487b31b87c355176d3598c4ec83e5f5,training
white,2262,94a19bedce75a434ab361cb0e5f395cdf8a988dabd1be3e6b28a2da5c528367e,training
white,2263,e76a40d8c2f149a556f554fc7144a808f12e48790dcab3683937fcbbbabe781b,training
white,2264,21766dbfb313d4881e55803a49244534af7da63305d9ae4b0487b5f6a0838581,validation
white,2265,b128f4a87309486f61c98105d901201fdb78ac7d44734b73be7fa0bf8f18d9d7,training
white,2266,21766dbfb313d4881e55803a49244534af7da63305d9ae4b0487b5f6a0838581,validation
white,2267,d1f367710b4b0992c38180453c9f79c5cae3690b676399820126626bc0109023,training
white,2268,b128f4a87309486f61c98105d901201fdb78ac7d44734b73be7fa0bf8f18d9d7,training
white,2269,c894da002788ea8619e9ca14ec9b88493e448f3f821ebd1786c7fddd5318273c,validation
white,2270,b1ac23dd7affe4cc4ce33079d39cfd2e6bea9914ea38ed4b7ba89650fcfb1284,training
white,2271,24fdb01c788daa92b21320c564274db440a5b12f0bb442245fe7804df5053bce,final_evaluation
white,2272,faa01740dffc835c899c18c567efa03464be84f2c08b28aeff1752ad3989a891,validation
white,2273,f0eb6ad280a3a342b791b1d8cb76b0ee38eb5b68b06876b19db2b947bd78c241,training
white,2274,e72572ccad63c49c4c6537ab920419bf7051600760204631b754a9dc311df069,final_evaluation
white,2275,24fdb01c788daa92b21320c564274db440a5b12f0bb442245fe7804df5053bce,final_evaluation
white,2276,fd956bb522387c430801f5f1f0cc7821a9da424bebd4e17d58e130c89a52ff39,final_evaluation
white,2277,1eeec5a7a195940deb467fca339636bdd5537254923247cb42683898118eb164,training
white,2278,f2cb1f8a386f55126187dc76a67b58e6d12fe44699cede70ab994c0b7a3622b7,training
white,2279,1eeec5a7a195940deb467fca339636bdd5537254923247cb42683898118eb164,training
white,2280,625ced3470c191bf04e00a696fe79ffa328e5563345d01b2a1b9b2c60c5762d5,validation
white,2281,8096c8f56de9227af754510063d9bfc48451837dc4507c2089c189bd47951741,final_evaluation
white,2282,46da014c002ed9ca12632d30b14f9e8be1060beba047d5861b2db4a495e5fd84,training
white,2283,0304230c93325852d2c3ce58cb32de27bc7e02c049891cef79a34bd9c7b674c9,validation
white,2284,0304230c93325852d2c3ce58cb32de27bc7e02c049891cef79a34bd9c7b674c9,validation
white,2285,0304230c93325852d2c3ce58cb32de27bc7e02c049891cef79a34bd9c7b674c9,validation
white,2286,0304230c93325852d2c3ce58cb32de27bc7e02c049891cef79a34bd9c7b674c9,validation
white,2287,2493180e828cde28d29545efd7d4f82b5b3cd61b0ee4489345eb08dd44491d11,validation
white,2288,9eb71e7e92476e1602e5a9f538c3d4dfa1b834cd7d7a8e358b1efdcdc1b28e61,training
white,2289,0304230c93325852d2c3ce58cb32de27bc7e02c049891cef79a34bd9c7b674c9,validation
white,2290,33117acd65bf9083a309928627ab835d7b56c194564aa869a0f3287e618608db,training
white,2291,9fbe269e70ff97145f32c1d32edcf8033d791a1b33c0cf08f3f021157593c369,training
white,2292,5cbcc7bc705482b8e54d1a429bf5dee09909a02dca2aa0ddf62e71745255305a,training
white,2293,42f73c33786b1377f88e7cb43974b889e9b93667cde97e457c81ebf13e67fe76,final_evaluation
white,2294,33117acd65bf9083a309928627ab835d7b56c194564aa869a0f3287e618608db,training
white,2295,0129a15fabd38d1d26a2dbf6106481e34d02ea78108fcd907f86dd5d064ba174,final_evaluation
white,2296,280e0402166ba9cc8f230fb03105430b72c295bf9439c07705e2cfebe9c00824,training
white,2297,3cceb9da56fa8f67a2ae1acbab5b1ae6c5396f8988d1e65026f7666f848813fe,validation
white,2298,748d710d8ab17f053999566be35bbb9abd0fd21a8b6391527b2383fa7e5f0914,validation
white,2299,f0fa2e081cf5bd763c787a213a91210668f556d248415118651df2db814cb8ae,validation
white,2300,0129a15fabd38d1d26a2dbf6106481e34d02ea78108fcd907f86dd5d064ba174,final_evaluation
white,2301,32cf0df362c5e140fa594112899d3492f1d30f8d91efd3e5e313d45089f1e6ae,training
white,2302,0b30c43a63b11af2f2781b57408e79daf5c05ffeeccef34cb315c7fd65b4233b,training
white,2303,d83a4ea52449b6eadb0ceda6a173ed79e1da3a632a3929057a7ff60a2753affc,training
white,2304,ff1efa8ce05b941fde3644e0715bc97f93fb00c1fd630bd779801bab8154ca8a,training
white,2305,10d344cd81db4befbccbf5ed02bd26d16cb8cc016a7265e5b4f7dd8f8d9120a3,training
white,2306,daca793806bd5a608f9223e1b5eef0cf24f0505e76dd7415a0b3f05e567d407b,training
white,2307,b37b4c3160be38ffb3f9c4257796595742aaf58b801a937043c0b4706eca95bc,training
white,2308,aa552b50ec41aaa920788c8b98cd6a66a3cdbfdcfc29b2e58b114a97f3785662,training
white,2309,29b336713ce3e17f8af649446f70ae695d5f11e67a6780ede6e30022576ba4f8,training
white,2310,ec85a983ce292cf423e12f94dafbebbca6d8669bd9f31256595923b845f6896e,training
white,2311,aa552b50ec41aaa920788c8b98cd6a66a3cdbfdcfc29b2e58b114a97f3785662,training
white,2312,d8629ca190060bee3d98c8a49bf16697d004c42d468656a68825a1cef40ff39f,training
white,2313,29b336713ce3e17f8af649446f70ae695d5f11e67a6780ede6e30022576ba4f8,training
white,2314,bd10309719f125ef3884ff56ba52cac30189c87aad48b487790f18f3c2c01ba1,training
white,2315,461277e352018279934b1a4e7b96ec3fd14418c26e9a775e082c4ed69f0e015e,training
white,2316,b885d236214e0afd209844f28a73eece252cb95533cdb3f27698e3adf7a28238,final_evaluation
white,2317,49aea5201663b02c1ca86d9cb777fb94f331a7d04f936c89ab60db1ce0fe5827,final_evaluation
white,2318,da3ca22e8825f883e8f468a56b43c5d7d134ec22ffa03b726ff1db6ee8ef7be5,training
white,2319,668f68015dd0433fb9589dd77ad5975f9cd6c87fc5e3dbdda9f4e2c6b5caee1c,validation
white,2320,f64b305e7d5449a74dfe5bc329dc3b02dbb9ab0e3786f5f140ac262eace4b8da,training
white,2321,d581b0120539ac570fa4202c3d4fa48039cf884c412b8be184170438b9d73479,training
white,2322,d86986a4350d0cc2fc2cb260d80c9450e4e42aac82e4309a2217eb14428ad0a4,training
white,2323,41d2d86d9dc02a17615c5bdc271d5cc07b16621e5894ccd641fc275327102585,training
white,2324,03b9babf4b20be00b5273d8a7041119ace9b22d32efd8cc60f0980b02cda7693,training
white,2325,da2ebfd13876d9a562bfb8d19bcdb94f54cd9b84ed9fe42c81d2414c6402731b,training
white,2326,0f00e0d9eaf2a72e20bb219fcf56e68af5731902a74f4e084c0e1babfdfe66ff,validation
white,2327,b550354c731cef47b378383b9d9f71a00d27d0871476ac62f098fe05213386d9,training
white,2328,0f00e0d9eaf2a72e20bb219fcf56e68af5731902a74f4e084c0e1babfdfe66ff,validation
white,2329,b550354c731cef47b378383b9d9f71a00d27d0871476ac62f098fe05213386d9,training
white,2330,4f160230de96ae487ea79c4c94c98e122846b1d83e2ecf022eff180c89990f3f,validation
white,2331,629eb244b1822e9317283ae235955d692ff70e09cb9cf8e65b8fd646ec13ba66,training
white,2332,7a2832f516931879eef9dd01395f0ded0e37470ef592dfd1af78e55daba3488b,training
white,2333,2320b1c891cda00196fa0965fa9934970350b888ff74d40da75f47f8054249cd,final_evaluation
white,2334,3346c4854b1b3071f81c53fc904571a301c427494a48e7fd25ac7572425ccf38,training
white,2335,673797e82ea4af378b9de2bb6d7ab6a33b8b6336a811a9ddf4c00f99f30864e2,training
white,2336,1c527de4e92fd195047da1df20e8887a6bb4c40fbc400c447f436fd22c3e437c,final_evaluation
white,2337,ae2e97edad8513f95c6d52f58c1c17425237daad4b7b97a029c0a1aaaa691541,training
white,2338,9b8b31ad4a0a75c55ab9649c07e295b5d05153ab46da53f7c7d1e68aa9dea8fe,training
white,2339,114c23953425c6a5816dc8ed716fdb372700c301aea21955dd326f013858684b,training
white,2340,fe61b5bceafc48205ebaefcff512f55f70800fce269f02ff7028f2fdd82a5be7,training
white,2341,66d0289acac9ce384cadd084ef90d4a641438b2d179c908611bc4c2a08ea3682,training
white,2342,114c23953425c6a5816dc8ed716fdb372700c301aea21955dd326f013858684b,training
white,2343,f9a175eaf132b7522510a73e7c7683a4e13d867844520c39e0ea1abdd6965024,final_evaluation
white,2344,0e706479d1ac38823db016e49d207dd4a62c9d47d9a1e61ae17409afc669c106,training
white,2345,fe61b5bceafc48205ebaefcff512f55f70800fce269f02ff7028f2fdd82a5be7,training
white,2346,30b7a1cc27225faec496b4cebc02355c3024c811f6e1b7e9679c3971ec9c4cf0,training
white,2347,ee0a5b7b2a53709993e1ba19743db1baa951c631dc2dcb54f51d3d9187358087,training
white,2348,aa1f46516f26f209c6fc450884c5cf5661cc72a9b4c3263e189142bea81f1ed0,validation
white,2349,fa831f8a1e4c792354ec8ea02a6202e6cf38da2bec7f47f8c8409d42d7e7e1ba,training
white,2350,680df6a690e2deb8dd87e59e7f919c051d944e04aabef0a2d4d1d982aaf21482,training
white,2351,3fa83aaa672b1985a9ac523c68fcfcc5073f843a08eed7c47fa24e244e5df4d5,training
white,2352,ed87238aaf4949304ce36466309d090d0c163931a9e995072af5fd37b2545bdb,final_evaluation
white,2353,42425f769e49b546bec9f5c6a5856e969fb7755ecc2d47396d67b25ab4f22407,validation
white,2354,994ba5efe69c92bcc9c9721b0e153a311448c31ee2cb065a923c7584f81b69c8,training
white,2355,2024abce0c814025f35eac7103e136f42893065b4bb8898df8048f2b2797078f,training
white,2356,e5cd7c135b1a7d140efa68c61f2c87dbc57dd20740566adeadc8e445e9216c59,training
white,2357,7fd8a238ebe55a6039b85e55f39ef73b78dda21d1d239312559981ff303b8ae1,final_evaluation
white,2358,3968e25973935d70e41d0b74f77732a4c3232f9a52542557300dd80560a0db7a,training
white,2359,663d08cd764ec314ce99bc4ce7ac6e12c0c4b3ad247d5829bb745ff947fedba9,training
white,2360,8d8b599e134f0d172eaf2150d95dfdd7e0a8da826f4fd7028b38051a339ed791,training
white,2361,73ccf0995d8cc32aca84b52822db75d7c12d681767646d044c2e03bf7f47a409,training
white,2362,35e83ddcae2b4780188f99d6aa2279431be929c11faa122f8cbf894938d6a950,final_evaluation
white,2363,50e5bb8df9f234976d59b1f24521f8c5d7501d9924f1fbe4fab7202fe15fda23,training
white,2364,2debef9cd4e219c9e0a7136dacfa7fa9aae046a076b2c79eb5aa96a4c70cb9d0,training
white,2365,5189df450463d3b775486eb8b337eb9e962b4e49adc3ac4aebb6c1492b8e5d04,training
white,2366,221df05379c71666679266aeb5bd9c71354ffe63ff1bb934596908ab041c1bb7,training
white,2367,69f1b9707ae8df8f10bd24b5f34e35b85633c100db55f9125984c7254b77db00,final_evaluation
white,2368,b5bde08b3aeb1c83c173e3ddfa0172582430f29259a09e1fb079e732a7220826,final_evaluation
white,2369,17134144d270e155de970f243186c00f13b1e80bd7796855a1ae1c6808cc80a1,final_evaluation
white,2370,c6b774fbbdd654239ba95c5de05b46bef95d28b76f6f278b051ee02a400d937d,training
white,2371,f48c430394cbb2e2f000ba5c0b02c56179906ba6a5bbc39360c459f0e180ba7d,training
white,2372,0b329d1885a1a43de517cf8e44dd3eb7c464a7da3a8d9577bc194d1c9231cf87,training
white,2373,2f5befbe12bbf239351344e9f15b8a105178415bb6aeab0b218e0d7805466de9,final_evaluation
white,2374,1531e58c5df9e03214122a1f41e536e36f5c980fdfff3848f548cc936f8e4266,training
white,2375,05061a8f270b436ca1ea35be0c704dfbbbf692c5b946e0086fa1e7f824227080,validation
white,2376,084663cac91df29e3ad60eb03866f302dceb19e6ae9ddfa11c695d896b538ea9,training
white,2377,05061a8f270b436ca1ea35be0c704dfbbbf692c5b946e0086fa1e7f824227080,validation
white,2378,17a03250b6182ad3193013f567df91cc90edf6a34df7227e4b38139ac1480c27,training
white,2379,334652a5ec9c075e0ff96cf16dd9677ebaca3a1b11e8cc89067e0d53487bc2f9,training
white,2380,a361e070ce7165d1b429388f6912c9155f65725d35982e32d7bcda835a36c7fe,validation
white,2381,7ed79eb8b64e4f2128f172c53c59d1b951f569865a5115ae2f93380127d2ab82,training
white,2382,5379f3095c46e7c3136408a994e3e4419748c5562ea21da17f7e235a398eedff,training
white,2383,932ed2bb52dbe445996cce0a2d8dd77a205a7fbdcb6f102325ca34d27925ec49,training
white,2384,6e6507f156c8e14e94e65fa5765c61795d10c4311fc86b724e11ca424de9fe38,validation
white,2385,932ed2bb52dbe445996cce0a2d8dd77a205a7fbdcb6f102325ca34d27925ec49,training
white,2386,1838ea0a032418fbff3ec4d28fe658fb3ffec089f629774565f3ac93d97a7906,final_evaluation
white,2387,ae113abe416ff3e3c83e3acc7148cf07ed4eb0dd47fec59354374da7997240fa,final_evaluation
white,2388,8d11576015ed604d1a9c0e3ffa5428f9f249e4d8c295dfdfbe0f33dfe09126aa,training
white,2389,d1c7d7a1fb4d22fad76c8891e3d08a88f3ce93f2325e4ed04f56168e4fbbc07c,training
white,2390,283bb09a355617d8e7ec6b64980e3588d354ee92ec870be116face48d3ccae92,training
white,2391,ac4c98af29a436e58e43d3b065a0e2909bb1802ded69eed7dfa377f690414bca,training
white,2392,0eecc9f4390b938b6e5a2542c070a59866c6778f9421d817cf100be43a84f247,training
white,2393,519f484983c1eb5c7f3ad24950fb1d1989d4c484690a96a4b46fcca1a2799205,training
white,2394,1d75ff654784d8791f35cd32e235fa977254eaa0f4f96ffe644ce38d139f323a,training
white,2395,df15b5a69a67dc07aa2a602ea8de2b9f95b195793f8281d7734668dad61277a6,final_evaluation
white,2396,bfa9a9e98a7924cf84adf4682c2d218f8cf630f1a31eddc903f7b771b29a7c44,final_evaluation
white,2397,10a9d6de69fdda158bf46256e70ccc406aefa9982994cd24852521a1030e14b0,training
white,2398,b4288b841f599fd6b763c160b5c963c502410bf11c3d7137971e90f15de2357e,final_evaluation
white,2399,7ae958827d843e9f339439359787b5afb55a8ac1ee0d43a651533ccf59a78c71,training
white,2400,5717f32f0e16c5a1ec24d2982d0cb79b1dbc1fa3b8b312434e2fcc035a535846,training
white,2401,991333e43800bad7cd10cbbe64aa1db9b5d5999f1f37fd4838f49b2ce604b3be,final_evaluation
white,2402,69474a63e3057573eaa43b79b5c7c4a651e495599cf4183675bb24dd04e0b751,training
white,2403,3b99c93884136ec9398129c263f0ba33bff311580923d779a1caac7e9dc9af12,validation
white,2404,887ba3c268425966cdd9e5f918c37800a59fa8b78994e684076a51a5ce1a62b5,final_evaluation
white,2405,d9a4834cf3391fc5554c1ae8f7cccad393e530696444b8982fa0c1df9d1600e7,training
white,2406,d4388bd585f7dc7cfa88703d3b2f430ffed837241cc1ec80e4a8f7e595344c2e,final_evaluation
white,2407,88da95faaf7736cf9791ac3e7a50a1032deaf67f53766cb727f9cbc1efa248a6,training
white,2408,9a97fd5e76d04805b3d7aa78b20ce874d98fd40a6c57b22dfde1f5a851e510e1,training
white,2409,0d8398bbdce128c2ffe9b882a3735a04a292be54895013401eebfbf8274568e1,validation
white,2410,67dd12e4b46e3751eee65c8094dbf240bea2ee9fd04421e622dd4b569fe10b52,validation
white,2411,e1dca779931d69c6527c01b648fb475c9ec893352c252fc8d9fd80163b1f3980,final_evaluation
white,2412,7e3965a21b0eb68db35cf0ba092f33358f6a4a951921aa072a4bb4ad14c7cac4,training
white,2413,01cc3e716718b836c8ecb3e6b0da0f3a3ad92a0d4739bc18019cc2d68b5ce565,validation
white,2414,67dd12e4b46e3751eee65c8094dbf240bea2ee9fd04421e622dd4b569fe10b52,validation
white,2415,eb2176fed0c3df4ea1536180b9a06ca47cf189c20612474203c57b018a74cfd5,training
white,2416,faef70fbffaa43eb2896c9188983ebc3c362fca6ee1b0202d0b572624a3595a3,validation
white,2417,57eaf089493aafa1bc43eb062e502c5fcd99eeb391a8e8ff47a80d036d6bbfc3,training
white,2418,948fe46c09e7d700eb59db2e9c5ce8840961e2b079f6a22c61fe548ed4c90138,training
white,2419,d345832b0c6c376056051c218df88972785c6f4495a8c25e2156a4e5cf046f2d,training
white,2420,05e8f21df67e32275e4f49ece7592be5f1238ec2a947a30e5953198b1fcc2671,training
white,2421,fc10935b8499e5052541a8d53a2eafd352a4ccbf1cb91eb9e65a0f295c3ae690,validation
white,2422,01d919cfde14eac691a38989e72d35b40e57be93515ee105a7e8547a989ad661,training
white,2423,aac57c2ff5154ce5dee07c67d49ca26ee7e5a9af95100f750f68681dd48be951,validation
white,2424,4baa7a3874d00d8c8c743093b0d820dd3941a4dd3acf0be577c43fb86fd4ce74,training
white,2425,aac57c2ff5154ce5dee07c67d49ca26ee7e5a9af95100f750f68681dd48be951,validation
white,2426,4baa7a3874d00d8c8c743093b0d820dd3941a4dd3acf0be577c43fb86fd4ce74,training
white,2427,e72182e4f9dceac2ab94b7bec74bf0b9f0a1ab96441f04082c59dad829b6c8e8,training
white,2428,927f9419ba7ff6101a23acdca4f1d980f74568c574f62a3111e6f4d0e36e71b5,final_evaluation
white,2429,e72182e4f9dceac2ab94b7bec74bf0b9f0a1ab96441f04082c59dad829b6c8e8,training
white,2430,927f9419ba7ff6101a23acdca4f1d980f74568c574f62a3111e6f4d0e36e71b5,final_evaluation
white,2431,4238184d96414b90c15e3def96a5e3c07f8336c1a9276e439fbda6e383507a1c,training
white,2432,8bbf8a9c5a406e4e31ba9b8fa5f6e2f8326a94ce010256bb39715de71a83a55d,final_evaluation
white,2433,9567081313e111e8856b13fa1286a5eb695010daed842b10fffe76654dfff4ed,final_evaluation
white,2434,08e06f3e6940116ac3fd69bb0363eb5b980be38ed10294f027cb3ec460f6c44b,training
white,2435,0cc574aaca3a439b335b074f40cb351fc18f1df43c0a508d895041d220c03d64,training
white,2436,6de36c0071cefbe6bd49998c5c0115f9aaa1f9c0826f5384194f0964b1bf5296,training
white,2437,d719cd02d8fc3ecad52ce7299e1d9df384295b761a72f4ff62fed5a73e8f72c2,training
white,2438,d9319d3eadb8bea0e27bc91986e4a6c597779f7d2379e801c6572dc743fd0fec,training
white,2439,d719cd02d8fc3ecad52ce7299e1d9df384295b761a72f4ff62fed5a73e8f72c2,training
white,2440,a2e5e9c56d1ad405e9c3ab4aaac74579cf42c21de190b268dec64b464331a9c3,final_evaluation
white,2441,9880d51416c4b6d4bba53262572836d95785df583155212825b9bd8d80f8e70a,training
white,2442,d0bbf2f6fcb767a8a17528874cd8eecace4483f55139adf5fe36d302f835c617,training
white,2443,93b7d04d076766bb7ba2b4430d0751c3b8da80ac9f62043da96b57b4124a0b84,training
white,2444,4bce2f1ae5c75a5a45f79e45b177e36294eec8664114c6deef06cd2ae8c5c553,training
white,2445,93b7d04d076766bb7ba2b4430d0751c3b8da80ac9f62043da96b57b4124a0b84,training
white,2446,e4f0f8b30f750b384e6983c885bd41d5cf5b97518f170714f53cdb07aa0318e5,final_evaluation
white,2447,57bddcbc79d2917d14ad29674fede8e4bdd65172e57fbc9637477f9d1e728448,training
white,2448,d54bea11125a934a1a4c8de69fb6a5854c9bbba58cacec9a73d3a3f4dadfc788,training
white,2449,6ecef4bf5f18ab8a68fc3375f7bb58c99b1b313abae2a6fc9d850c9c9eab87aa,final_evaluation
white,2450,edb0e09e87bddaf1c34bf1117cd080dfdf83cde35c19cbf64a0ca119f8956ec7,training
white,2451,fabeb2f0ec73aaa19aa26a514ac3c354c729b9e0f952e663ab78303c997caaa6,final_evaluation
white,2452,fabeb2f0ec73aaa19aa26a514ac3c354c729b9e0f952e663ab78303c997caaa6,final_evaluation
white,2453,6d0897bfc739a44f37d2e23a2ada92781bc94512d99ac1b7d62dbc65b01b7edd,training
white,2454,b1d02557fa62bfcbcb27085d46bee003af149d66e4e2d90049f96229c69a5318,final_evaluation
white,2455,8073d772b6137ac4c8ae660fc421093ade09743c549d3a9d932cbd3fbb4ea602,training
white,2456,890a9935fe26dd0e9af13647f602c86893d17b1145c4f9c67060e68ceaa5dbef,training
white,2457,e1efd9042a9b2e1892a790ebf99aa2068907dfa7cfb13aeef6473f6cf270afc7,training
white,2458,e1efd9042a9b2e1892a790ebf99aa2068907dfa7cfb13aeef6473f6cf270afc7,training
white,2459,890a9935fe26dd0e9af13647f602c86893d17b1145c4f9c67060e68ceaa5dbef,training
white,2460,94edd657b6e11153b34419d209346740e16aef019d9ae73f50076d31c511f2d2,final_evaluation
white,2461,94edd657b6e11153b34419d209346740e16aef019d9ae73f50076d31c511f2d2,final_evaluation
white,2462,b1578db59f7eeb39285ed44666915c0d5e04cab36425454653d2bc0ed8e825ef,validation
white,2463,d50c3cc6fb8416d975a25fac726e539f9aa0e971e6190a51227b10e3f5d7c451,training
white,2464,e7631358bd60ee6f2fda6d9fdf08952ff3472f6bdefb3535e7acdfdc3fe6d253,training
white,2465,532a506ed586962c4924278707e3c4692dfa265fc97d3f4106a0f9c4cd642cc0,validation
white,2466,a9d475006769a0e182ab8493d06c90640e00fd988b74bdc13e3572e4b19191ee,training
white,2467,448f2b31e14adbe7bbfe12e66705bf2288dfe73ac5a0875ba66a041b8fa0dfeb,final_evaluation
white,2468,d7040bc508ae17401864654aa0b8bba6f90900fa3a7330fdca6fa275f2321231,training
white,2469,c54a7a8f49073dcd6ae0b237f2ab99761511256e6fca424631a909615f2e9227,training
white,2470,9341c8ca3938aae0061efcbc90c2c5ff7e4506c9157045ee3c0aa3ad034c0ed7,validation
white,2471,3e792ad2846754e91c17c4ed4a8ad03b73c21dc2bdeddf6d4a12257312eca3f5,validation
white,2472,9f1f2c0064b00accdcdf2ec1267e1ebebfe7ab5ae9dfcaaad9ad5c86075fbeb6,validation
white,2473,a25176cdaf4d9fef191ebe5bc0ae7f660bf4b436d7bbd34ac315ca294b75bb1f,final_evaluation
white,2474,8426fc1ac4f864354ea557d8b717d64729d0a48bddf23277f8b807ff34011647,training
white,2475,21deb42366a614542a3b85ca5ca8c29c6fd1df27e63d7284d44a1edb7b0acbbc,training
white,2476,49139c27ed7e97a506563c8dd47dbd605371d69957585d32c92f8c0a86fafe3d,final_evaluation
white,2477,9537c8d1e5373352dfbdbc6dc54185ffa106b528d983ae649745803babe2b860,training
white,2478,21deb42366a614542a3b85ca5ca8c29c6fd1df27e63d7284d44a1edb7b0acbbc,training
white,2479,8941d788a74dc6140c9bda1657d8a51a623365f49f08aafb602de6ce8cc0c205,training
white,2480,996ee57cf4585e28bc9268e83bd60c4a83ece4dd5aaeec966d50efa372bc3436,training
white,2481,2771336c122ab20da4fe90db1e59c4aa66df1e8f69e0b0d3d10beeac82e3efeb,training
white,2482,43ef3d8672ce98abaa5d6173ee19e28b9dd2853dacbfd4590cdb5864c6b7d5eb,final_evaluation
white,2483,866ff589c86dafcdccd0c4a4adfa56c833d0b4ed021a54e54c2263e3ae76d1d9,final_evaluation
white,2484,8941d788a74dc6140c9bda1657d8a51a623365f49f08aafb602de6ce8cc0c205,training
white,2485,c9fefa4dc5777e4ae377ec80e5e12fb9f2d1dd54bd4b8eb2a96c34cbbdbb6722,validation
white,2486,7a395d83a843877f93d3782b4feda17dc69fc6d15d65c761a152cde12ec0f87a,training
white,2487,1377498ea1f08ab43de3497848d09fddf413cb332b3a3bd318b0da97965352a8,training
white,2488,9f0483c9aedad7952dfe9d05c63d72e6ae2714d1f6978edfedc7e74f45335b9a,training
white,2489,9f0483c9aedad7952dfe9d05c63d72e6ae2714d1f6978edfedc7e74f45335b9a,training
white,2490,56fa2a7df7835639c164160c9b61b5fc5cdb01c1ab0f6bc5b76fd6c6e3d376c6,training
white,2491,b1aade8b095a147979e94ca080bc141f13249a3c52df194278fa8232a5c631da,final_evaluation
white,2492,d4c415029ca5badc781d08cec44c28d21e7c4b911c7a7759214cfb43248d7a56,validation
white,2493,56fa2a7df7835639c164160c9b61b5fc5cdb01c1ab0f6bc5b76fd6c6e3d376c6,training
white,2494,49db54cf841f7dfc31142710c8d99b25e6961f2d139e563eebd78459c75fac2d,final_evaluation
white,2495,49db54cf841f7dfc31142710c8d99b25e6961f2d139e563eebd78459c75fac2d,final_evaluation
white,2496,b19c901972674bfb8475877149b6e978f40ece7b520a14713b12734f8509988f,validation
white,2497,78611116ba2229f92b67f321df92cfeb7b45f086ddcc0a4e145c3845fa87475b,training
white,2498,c4d9fb17b7d59af63d0bf4b28b087cc0f63e27cb4689c655fb182b1733411afd,validation
white,2499,c4d9fb17b7d59af63d0bf4b28b087cc0f63e27cb4689c655fb182b1733411afd,validation
white,2500,e1261fd9e161834f8f6767aa5297043fa3f5bbcb2950e7c83a113d00c369e041,final_evaluation
white,2501,c4d9fb17b7d59af63d0bf4b28b087cc0f63e27cb4689c655fb182b1733411afd,validation
white,2502,f761cacb785641974f83f0365ef217cbada8fb729bea2176d41acfaf58ca7b98,training
white,2503,81a5063b5c11b680dec72159718f0c53c1c87feeba175485f550d674329178d0,training
white,2504,81a5063b5c11b680dec72159718f0c53c1c87feeba175485f550d674329178d0,training
white,2505,b5e31d91f6bb99820f324b6bef741abac696cbe92ebddaeb06b0b753b3134789,validation
white,2506,13ba2a482a8fc0b36e748124cd6952e9361e5ee8b5fea70f868f58d4989be87d,validation
white,2507,1111ed86a36c2f80047b416287f71a7ee96623ca8002463def623204732a23ca,final_evaluation
white,2508,ae048bc26f43fb03388d63f2dca1768f24bf3ca0dacc7d533e6722285e356f69,training
white,2509,82378a03cf097942c65076eb0863405f697d0ab53b205bcdaa35e8a083eb2860,training
white,2510,ee47c6a84a4397e5e117ef4ebc0e03eff2933583f3990887f6c4e5edadecaf79,training
white,2511,b63e957ab9cf347bf7ae1fd573310a72b721484b6ac1acc3b557eef872133264,training
white,2512,0fa49b39f53056d60962f0ad0402af5f46ad787a3f4ee377ffd4fa8366861b96,training
white,2513,7a63cbb674de5ad59a02700f4405a99e2ecafe061cbc6f1d0b7704e6ac9a7611,training
white,2514,dd02b0412aa27c5fae0d2efbd339cfab79c1d7db42de44b3a05b18c24da9ecb3,final_evaluation
white,2515,b49c88ebeb02c77b9b568152046f60dc283c55e5f3bc4d93622a42d3e391f69b,validation
white,2516,9db185393b2abdc9fd659df2168fe8cadb36532ee4da2b3d0eb10d4e52957311,final_evaluation
white,2517,55f31edf0d51099deac564ff2ea0c8014bae775363816efd25d5b8039720047c,training
white,2518,92ac38416ec702917321cd6bb1608dc3c032bdc33e79c14f4e35694444b11d45,training
white,2519,9db185393b2abdc9fd659df2168fe8cadb36532ee4da2b3d0eb10d4e52957311,final_evaluation
white,2520,bd0a3daf67b822a0df706b7d4957f9a8abdd0aaacd0859b4fb1d0969a9329ec6,final_evaluation
white,2521,ea6b4ffd754d08f06339ba274c7f643d2ce792f6fb7302f0a92ab0d3f47a8087,validation
white,2522,3522571043afec8ef471ba92c1ee02ca83232eb6179a5af2de6ddbfe528d2671,final_evaluation
white,2523,34fd44a1e1a13aa25285ef712b13e6b3b57508586e7bff7abe0d80b029c7b0d7,final_evaluation
white,2524,016e78c6e58bbfd51d343ecda4cfc949e188287bd2bc683a62ee10b57c5fd7c1,training
white,2525,ea6b4ffd754d08f06339ba274c7f643d2ce792f6fb7302f0a92ab0d3f47a8087,validation
white,2526,34fd44a1e1a13aa25285ef712b13e6b3b57508586e7bff7abe0d80b029c7b0d7,final_evaluation
white,2527,3522571043afec8ef471ba92c1ee02ca83232eb6179a5af2de6ddbfe528d2671,final_evaluation
white,2528,36dc841564bdfb3af6d423ca0c8a7a38884ecae63f8045213a1a47834e93b8ea,training
white,2529,451e42e11d7b931bd294ab198f9d9a8588531a8b06ab909fc7feaa1a8bb07126,training
white,2530,0e687f199a694459ccbc440bba7b5c421b022754b909f814ec5ae4d5ab491fca,validation
white,2531,3650117fc4f44c373d0d7b8536a00d979c1aaae8418f5855f06b2172f0dc7bdd,final_evaluation
white,2532,3e8cf511ef3ff2b61278b0a9e0a792980c988ef7773e9da0fabc6a1796e92c47,final_evaluation
white,2533,3e8cf511ef3ff2b61278b0a9e0a792980c988ef7773e9da0fabc6a1796e92c47,final_evaluation
white,2534,d213d0ce0f0a40ad1ebd1e274a9008de9645d2346c17e498ecd67aa0eea5c46d,validation
white,2535,9af5cce4f7bcf6150a98c6ce85810a8dfbfa58e8df6e971f37e410a8df10a10c,training
white,2536,d6198f4f9d2a9d4810cc3308f20df3896df7092034ccaba32e6188f267db3006,training
white,2537,b700034ffeb3ba1ef978b5006376e3361a2d431443156e0add1f0f5bc24256af,training
white,2538,8e70f2dd83ee5da6aaf01be8754978baefb8da61aace1465143f619b69555d0f,final_evaluation
white,2539,8e70f2dd83ee5da6aaf01be8754978baefb8da61aace1465143f619b69555d0f,final_evaluation
white,2540,191ec3618a46b66ea55f640d516e37259556cd54f4dd6808c18bdf033d8d0fc4,training
white,2541,0768bb75c2c499e9ec748b8696d2069718c2e450773f5e64daa79fa31732ab26,training
white,2542,d6198f4f9d2a9d4810cc3308f20df3896df7092034ccaba32e6188f267db3006,training
white,2543,7d73701838fa0252b5f34fb841b1fc5095214566e3a55ce38a32177402702148,training
white,2544,b700034ffeb3ba1ef978b5006376e3361a2d431443156e0add1f0f5bc24256af,training
white,2545,871cf35ffdf9caafa3bfd75ba6285805163bfa41977f32594a86d14dfcc2cd8b,training
white,2546,32cef64401635b10e4fea393ec81210fbd55876bb07d9a9ac6dd608fcd8f17c3,training
white,2547,6329953db5813aa67b71a52a248361396f3b266227b5c83201989a4115702952,training
white,2548,96eab4b5fb853380a040a263a7e87cd7ff42aee9a319c3ed9f2ce902f5c5919e,training
white,2549,ef4a5442517df31237e351e5c55cdc12b3c1649937efdc4cd769a682afb83370,final_evaluation
white,2550,3c1908575f4e6b0e98459cf389178455317583cc412420fd4c274eaa7ccca2d0,training
white,2551,96eab4b5fb853380a040a263a7e87cd7ff42aee9a319c3ed9f2ce902f5c5919e,training
white,2552,ef4a5442517df31237e351e5c55cdc12b3c1649937efdc4cd769a682afb83370,final_evaluation
white,2553,a7a1981c091986ccd2377e82099548f87b8256b79a9ab4a36f0272b57b67fa58,training
white,2554,57859c7e490a2e63805ad6d6d9c7cf8317e5c0bfd5084137ef96b1911ae6ea3c,validation
white,2555,e9743c32d86e4e1e25e60e1bfbc89efa20808bc02e1f549660d268efc46093e3,training
white,2556,57859c7e490a2e63805ad6d6d9c7cf8317e5c0bfd5084137ef96b1911ae6ea3c,validation
white,2557,193586f52bdcb11e193862c8701964f6fdb108d04554ef9d1517045897d50472,training
white,2558,e9743c32d86e4e1e25e60e1bfbc89efa20808bc02e1f549660d268efc46093e3,training
white,2559,57859c7e490a2e63805ad6d6d9c7cf8317e5c0bfd5084137ef96b1911ae6ea3c,validation
white,2560,05c6ace818c096f0d54979fe61aa0e84a5984e46a61974778804adb8ab8296b9,training
white,2561,0a9529bf040362751c1e1269a180f4195eb2ce1919df42c79bb496447ad72651,validation
white,2562,2776daeae078cc40b22f8cc65d16964d378824c1c1c69904106172c2dcdcc29f,validation
white,2563,0a9529bf040362751c1e1269a180f4195eb2ce1919df42c79bb496447ad72651,validation
white,2564,05c6ace818c096f0d54979fe61aa0e84a5984e46a61974778804adb8ab8296b9,training
white,2565,4d3a875030340a936c956dfc1b8327ea934bb647690602a155a2030878c146a7,validation
white,2566,24471c1e97b3618ae27043a5ea45a85b32712b28f36806523b270db4d6cf3daa,training
white,2567,a209ec6a0b57ddb2cd434c9ab33121cd2bc321510809c450c720ac9a92bcc037,validation
white,2568,890daf0cf47321ee8419cf40969c27c65dd0e6d2d10b5c70688e375e3ee90663,training
white,2569,681b46988da5d00d25b743711785ae5cb939ea4ba86ae203ee3c23d9175f49b3,validation
white,2570,865c1b093ae6452a5c1774e3970d4539e4e769c1e5bf7bc80026d2e45b72a39c,training
white,2571,890daf0cf47321ee8419cf40969c27c65dd0e6d2d10b5c70688e375e3ee90663,training
white,2572,790bb2082758b85e4f8d6868395d6c1d7acfc9574080e31311685fcfc619c00b,training
white,2573,cfd9bbc5d8e2569b6fce3eb40d3246cdee78c0cb33cb0c4ebd69f2c0479da662,validation
white,2574,9287c17a0da583620f51f56d3357d926eed5568c2fe20d3a0d30158541a7b95c,validation
white,2575,d84c6114f25238f8c0766d4077934fecb0d9105fb23eda25cb03d8ca93d7ea74,final_evaluation
white,2576,66310305a7efa3c90cd85485ebd4f31e763ea35f806597b2facbf26d6b7d3be2,final_evaluation
white,2577,2d1badeb41ea4a4be82cb755fe3e91c1c0b455a675860d5a289a183bbe97595e,final_evaluation
white,2578,6ec0589d57d942b24955a0402f29e71074fdf8cc1387fe781b4faa2355263535,training
white,2579,556439a097b3389607a62b35096aa5530b0bf8109fef07099896018360bdcd27,validation
white,2580,13eee9b4b990561639f43670d845fcf99818f48857fc1845bd79f4cecb106846,training
white,2581,f96dcd1cae06f2610b17d217efc3fc870304f939d02c816d84bc7ce204bcf070,final_evaluation
white,2582,310c704d324dacaa2a32d032baee6aa54bd0772034a286081e1ec2fda68675a4,training
white,2583,310c704d324dacaa2a32d032baee6aa54bd0772034a286081e1ec2fda68675a4,training
white,2584,310c704d324dacaa2a32d032baee6aa54bd0772034a286081e1ec2fda68675a4,training
white,2585,310c704d324dacaa2a32d032baee6aa54bd0772034a286081e1ec2fda68675a4,training
white,2586,310c704d324dacaa2a32d032baee6aa54bd0772034a286081e1ec2fda68675a4,training
white,2587,310c704d324dacaa2a32d032baee6aa54bd0772034a286081e1ec2fda68675a4,training
white,2588,49a7e6f0420a4091487510f298cd1bac24ee19982f0b682041ca9afd99b05bee,validation
white,2589,310c704d324dacaa2a32d032baee6aa54bd0772034a286081e1ec2fda68675a4,training
white,2590,bf76e875d6d686f0e5154b5c5291b271fb69cc67092a422dede7bc875c3416c1,training
white,2591,e983d582155d4d65240e955396ad50c31bae7f14983187f8a3ed51836198f905,validation
white,2592,18bb27236795321babf5037fc97b5f38e3933df52de30831ce0133decca41cf1,training
white,2593,15cc01e166e52e084474d41b6d8ac95d5856bc4098861cb5027ac157acd90688,training
white,2594,3944715ef7c06a5f43d8bf0a376c64cbed10b835a8af497a1bc2567dd160104d,final_evaluation
white,2595,88de135d1ebd4f3d42a218da8aa712bd751138a9082fd827b444971657e98b02,training
white,2596,760c828b726ee1ae843d231ab712f26f27bf52971d9a19645f01e5b1c2f8ce08,validation
white,2597,a43a225974b49379c68f62da10349f985c86c403bff9eeaab9fe28369d4160e2,training
white,2598,caabc49cc5b0091ad23baecba8461068706a135cb2d8ac57135e3dae9430b84f,validation
white,2599,a43a225974b49379c68f62da10349f985c86c403bff9eeaab9fe28369d4160e2,training
white,2600,4ed0bf75ff7ba5eef88e697c7526545de13d3e87465593b384935fa19061e05f,training
white,2601,81d2796ed4edc89ef49f422267b6d6142078898139f4bd389396c8e3742299f9,validation
white,2602,15f7aa70170bc4347c31b022db32653958fac216df6bae2dc79653e0e8211ee0,training
white,2603,caabc49cc5b0091ad23baecba8461068706a135cb2d8ac57135e3dae9430b84f,validation
white,2604,e056cbd14deefc0ae718c2eda266723034df9375a9b89eb1903be94b8bc568f6,training
white,2605,e056cbd14deefc0ae718c2eda266723034df9375a9b89eb1903be94b8bc568f6,training
white,2606,632b62a1a218a054f12e0c9aebcf96405d889701b189856d0bbfb0c6bd350963,validation
white,2607,5edfabc4d4ac5f814e3729d76265f778edf07b7c2dfd8cae6cf497d8a69f57f7,final_evaluation
white,2608,09d124e58590d347d3e10c19f683252cd99b335c0128150f49075167d6e00a3a,training
white,2609,ea2f07251c81b49a5af77106772ac119e42ed47dcacda7caf41c6d8568e1bc35,final_evaluation
white,2610,632b62a1a218a054f12e0c9aebcf96405d889701b189856d0bbfb0c6bd350963,validation
white,2611,519f1f44a4e4a8df23cee7acaeb3bcb9e366aef5888f0cad0798a6418b158a5e,validation
white,2612,d8173914691776c8451c02ab8d23e3f877e1c9f0d8869f8bbfab2282ff7ef10c,validation
white,2613,e056cbd14deefc0ae718c2eda266723034df9375a9b89eb1903be94b8bc568f6,training
white,2614,737fb99dc706c23d3fee99b4b76c77c686a6dec02aed304841a4aeee6f12b190,training
white,2615,0bdf6f60c2ad74ed19f49be949dc641ec5d63ca0165a37097d34fbbe9710173b,training
white,2616,661ca34e5205a0bcec883fc965f94d7769a69fc583c9f5bff637cee21cb4071d,final_evaluation
white,2617,661ca34e5205a0bcec883fc965f94d7769a69fc583c9f5bff637cee21cb4071d,final_evaluation
white,2618,661ca34e5205a0bcec883fc965f94d7769a69fc583c9f5bff637cee21cb4071d,final_evaluation
white,2619,e4a7a0339fbd7761d7e0e3a9fdc0e7bcd158f1c7e2e67a4944f66e3e64aa17b9,final_evaluation
white,2620,d13826afd33d043bc4c11e9fade8ae271e4abdca3296934cd342aad027bf7760,training
white,2621,3415b87fecb6817a9ce65728dd23b74c34bc8d0b0c56bb7075405eb31cd3dd84,training
white,2622,737fb99dc706c23d3fee99b4b76c77c686a6dec02aed304841a4aeee6f12b190,training
white,2623,e4a7a0339fbd7761d7e0e3a9fdc0e7bcd158f1c7e2e67a4944f66e3e64aa17b9,final_evaluation
white,2624,661ca34e5205a0bcec883fc965f94d7769a69fc583c9f5bff637cee21cb4071d,final_evaluation
white,2625,0bdf6f60c2ad74ed19f49be949dc641ec5d63ca0165a37097d34fbbe9710173b,training
white,2626,f27da112b33156d958ae2ae5f98d4e8cb4874a877f0857644a19cbbb780fa166,training
white,2627,4f37b5047cd63e74d9fe0bb463e95cb1755b489c30c6b39bd62d169b3c86dbef,training
white,2628,f16c78a5364747f66d6e215a948edeaac13a43dd61d0825b2df86094f67d9f1d,training
white,2629,43901c277f0fde15dae6b881a1c2b33c09ab16dd46058b8dc20ecaa9df37cc60,training
white,2630,59661bc1b6bf435b3052b3daed60418376b0e6b0f89b2f35597d1b0bee72ff73,validation
white,2631,0a5516f151858aaed7008aef65f2b4916ab4a1a86c855cac52f6a5dec335defc,validation
white,2632,e00608eb81195834273ef060a5b1237bc6ca941551bd274ae6f36f026657545f,training
white,2633,8a983a1e8973e8288dc35920b1aefffc6d0ad5f6cbebf0d3299ebfd1b9ad55f0,validation
white,2634,af48e8a04132906f19337b5df8ebcb566fbc7ac12aa72f29309079a08b512691,training
white,2635,1360c36e3d44dda924ba60fdf63abfc8fb782eb88770ab184e6115d9a1aa03ff,training
white,2636,a4a1bdbb9f432085c1a2a87db5c5d4ab53ad00917e125b1cdb06edf5c685bc9e,validation
white,2637,af48e8a04132906f19337b5df8ebcb566fbc7ac12aa72f29309079a08b512691,training
white,2638,1360c36e3d44dda924ba60fdf63abfc8fb782eb88770ab184e6115d9a1aa03ff,training
white,2639,c6a639e3e19a833885a4cf07dd2e37566171d9433c7f6b4db44c9b969821e7e9,training
white,2640,234ff1beda957991311407de7ed255a63651813ce6b9b0dc0123147d67fa490c,training
white,2641,c2d46e8ef26a60cc8e610bc034375310075bdbd83ad27d9174fd115c70551786,final_evaluation
white,2642,969fb026c4d26d6f21f572205c284cc6fb3462b01549b9b1d77d673d37ec03f6,validation
white,2643,da5f358b0d15c2f1e8990c46231bf3df119fc026b94ca6f77fe734611fd4dd80,training
white,2644,922a33ae95e87526b6a44e21924a3eba78d69a55fdd47d987b19d3c0c4d80bcb,training
white,2645,45c51789476c8ec9ddb6a565727a65d26e0ea884c99e562fcb56791661ad708b,training
white,2646,c3b0c07b04d218cf92223a0e7da12fd4dff42a629117331be77cd0857d83b29a,training
white,2647,77955c8cba27de4a59ead47e88fb73f1a935ec0aa2c087260f31e5c2a8b7b2b6,training
white,2648,cfebb5a93b32f5855bd0280ba68f419c048adccf2594ab478eb56562be5f85d6,training
white,2649,8ad283559a04a2e744c6fe89f168bfc944d312e28dac74835f6012ae41b747cf,final_evaluation
white,2650,45c51789476c8ec9ddb6a565727a65d26e0ea884c99e562fcb56791661ad708b,training
white,2651,4a13d4da83ec465ec3779bf3939c35e785b2740ba7c5746440ebea3d113a7e61,final_evaluation
white,2652,c193c8fb2a0e4aa86711688e89e410560b711aa3b0cfc6c310c49a3aca37cc29,training
white,2653,de43d97dbb31e3c9caaf7aa5aca617739e62ea80e940f0df47cb6f019765b0f6,training
white,2654,65d37e079105f9299a5c9ec51bbffcdbad7d723e53a377c1a3b243f63cecc8eb,final_evaluation
white,2655,c29909b4afba3560575c5eea0796f4dfb39368c9c01696153333f5f31bc48ba1,training
white,2656,b7ef5db73ed6d50da67d5fa1d83ec65d2e59b6c793b28b7390965c74ae9e6ad9,training
white,2657,c8e376a5549941503b7a0ef7c36e1d1ad2c9355f6580f35df0d8242668c21358,training
white,2658,f76dfab5dea75520440d727af9c58c616507976ce6b57c5d42476850364833c5,final_evaluation
white,2659,6ba4dd83f67663ace3fc7a1e5f2a3442e9a8113cafbd49a077e554c892a77dae,validation
white,2660,d2b584640e9a67705cdf91b07dfb569e8636a9e3def0d39c60443f25b9a0df92,final_evaluation
white,2661,378d01912b57716c3965ace335dbbda2c947d0f609925ff68283322bec3c7f64,training
white,2662,8d55797cd6bf4f88b2aa32ad895c1e4022ec6f3d3d477f3793724a20dee6b28e,training
white,2663,eec2edc03782dcbe7fdb618b42ed5505a71ce308bfb3f282742fa817a3732940,final_evaluation
white,2664,c12bda1bb13947dad6a19659220e07fc80bf1ea4d0a2839f390773b0139b9064,validation
white,2665,71f9d958d1ed8f0772a0f98eee6a9a57957f1b4a21d61dceba3fef56e69822e1,training
white,2666,ff5c140be0ff8a2b306745311f1ef0251299fb22d63a604031201079ea33a533,validation
white,2667,f24501d68ab85452146dd476cb20f0ac393ac1566dcbd300c1f6d750e68d3242,training
white,2668,6579112245fd56c58061463042afd8c8ab2aa8b68ba012e47f8d075022c6db8c,training
white,2669,c82a854570a128483e1e68864d43821d428752178e7367cc45d683c5444ab370,training
white,2670,4e14ea459256622fcb4718ad2a90cb10183bbeaee398738e7206a92ecb5d244f,training
white,2671,f24501d68ab85452146dd476cb20f0ac393ac1566dcbd300c1f6d750e68d3242,training
white,2672,eff003d976fa3ff26b27172ff0895a94282337a1ad1bb0574a889afdc26019fd,final_evaluation
white,2673,ca92f1d8d9d6b575a412fff2708a6e6889015c6cee7e481bdf5a337688790a8d,training
white,2674,99a43ca3290a565b78bab8c028f2f0b8e3d27c3987a9c0ca5d2cc52a1a66e0da,final_evaluation
white,2675,affa6b34806074ff22e9b05742c51cf1f4f1b4a62cad2794bc22fe5d1b38c4be,validation
white,2676,14181aae0588af29133be3f52169c9a45977b9cc358bb61a95284444608419b5,training
white,2677,1ef463f8dd6d3d6cf30b90b294052aad134a266439c81246c02c4a2d73b7d5a5,validation
white,2678,fab139b56e7fa4fb319d49ac99f93f8198ceb81e48377b9a26e4e632b1c94383,final_evaluation
white,2679,55a2f90a8ead4f78fd9b99b6c37333478848c16fe09aaab3881c67c5af127286,validation
white,2680,68c7aa2cd82637f665d5902839e9b1e1a805ee603fa609357c42aed17320edd8,validation
white,2681,4274b9c2a54718bede653a8cc2c0318abb0046872061ca3f51c4e340a38a8953,validation
white,2682,d604e2bfe951d0d47018a7e72e19ec8a81d30e4b24e78ce320adbda206c12655,validation
white,2683,068271fad5049504cf948f8482bb6253eac4c5470986e661ef2376bfcbcdf741,training
white,2684,55a2f90a8ead4f78fd9b99b6c37333478848c16fe09aaab3881c67c5af127286,validation
white,2685,c9fe8d66f4f0658845430f508e3bc1ffbee40fbbaf7ca4112cbd9f05d8ef793d,training
white,2686,bd72fbb454587162632cd77c3200ab6ae05521de94feb5959bbbc7aa176c1215,validation
white,2687,4274b9c2a54718bede653a8cc2c0318abb0046872061ca3f51c4e340a38a8953,validation
white,2688,8a6b0d626b12a50c4896455a7fb9ce7ad780e10240fa3217bc67e1fddca440fc,training
white,2689,d604e2bfe951d0d47018a7e72e19ec8a81d30e4b24e78ce320adbda206c12655,validation
white,2690,68c7aa2cd82637f665d5902839e9b1e1a805ee603fa609357c42aed17320edd8,validation
white,2691,3f8ad5cac115f3a57ad961972c9410eb1d9d1a42d4ed08a757fcc8e09c0a931d,training
white,2692,25e731fe1cfd97ec6f62f56838ec7c8e6d0798c56aab9ac3585654c4d2d2a2bc,validation
white,2693,a3101583d2e804a1bb9e659beeb0462a6602633874c3df22768b407e006acb8e,training
white,2694,57d63375fd539673676220e0f4ae4e9651e018ef25ee3b3d9cb3a6626d489ce0,validation
white,2695,25e731fe1cfd97ec6f62f56838ec7c8e6d0798c56aab9ac3585654c4d2d2a2bc,validation
white,2696,1e54f396d5605e5929d0fac85a042bdb0622318b9f491e17cd3624a74aefb9db,validation
white,2697,0532a9a232a9f191f3b3ac87bf4a56df3de2a58ac58501e74b58660474de1bfc,training
white,2698,89874bf9af85a1bdcd8c97e67320aea7c4ac845d3016a54c3e5acf68e706cc48,validation
white,2699,a3101583d2e804a1bb9e659beeb0462a6602633874c3df22768b407e006acb8e,training
white,2700,3f8ad5cac115f3a57ad961972c9410eb1d9d1a42d4ed08a757fcc8e09c0a931d,training
white,2701,b6c6ef3ba4e0a93546a7a01085e9109ac45012fe6382e3875a2e031428dbf781,training
white,2702,d7cd3c13d3e42a4a0f33b5c86b499eead3cdc88f2c90c6a62346e54f6beb7714,training
white,2703,d7cd3c13d3e42a4a0f33b5c86b499eead3cdc88f2c90c6a62346e54f6beb7714,training
white,2704,d7cd3c13d3e42a4a0f33b5c86b499eead3cdc88f2c90c6a62346e54f6beb7714,training
white,2705,1fda65f7d92df2e09b2b99345972bcfb19bc0626f6235d17f2c44f360733beac,final_evaluation
white,2706,0a4904a0d662f4b77d296b8360438eedca8f7fc943c849f887f8092603a8fdc4,training
white,2707,757af3bb122b352c75f3da25ba0ebbbc48da7b80c6ce85c6dedb4db374e2f2fe,final_evaluation
white,2708,d7cd3c13d3e42a4a0f33b5c86b499eead3cdc88f2c90c6a62346e54f6beb7714,training
white,2709,4c5c75bb15361f1eeafb9618da4ade4c4847f4f2d805fb5605759e8b1bad1384,training
white,2710,638d68e62b9bce3c43ff5e13e8e0f1691f326165d94f5e0df64b772e97fff6b0,validation
white,2711,638d68e62b9bce3c43ff5e13e8e0f1691f326165d94f5e0df64b772e97fff6b0,validation
white,2712,060b3ca94460396af1eb7d531c0d0c5c3d0ad51cb0d44ea07e8f3a91c9f8d6e3,final_evaluation
white,2713,40678a98ab500da6aba0ebe19b4864dcde57941959a95f869190769fbdea8fd3,final_evaluation
white,2714,4c5c75bb15361f1eeafb9618da4ade4c4847f4f2d805fb5605759e8b1bad1384,training
white,2715,d24e4330881925db5d00f21d1d987ba30361c8fba39f863f5d812763147ad19f,training
white,2716,71e8c7a7456878695deb1f3e9dc526632eeaa58ff86441a4df0ef35d5c4a1b46,validation
white,2717,638d68e62b9bce3c43ff5e13e8e0f1691f326165d94f5e0df64b772e97fff6b0,validation
white,2718,731197c163e750f64078a85f6decae7e384c4ad9fd0e7ad75af7edb363dbb6cb,validation
white,2719,ec1f63074beb0d91e88e13b49e9b6c335f774a34e450e15ef3b58c25f411c980,final_evaluation
white,2720,cfb08353d1e7ebf3b198f8d58726d55072cef483bc10e93d1869c89eeebec5f6,validation
white,2721,376a65423c32c91e2038b58074ec71fbc2b2f24fa1c0cc982fc2fe0b59765cbd,training
white,2722,e9be6e339318cdad63021d50337eb0cc177129d1176869dc0ef74c576dc6fcdb,validation
white,2723,19d71f24be30e2470516a212033df94de1b5e432e6a5dec8093eea0cb5943630,validation
white,2724,6d13586b1131068f5837a8a6bbc7942267c82e8f163585083765d2a5163a3cbd,training
white,2725,cfb08353d1e7ebf3b198f8d58726d55072cef483bc10e93d1869c89eeebec5f6,validation
white,2726,f8a835c8083f2083d11daea5822a9281d04939677fab8da1e5ae3e68cb85151f,training
white,2727,3156fdc5862fb9392bdddbd9f3851b3ff105cc4cfa0844efe6e758e5a7bcf289,training
white,2728,19eb75e5319ab57ccbf6077f7f39ec03afaf88ab13fdf732d373a9cb02021bac,training
white,2729,84ea27a86f2e694b2945be3b19e9a86ecd425b75f1e432e7e2940262adb083fb,training
white,2730,327ef25e874769e132ccc441f1af3d26ab7170332b1117673c32a1ac3fd6e85e,final_evaluation
white,2731,e6b03bd0659052afccd636ca4b0891d9541bfbca4ced95e018e802adc7b8f034,training
white,2732,179646d44cb0831708c423a230ee1546cdae9dbe8aa34fe1788041b9f87f7dad,training
white,2733,4d5ca842ec50c8f79c70cf358ca6b6e7bf0e06da03b5f62b74afd362da38e3ab,training
white,2734,327ef25e874769e132ccc441f1af3d26ab7170332b1117673c32a1ac3fd6e85e,final_evaluation
white,2735,68566bd99751eab63011aeecf9e3265b6ccf6d40b881cbfad31b07f80b4059e3,validation
white,2736,84ea27a86f2e694b2945be3b19e9a86ecd425b75f1e432e7e2940262adb083fb,training
white,2737,19eb75e5319ab57ccbf6077f7f39ec03afaf88ab13fdf732d373a9cb02021bac,training
white,2738,360dd042f940426c06b21d46b320b7586819e6781b18a6927824e76f7b66572f,training
white,2739,964de7b5fe9b16f73832997b09e275b31d5aa750c01677db406d113cf63ee13d,training
white,2740,517f3f75410ae064126528e8b2229b798e7e461fac9cccd65f8c45c5aba6c984,training
white,2741,bfd9549e41b8bc0868d9b52713dec6e3c79acbe9323be106faeb00adebf121e5,training
white,2742,964de7b5fe9b16f73832997b09e275b31d5aa750c01677db406d113cf63ee13d,training
white,2743,7a2fd44dfe4357dc30e15195c050b74b890a6454bc8dc18a4d5b10dd9e1fbc50,validation
white,2744,e596a1a58c73011d6457e16ac73f55eed54de1bdae572db6a4eb25d69fe552aa,training
white,2745,e596a1a58c73011d6457e16ac73f55eed54de1bdae572db6a4eb25d69fe552aa,training
white,2746,0866e06e1b710aa01865cdaa2f3cc003e4e095ef93ff17db7e1177cd89f05654,final_evaluation
white,2747,380b061f8e33f0dd6bf40eb5ab801066ef4f1befdcbddd6686598cecc07501e3,validation
white,2748,10bf698b2d61a8c1de5bfb3e446fc37e3e7f86e03d998e375c0eba39aa1a8563,validation
white,2749,ef68ecb744d3ac1ef4d9a75a9d4f5f3c0a8a760358e1bf75bf7326ed5c761d43,validation
white,2750,10bf698b2d61a8c1de5bfb3e446fc37e3e7f86e03d998e375c0eba39aa1a8563,validation
white,2751,ef68ecb744d3ac1ef4d9a75a9d4f5f3c0a8a760358e1bf75bf7326ed5c761d43,validation
white,2752,a6ed66a7b5c9ff1cdb34a058ab9e4273c8c820b88f3b0c8957cb5e54784c57eb,final_evaluation
white,2753,00f8913a368bb04cea7dfd5ae44b1d22f2cc3c585454c6dcf0b0a149ff690137,training
white,2754,4f4df03017d1fd12a099eec1881305bbad268e0892dd0656d405f32e33c9a969,training
white,2755,f95e17944c8b4ea05bdc25713c0b8f93a64be200413dbea16d62ddb410107159,final_evaluation
white,2756,82b81de8ea035fb6f229ffb4c00d8ce06b7bf61779e2dcb7236810b49898f686,training
white,2757,624b03f5caa9887e9f84edb28128d4ee2e9c710fce526c4aa263a46c265c6d01,training
white,2758,22736a0234cf8db120485fe8e4a2789b7a53ea16cc90a7a5094111eb7a6974e6,final_evaluation
white,2759,3c7453aeb2a4b6775603322e63f6356874d352b4b7785753c0018327e31ae026,training
white,2760,64ff90d1f0de34f1bf2f0796f5a65c1f7d09cd86fbc015e76272f42bf3f7dce6,training
white,2761,196b41f7e643397320e5529f7b260955d36d5761b00c0617ce25170022649b8f,validation
white,2762,4a39934f134b942fbc036ba2f3fdf227f2b6b80f3fbe4d0bfb69293882b0cc66,training
white,2763,78a9bc9fdbd5c46a85f750cf7036d7215af79886a05a05ea9921ef72e053ddb4,training
white,2764,69487debf20cab86aa4fb56e36a250d72a284f389edaf9dfcec966e5bc4baacd,validation
white,2765,62b6f97121f334ad76d96b4b36a260446397c70f168b08dd0e5d00f2b62a113b,training
white,2766,2aec61c972e684d776befe731b3204191ca218852209eff9e8440a82815642fe,final_evaluation
white,2767,b835f61e0c8f110546db1fe97a13d1fc428bc8066b8507478fb15d8f2684574e,training
white,2768,62b6f97121f334ad76d96b4b36a260446397c70f168b08dd0e5d00f2b62a113b,training
white,2769,69487debf20cab86aa4fb56e36a250d72a284f389edaf9dfcec966e5bc4baacd,validation
white,2770,78a9bc9fdbd5c46a85f750cf7036d7215af79886a05a05ea9921ef72e053ddb4,training
white,2771,4a090dfcbea218af38555bac7c4cd996f05e6f7f62e23386ec2e6b43f95f0c05,training
white,2772,196aa075af7baf07f5f816906d5307271995c49d45c10836f4c487783fa36e00,final_evaluation
white,2773,07dc4c6eec435797d9043deaed04dfadc8b01501e79576c46fe2b9c72c9c8bfd,training
white,2774,5b64435e7637636e7062bcae3b6084bf3927840cf663f6dcfbfbb755578e9edd,training
white,2775,da28e240e16d829cfad3b35a38cbce8687561964b5dc1260e228c7df4c2ee628,validation
white,2776,da28e240e16d829cfad3b35a38cbce8687561964b5dc1260e228c7df4c2ee628,validation
white,2777,8412f5b8d972af78d636d63db466f128474b71d5431f7bd45686e29b98f077f1,training
white,2778,960ee0149a9039f293c2c9df001ecfdccfcd45704447e583036cc313a5203501,final_evaluation
white,2779,5b64435e7637636e7062bcae3b6084bf3927840cf663f6dcfbfbb755578e9edd,training
white,2780,8cb5a91475f4e2228660c2503ab3bbdbd497f4dc93b57c98855fbad9f4fe14a6,validation
white,2781,3a702ba264fe0c4ecf34dd728f75e98a5694c7f92cdd675e2361c54faa7a2587,validation
white,2782,619640cfd5cd226dd8f62e12b1465c99a2e62668b5a39d26edce36deb0b2b9f3,training
white,2783,be1440c9af2c4fecf818f9b89b3ca207b48a94c4c9fa25d7c38208a131ed22b1,training
white,2784,3b8d0ea1d536c2cf5b15a20972d63bc7759f3744c0d9c8fbc8bb12f5d067751f,training
white,2785,3b8d0ea1d536c2cf5b15a20972d63bc7759f3744c0d9c8fbc8bb12f5d067751f,training
white,2786,749b4af0a80fed5f60b8f0a984a75cb12fa057143d9b8602335fbed1e3832ae9,training
white,2787,3c0ca8ce849a78f3ce1329420fba319ebc312be9ce7c5ae38e797e8dbb1508c2,training
white,2788,749b4af0a80fed5f60b8f0a984a75cb12fa057143d9b8602335fbed1e3832ae9,training
white,2789,05c758d85149c67f6d86e816e786cb9deaa7b9fef6b572abff4332e44f47a08f,training
white,2790,2d4a6200e54a0e061bfc3a0f33a8de3317ee840f5af5a3d401af70671397d2a1,training
white,2791,be1440c9af2c4fecf818f9b89b3ca207b48a94c4c9fa25d7c38208a131ed22b1,training
white,2792,5576d2a6c65c8c2549f63c5a29dc0b99569ba80f107be945d31ab18f9a3107ff,final_evaluation
white,2793,df35c9167f667ee50db5c84f76eeb603fa0eff6c317bd321890e28d25848d492,validation
white,2794,b019a0bfe1407d3c17d6714efc08abba3f8a08826b5f9e4bb8e952bc6ba78d21,training
white,2795,c641771d596fd928f0a0197c764776343960e91cd0280d6c982f4a538aea2c86,training
white,2796,896e89b5ffeb93982907e69c8cc049e851b079d43caa633b75b38d55ee3abb80,final_evaluation
white,2797,b019a0bfe1407d3c17d6714efc08abba3f8a08826b5f9e4bb8e952bc6ba78d21,training
white,2798,c641771d596fd928f0a0197c764776343960e91cd0280d6c982f4a538aea2c86,training
white,2799,135ae5fded657da682fc03780db584119dc735409887fb572e9f19652471e2c4,final_evaluation
white,2800,7f53aecaedf325abf7d9de7cb8d614b51153952738feec804519d63a63284b28,training
white,2801,5576d2a6c65c8c2549f63c5a29dc0b99569ba80f107be945d31ab18f9a3107ff,final_evaluation
white,2802,df35c9167f667ee50db5c84f76eeb603fa0eff6c317bd321890e28d25848d492,validation
white,2803,99ed9c5dc06a23d227320b18483ad61374560f9aa5176a71883a50210ab5456d,training
white,2804,fce61a9312914804d92989ebf11063138684bfb69ea7dd35c83976e9677d5d55,training
white,2805,896e89b5ffeb93982907e69c8cc049e851b079d43caa633b75b38d55ee3abb80,final_evaluation
white,2806,3bf1b123f0660d13230baf2def520fb6f33f1b32e69f78e482976e5e4c3ddc92,training
white,2807,ea9e776156d6c8d99173264a56906e3f1032a028134afb5aba535a267763a8c6,validation
white,2808,e1412ce6a7e0c3d7fe4074aeb0555ffe0c1472dab2aca33b6053abf58036c1dd,training
white,2809,47a0b91dd0e003b2d9c2b533d5ac16ac86bf964486a560c32e8ab59efd135f65,training
white,2810,189a81f33df4312a9a5047ffe21d2f19a6906bf12b64274340df6eed910af01e,final_evaluation
white,2811,434ac1a28adcb03a480f9216ba3961e060299039f1496dcd7b473931e43662ef,training
white,2812,4a0cb0f9fba3af38d5ce5002b0959a047681f6aeb779608087c6f566b984e570,training
white,2813,1364dd0dd7c73b611037caf389c69e29d496795dc3c3fc2c7f5090fc26bfc31c,validation
white,2814,189a81f33df4312a9a5047ffe21d2f19a6906bf12b64274340df6eed910af01e,final_evaluation
white,2815,d4dec7578adc35cbd8b34c88a30ba0459cb4f76eac3d41ff2505d302ca275d47,validation
white,2816,9226e959577a419113ce2fcbc538e6d09a0be302a437c08e961def887a3b892c,training
white,2817,b4305a4adda4fd38c27fe936475c6371131af7278769736f5fe7aa83319c94df,validation
white,2818,d4dec7578adc35cbd8b34c88a30ba0459cb4f76eac3d41ff2505d302ca275d47,validation
white,2819,a214b31b4d267db467a765bc1e1b7843d9d374f102e3cfd2b2fd0f13a11107fd,final_evaluation
white,2820,cb91264696e78268a7faec53c5b5cccd554e46583f472d08d5b03350e43d5f2d,final_evaluation
white,2821,cbb079346a6cb709418a9e0a9418aa893904ca877baeb1c93e43bfe20592a77a,training
white,2822,08e245cdd0533da6e468c34001702374df2bb01c366249292b9e4cd8cf5750b3,training
white,2823,ec121d3ee6871035357445e9dc360a73c20d15154cd66c2320ebb1270f01b11c,training
white,2824,3469c884c668904081da310ff27978f291ae3616d40bec059165778a5ae7a0a9,training
white,2825,c9f733486b33421ced290440783f275634419ade72e494c984573b113ac17a87,training
white,2826,e8bd9b42c13271b8cec434d0277f9a2d261cafdfef170a8a7b4b12fb312b9d54,training
white,2827,9587a4c5f0199992a28925e310025346fe7c7273cba0dd9a98943c8313c3e809,validation
white,2828,4154d97c82bcd7496b49564553e0b72c0dd0abe7355ae77f0837513d0a3d2a3c,training
white,2829,4154d97c82bcd7496b49564553e0b72c0dd0abe7355ae77f0837513d0a3d2a3c,training
white,2830,2c7cd46ce68b2102d8bc3cc3f35f527baf8ea7ca532e6c9cf825781936afc1ba,final_evaluation
white,2831,3839ed8da5a629497b730692d3323caa54d14c5f726672ca1d63e752efc20487,training
white,2832,6943df7a216e6ac5d7b5b99ca3cbd38cb48df617a7ff277bad3569666e29ef63,training
white,2833,3a4ea668b10a248c75c48610b65911116f46b11c5e2dec59d7f878ba9b26a23e,training
white,2834,a36f717b4929a849709741d9ec6612a96ceeb01a9e1d7db3af42d18cb1938286,final_evaluation
white,2835,ad9833debfdf9177947ccee8906dfeef336c0c40b87a3881c01357ff34ee0e9e,validation
white,2836,e8bd9b42c13271b8cec434d0277f9a2d261cafdfef170a8a7b4b12fb312b9d54,training
white,2837,9587a4c5f0199992a28925e310025346fe7c7273cba0dd9a98943c8313c3e809,validation
white,2838,3351fb844dc8bb3d52202fecd25f615591acd44353affa54e6f718b2d3406c52,training
white,2839,4edec1586a93df176d3d151d9114088a4d1c886ec37ac06313601b724786e291,training
white,2840,01c6685f5592ee92d9ec251df20f3b72c6fe655c5fb10630b5d3d2a8f15073d2,training
white,2841,e4ede747f78c3c27f9e2dfa7381241d815ccdf38f24a11db83aec96150fd4672,training
white,2842,a7b53b82ed8505bad54ddaebbde68738d4773ed6b539c2f5d58921e86f049cac,training
white,2843,f720f5d08323cbd8ec2e3376bcd5d851dde74c5892157406508ecf0638545b34,training
white,2844,41d604db60292567882be67239fbccd36d5d9048448ca553dea18c94590a2e40,training
white,2845,a3715f3f56a1fa2d984125f2049ffb64673ff2ad5ab883eac883f65291fa4dcc,training
white,2846,afa923babdeae4f7cf1ee67402033f5bbf3b4d004d4fa62f50a3daed28a38ce6,training
white,2847,4edec1586a93df176d3d151d9114088a4d1c886ec37ac06313601b724786e291,training
white,2848,37bf577ae5b5c9c6e810ea1cc6e4103fee55f1b902dc44a06d2697354e5919ad,training
white,2849,155ae6b4e93988c2ec84f755e0b7f8683f142f7088f9547492a5393e0b9b4417,training
white,2850,c97ba25d2f1917bedc0c7ae2e616f1db85e0e47a3c64303b0bf80c166dd48578,training
white,2851,13659b64d5242f7a6a6e3000e82903ba26c7b71a433a0a390b11913ffda7d4fd,training
white,2852,02373d12ac223100823babfa16a1c9197d80bc50275b578ab1179163d536a602,training
white,2853,bd6a2513ecbed3bdc574e2c2e5c5551fb07ce4483d273f70298b156dd491da04,validation
white,2854,715d93fb5b846e28777ca8fd5541186eb4a8b52de63951e8e8d597160925f5c9,training
white,2855,130c9bcaf37f49a481ead123c9a99bda8f5ae6ed205bcc9a876518ccbdbf483f,final_evaluation
white,2856,9a7d8b457e62ab70a32fd332caf1993bbeedbde970bc7ccbe571e0e7fd3eb2cc,training
white,2857,f1d904e2ee04b824e0c6ce7596ead968ba9cf622be929eacc3efee0735cacbd9,training
white,2858,1dba10371ad1012d307a4b7e23c22c1e24c2292c9bf60553bb2f3de6d8232e35,final_evaluation
white,2859,9a7d8b457e62ab70a32fd332caf1993bbeedbde970bc7ccbe571e0e7fd3eb2cc,training
white,2860,4ee267cb82ea671a44766df0ec52f540d60b2dfee950a9c54fb01b33deb1be91,validation
white,2861,98fa3c2f72e542295e58cb0b10fd79ce6ce1aa265bdaf4945c987ab211c0d0b4,final_evaluation
white,2862,130c9bcaf37f49a481ead123c9a99bda8f5ae6ed205bcc9a876518ccbdbf483f,final_evaluation
white,2863,d8f303008c9b660bebcc85fa3459ab315daa08f52e125a3fcd26eccba74b6d9d,final_evaluation
white,2864,4b00d604bf845961e3da5df9dffe7433a7e8edc8cb7610a68b0c052cb1e85855,training
white,2865,715d93fb5b846e28777ca8fd5541186eb4a8b52de63951e8e8d597160925f5c9,training
white,2866,f42c8fb7b96bc186e7b2a25fc2020cbc2394203e5df73653788c3e2287654109,training
white,2867,f1d904e2ee04b824e0c6ce7596ead968ba9cf622be929eacc3efee0735cacbd9,training
white,2868,7177ac5a8fa9ca8ab322b908426a41fa51cbadaccaf8028a932e3f5e89d9a320,training
white,2869,4ac1b28917e9fb2b353c94542b52caa8f6128aba14c3491c429cc4af2e6a6f10,final_evaluation
white,2870,f3fbc54aafbcd183df6ad4d6220d5ae34496a79d293584085e812feb46f6a0d9,training
white,2871,7177ac5a8fa9ca8ab322b908426a41fa51cbadaccaf8028a932e3f5e89d9a320,training
white,2872,1ab068694651f4b7504cf282514de486c26f684781d62f11dc121cd9a328b06a,training
white,2873,f7da2c1d24b7147c37a59dccadaffdc861959b9b4acd7f330a2b0c61544932dd,training
white,2874,d2006b7b21173ea00e269dac84cec178bd21ef9f95f649f593e267b2322912c3,training
white,2875,d96d45ab3044198b8d4c3a76bac25ad37b0db9e5b65005eec232da549bd6523e,validation
white,2876,1ab068694651f4b7504cf282514de486c26f684781d62f11dc121cd9a328b06a,training
white,2877,993f79ddcc60025a0cc7baf88299db0709bf25150926e552a54d89c1ce24df19,training
white,2878,8d60789575fe7b346e88d9cacd333c4a5a928d01cd42a5788da4815435864058,validation
white,2879,28973cd09aab613fa02b8dd34e49dcc2d50f951dda4ec4c0ce04462946461ca1,final_evaluation
white,2880,3f621dad66c0364e068f1a53c5853a5f4f9b22b15a0d51fa1b491eb0f5d2d27a,training
white,2881,29aeeb7d185c8dd45e7b1f16f5b74086670fae22182e05e6ea5ee07e53a341ac,validation
white,2882,dd9653336ba19a0530934ab38a76a37eb430d90b10bfeffa48194985329c1916,final_evaluation
white,2883,fc651deb675a8f949507c476650fd880bf6b97878fc0f13cdaa492b447560f0f,final_evaluation
white,2884,40c97dab7d25cf7f53d9f3633a3768d1a6f83e0137e82e3921782092e0fc68eb,final_evaluation
white,2885,d0d44cacd76f271c0c221ce7c3c51b542a72de10a7ae51ca1e84edbd8490c4b0,training
white,2886,7ae5358372be0ffcccf3f823f9628872ef59b58f27a348bc0049cc108f6e1287,validation
white,2887,e47ba23ca6d9cb44a3433fc07d71d1ec6dc217cc4ee0af9b4c1f69fa7e8b135c,final_evaluation
white,2888,5d6e23e08ef39f616868942bc9ef17c013514550eae2c92d5728cbb4e44825c1,final_evaluation
white,2889,65bcf5e14c8669a1f8f1e655d92738a21b2942e32f24f43c7fd8a6fb439bb0cf,training
white,2890,8a65179af03c52d3fa84e23d9a24db9b3efd3a44307e5ced079135a0dfea841f,validation
white,2891,3688ba8d9e56f3a32080193c9ef4e1be0c5c7d9f2beb98c6b8d334d99dd16e98,training
white,2892,f1d4bb84a24a45416120d4483b5e6d1b55f2d2604a76ab84cb1dc2c990d0af0c,validation
white,2893,450ed98feab18ebd381292fcebec9b84862a6ad60af858cfcd3c9bd617cf55eb,training
white,2894,ce152959ebd672bde41e6169f2c9bc2b19c8e638776f3f5bed358bdb4a67bb3b,final_evaluation
white,2895,967695e5378242714d2cdd762485f2693b85800d6b6d3b16b5eb42a4fdf91d4e,validation
white,2896,7c43744448d8328cac303ead7ede16a57a72faaba013c504c1ac45d521a80630,final_evaluation
white,2897,4c3e3d0a3afb2440c42ceee30715f8fafa2dcf9480655197e2cf494eb8ba73ed,final_evaluation
white,2898,450ed98feab18ebd381292fcebec9b84862a6ad60af858cfcd3c9bd617cf55eb,training
white,2899,b54b96a2c9d325d1052fed1d65f9e36b250d222cf62f6298d83428d7a8f4f324,training
white,2900,c4adb66bf6a45cd9abab465ae6b75557cd8b1f03ae46b219ccef4edbff7b4ce4,validation
white,2901,f0aa389b5dcd29df0eae8721f6121bc6a06c5b5a018b06c3f66970c99446a0fb,training
white,2902,49d45fefa77e4b3ccc7ee9a8eef43e7081318e7f455584338c61b963400becf6,training
white,2903,a9a5f9d8019b3834857aef1ab6bb09e552c32341c11673a914e76353489331c4,validation
white,2904,494bcb2bc618b0602b04f52a51702ca13a546cb6e6d1a36bde30328023fc8423,training
white,2905,d83ba80dfa14771a876ec8c59110a1a8910e90878aaf3db8c906f7bbf92230a7,training
white,2906,3623da5f2b7fdc058366f23d8286876a5d776b548866529d0d63eabac95d17fd,training
white,2907,62c5f9313135225f11639ab2d10681c009f4b35e26d2a77cda159964292077ab,training
white,2908,494bcb2bc618b0602b04f52a51702ca13a546cb6e6d1a36bde30328023fc8423,training
white,2909,ba25b673091918674ae97de93bcdda4e01ed162ee126ee737a420625561466b4,validation
white,2910,6647a762d7c196362c154f35c49d2eb69cc97b0195157c188882da46015bc2ff,training
white,2911,f8943257331ac71a1bfa525100a9abe69a68967abc835e2caf36ddb31df8f03f,training
white,2912,a9a5f9d8019b3834857aef1ab6bb09e552c32341c11673a914e76353489331c4,validation
white,2913,49d45fefa77e4b3ccc7ee9a8eef43e7081318e7f455584338c61b963400becf6,training
white,2914,06a51eef265b3177d24a70a04862f84b40b6560bc0535a9fb0321732fb824a44,validation
white,2915,1f5fe15da92da566281ffa092b27223829786c04c861e87e027675aeafde84cc,final_evaluation
white,2916,1f5fe15da92da566281ffa092b27223829786c04c861e87e027675aeafde84cc,final_evaluation
white,2917,67c10a160eeba704960ab0e808e8beaf39f59170adf2e74b8d00c468f0edb06b,final_evaluation
white,2918,9842516ea5b39dda084a2a1d6b813904b0a428c36391f31e3e88afcf37efe8aa,validation
white,2919,a36635a3d9b488cdffc8e44f118918e63c75ff5f4e88ec40770a42148f38b4f8,training
white,2920,8d0fd7c296f14b60338ce4b2bbd5166fb06dbbcff7e2417c12ec09af72fc63d9,training
white,2921,135e5f814821f1c3aaff7aa9764de6986a7faba880167c5909a6e24133738d75,training
white,2922,58c1c6e5b16442c2f3001577a756c83306f4a6ef21ad2bebcf10d976b2e51f8f,training
white,2923,d42c8ebdb9de74fb6eddce08b2a18b11a229df4d975be30dd47a5c31b61cacfa,training
white,2924,99e134d58ade0dfb701b58887036a4654423d473b47d4eaf11fdcb51281ff436,training
white,2925,295fe3a749d12967179aa2f7fd057874c15533ecbb3e2160bc9bb8f94dc32744,final_evaluation
white,2926,704b93c1c315bd6abeeed6a50fd5dd93d3f9d50acdcb6c5238296569a84bbcc6,training
white,2927,2aa21a74b546c95da0973ab1fd0857e07bbd9cb4d9f80bbe455b637ce66e16f1,training
white,2928,6a94d02f44200fe8f0e9da31f8d6a82ae6fc5a3101fec6516725acc4e9d2f111,training
white,2929,6a94d02f44200fe8f0e9da31f8d6a82ae6fc5a3101fec6516725acc4e9d2f111,training
white,2930,295fe3a749d12967179aa2f7fd057874c15533ecbb3e2160bc9bb8f94dc32744,final_evaluation
white,2931,85d2ceac068730bad40faa48d62a339e33aaee69a1682a9b4e1e88162527021e,training
white,2932,2aa21a74b546c95da0973ab1fd0857e07bbd9cb4d9f80bbe455b637ce66e16f1,training
white,2933,9908d3598babeb29f338bc247a392db6d51c4f1f9f8b07b071d58fe82588cc6c,validation
white,2934,99e134d58ade0dfb701b58887036a4654423d473b47d4eaf11fdcb51281ff436,training
white,2935,1499645038c107e562393566413e24b8f0074860beb0c8b41a3b56c0bc2d5da6,validation
white,2936,50898ff853050a4fcb7bce278e09060ca6829791f9bc41408d92cf1d54f1ce1b,validation
white,2937,67d4a5bea1882b1bac2a7f37eedcda630717b50d4d296d75db2146e8428a49df,training
white,2938,704b93c1c315bd6abeeed6a50fd5dd93d3f9d50acdcb6c5238296569a84bbcc6,training
white,2939,a4ec58cded1510f01c4e7c2f147025a40cb4f0455245f4980c727b32f5246ac3,final_evaluation
white,2940,a4ec58cded1510f01c4e7c2f147025a40cb4f0455245f4980c727b32f5246ac3,final_evaluation
white,2941,06d6e241fe8a81da484fbe611f943ffd1661cba840c455bc24fd754d928f6ae6,training
white,2942,e9b2e859871ae5fd2b61f838a261c80ebf5b842a58ba5e071ad6b063a676f501,final_evaluation
white,2943,f19521de9f9af527377b09502e736ade5abe0026e6bfaeba2cf38991881e95c4,final_evaluation
white,2944,a4ec58cded1510f01c4e7c2f147025a40cb4f0455245f4980c727b32f5246ac3,final_evaluation
white,2945,06d6e241fe8a81da484fbe611f943ffd1661cba840c455bc24fd754d928f6ae6,training
white,2946,f881c5418737c2008db5ae4025cb1bda5071804ccdb85e8f4a08f14ea7c783e1,training
white,2947,e3853e143efe7bda917724890a7dc8f07bb7b99f080bd8c3ccdff6906a893330,training
white,2948,e3853e143efe7bda917724890a7dc8f07bb7b99f080bd8c3ccdff6906a893330,training
white,2949,1f7e612ef82d2b0e64699e55692d76c69f02f116fc212902e85a2f15f333719d,training
white,2950,df6b80431dfdad6f13cde497e76d656f1a7e908f4e89a202875e50a246f9704c,final_evaluation
white,2951,c442375fb7187394338293771d7efc69858e7db15f2d0c028a65ea26104c02aa,training
white,2952,2dad03e3672989da77d5823fe6a787df3161d0992dcabeae0e20170bfe479d64,final_evaluation
white,2953,de103841b1104319e526cdc58e63528afe1c587814597b90c6c38ec23b132b42,validation
white,2954,c442375fb7187394338293771d7efc69858e7db15f2d0c028a65ea26104c02aa,training
white,2955,eac7814bf9094b6765c6a70d76e03fed81ead8721b6f1500c0977714c0fd99a7,training
white,2956,5dcdd6b7fefb0fb5c7b4681efa73539d00aae9c168520e731940714105cbe85f,training
white,2957,12538ae8335bda2f21996c3616666cfa5695ed208c3c5fdcd3f652ee1e857d50,final_evaluation
white,2958,3eaab31e9883acae76417890d3a9272eb268f3dc88e86f8d40fa5099f6c37070,validation
white,2959,2dad03e3672989da77d5823fe6a787df3161d0992dcabeae0e20170bfe479d64,final_evaluation
white,2960,d957338635c33269a2b70b1d2347d1e1553e3eb8e2edb05551bfbf3d8c461722,training
white,2961,702b75811c56293dbad1a59982d024dedae37d23abbc84638a9d30c35aca7fee,training
white,2962,0dab736f21492a0503e7d599153c8ed31bfc1d21a5e71a1863f61701f386a8a7,training
white,2963,c4d7ada047a6e6c483b4033e2752f34fc1436ebd2e49296c2c2270301eeb343a,validation
white,2964,9412a04353739f6dbd5ff66240f92f5cb4b67c9c73333704461cf0a059b94360,validation
white,2965,dd4189423a6feac739f42e4e98f27b2e7b3e488a3e656361398afa7a8085c999,training
white,2966,3e88960400ea9e219533c4b54354d25ed8f4149dd4da832d83441e2486469752,training
white,2967,aadcb90476c958763555749533fbd876b2171cf8e42cb366975a5303b46ad4be,training
white,2968,aadcb90476c958763555749533fbd876b2171cf8e42cb366975a5303b46ad4be,training
white,2969,19dac304a89e619b52ee2ce2ded1a4b25fa2959ee97b80a158a42e432ece2854,training
white,2970,44e8d6485315d6b833c1182e8ceea6647344fd4a5fe804735198412678c0f497,validation
white,2971,19dac304a89e619b52ee2ce2ded1a4b25fa2959ee97b80a158a42e432ece2854,training
white,2972,b39c747cf03d71355f5f596b1222020382048aa85a0a6f965de172a3f836582b,training
white,2973,c348649c8290349898d39be1d10638674cd0e161de52dd28f4a1f601bd381201,final_evaluation
white,2974,aadcb90476c958763555749533fbd876b2171cf8e42cb366975a5303b46ad4be,training
white,2975,9717eb00e338cb08e6651f5d2ce24ce5d0227bec3e91d018ba51614c35ce7417,training
white,2976,30f01525109062f6f076b26f315cfd6b558c21e0d07ad86e7b435b3e07183140,training
white,2977,c538875d6628343e1b6c092b5361cf28d50f245a8d8c31b244581102f5fad46a,training
white,2978,5effbc8a85c971f20c900122745546ead6f7a92e692d6c31924cf938007f581e,validation
white,2979,5effbc8a85c971f20c900122745546ead6f7a92e692d6c31924cf938007f581e,validation
white,2980,fc5982c898f27dafcfff44def92d210efd90b0cc5c06ba23a91b2ba13b8a017b,final_evaluation
white,2981,eb0cc7a28308d1a01a08b08653da78ec4479052e3f6b0cc98aa668d968dec963,training
white,2982,5f43e2a56ea3a219c4fdb18c0242436cf78a2e976782a9797c58a41b52748ec6,training
white,2983,edfd30266204e2d19fb4697e0c12c53e15b7ec494c8ade7c046f69e57dfde513,final_evaluation
white,2984,2c49ec1f244764382f04f916eafb65f003928e12e53f3e95b61d08e70a3aac9b,training
white,2985,f9ecd42991f5041a15ad61ea3feb6c4291de3a666ea29f1daec94d16d72fc134,training
white,2986,49b3977492e3ce0a6e1ec9becf4d1fc3bc5c10aa441654777a2a065b504c1787,training
white,2987,49b3977492e3ce0a6e1ec9becf4d1fc3bc5c10aa441654777a2a065b504c1787,training
white,2988,06e9c71e4a73fc075de0e40f5f8ec7448b7d2b15c98f5b687423fb4ef6491992,training
white,2989,b55b759957d69ad8fd098da3fe2d5925c071488579fda0d10f8dc821f3a5fbbb,training
white,2990,c0c1016dcffad6c31c70c390c2f9cb1ec3256884bca95a08cea5ee3854d012b7,training
white,2991,331de4766be2c3442c5b18b8b35cc5f45440757d4f1613ff9029cfdae3f98b2a,final_evaluation
white,2992,df3793bdebd9118aeb6767b6574556458ad19a750cde58994cc8e011e7294968,training
white,2993,191a8f15467dd6574383e394f6014f3750c28dbd34db32218d0d9730350b2428,training
white,2994,06e9c71e4a73fc075de0e40f5f8ec7448b7d2b15c98f5b687423fb4ef6491992,training
white,2995,06e9c71e4a73fc075de0e40f5f8ec7448b7d2b15c98f5b687423fb4ef6491992,training
white,2996,abb51459c1b8d1efc45883dcaec77fb3cfe1bf0bf555a770cf19d4670b6bf5b9,validation
white,2997,7eb47af42ef378ae0bfd1a4a9ef3b66bb5534b11fa020a58087b432edc2b738c,training
white,2998,133491542f27d3c0e4c3e4767ce59e26fbf1840ae3205edd1ad3e52e88f2e6d1,training
white,2999,a629329457dfd07490be61676b4346c7e9546cae21f1da322daa46e7f0ff290b,validation
white,3000,06e9c71e4a73fc075de0e40f5f8ec7448b7d2b15c98f5b687423fb4ef6491992,training
white,3001,49b3977492e3ce0a6e1ec9becf4d1fc3bc5c10aa441654777a2a065b504c1787,training
white,3002,191a8f15467dd6574383e394f6014f3750c28dbd34db32218d0d9730350b2428,training
white,3003,df3793bdebd9118aeb6767b6574556458ad19a750cde58994cc8e011e7294968,training
white,3004,b55b759957d69ad8fd098da3fe2d5925c071488579fda0d10f8dc821f3a5fbbb,training
white,3005,6df81236d692a9edca9cdd693a3530a671a40f8c996b945b5633f24bd1d95a8c,training
white,3006,ad3d10336fa51f9ca93b4231e62e3bf64b6ebed1d46e4de00581db55c739ebde,final_evaluation
white,3007,c0c1016dcffad6c31c70c390c2f9cb1ec3256884bca95a08cea5ee3854d012b7,training
white,3008,331de4766be2c3442c5b18b8b35cc5f45440757d4f1613ff9029cfdae3f98b2a,final_evaluation
white,3009,4608aeff596901b84e9536b3ce2070486d82c5d16c1d1757ff84ca9ec2b23b6a,training
white,3010,9a64c02c4ae67ce501fd179e911972ac71d4ff7cf873885af91902898abf5e79,training
white,3011,e782f54a8ac0c3cc8a2d1a2945d72b64720e54d4fdab3d25bb1dd2fe28169be7,training
white,3012,cf9a8365d7a4796c32a8f5d8c3bbdecbd56350551ec83528386d782dd243c61c,training
white,3013,7adf1dcf3aa77abac80a86a8aa5ba0e6a0acfb2610934e2d1deeb4ab7d1a5b98,validation
white,3014,5733853957cdc3065670f330c96163951b6c5e8c60d5bc4f3673a766dbe2cf8e,training
white,3015,146ff662cb58143930d15519fb791f4cf6848c572eb2e4d9ba5187a2d8e7bf57,training
white,3016,9d94dca449ae441098290cc9e3428b774a44aad53eed5f03b17593816f45257d,training
white,3017,5733853957cdc3065670f330c96163951b6c5e8c60d5bc4f3673a766dbe2cf8e,training
white,3018,d26092b56cca4735aac1f9a5cc5d3afaa63530655e4200b0ff1ca381c671343c,validation
white,3019,a5bae59e102ed5e10a9419fc665348528c264725f935ec9d597d240e6132d601,training
white,3020,9d94dca449ae441098290cc9e3428b774a44aad53eed5f03b17593816f45257d,training
white,3021,d21736669e0940e63e7e44f5cb31eac09a5328b6c8545560fe8454c675c3df8c,training
white,3022,1cba7cf7249c65b66e00dda84389154fed8b7a27c2e0b383a86a4ae9661bcc4b,training
white,3023,e449729955a9c00904d701865391750b9b0d987aa523765ab64e8f9fc3682c01,training
white,3024,146ff662cb58143930d15519fb791f4cf6848c572eb2e4d9ba5187a2d8e7bf57,training
white,3025,5733853957cdc3065670f330c96163951b6c5e8c60d5bc4f3673a766dbe2cf8e,training
white,3026,defac4a33902eae8e27d15724eb7b86e1dbc45aabd3bbf653c44bf9457dce613,training
white,3027,15f56d2dade1cc7f80f2ca396ecc7eccd83d288ad167df143eefc6bed55960b4,training
white,3028,e51ee3d7beb4305e4e585dc9d150709fe764e34b4dd6315aa50a6c1b813bc0ee,validation
white,3029,e351a0e340c9bb17f6605cce0564d99c536d79e07b901673aff6d98c7d3a9a0d,training
white,3030,1e93b91f82e4a998fafe224be9c710befbfdd03b27d88e8bc37d6b51d1741a06,training
white,3031,1e93b91f82e4a998fafe224be9c710befbfdd03b27d88e8bc37d6b51d1741a06,training
white,3032,fe20ea7b9894d0d833e639a6573d0b1e3a5c82b36eea36735f5d877bbfdaac3d,validation
white,3033,9be8ab22b18eb7fb7c54a9a4053882fbd270a40a3f4d2105c25b537a9ade7afb,training
white,3034,dbf3e6a812dad17e057276b34ea501170d5aec195b9a1bcde2d4b3f738529ecf,final_evaluation
white,3035,06c63792efe0cf6d3a444fe0f57b8a2dca6f76754fcb83a221574e1e01b67c11,training
white,3036,6282c8683c1b5fa739fd01fb8d9215a56be5eb02f6f82ab5b754014683358c47,validation
white,3037,a6b72c27655365ba995f564a25f80776b3258717940298d2dfae7db92bda3ce7,final_evaluation
white,3038,f42a0cf2fc220eef9f3443965d6dbb9160e410eedd4103949a1fa6c8d3220e71,training
white,3039,8964c5dd0b41d8e35b6796637fdc6e2aa041762e5e732111b2e79c6a1d3f0cca,validation
white,3040,cb78311591c9702a0c0eadedbba8952737003ee86f5d10728c21d3bc69f59e01,validation
white,3041,786a33e751ec6044fad5813652666ba788637da71398d4b6a4b498ad39535f62,final_evaluation
white,3042,33b763750b93127e9afed62f43498548d15b25df38f89c1835fdc6a3c55fe6d7,validation
white,3043,f42a0cf2fc220eef9f3443965d6dbb9160e410eedd4103949a1fa6c8d3220e71,training
white,3044,dcaf06b6b5b14373da89a6d4a425d256bb56028b5a34a4cab82963fa8da18649,validation
white,3045,c1d381bc1d024b34bbce3257e11b12d1e22b3d31bc52dfeb3106511698c00311,training
white,3046,066b18b282a6849ed02af6cee2c4b6485166079bed3a9513ef6444715e023dec,final_evaluation
white,3047,d748afc8de797b6e4fe5ce0f83497a44eff4c8eb4bd091c14cd4ce017a1ffd59,training
white,3048,cfac3fa25df8b9413acac1a069d259f041df3a09796359a632902ae3e7a804bf,training
white,3049,073c0eb26f1be84f2056fd5435c33514484d69d75ae0c72f9ba674404c1f98f6,training
white,3050,dfb14787515253c5a66c42c2ebcca3345e54f532a94836b38cc7ccff60bc85c4,training
white,3051,1907da886d7ae113a20a75bf11536356f651adda5c0fff4bb3979e0365511131,training
white,3052,dfb14787515253c5a66c42c2ebcca3345e54f532a94836b38cc7ccff60bc85c4,training
white,3053,2e11778365fac37d539117bdb1e67cc063f26cada7b7dfd40e23dbe87e3d50f3,training
white,3054,1ef521ff12b545d0a2daa28cdee2727287faf4298f2b899be964e9f8ce10ef02,training
white,3055,54333038b8423b8f71da392a5d635690648acc9be879c0ba19523ed285573149,training
white,3056,9d3e298ab12566cf2e63b9db717849c6244c7d7c7fe2faa16062896e88f12fde,final_evaluation
white,3057,cdfff6c99905545e90a164c83cc228b7c0a9a4e26d58bfb3b697578374cad589,training
white,3058,fb58b6119c4d3de2b11aa1d757d3c5bff74358ab73259155c2d2b5273d85a85a,training
white,3059,ab24faa62dfe2b20d46d530c4b9790a74ab455bbf8e39a22a81e00507d41cce5,training
white,3060,7e0be81dbcc2bf444a3a9cdb06812fd4e8738dbe7ec2e175e26944d5967a10b2,training
white,3061,4fe8a56abfdd7020deca53dd548e49402c293068cb9f6cf6150876c799fc8053,training
white,3062,4fe8a56abfdd7020deca53dd548e49402c293068cb9f6cf6150876c799fc8053,training
white,3063,b46490f9058fe40c473f484578de066f30ce4e2ca399486c23b11b66ea61c360,validation
white,3064,4fe8a56abfdd7020deca53dd548e49402c293068cb9f6cf6150876c799fc8053,training
white,3065,9a1926e46ab79f21354657aea79cd0f0efd8cd981d022aa67b3efada969b3769,validation
white,3066,55704d200d7c844d3580e68928a4f16c2cc172e1f2a106c75df69dd7ea39a953,validation
white,3067,9a1926e46ab79f21354657aea79cd0f0efd8cd981d022aa67b3efada969b3769,validation
white,3068,57a7aa5167056c03674d2037c4f68cd446bfbfaec6662359db3119aa18c4a12c,final_evaluation
white,3069,005d111e1c8855ac4785bcbe03a933e974465c4fa2fabaffb0fafe9e6c8c1dae,training
white,3070,0e0d2bd0ac5b867a48c915bce5c5e9d46427ca94b86a5b447c6c0b26d076e2df,training
white,3071,b46490f9058fe40c473f484578de066f30ce4e2ca399486c23b11b66ea61c360,validation
white,3072,dfa8cd88edd27ba92543e71b666a3446d033fd68bb624f94dfe50a61771039f7,training
white,3073,45742fc98d0b8b73566f9b01f0c5721536cb3abb950ec76cb7ff39303f1c8c02,training
white,3074,abe95e3ef66f37f71c4325e5fa2f63c8370b5e2dea750bc73656d4ff1aa7204b,training
white,3075,ca65e27a31cf070f392a581b50e77d056fe741a258121bffe3adf264234d4667,training
white,3076,a735d376e6cf9f9f6a17eb73b7a95a28b3833e2c100e88a89c596c245ac5065d,training
white,3077,3a2d59c8e71eee88f331a09d79366a56d57d57534b7de6e1b68dc76cdd781294,training
white,3078,ab24faa62dfe2b20d46d530c4b9790a74ab455bbf8e39a22a81e00507d41cce5,training
white,3079,eec5d931cff432b2d516df2a18e2220304b6714c039f09f540c7ebe261dc271a,training
white,3080,c5831057c0559ffe251dc05c749a80e13fa1bdf2f72640d2d7176902578a3216,training
white,3081,7e0be81dbcc2bf444a3a9cdb06812fd4e8738dbe7ec2e175e26944d5967a10b2,training
white,3082,4fe8a56abfdd7020deca53dd548e49402c293068cb9f6cf6150876c799fc8053,training
white,3083,fbe1834c7161d4a4b92a0059f725e25ffbbd5959cb5ca220802358556bb86c90,training
white,3084,e3ed254b1a0a23e9973da48dd3a083af8721f85f82ff896bee16c965ee262ec9,final_evaluation
white,3085,1a3681da2dbe27c14ab8eb335a31179eb8e7e9faaa5119dffd82fd0177c561de,training
white,3086,7c79e4644fccbe118376c0b338bde8463cb71b934895b1a0ca21f975644a6a92,validation
white,3087,e3ed254b1a0a23e9973da48dd3a083af8721f85f82ff896bee16c965ee262ec9,final_evaluation
white,3088,005297ab4f9e5ba68e2d77027cca04a2bd5c05ca9fa383c838c89d7ec27563ca,training
white,3089,4fb6a6cd418376ada21a87125ca25d727d65bb95b748c21658311012e7c66466,final_evaluation
white,3090,c30042c0b716ad83e459bafb0d7d9154d122e1c0861a413e5aa1b54091dbc6a7,validation
white,3091,1a3681da2dbe27c14ab8eb335a31179eb8e7e9faaa5119dffd82fd0177c561de,training
white,3092,bc0d8a5c0bd143c03c939b7ea54829693cefa83d4d98be44a6250d6071bfbe87,training
white,3093,99d044c76c7ca5dd912b9ed37c410dec224ca6633905a28f71593c19d537d204,training
white,3094,81bc859ccb082f0065250b5467b839e31cc6ff7ff80fbf000e2a892b271efa6b,final_evaluation
white,3095,4cff80672451ea0ce5c352c034b2f391d552e1b375c006412f39e973165159b1,training
white,3096,4cff80672451ea0ce5c352c034b2f391d552e1b375c006412f39e973165159b1,training
white,3097,11508f571f40cf887c9a805e0fd4c16db1c791f7d24a2a0f602b6034afe0c361,training
white,3098,9060371241207a7a3eaae7bdab93f22dadae41b7858fb498427c05e7eeec1517,training
white,3099,c1cb99b5ba4cc13cc6a1b1a6197a4a6f36aa8fb9984220f337e6b0eec53522f2,training
white,3100,edaf66480797cd8bf302a2eb7b167df514cd5d7249d10560fb57b13717188be2,training
white,3101,bae80a3f433c3d64983c2e53ed3da9ea4f4f153c1eddf968a37d2327da005c86,final_evaluation
white,3102,dfe6202861282f2cae0f799703dd42d4df0a91a6f659b91012cdd72815d74d9d,validation
white,3103,5ede483d25a9ce37836c4ff5cae7a84cadcfa6e3ee180eb42c820a3846456130,final_evaluation
white,3104,81bc859ccb082f0065250b5467b839e31cc6ff7ff80fbf000e2a892b271efa6b,final_evaluation
white,3105,cda782d54e4fdd78738cb4028a1928b115188616b3821aafcd3c54ed7b80bb7a,training
white,3106,1ddde880c5ae55c0ad83f596aaea7b3d7cbc5739853188ac7b844d9c69873607,training
white,3107,99d044c76c7ca5dd912b9ed37c410dec224ca6633905a28f71593c19d537d204,training
white,3108,0a696c505763027ba8dcb4024a9262836b929f56562f7f33a43cf84d3a4263bb,training
white,3109,411d83acecebfc37d128bb34586eb8fcba1eafa2220cc946c1a20e2a3ebffb6d,training
white,3110,9da3915702e7bce3273614e623962b7a9bf635b82058e324adc04f6c4b6f3347,training
white,3111,99ea171dd0173f471e28f3fa1d907b9f743fdfb34e03928293c897453c00b3de,training
white,3112,4ed4a42a6b090fb32fb9a5ceb47790bbbbe7c727cb762bcf6f861c6464577dc8,training
white,3113,0342dd217a67ecc0d486548433e9dec6f1a24f5dbbfebf0b95b95aad3e56e57e,training
white,3114,46dd57f878e927a47ee62a7657e00d6e28a7c69f41f6e455eab9e490421ad1be,training
white,3115,0ef10a21c7a16b33769322c04da321599e17ff77ae7a8b578e13c112952f392b,final_evaluation
white,3116,0ef10a21c7a16b33769322c04da321599e17ff77ae7a8b578e13c112952f392b,final_evaluation
white,3117,7af8fa1751d0ef71b3d38d7a326dc5af55bb260282fc79c67cf8a800bf8f075f,validation
white,3118,4ed4a42a6b090fb32fb9a5ceb47790bbbbe7c727cb762bcf6f861c6464577dc8,training
white,3119,b829baf4c75e75e5a515f5c814049cf9e8c2d8640f3ae58ff218c84f2bb5c9fb,final_evaluation
white,3120,6f4494423bb596ff997f9043b4685c07a17dc71ee32f43f2765465df52be405c,training
white,3121,9cd9da5968aa312ac6aafd295dbf0926cbf6e0c391a55dbcb7aac872a363f368,training
white,3122,0342dd217a67ecc0d486548433e9dec6f1a24f5dbbfebf0b95b95aad3e56e57e,training
white,3123,3752ec20b288dfde394d3da2469e0d4ae97b5b7ebebbf31e105c85a3eeb8bb5c,validation
white,3124,b247cc84d101c448de7cf210e574fa95c126a9b48058b05e211d7a226e412aba,training
white,3125,46dd57f878e927a47ee62a7657e00d6e28a7c69f41f6e455eab9e490421ad1be,training
white,3126,a56a962e7e58b0625401cbae6f98e1efc78d1f55b8b707c86beba849ff5f03ea,training
white,3127,8c0b4bacf4fdac4ab6f20da9b344fc8c8019ce37fce198b71dc1d8e07776eb4f,final_evaluation
white,3128,7c79e5ac2e098c1a943de4bb8927f10c0c5e0dec05150dc425d6e42e30aa3d1b,training
white,3129,8578801a17b44c619fa7440d6e1de5e63e29155138bec2cb90728d42db88a5af,training
white,3130,6c8c01acd6d9a823421df9c7fdac601bc67bdbe9352b15f0ba015b37e49f1f0a,training
white,3131,86ab665e53c16b715e371c978bee1f88417b0af3c59db1cc4bcc5f6ef66d5242,training
white,3132,c3ef5a2854b287542cf4122b29b86c297972451077e938dd5ccc48d6740e28f7,training
white,3133,0ef10a21c7a16b33769322c04da321599e17ff77ae7a8b578e13c112952f392b,final_evaluation
white,3134,5c8c1424fb46b5f86754bcc5985d3fe4ae78399cd43d5f13db7d41ca043517ea,training
white,3135,b53a7cdb4a3e21ceb009afcdc3ae6702221a8eb26dc8ae43317e4a90f2d0f1af,training
white,3136,f63df365e6b0b50828713a36f0929ea3400059e1c7cdffa7600bcdb3fbb656eb,validation
white,3137,3ca475c317ec8ed203032307e9b3b010d3b0fab810a30cfc5ce5d015d0e2cf92,final_evaluation
white,3138,c1e420e6754aae8641c734442737e1f37f8a83040213509717da6115f768c85e,training
white,3139,18b578c1de6c44bba92ca8908c2e9b41cf337af550c423438c52496d4d3df815,training
white,3140,7b1c63c13873878b65414c5e66cc233f57385bf8c03ef709dab58c326d7dfd2e,training
white,3141,f63df365e6b0b50828713a36f0929ea3400059e1c7cdffa7600bcdb3fbb656eb,validation
white,3142,e4de473482e7a63cecfbc6e7d8c0878d2b70b711e6b5a33a98b86c547532407b,validation
white,3143,bd8824f0a9f0a926dd18b5bb57ead9462f97fa89423c9c2590a918194037e59f,validation
white,3144,79d5ea6d164392cbbf2173e9e36f6f7eaa1e95a6b21e390c1c0d53a3f559fb55,validation
white,3145,8d7e76c6c3e80d8317d6ba79f607f20b09b3537579a56baa488f80147bfb510b,training
white,3146,8d7e76c6c3e80d8317d6ba79f607f20b09b3537579a56baa488f80147bfb510b,training
white,3147,8d7e76c6c3e80d8317d6ba79f607f20b09b3537579a56baa488f80147bfb510b,training
white,3148,62804099b23ea3920b0b5c3c772f70a4eab440189d274ca9c00cf051f5363aca,training
white,3149,8d7e76c6c3e80d8317d6ba79f607f20b09b3537579a56baa488f80147bfb510b,training
white,3150,62804099b23ea3920b0b5c3c772f70a4eab440189d274ca9c00cf051f5363aca,training
white,3151,6704270e225c71567a6a4a29b12e405cdc299d7991cbe01dc4cc6fcd6beb9eb6,training
white,3152,8d7e76c6c3e80d8317d6ba79f607f20b09b3537579a56baa488f80147bfb510b,training
white,3153,ee3007298f9bf2ae4fdb1c77cef0fcc254d67a4fdf8837b68e91fcfa1009d787,training
white,3154,8b124771002cdead1f8c31782d33458944e966722dada16e06f164d00aa28e09,training
white,3155,8a057dd39cc5d12f027f46c0d9847d3b9509f0aad6fb6d731f76df794215f044,final_evaluation
white,3156,032e2a8d80c29f9ff36b323f0e6e9c7fe427d82540978e677d5d94bc4e4169ee,training
white,3157,0b97198fa6ef39b0b87ab40c24bef389b1283a97be7c3230bdbc78fabdefcd76,training
white,3158,032e2a8d80c29f9ff36b323f0e6e9c7fe427d82540978e677d5d94bc4e4169ee,training
white,3159,35af1b69f1697884401797ad04cf92e567496cadf3ef9bfd4d7f5a44fe73d972,training
white,3160,3c19f92e32b8312f7a1426e51e0837c4a5ecb6460824bd84db34131663b29c97,training
white,3161,082d8667aff6d897fa74bbd9897e7a1b32727d3bd47864e8b9e053880a56cf06,validation
white,3162,0b97198fa6ef39b0b87ab40c24bef389b1283a97be7c3230bdbc78fabdefcd76,training
white,3163,032e2a8d80c29f9ff36b323f0e6e9c7fe427d82540978e677d5d94bc4e4169ee,training
white,3164,35af1b69f1697884401797ad04cf92e567496cadf3ef9bfd4d7f5a44fe73d972,training
white,3165,2ec59558fab22fafdcf5a7d9809b8355d8e92eb3322ff90712fde5d517f9f06e,training
white,3166,fcc0088b3b2e4b8fc5785a6264c0702364fb3ce80604d97cd8c6fc0ec990a338,training
white,3167,d14355d9aa63d71ec4a545d44a392a63e0e4971255ac44221635b417f753bd01,training
white,3168,f1177949accc0be46355709ade7ddfea1d8a4261671b784f83e08a739b4fdb82,final_evaluation
white,3169,30d5aa65975dd9ea28ad6f2782753e9dac00594bec6b73761962bf31bee55fac,validation
white,3170,45c0f569695d701daae8ab9db858eee60542c36d4a750f4d5c4c81cff69dadab,training
white,3171,ea99d6b8a9997ea632b55a1012f565373f4cd5ef064edcfcc45e16f4229d5371,training
white,3172,37d22781d21a07c31142e9959bcbb9fe6d9f5a4fd555b7e8a7794e7c0aff7afc,training
white,3173,59fe8d25cc8ef145d8a77af8865559d8aecd7a168450f9ff0b718108e6de6a34,validation
white,3174,db4304946139cef70a453d3a09d4940d18b79e4a1aa05b1a23c2ba894e9060dd,training
white,3175,a29589d7c2bbd3adca4096b6d211929d3e66f3b54e9da5ffe0df08ccf20e08cd,validation
white,3176,870f205c1474f59ab90459b12749b444cd6d6aeaa17a41e26ae504549806ffea,training
white,3177,37d22781d21a07c31142e9959bcbb9fe6d9f5a4fd555b7e8a7794e7c0aff7afc,training
white,3178,7298626f692444f3f8c7ea3d05ffe7e883625c86028b99df6296a5706725b073,training
white,3179,f355eb63c02e17f5046e7b2b2ff781f01a2b1857538d81c7c2af7209ffb23348,training
white,3180,3dd2cd3033b79973292f0a149da07d4ecced4d0e3fe2866fde4f511e90f97aca,training
white,3181,36e5741915d23bbfb5bacc738444704feea9bdf428f06148235a23545acb50be,training
white,3182,e08ffe2c7ef4c5a8b25636ab42218367285b7dc65796d3aadf87178076c832b7,training
white,3183,e6c450bd6217dea0070dbf8f84733b589a0b5aad704f63aee870c93be54da9e4,training
white,3184,36e5741915d23bbfb5bacc738444704feea9bdf428f06148235a23545acb50be,training
white,3185,1ca1c311921acc775e75cd66eac2544785fcabd471afdcf8b0f3a301154df630,training
white,3186,ec4db76bc4c5f5fd8c4aae29715192497ff907006ae6b5e8b3e763e66b6380cd,final_evaluation
white,3187,b576f9232bf3aca6fbec311b261b67c248b962a885d46cb4c0725712439e256c,training
white,3188,a7648c4dbbd5fa515ef1273f3c3c2e996637628b69d33cfeb158e0195024efb6,training
white,3189,aa6e45b1cfb4bc8b8a5e239cd008f85e4beccdb0c27728b38bbf4f93864140c2,validation
white,3190,d0efab4dd7244ad0f86d492ec0f65eb30b7790dcc7cd7fd0edfd0fe8f50ce22b,training
white,3191,23b957da80299cebeeedcbd35b2bc4a9a67319a7efbc9d5c9fc0924e6b4f2741,training
white,3192,e21924b415dc9e9ba6f68fcfbfa124ef1a6e7dcd8d3b62cd352efef67545a16a,final_evaluation
white,3193,e08ffe2c7ef4c5a8b25636ab42218367285b7dc65796d3aadf87178076c832b7,training
white,3194,e6c450bd6217dea0070dbf8f84733b589a0b5aad704f63aee870c93be54da9e4,training
white,3195,6178dfae79f280259c0769bb8ffb2d8f0fcc6c7932331df8099a8de27dedc411,validation
white,3196,84daf077850118c43e5249c8b81c8c0646135827e9f3e50c0a666e451068c238,training
white,3197,01f8c6500ade1e97332cb3a80ecc797d06ccac8e057eb396ca3c0ebb23d1858b,training
white,3198,6d2f4905b3b7a509b5c29a09cb240e832d87fee1fde38d367746498e6b3eecb2,training
white,3199,01f8c6500ade1e97332cb3a80ecc797d06ccac8e057eb396ca3c0ebb23d1858b,training
white,3200,8335fbd692f8ca2c90b3d531cb92680ad8561d4f373e598404fa8d783e40d95f,training
white,3201,c61badbae6c6ec92d12f497cce2f5840e24c6d54b84d2704158c99b00a970bfc,validation
white,3202,6d2f4905b3b7a509b5c29a09cb240e832d87fee1fde38d367746498e6b3eecb2,training
white,3203,2c9d2498cc10a21fc9cf26a9cc32e20dc654b91040bb377a3defdaebd892942e,training
white,3204,01f8c6500ade1e97332cb3a80ecc797d06ccac8e057eb396ca3c0ebb23d1858b,training
white,3205,bc91fc5a227016c57b52b1d506973d13c3caae402c77f9df1db2008580b483c7,training
white,3206,49493077698ab0288770c3609353eab1c022e6c71d4032f606da7523141d5226,training
white,3207,2eea4ef67a9f73a5843d1f4dd916b380e25f28eecccaa78b6d55666f4bddefa6,training
white,3208,a3f4620ac0c46ddaa9b108e35bc9a7f20ebffa6332ac89a7e8e79ac424590f2a,training
white,3209,957ea20a6295ea349961fa5d443910bbe31919173f886110d9f0737180ce4fbc,training
white,3210,5c8c4277e573c0be9f68274ed0cb62886c70906e2fcf211b1e7b038123c431f4,training
white,3211,7333c47973b37a7babde2fb1caa649cfd2f818836087ed95a7dd2be1647efbbb,training
white,3212,68fbaa1db610b85d2a4efae2a4c4a9794bbf62b7a4df95990881a3efdf73832e,final_evaluation
white,3213,58f8da95e05be339440d26f0c48c54d9ff7f03cc38469dea414dabb3440876bb,training
white,3214,22da1062363fdbd3926e26e6c21ff7ddb9f186b66508ba1f37e8d6c17a334b9f,training
white,3215,029018be3c004416464f63a6569381d1f58b20e1b89b55ab0895d98723e795cf,final_evaluation
white,3216,adc13b878b26235b1853ff9475e5c9e4cec6ccaddd92dccaf4206351f785d237,training
white,3217,1afcb85e3a1eb5ee246307c31c6fc9e4beb9c327d375d25cbb06b851d53d546f,training
white,3218,7333c47973b37a7babde2fb1caa649cfd2f818836087ed95a7dd2be1647efbbb,training
white,3219,d74f3c657dea19d086dcff52af72e8ddf94052625e05ba3fd2fcf6ffdf6d270b,training
white,3220,f4d226c59ad01baf447295849e6c647f2c9c276b933bf2f11207c5c8e95f1f10,validation
white,3221,d6e894910db26e85041bc80de2c8de665491022d8b6f2c349e3bcc2b79e604ec,training
white,3222,afc5460833e688afee1fb9caff7fbe573653f0114c2d56035721b58f8b434978,training
white,3223,1df48bfd85eafe6a3486e63a8d4c52921852d84d8192fc4ce0daeaad6c37c5dc,validation
white,3224,68fbaa1db610b85d2a4efae2a4c4a9794bbf62b7a4df95990881a3efdf73832e,final_evaluation
white,3225,9c02934b1812dcaf9a3db9d1480f87be6ea05ce2d3b6fac3957858d7940f2b62,training
white,3226,0c2e241caf6f845cd68a5434e9f27e2bc1f7c3d04bcae026106e255cbaf77868,validation
white,3227,24ef5881f0f2a258428031c7ec46802ffb2e10910340e6935efdb1656f1c2855,validation
white,3228,988187303531e404014e611aaa95831ea7f77b1ad80dfdacb7438dceae203a48,training
white,3229,b671cac7ccc2238b39ff50f6517e2ca25c6f2913d24fdf8561cc3ceb8f324050,training
white,3230,1b0f00d723b7591d2da0a191daf7b31994c8d9d04d4ccb2fd79160cdb519eb8a,training
white,3231,03eb8e8c0ca4f5be0b105135aa77c97a914cb63a309f99d1a2090ee71cb6c430,training
white,3232,581b7ae4a87455cee066bdaeacb2d26edda19e594f261cfb0dc64687cd105aa6,training
white,3233,2b73c1a9b9914d5ebd12881b5f07da1637ff7a4055dd6600ac82fa3ea528a407,validation
white,3234,b8c61cc8e89eb8a554e5cb3660e5df4369a526d0110545103f92ae5af9b0b653,training
white,3235,b9baed4f5dc572cb76ac1678af6bedcbd782c421f513cfc3fed86716e2b6fc45,final_evaluation
white,3236,9c02934b1812dcaf9a3db9d1480f87be6ea05ce2d3b6fac3957858d7940f2b62,training
white,3237,4f8c6d24e6965fa9e228a607b19b5cbaba4caa3470fd349362e7218f1c184e0f,final_evaluation
white,3238,537e317699ac59a550f0d2f4587b09724f95c8284caf6bad5a71385d9b8a6420,validation
white,3239,e72f49b347f0b2105f26f1967e4c899a71ef6d88a0abebe3fdb11d2777a1202f,training
white,3240,8cfd756bd011b5f16c794b80ecc3ca36b2b03795c6400a72e2d20786e0ec7d4f,validation
white,3241,ad8d1e54b3141aad9bd15340a0559f560ebcb9733845525f5af8b942d0fdab2a,validation
white,3242,0a68f5dbb406ad96769c4e46eec4a7876a3cc62caffe208f50b6b504e6b3a7cf,training
white,3243,1c2ec545bf81926cf69a84cb83db0b2a0ce88eadd96a3e03173295cf3de559b8,final_evaluation
white,3244,8cfd756bd011b5f16c794b80ecc3ca36b2b03795c6400a72e2d20786e0ec7d4f,validation
white,3245,f161f92b46e114dc54ac64310b73e185e2ae12835dfa0b77b30cb23cbc0b9163,training
white,3246,e72f49b347f0b2105f26f1967e4c899a71ef6d88a0abebe3fdb11d2777a1202f,training
white,3247,be9fdc4727a019719b91678692e4d041ee5ae0f0be69646ff73813cd6fc9527d,training
white,3248,d72fa229f9a2256d02f6abe0404fa6fae1cfa68237792fe7d3b54ef480d2935e,training
white,3249,32014330b8820d6b99c6f303333d4cb8518dd206f98406475a745feae6e3c359,training
white,3250,537e317699ac59a550f0d2f4587b09724f95c8284caf6bad5a71385d9b8a6420,validation
white,3251,6851e096aade9771badc37ad463b979bfb40b67d7e3c47cfe6c7e14b728bc6aa,validation
white,3252,c1e222375a5dcf908bf8cbc95ae93194f1c1d3dda5f0c037350cbab45f2e6fe3,validation
white,3253,b39083f5c4301996edd83bcc34bc16e8d6baababcd9f5b80af51648e4b0f2e30,training
white,3254,8e4240bfcf4d192197c88c1f3428adf895abeeaccf75995d43876d7bbe9c5704,final_evaluation
white,3255,cae7c408e1b0c1a145ddce6eafb8188921825ccd9c35b48b6634e0aebe677b0b,final_evaluation
white,3256,641a42fa1a43f25f2080fa96498497e8dc9550d350d8781bbd43175b5da6b535,validation
white,3257,641a42fa1a43f25f2080fa96498497e8dc9550d350d8781bbd43175b5da6b535,validation
white,3258,641a42fa1a43f25f2080fa96498497e8dc9550d350d8781bbd43175b5da6b535,validation
white,3259,641a42fa1a43f25f2080fa96498497e8dc9550d350d8781bbd43175b5da6b535,validation
white,3260,641a42fa1a43f25f2080fa96498497e8dc9550d350d8781bbd43175b5da6b535,validation
white,3261,641a42fa1a43f25f2080fa96498497e8dc9550d350d8781bbd43175b5da6b535,validation
white,3262,f1c932f886eff5016c995a9b17ce520b7c279f5b28e2446844a738849e09a4a8,training
white,3263,5c4133b73fa01771364f98d601c5a97bff08f77175cf5b0c4110df045b332a67,training
white,3264,41afa393680214b07cf6e4cf62b077f40d43358ff86689e2d609e667e6372651,validation
white,3265,270c80723aab45c8c15403081b517958f83f2d211135f74af0176b9e0eb80d4c,training
white,3266,37b4dae32310936c1691e3310fb3f08e3b5cdd0d5ce3cd3f8073a1c58ccc39c0,training
white,3267,afdab4b2df34fb0c631e55b612d187caaba7fd27de178ea8c62114c7f2c1041c,training
white,3268,99a7de06b6b049b27093a5fd41caf2fcaaaf7c9b72535d79ed42d1961907e189,final_evaluation
white,3269,31b73c202815e9c14ea1bfceee532d07a81e0171a64c177fca66d9101e96b71c,validation
white,3270,311f230de766e612ca8d1b1f9e951bfce32d3314831205627681187b213980ec,final_evaluation
white,3271,70e3199f13d250f9c86c2d6c1e5e1d783c733f1a2ea331bf2c81ec12e09d2707,validation
white,3272,9571caeb12e91a7438007fe387be4dc40c0b1082400e1fdea3ae9806f3e07b2a,training
white,3273,c6ab808f55038308b4890227280dd5a6ae366a1f75785c201cc3274845466279,final_evaluation
white,3274,f0b09adeb503c64224e1037551bae5982f938329de62bcaf33d2e3c991663c03,final_evaluation
white,3275,16a922b39bbe7dd2d9945dba967a89733f0a734ebb90d14cc10b8442079857a0,training
white,3276,7c21406aa9d0fc7949794a69443a2f836a5ae4867e7f9314c31bf276af303af4,training
white,3277,26d9bcb1d4db8d8e1a1873fd45362fd79426e74bde764f83f3e507d8fa272345,training
white,3278,50a2c00f9f210a2c9cba9ac7553e110ddea02f17963329f3ab21663ec06dcf4f,training
white,3279,311f230de766e612ca8d1b1f9e951bfce32d3314831205627681187b213980ec,final_evaluation
white,3280,a589c3bae6beed420dc60ee53e58e9d866a2aba5248522f3462e39467d8224df,training
white,3281,70e3199f13d250f9c86c2d6c1e5e1d783c733f1a2ea331bf2c81ec12e09d2707,validation
white,3282,187e851e6e1b2526dc03e2980a639e3ac786fb81a3ff950dd5846ca67901230c,final_evaluation
white,3283,df969bf97760294e27f9efb8fc5ddd779dbd37f37503a11c396c331c3f01391a,training
white,3284,6ce35649a1f55dcb5c8db810b9fd6fba71346d118509cd4a92adf499bfeb3263,final_evaluation
white,3285,379b904ef4a980b58fd3e6b342b33c9496025985764682a70772a892197f6329,training
white,3286,fdb3eb3af12acf7feeba4fa9259d638f6a04a20c28877e33d7461be6eed4bd3c,final_evaluation
white,3287,f7074819722a62ed86090e6f6122784a1784ced818fcc28339d7fdf14c8d23aa,validation
white,3288,fdb3eb3af12acf7feeba4fa9259d638f6a04a20c28877e33d7461be6eed4bd3c,final_evaluation
white,3289,6ce35649a1f55dcb5c8db810b9fd6fba71346d118509cd4a92adf499bfeb3263,final_evaluation
white,3290,0a331a99b5e0cdeca28c457730b7a6d028da9a9453a1a45bdacdd04c109e626c,training
white,3291,a4ed9edb890ab58573e36457183083b7d4c9a330d6db82129dcfdf69af2e4b20,training
white,3292,21fd82b5aa7acbe9feaa7aa589d7f0c8fe86d0aaeab4054389ad0d38089c506a,final_evaluation
white,3293,989ce4acdf86ba573fb7c7549b35461b722d64e0751cd1a58c2a2c47f429e9e1,final_evaluation
white,3294,af428ad5b815a6a51fa717ddb8eb02f7d3e5d6b649b66ecaf6ede6f2ddb91316,training
white,3295,726d8c149bbd1ca570f696dc4e1e53bda054757cc6efac88c86add82ed41a0b9,training
white,3296,989ce4acdf86ba573fb7c7549b35461b722d64e0751cd1a58c2a2c47f429e9e1,final_evaluation
white,3297,0a331a99b5e0cdeca28c457730b7a6d028da9a9453a1a45bdacdd04c109e626c,training
white,3298,14fc700e3ec83b0c69cf7e5c95181a093a9ba336455820d45f2fed1446431511,training
white,3299,dcc4684ffdab5ad0dbe0964a4402c7cd9ebcc72dac4aa58afe40843e5ca09657,training
white,3300,60550d6cdf3bf02d1edb66429b6b66f227486e5a048ce2e9b8a0216ecc6544ed,validation
white,3301,a4ed9edb890ab58573e36457183083b7d4c9a330d6db82129dcfdf69af2e4b20,training
white,3302,21fd82b5aa7acbe9feaa7aa589d7f0c8fe86d0aaeab4054389ad0d38089c506a,final_evaluation
white,3303,018dd025aca10015ac22223bb22094d001c139773dca6003daabc24ab3b47cf0,final_evaluation
white,3304,ac987125346417a0bb090e60b16200744668cc057575eff8f691ba9d2d66852a,validation
white,3305,b4d673ce87a4fe7dcc7b0d6bf69cb0b9f222dfaac5266713606824408c4160c8,final_evaluation
white,3306,a9c6bfcd52c39ba993808e9740d44b5bd86af76b4773eb6cb5d2ee39bda9889f,final_evaluation
white,3307,b4d673ce87a4fe7dcc7b0d6bf69cb0b9f222dfaac5266713606824408c4160c8,final_evaluation
white,3308,2bb18d201ae696084da90184cbb047fe1b84f4ba4e4e140f5a5c09326773e06a,training
white,3309,1c3e04f9d5b29bab4731e60b0e733bb28120482694f26ec1e25e57965fe0c5fd,validation
white,3310,6aabaed60ba8c842dd8ec3ed6e0979bf01b480e89f2837a7a9b4fcc91be2afd5,training
white,3311,940356c8532b70e1a8bdfc51c7e8d3487909176c0c76c7ed68938623d2e3acb9,final_evaluation
white,3312,d84a1560e553cf5532d52df07aade8445a21e8403cef1caec09ec8b04f5557c6,training
white,3313,a3027532f6f9e4e13ffd430e952e4ceb05364f600f75294430f2ad9293113b87,training
white,3314,4b1b1f38bf11292e44b31f20fb9df0fede58f3472dc622b4c70718cee8fc3157,training
white,3315,fcd7ec55b38137d6980b830dacd78effbd1b3dbe1b6c468d3994bfa19b8c483a,training
white,3316,d204122e0c31b965bf22d58692257d67df4b0d89ad6c9f5109eb9d1712868e17,training
white,3317,46ee602d9eb03ea1ef35d8e4ac8d1fa00c4055986f37fcf2fb185b27f842aca2,training
white,3318,de2bfa22b6d8fa69e6a08534073595ddff26aafa7ccdd0f550be2e254a1c3d64,training
white,3319,399067e1abb4eb72f933c0e5b7d935dcbfdd00181fb61197882a6a7a748cd81f,training
white,3320,f66fdb576264f1a7382b043f4a38da67f3bef123187546066a771782a062d8a6,validation
white,3321,2a28568a5673ba0cf58dcd9da5128f54158d0021638a2f81ffbd5dc4f0309151,training
white,3322,cd0e7d8237a20150db94132fc046c1ab0828bb5f0cd9714a5a32c125df41f82c,training
white,3323,1a727aeb60749e6d06d88bcc4ba59ba9633b778be2ba21c5607642ba9e2801df,training
white,3324,58203238bc96f8048d1a9714acdd70ee3810daa4ea7a8f8c03c5348e4ef0d143,training
white,3325,05887650eee9caa3960483b15b63791310a9b73950425cccc1cde2698372915e,training
white,3326,3bdbb49498e9b0ecf2706b24316c40a1f1a7a0ef4e78a767088671e98d8a0f01,training
white,3327,f85426291f990a53b69a9c273445d7a7757e2d1f1103ce9ab1eaeed4934bfa05,validation
white,3328,2c0cac0e152807bb311700d3faa1c22721a96f1eab0cf943a5395540b9624bf2,final_evaluation
white,3329,49d97d9dae191a2f3ff6f554710e28bd71e1ebb2d7cb11d378e74c04b366d8c3,training
white,3330,eae0a133bf611946b0521f2ab03830b563541638973a435346395510a95d7145,final_evaluation
white,3331,765ba0ee79f7333883f25117b869b3a5ff1d0586cc6bc99c88e81465eecb3637,validation
white,3332,6f1328f9b00d6de160261c904932a0eb852ff4daee77a9e87209efd716351afb,training
white,3333,22e2290abde6fa9529a0c636ef007e1e9d43cdedd6b0b2c6c7f295c2914eccda,training
white,3334,3c2dfe4bf649b6f23e049af7d0c90db9ea7f439db42da0f29674c22cb0e1608c,final_evaluation
white,3335,5dfe835a649b6dfb58276cf63ddab44694a9999939911c40d26306997acee360,training
white,3336,eaf59a93e561f946283c9d9dc933da7df1a92cb1a3f465f1d1b11b494045724e,validation
white,3337,eaf59a93e561f946283c9d9dc933da7df1a92cb1a3f465f1d1b11b494045724e,validation
white,3338,eaf59a93e561f946283c9d9dc933da7df1a92cb1a3f465f1d1b11b494045724e,validation
white,3339,deca7e408d6b953aa030143d95f01c6c5d759581ecda987fb84e1ed2e60fa496,final_evaluation
white,3340,59d557872a22e54cb685ee851bc8d7e8e71764fddb5a5519e51002bb558a3bda,training
white,3341,54c15b687575aede6023969e1b797af9d70cb3f687cf31411d22a9dc94edf3c1,training
white,3342,59d557872a22e54cb685ee851bc8d7e8e71764fddb5a5519e51002bb558a3bda,training
white,3343,5d501cd3dccf0d89eb10336eb4dad958d0741609626a37c24602dc61eff904f3,training
white,3344,118cb6113950e072788356fb70dbed4bf76e40c74c21e20b25b4aa0b19af96b3,validation
white,3345,eaf59a93e561f946283c9d9dc933da7df1a92cb1a3f465f1d1b11b494045724e,validation
white,3346,f87feb8b75c44983cd29698cc700009432e282baf98adbdbc79fa89997d78213,training
white,3347,9543fcd5764fbde44cdb247ab3c827465928e2707dd2449c9b87af6bffd159fa,training
white,3348,043c57067ee81f7cf13914703f6dba49c21d467a3276cd484975cd5eb73ebaf0,training
white,3349,deca7e408d6b953aa030143d95f01c6c5d759581ecda987fb84e1ed2e60fa496,final_evaluation
white,3350,0eb2c9fcf5eabcd8ea12b071cc24e298acdc1024babf2d69d427292c8adf373f,final_evaluation
white,3351,439f7ed6a8bdb45f7c0327c31f87b6c0d952c4f68ce878f7a3ef3ea4c5dcdac5,training
white,3352,6c546c439e15b3ed8fd5f59d7fa19ca8b025b12032ae630e0103e9535d81f297,training
white,3353,011f24868513e9e8611af836ca76a2ba23272364b311e5601a3d2b6bc22f23bc,validation
white,3354,d589de12e937733ee671c402ebd7b73cdbf122b2347db8836c63df3c2feb1df1,training
white,3355,44e63fe250d3ad4c17be0fa63b595e2bccb9228195a57d55edf4a1b3d0250e77,validation
white,3356,03afff36074b1302292b9bd9d7760c20c2b6ad6485ad34c2a38eff9f383b5926,final_evaluation
white,3357,3315708d52be37536b640beb1490816bf497d1c3a392dcfbd20737995cff06d9,final_evaluation
white,3358,f481d80d04fa616bb313ca7ec1142be4d670062a6562472f4f3f61e6d1c0d472,training
white,3359,011f24868513e9e8611af836ca76a2ba23272364b311e5601a3d2b6bc22f23bc,validation
white,3360,d589de12e937733ee671c402ebd7b73cdbf122b2347db8836c63df3c2feb1df1,training
white,3361,84a1ef2f3282691f18f7e64741fd71b427fbef60bd4872527e64b849cf3fd3ac,training
white,3362,0eb2c9fcf5eabcd8ea12b071cc24e298acdc1024babf2d69d427292c8adf373f,final_evaluation
white,3363,439f7ed6a8bdb45f7c0327c31f87b6c0d952c4f68ce878f7a3ef3ea4c5dcdac5,training
white,3364,6c546c439e15b3ed8fd5f59d7fa19ca8b025b12032ae630e0103e9535d81f297,training
white,3365,bd23506e247116434e90315b138839a83409b5176dc9e59e9f631ae3caba3bd4,validation
white,3366,c6f44404db298d4925d43452778b49f6eaca0bf2a6e33bcae624277aa8a00ec5,training
white,3367,598e72a2e91e7b9b1ce55e5e78c9558ac729d0278584c9ec72778f099efa3fed,final_evaluation
white,3368,998f6f165b392aa96925b9cb990c192b96f732c24d3a242089829c08d6994eb2,training
white,3369,83abf434f7ef7031762b4843180d3f835c5dbd5f2b593ec9345162e69af3915d,training
white,3370,38be673877e83830dc46046e9620ac951765d2ba27919c3be18ed157601c0ee7,validation
white,3371,998f6f165b392aa96925b9cb990c192b96f732c24d3a242089829c08d6994eb2,training
white,3372,598e72a2e91e7b9b1ce55e5e78c9558ac729d0278584c9ec72778f099efa3fed,final_evaluation
white,3373,dd00eb1fdcf7ff016455d1eb99c0d6fbe444652dc659dfcdf923e92ad66881e4,final_evaluation
white,3374,4fe8ebb95ffc3dd235ee8c14b7637fdacd83f826a751466d14c01967747d0235,validation
white,3375,418c9f67674cb9bbc1d9ad362814ed56293c58c34940910874dffe425490ca9a,validation
white,3376,9752e5027aa8c9d51e85dcf6558d4542b013d24dc430eea46e4fa32c0029e791,training
white,3377,83abf434f7ef7031762b4843180d3f835c5dbd5f2b593ec9345162e69af3915d,training
white,3378,b3325c7692cf564467b4f51aa0f488b6887a3079044f44f957d0b7e482b1e806,final_evaluation
white,3379,cafd855425b89f0445602a5acf307441561752bd1fd9fc09bfd45b972d3dee68,final_evaluation
white,3380,2ceed14e44284593e879d1336239f701f58566158ceeca91e5810b6e9c749afa,training
white,3381,1807683313fca1668ef6e9761341eb0882386c3a38018ff20428765b4aa5b8df,validation
white,3382,f9784230cbe3f9c5adfe45d9c084a5b8cd7d189182b031d2d229ac5e5d65c6dc,training
white,3383,1807683313fca1668ef6e9761341eb0882386c3a38018ff20428765b4aa5b8df,validation
white,3384,040e197fa03cfe7620231e83baaa092e3da6a7476fc56a133a4a2ebddb228692,training
white,3385,fb80900f7244457f43eb5ab23e31c09fbf7f608c30957bf554e35342561b507b,training
white,3386,ad1ac8b7e31e724c26bedfca34ae7f30676bbb29cb3f7602210d32a179d54df2,final_evaluation
white,3387,cafd855425b89f0445602a5acf307441561752bd1fd9fc09bfd45b972d3dee68,final_evaluation
white,3388,2ceed14e44284593e879d1336239f701f58566158ceeca91e5810b6e9c749afa,training
white,3389,2864b8654d81510d5446394817ff3fd3666b6d806006f235bb05e67241ab4bd9,training
white,3390,ccf7db2535ebcdd35df542fc990d0c92598ce2cfebe53fdb40dc71affda68bbc,training
white,3391,054210c45b1112a3c16c3ca9b4d9e66e252b5c89f87afdc2cf58c29a8b0ce317,final_evaluation
white,3392,3442dd8845513181d29faf0382abb3cc37fc7971e6d0a08a538072cda6ba35e0,training
white,3393,e2cb60fa4ebc517bde85c0507c8f0036a743505422dec4667c6774ec19666041,training
white,3394,ef75a239768c38905994efa7501f3267d6e38a2a1c84004cd3cc21a5bb12a5a9,training
white,3395,fa32d73d63cb29a751223331c6a85902a3a65c05602c3ca2c7f4ad5427627ff4,training
white,3396,a0cd5a5bd65ab3b8277a4fa9a5cde35c1d1f5d6915671fd517c5c59d5070d3ab,training
white,3397,b01db2b4337e8a1158339cdd71d0e95df9745c97f56565ced4a0a505052e6cf7,final_evaluation
white,3398,4459fbd80826a4755b9b80165441cf004d8cc6c5983d46a7dace63ffec779314,training
white,3399,0fd5f9bd0b275a71fed9f76222c43702d79cc34def273a312906a418e665beb6,final_evaluation
white,3400,cba9d38e91d65148aa29fa3d85e917b4f2b0bc743c2aee555e1e9319e2b820f9,validation
white,3401,8b65c4ac9a72a1545e1711022aeaa9a00d5ce0a06f8f0290fda637d9289ab74b,final_evaluation
white,3402,ab20c449d9d0de13290c515965e0918f270072fdd6ecb52842ba668c69120e8f,training
white,3403,8b65c4ac9a72a1545e1711022aeaa9a00d5ce0a06f8f0290fda637d9289ab74b,final_evaluation
white,3404,1877105361895f8158776a9533a14ec2fc9dc7cecfd82645e42962c7396641f4,training
white,3405,537232195c879e028cc6719e28958f518f1587a43281092a479b9fad0bd23508,validation
white,3406,aea513c5b8233e63ceb4be258b333cd2a60b3e4c7a46f2f930f693d16ac8e1e9,final_evaluation
white,3407,cba9d38e91d65148aa29fa3d85e917b4f2b0bc743c2aee555e1e9319e2b820f9,validation
white,3408,0fd5f9bd0b275a71fed9f76222c43702d79cc34def273a312906a418e665beb6,final_evaluation
white,3409,99e75a752a51f8aa7514e0c3f331e2a6f4857c20db5be39524ab0f3a7c9829eb,training
white,3410,ad4a12c170805319b0c1e665619e3f0fb20474daf6081bcf431fa155cbdf2f16,validation
white,3411,8f86337ba3aaeac7eccdfe5bddee29202a5312a75050502535522bd0fbe1f10b,training
white,3412,4543d28303b10bfca099f077dc60c8b0806291bf29ad64ad63aae0ee0c9c607d,validation
white,3413,688e0453517e7eed239d13827843091e2c8e342f01fc626dafc74c506f5c8176,training
white,3414,04185c57af5b78be0a3366874a0ddb821d8a8eb5179982b04b632bec55786931,validation
white,3415,8f86337ba3aaeac7eccdfe5bddee29202a5312a75050502535522bd0fbe1f10b,training
white,3416,3fef5527f39e19fe2ffdf18e3f32880a0f508cca6d7864365df3dd3a8f7acdd6,final_evaluation
white,3417,22c0de9043c16138629714070806eb2ffbfbf5e1cdac11be2108f767e5be0a50,validation
white,3418,19c38b3a49285df6b7fddd09a76fae3fdf8255d933898f1238771832aa5feafe,validation
white,3419,22c0de9043c16138629714070806eb2ffbfbf5e1cdac11be2108f767e5be0a50,validation
white,3420,3fef5527f39e19fe2ffdf18e3f32880a0f508cca6d7864365df3dd3a8f7acdd6,final_evaluation
white,3421,a0b13989c70c227c12f0e09e3276898ee70e389f99e9072a9f1d68ff31bd7213,training
white,3422,9e0ca17e09c0e511bcb68034488feb3d3530ec2181f28ff77d2cc4f2d26bc280,training
white,3423,c2ee3532882c754af80b796e8a8db0c905572531944f980c130ec40796b7ef56,final_evaluation
white,3424,d575bec33f8ccc4c64d07887e5aa02fdbcf048be534f9056ef1067621dd33b50,validation
white,3425,0138acbdd9c9d5ff9e2f565905bcf0ca68983871b11de24610ccab013035486b,final_evaluation
white,3426,301f8e05e40d0aa2af67ec49850270d790347d30e71e44c6e380920024e8c0b8,validation
white,3427,301f8e05e40d0aa2af67ec49850270d790347d30e71e44c6e380920024e8c0b8,validation
white,3428,fd0589bb3e3f52b247e6f5df4f69bee34d7a8233f37a8896b95a4d4f3fcbd78e,validation
white,3429,0138acbdd9c9d5ff9e2f565905bcf0ca68983871b11de24610ccab013035486b,final_evaluation
white,3430,d575bec33f8ccc4c64d07887e5aa02fdbcf048be534f9056ef1067621dd33b50,validation
white,3431,301f8e05e40d0aa2af67ec49850270d790347d30e71e44c6e380920024e8c0b8,validation
white,3432,fad0cc34c61d64e417f0701d7d9669c3227c805e4f18e0ee8cab7f8ddc09417c,training
white,3433,510fee7ef66feff3a20c37f5d351da2d4eb656746b9040e837f500f6c3745223,training
white,3434,4b2ec77dbf6e4a1bd081d13a67bc08db5145069fab9544250704412fcb79e098,training
white,3435,64357ea5d67ae7ee34d5ad60eadbc0b0773c53a77be2f58261f1fbf903ce2cf7,validation
white,3436,2b7833625a8b8b4eab6ed3c7dc8fbe3a641b30509cf60a6d5c76245463ddda2d,validation
white,3437,c6cb1457be1aa07ea91f83a95db4f8e3a6b3eb252a7e7075f19fbea0681cfa1a,training
white,3438,75f350bde3e63191af1b860b061c96500325bf046279fbd98da66ae01a1ae9aa,training
white,3439,998aa521d400c53569e58d47e825f74784f0a00bf2f5cd57b207fa0f2c323bdb,final_evaluation
white,3440,75f350bde3e63191af1b860b061c96500325bf046279fbd98da66ae01a1ae9aa,training
white,3441,a3fd2be17611dda39b375d3d6a40da6a1946be071a19e283ee9989486572b90f,validation
white,3442,896a598348c2ed04d6f081b3d7e26a8414e4a61230013b98b7a728de8b4ca726,validation
white,3443,75578da5108919fa487728b30c924b3b1fe1dfadc9dada743b07df61dd6bae6b,training
white,3444,76353caa37d64a3a0079e3de019673ec59be49df1cb71ad44a80d8e914f08f3a,training
white,3445,f198fefd9e347680ae1b16dcb181762bf607099e8b162009d320e0e9b3a513b7,training
white,3446,7518e363ca012edb5359dcd03112d3950ed765f216d04bc18fcf2f181f84bfe3,training
white,3447,ebd39607716bb121bd5ccfe700aaa6507977da9bde950962182d28c935de7b02,training
white,3448,5b09a3f7f382b050881bed71e09a7bb0f3c1ad65e7c14b530a83d5cf82ded3fd,final_evaluation
white,3449,38790dbdc97e89f48997e8afe04e57b4e5a94000a49f087a1075f6e67b21915e,training
white,3450,7518e363ca012edb5359dcd03112d3950ed765f216d04bc18fcf2f181f84bfe3,training
white,3451,09c08bfc596d71aeb38d17153e6b9b24396a1339e871469f28e2469b975ce4e3,training
white,3452,09c08bfc596d71aeb38d17153e6b9b24396a1339e871469f28e2469b975ce4e3,training
white,3453,99bb6f0a12f28a6667a232a29e00d1ae73cfd36892aa9e24072c0ac3c2b0a67b,training
white,3454,ce9c9efd0ea680f5523fa194cfb2855af05c15964cf4e0feaebea9f508a6c43d,validation
white,3455,c03de0b082ecc695a3137bd12c9cbd19e2a76f8b7ae722662d862d4bf55a8543,final_evaluation
white,3456,2f098046df9005d48c1331ad7034af013b3d2f5679f5bba028696824cbe0590d,training
white,3457,0fbdcc4a6ac426e0a8d9b6fd00b9e7b3056f4424382c4d9d80ea83778bac8fd1,validation
white,3458,6f78578a75b6d8a9439de3deb58b18d3dfe009157c7b817c5ff619e04ef1082f,validation
white,3459,06ad0c5e8c9d6e4f12069b27a3f718f61f70875ae7d5e2e790472d43d8ddb23b,final_evaluation
white,3460,13b6aa7b996b51bc7b0147fa7247f25628f1c4f2051f0ab38ff84886cbdb2072,training
white,3461,d1ef8d6ef8409d13b48273860cd6adf495cde9ca1b8babb4bb67b61a78a1161d,validation
white,3462,cce54b04ed0e39aebc80329ccd2d6955af16b64a93cbe971751d5f96d544c788,training
white,3463,b7370223b8cd2f8b381fe5614ebc2ab397124546e5531f3770ee35b9602ff548,training
white,3464,549acff64683ab4743a6ec842e7430641756a2ece1dcc09b4e7a90d021e22826,validation
white,3465,3c6719b3081f17ddf28d0be7c71daef828023821dddcaad7e89b006407d8a6c5,validation
white,3466,84868c74fc4e23a6645287e14ffd252de7924e1aebc792885e1fac2e6e9c9db0,training
white,3467,b7370223b8cd2f8b381fe5614ebc2ab397124546e5531f3770ee35b9602ff548,training
white,3468,ebe35b44e933ee3eafd7bf632c8c52c4930e396af64bf771765f855e21ba4ba6,training
white,3469,4f87b2144d6f0fd4a10b19b568a546b56a14b864f7cd00a2b55fc880a6eea511,training
white,3470,13b6aa7b996b51bc7b0147fa7247f25628f1c4f2051f0ab38ff84886cbdb2072,training
white,3471,cce54b04ed0e39aebc80329ccd2d6955af16b64a93cbe971751d5f96d544c788,training
white,3472,d1ef8d6ef8409d13b48273860cd6adf495cde9ca1b8babb4bb67b61a78a1161d,validation
white,3473,2d806bed6b5b927333716c56a38f798c235d5938239e9a2fb9880f9f50fe6c29,training
white,3474,a676b7ad8ae9c440a6a6183213a4e6cc810f16f0a62bfe5c42e8a470e430f08b,training
white,3475,a5d6ad38c60baf516f2364a94cd3582ae68374b4c6353463615fefaf51d125c1,training
white,3476,89d44112e69c258cf230947050c6f30e4c8a801952b885330da22e16a67ce274,validation
white,3477,c075f37a136f8a95f5f8008ce1b9cf3266caac124a99636642158577484e49a7,validation
white,3478,ea89935382b19996b2271cec923f59a60c103894f0042b678a893c53fb6e0766,training
white,3479,89d44112e69c258cf230947050c6f30e4c8a801952b885330da22e16a67ce274,validation
white,3480,f8a174bfd4f8cafa824dcf8f8fd2c490e247e1dbc6bd56be5dbe22f47dbea659,training
white,3481,a676b7ad8ae9c440a6a6183213a4e6cc810f16f0a62bfe5c42e8a470e430f08b,training
white,3482,c0fd60d2b851de0f03865d9551fceaa022e59eb89999269f192554fc662326fe,training
white,3483,6c7c5be5382a2412934d6fde82d52722a88ba7ef956867fd866472756c3335f4,training
white,3484,b0da3ff7d64ce50fa5e9fb643e966f72101489e05f44441bfed32b58fb00caa6,training
white,3485,c075f37a136f8a95f5f8008ce1b9cf3266caac124a99636642158577484e49a7,validation
white,3486,56186b5d8d063b5edc18f5fbc20a60dc6c1a9d53ca5d07aeb5a3e443e000c6f5,training
white,3487,8c0fcbe2ef5bae16a6abd68c8ff5aae89fc075a3eeb41be1d40d557bb6900bb4,training
white,3488,a5d6ad38c60baf516f2364a94cd3582ae68374b4c6353463615fefaf51d125c1,training
white,3489,cf2081170b8331080b055c819bdb7a7f5898b1f8807043a5f415df2481b5629c,training
white,3490,0da435263a70e71f65bfec22ca83790c666416e4687a6feebc3c9cef298da55b,training
white,3491,ea89935382b19996b2271cec923f59a60c103894f0042b678a893c53fb6e0766,training
white,3492,94a4d3a7d938bea22eaaa545dd73b0cdc1f250239fb44710fbdfd4bc2b114b4b,final_evaluation
white,3493,696beba85f00939b0937b2b503b22d27611dd16c9128671497d9633c8d54a197,final_evaluation
white,3494,696beba85f00939b0937b2b503b22d27611dd16c9128671497d9633c8d54a197,final_evaluation
white,3495,2933013ee49420a9b368055b067bde95a8b8840a4f9749703df0ae892d81b736,training
white,3496,7a201e19df7c5467fec90b094ebf3b52c3f3eb2d91b88f7435877d61a0594cc7,validation
white,3497,5266b80c068bc6a154f6c547601ecf5fc774fed7d41e43e512d342b71b40ca87,training
white,3498,5922cb25e875d043ec2f7682d974236a3ae39e025d525a07e4701fa7a5e3fd6a,training
white,3499,56479dc03dee8d481724b526164b0545e90e21f2df4882865680b7279984ca10,training
white,3500,6b1da13453f230a10249b48a6d48cae9b0a349ba00697d1131df5dfbb14775ba,validation
white,3501,696beba85f00939b0937b2b503b22d27611dd16c9128671497d9633c8d54a197,final_evaluation
white,3502,2933013ee49420a9b368055b067bde95a8b8840a4f9749703df0ae892d81b736,training
white,3503,3c0629850f658e0b8378e917d752fd3e3d147a022b31301f0585d8758dba8973,final_evaluation
white,3504,c29f9d8f95028450a5751e12e3a0f90032f80411dfb6907b26fead48ff3434c2,final_evaluation
white,3505,0548d2650399e813a6395b9a561dcf64a40073aa75b3f486cac73ffb4440a28c,training
white,3506,a862f005765c9a2c671efe4900c2db5e0c0af9c085932019551f4721174308fa,final_evaluation
white,3507,81ce98a8786f5df7904bb6a61584b97bedd1e6a5fefabfb3013e5971a26f257e,training
white,3508,ef9cab0ca03b62b53b49d850caa886732daeef42e5325d8e0327b4e03c4c4c1c,final_evaluation
white,3509,3c0629850f658e0b8378e917d752fd3e3d147a022b31301f0585d8758dba8973,final_evaluation
white,3510,fbe65505512dfa14eb3379ec4cb4f7a1d36a19c9a70fe8cfcbffad9e2b7f1080,training
white,3511,dabe4a2b9fbd5a863194286dc17843745ea71b4df4eacf2667f71166d6bd9435,final_evaluation
white,3512,e95da5140e6466a5c2f80f34b52a98dae50bb111fe40ed9e38ba6b500626fc44,training
white,3513,c592433d5f9009e0bbd7c92c66294d78cb47df6ff27fe008e36556b01797b143,training
white,3514,dcfef55e040d1b074e39859c0e6561e881c000b266c96057a22ae8a607bc3e47,training
white,3515,3899657dd0b2eed266194800b8ab0be39a6e369b5b95905f5775fdbd6950a332,training
white,3516,eea66f10faefba4d59b20d3efe3e9c337fccf22fe99a59ee452c49d9f5505409,training
white,3517,5ccfe1dc498227f44186be2fe0a0287c8e45c5c37cdb786c72bfcba00f8cbbed,training
white,3518,b0094092776a276b6156bfaaf724d039e81ea0dce63d9317cf4201b030a9332d,training
white,3519,3f149a1dce8034391085af87668d8163c8b67a551859c970f12f5105b7b88c7a,training
white,3520,8966228e0f65d0722fdf1436e67b91f2714d2c3d82a73e3680587cceca13be50,training
white,3521,1ff2d56aba41d7438ee79cc079d805bdb49f8c1d0599946fe766c7768f869373,training
white,3522,f88f444dd45e7bcc9875b1695202a362486305dd061c543c4289444d27e76b28,final_evaluation
white,3523,4ea8c67b102c76e5fde0e34c88f6c2f350db7d2c7a150c7a39d0b4dbbf6405e8,final_evaluation
white,3524,1ff2d56aba41d7438ee79cc079d805bdb49f8c1d0599946fe766c7768f869373,training
white,3525,c765c6456a2b7a45b1bb1a98671b65d5d7961e54bc1e5f93788e1fe44607c97d,training
white,3526,c765c6456a2b7a45b1bb1a98671b65d5d7961e54bc1e5f93788e1fe44607c97d,training
white,3527,5dfbd20664555e97c22ad405e6e49cea602a667ae8d324166309426abb40dcf1,training
white,3528,fc705254832f67c9ed4f72cbb72a3106fe1d5dc26f4880e594305e8e57f4c359,training
white,3529,31fe1afc6211b81cf8005ba7a6efd145a115c9128dc6b2f25c1c81bad1c9b52a,validation
white,3530,f8857434764ea8708ec5c4dd036c173b2bbc989c03330713ac97901a8ce37d04,training
white,3531,bb0c87c997b82056066558745e0a8b6b91fc1e78ffde9e5449f152fa92995445,validation
white,3532,06b441c7a05dfe8010ecf31a102d3261ef4495d93ec12c003ced81d9ba4f302d,training
white,3533,2b8df75ba05e286c42f6a4a7c2d58354a0c5f0a941c12248092fd1602d7cfdee,training
white,3534,f72216b3797930bcb6891d7791dd306ae40c5e13891f89398ebf033d1822312d,training
white,3535,bb0c87c997b82056066558745e0a8b6b91fc1e78ffde9e5449f152fa92995445,validation
white,3536,06b441c7a05dfe8010ecf31a102d3261ef4495d93ec12c003ced81d9ba4f302d,training
white,3537,68c9edb98054c40cad9989c807afbfd57569daad873d5facf93c84838cf3d1b4,final_evaluation
white,3538,9fb99dfed69d5c246ec46598fb5cfa703222d7f6bf6513922a677ed037e8d9c0,training
white,3539,26a96e160ba993247b24be582fb2892d67d41f5048315a3392126b439d286f78,training
white,3540,c44a0bbf97c08244c4ecb4db19e9e7dee1af45dc7c9a8c0d4d03d91d73d46b43,training
white,3541,22faa168aacc7a9aecfb33a6efa7f2e24a4a51745194dd85cc328ec4aec27877,final_evaluation
white,3542,8e4c1d2260e0ada0979e04c9c42d52a3e1e4491c241381a26736ebdb54919d7b,training
white,3543,01d7d5aad588b545d116e0130983e0d7103d162359d134d347c0cae471dca923,final_evaluation
white,3544,7ce2b97214aed5253679e717ae60250370c057103f8088583669a0cb6c526094,validation
white,3545,7ce2b97214aed5253679e717ae60250370c057103f8088583669a0cb6c526094,validation
white,3546,269ba0e002bce94a900f0667a105b5bfa23ee114210186f04171d053c7cab372,validation
white,3547,01d7d5aad588b545d116e0130983e0d7103d162359d134d347c0cae471dca923,final_evaluation
white,3548,9058bf94636ea1c718fe2d611ea443fc3207bcbc286927ebe0dcb0154a532561,validation
white,3549,68c0a7709a61c674aa1b09dd1428aa10e75edb413a5b58ddec16679eb094594f,training
white,3550,7ce2b97214aed5253679e717ae60250370c057103f8088583669a0cb6c526094,validation
white,3551,926d8a3ac47a1955c216c57ba5c254bbeed815b71d82574ff6a8f3fe9ac454d1,validation
white,3552,433f4abfde7097a4bd49ac5b2471af60f8e489950bc72dde06fb940527f738f6,training
white,3553,433f4abfde7097a4bd49ac5b2471af60f8e489950bc72dde06fb940527f738f6,training
white,3554,433f4abfde7097a4bd49ac5b2471af60f8e489950bc72dde06fb940527f738f6,training
white,3555,062d1ea9f9a5f218925d9b883e7fb787a4d8dc6553fda6aa43b116fefa725337,training
white,3556,58f265b9b859f91a1db49afb7cd37a8f2144de962107ce9a84ce2d758dae13e5,training
white,3557,5cc46e20b6a2329563344065367d4ed5fdec7da90ae4d4550bbd157e9c701a07,training
white,3558,062d1ea9f9a5f218925d9b883e7fb787a4d8dc6553fda6aa43b116fefa725337,training
white,3559,433f4abfde7097a4bd49ac5b2471af60f8e489950bc72dde06fb940527f738f6,training
white,3560,e1fe25d4d1a2e360f8c145d56ced24f971796a7108f95db2d0ac14ac0427f736,final_evaluation
white,3561,7b6c20f5a6e9f6f3c9a00c69c566139fae029880fb64045b635c63b49455cac8,validation
white,3562,be1fce3f60bcfa2a091776a551ca5fe1a233077027bb87a6a69995aae691b093,validation
white,3563,deb73d98b730f67f1d4813a8c19f24bcbb2d6b8d376a6106e0f4fbed690dd964,training
white,3564,be1fce3f60bcfa2a091776a551ca5fe1a233077027bb87a6a69995aae691b093,validation
white,3565,7b6c20f5a6e9f6f3c9a00c69c566139fae029880fb64045b635c63b49455cac8,validation
white,3566,1e93c95f8950e4b65595485b98b1e89ed6da72475fdece2e5c8e9f353479c8c2,training
white,3567,09e561298ac56350e9baaed36f2877dad05ba347ff731683a2346f2e190db120,training
white,3568,68db097081184086362d3a069bd8f78084835ccd48b3120b97e6e32a266f1eee,validation
white,3569,aecc43cbe76849867af0971db187117d0af0f15a56a84767e1aabe3b583004bd,training
white,3570,1e93c95f8950e4b65595485b98b1e89ed6da72475fdece2e5c8e9f353479c8c2,training
white,3571,68db097081184086362d3a069bd8f78084835ccd48b3120b97e6e32a266f1eee,validation
white,3572,1626ed3f93a690393fe5f1ad123ccedecbb0f703e7e4f068b4a93b4590f4e8b6,training
white,3573,09e561298ac56350e9baaed36f2877dad05ba347ff731683a2346f2e190db120,training
white,3574,191f827a7f929fbe50c0242077c11a14dc5887751f26facd0d56f4f8c420a76e,validation
white,3575,b8a2a2c33f659d9ab837008ef93d5abf2b4192a7c9d4f927075707ae9bdd5556,training
white,3576,e83985337d1a7e83e88468d5b82ca384e3aea3586060d815d1ecff69fb590dda,validation
white,3577,deaaaa1bc95586b9b886923a4f446520a45b12e9db314fc2fc1cfdbc18dd1b10,training
white,3578,92428aec33b32bfbe8bbf35964a7a0ca6ec412a1b99352c93097940e8482e83e,training
white,3579,66d0854bea75f7715a10844d0b53016e44d21004e7dfd02111380c8df8a94a02,training
white,3580,71c6ed706e5563459e9765959c49dc99078781f91f56cc57b3a99f67f0685134,final_evaluation
white,3581,2697c0b7ae9c49a6316e9243188b86e3e2c7293cc8bba43e6ce8ba658885ae8b,training
white,3582,2592b39478f195d77dfddc36f051881d922b3fc62008579f686dc01122557626,validation
white,3583,e3a15bf8664aec60cc7db946ac945d5a3df38e2f88665c8a3d19dd82cfdbb5e0,training
white,3584,5dc4bd21cc4b8c4162e90ed45fe4fb59b1d778cc446739fa0f21c50c6700c80d,final_evaluation
white,3585,71c6ed706e5563459e9765959c49dc99078781f91f56cc57b3a99f67f0685134,final_evaluation
white,3586,97ddfc4822e1e520961c36c91ae99d4b14078c6aacf192d564a694b8711b20c7,training
white,3587,230f68307f1aa9c7fe652277a733cda87a130801fa565fc15323fae994663490,training
white,3588,727d98f7ac70a09fa4cf7510313bdc1594182730eebdbeec7261e033b3401e13,training
white,3589,727d98f7ac70a09fa4cf7510313bdc1594182730eebdbeec7261e033b3401e13,training
white,3590,727d98f7ac70a09fa4cf7510313bdc1594182730eebdbeec7261e033b3401e13,training
white,3591,dbdb799407ba1f9f4dcd96a91b8b6cc4d7bc180e6299193b567ed4761550d6fd,validation
white,3592,a286881cf6e67474e6c99bd22708287ad064691cc87fd94a82de9bfc507ac527,validation
white,3593,a66189f9a8637eb2c4989074e9891fcdff0dd6e057c83ca5328db6c85dc8b965,final_evaluation
white,3594,5fd30f71db234c75a254fbeaf7f84457914af4cc3ad17fe124ac594557b48b97,training
white,3595,0d3725228b79f2ea41329248dca221e6f32028eeafb9e237297dc4d1097949e4,final_evaluation
white,3596,7674d3d147f65eaca88ef76f615541e14acd400f94c84f265443ba4dbcfdf653,training
white,3597,2f97dc5aed5ec1a1abb4083af560a21fbb7fa21824fcce59086ae6f0c201c2d6,training
white,3598,a3c13ce2f4104a0cba8b2d24ccbbd2257d900c7207c7484138fe77bcec2a0c5c,validation
white,3599,8ad93a60dcd5d739d0d701fef62e0a73688f775a1ae4075cade5b994c8c981b0,validation
white,3600,d7aece9d03d0da79a096eccae8d7d346a9e4ba7b38649a7f9851ed91529bba71,training
white,3601,6ae689e07e0590c9bd4d4862c52f0645581864f3b365231651e92765732be7d9,training
white,3602,5c6399d5fb244936b90cb07ecff887c4ed31b4d33eddd35e11cfb68286ead8c2,validation
white,3603,54e37e0fddacc3701b3411715178b64b89fec7f275b8992e227703f36d19bbbb,training
white,3604,9d57e59f9d5c2fa556b2a53bc1376c8789277448e290549459053a97226989f4,training
white,3605,f3445909a5dc2e54bb81848c74a3a97521a18ddcde497d38596ab4cfc3b2c6ec,training
white,3606,9bcbb381826c2e16c7d10361a74756fd5f9badb6333291cb6cfa0437506ac932,training
white,3607,36dc6c1fff298d9e5370a0052708f947eb751fd4eaac5a962d75ddf83a31b800,training
white,3608,2e3a64ec11668ed229fa47eb4621d54459f379431da3a85ad5d7d8a2e05a8b68,training
white,3609,1976c7173715fc3f7eb8af94d07c350ef32e83fcd2bdd3548b1f1970835d403e,validation
white,3610,1976c7173715fc3f7eb8af94d07c350ef32e83fcd2bdd3548b1f1970835d403e,validation
white,3611,9bcbb381826c2e16c7d10361a74756fd5f9badb6333291cb6cfa0437506ac932,training
white,3612,2e3a64ec11668ed229fa47eb4621d54459f379431da3a85ad5d7d8a2e05a8b68,training
white,3613,944ab08a7b8266f678a0e21cdf2a1ac0e4db48eb5362a67f2b2a0746ceeb2346,validation
white,3614,1976c7173715fc3f7eb8af94d07c350ef32e83fcd2bdd3548b1f1970835d403e,validation
white,3615,36dc6c1fff298d9e5370a0052708f947eb751fd4eaac5a962d75ddf83a31b800,training
white,3616,a8454803ec059ffde50fc7051bb1c88c1f05b1e31a1103198b3ff7369fe25176,validation
white,3617,0a937d23141e3ff71234b5c3096e8044c63217eabc13d73633f71f8ef9e4db1a,training
white,3618,ac75b2789bf3a9ce9d320e577099aada5c45c4f76be5714dab2f21223d6664ce,training
white,3619,da8170cbc54e9f0ebb0db3a40bbcf393c43f0ae74793c09e7eec0ff173698fd5,training
white,3620,c34a3753aa7f9146b19d6ccf960360cac9734dc6cb6c0acdfeffb39cfb544c7c,training
white,3621,8478288f1bf7e2f8233eedabc034fbb80ea141923b45c8579adab1b86e4b1aaa,training
white,3622,da8170cbc54e9f0ebb0db3a40bbcf393c43f0ae74793c09e7eec0ff173698fd5,training
white,3623,a8454803ec059ffde50fc7051bb1c88c1f05b1e31a1103198b3ff7369fe25176,validation
white,3624,c34a3753aa7f9146b19d6ccf960360cac9734dc6cb6c0acdfeffb39cfb544c7c,training
white,3625,3b37ef60c43408a533e6a9cf884f672a3b2bccabedc31ef156644ea3517c4496,validation
white,3626,0a937d23141e3ff71234b5c3096e8044c63217eabc13d73633f71f8ef9e4db1a,training
white,3627,ac75b2789bf3a9ce9d320e577099aada5c45c4f76be5714dab2f21223d6664ce,training
white,3628,673c81a40bef9d54d1bb59641ce5d7b0a975c856c8bd954e797948a3328d4637,training
white,3629,cff5a9d822d60659382298e7127bfa6823a6b2b451df259c86609417e2ad81cf,training
white,3630,7748cb35f0fda3426c13c6524a45af5c0d8cf5e5589779a10cb2b9c4c166bde9,training
white,3631,5f50e38dcd5932f5ea8222d6179ca4c31f4d46695836c134898e110fd6d821f5,training
white,3632,5f50e38dcd5932f5ea8222d6179ca4c31f4d46695836c134898e110fd6d821f5,training
white,3633,f7cdfa2410a9c48370891d6c55f3303d24d75a7a6e71e3ea25cd652f9bfe5461,training
white,3634,5f50e38dcd5932f5ea8222d6179ca4c31f4d46695836c134898e110fd6d821f5,training
white,3635,546fd0f4a4f3aef8a16b816a086f9e9620f4d55ce21a5a8829e94dd46e08f278,training
white,3636,69bf2f95cd2c009e3409f1a0948cc8072dfc1ba5b29c4227dd9240f261a2cc8c,training
white,3637,a7aff1f2ab11d8141eff454bbaae265c27b2c5492bb814cab21b034f0b027e57,validation
white,3638,99caaba0675c6cdae5a946d53a69543e55ca01ad63f2aa929f3018c17db037f0,training
white,3639,6299b914ca7ad2cd8d3a609bab0fc85d8d3a27dc8205c2ebd09b9027fc082b35,training
white,3640,2dea00058fe4ca98a99f17efc91955e36c5bd4644f602729d8e215ab87cb8073,final_evaluation
white,3641,9549ec86ade6e17d520c78f33a40f5b1fcab9240f6081dc13d46290385ea0692,validation
white,3642,cadf1da04de99a28968cbe87cf3ac76b64e87a72288359e72621ac0400dbb7c3,training
white,3643,cadf1da04de99a28968cbe87cf3ac76b64e87a72288359e72621ac0400dbb7c3,training
white,3644,9549ec86ade6e17d520c78f33a40f5b1fcab9240f6081dc13d46290385ea0692,validation
white,3645,d044115b52e1d0e87424cbde5b31e206eeb7bc607740dd3473175e0ba7cc0d19,validation
white,3646,65933abe49bf7215bef64882612513693f0ed22f51f1e62ee17541b9dfe1b1e9,training
white,3647,7891419482d8dc541b708a1a02ed9cbec7b16fea7901cfab8fcf4270297d7bc8,training
white,3648,8e17125e73c1634bdaa9279b35fec0401c55722592df8d619a1ddf46da2ee021,final_evaluation
white,3649,7029b4ab206b27d20903c7d3b377b970cb7fb9c135b8d607317379fa9ff69f5b,training
white,3650,2d46f5253f180c575f762bd3f13ecb4fb264129d519c288d8c2ba714a91c896b,final_evaluation
white,3651,974eede17d8523f67fb93cef32ec78f6aaaf724dd8465cc2c886d8a2bc62ee95,training
white,3652,059683f08ca697833d6df48639d79077914cae465c3248bf223cebb0b2a84617,training
white,3653,1919164141607a667a0ba067dfb72a6241e64c18f0ee3bdd28d1a02db7dd221b,validation
white,3654,059683f08ca697833d6df48639d79077914cae465c3248bf223cebb0b2a84617,training
white,3655,334093216a0a74ad7b8718c95367a9590ead5b0c801906b35ed82aba93845f21,training
white,3656,48f07c19b820f87be8fc0439f000b5da1b382bddf6a145e96adc4d509d0ea9e5,training
white,3657,200ad3123fc2bc33d0a9c21f1a98eac7c8693c1af7e92427b80bf091f8b1b42a,validation
white,3658,c13e8075c72db52d488f3232c1a86b1389bc16d21ff9f0aead16c974f072237f,training
white,3659,3b169e459ce7b96c8fcd8ed3310e2531e806b3df1ff3adc682b93f816c288a48,validation
white,3660,3e034f5271830cd7849eae72b79e4d4501ada0829b0335362bbca36af7f19e2a,training
white,3661,9fe3a33e997662de726398f9a57835033453d02cd7c50b08e965d2b82766edc7,validation
white,3662,ce1531bd7864998ce5743c3b45353f7b03b6fe68d4f2e034f1f82904deddcbe6,training
white,3663,1d2e4fe1c6fdd707c33e96bca819ba4a8dff568ceef7f147a62989f4f3152116,final_evaluation
white,3664,c5c0f9d279ba1aad38a6763e1f9a89bf62a34ebc3508515423d9100969136e2f,final_evaluation
white,3665,8bb7848173b2df683088267e2d5146327bd37e4db7d00b849108c0b9e7d9dce1,training
white,3666,3e034f5271830cd7849eae72b79e4d4501ada0829b0335362bbca36af7f19e2a,training
white,3667,14e9835b240a7831313fef6874294197ccc7504e51be5479f74df51fca644ff8,validation
white,3668,9fe3a33e997662de726398f9a57835033453d02cd7c50b08e965d2b82766edc7,validation
white,3669,92f87d5c8bdc44e95ad85efa96885887cc40710d48ab3376fbd51b665eeb74ae,validation
white,3670,852b5c15824f77e2a84e26bd80d5bc65ab6194f299e41d3dd59d186194d58b8d,final_evaluation
white,3671,0c2ad87132954fbdff08f04d7f5d5dc8d6394633fcbba61c6be28aaa59a00ce5,training
white,3672,99697639e250c8a6c176ff98974446ee17087310d4447bf68b08b6c0cdd14881,training
white,3673,a617c2fb35badb12d1744754405758d5ea0116d11bdf0d56906fbb52839679be,final_evaluation
white,3674,d26b01e41af6c5246302a8af9bc865a262ce721054706e8f2850bf0ac2e5d770,final_evaluation
white,3675,f2664e8578db5d18e055daab7774d65b4b3b66c397c2111b39774bf941c3733e,validation
white,3676,68b6a6f1e3761d621fd9534138d098e4547dfa439e954cba8fea15762fd329f8,training
white,3677,7e8dafc2664c74331ea2acb07aabf99856d3796949408bc753a7e306f5b161de,validation
white,3678,1a3a2d1a45ba2cd7183dc433505c3a09189d65afbae2a384b8c8791a143cc26d,final_evaluation
white,3679,df1546089cac87c846fa49d9f3213faa0b44c012ea42b7c33813473159b1e178,training
white,3680,95a381446e428442d0132eb3ef0616123e604ef132810b01fb466ccb29f45ca4,training
white,3681,9552f30b3cc1c0231a6f92a0473aa53c8f60c870a08d6e8186669da04b51393c,training
white,3682,cc971be0884bc67a4e080f81d388d2c42629dc4f574dad5c752798d062c3e5cd,training
white,3683,526a58cf616d96a73d32f834ac42f24adabc75be779eaa158ad5a5f5bcd69fa9,training
white,3684,9552f30b3cc1c0231a6f92a0473aa53c8f60c870a08d6e8186669da04b51393c,training
white,3685,aa7f619e62989eff7b67b54b13ad0668db6ea3a5931e5299bf50589fd9a50810,training
white,3686,9552f30b3cc1c0231a6f92a0473aa53c8f60c870a08d6e8186669da04b51393c,training
white,3687,f3a9f81f9ee3d2fa1e1fbbdd8d3e070f51198999e4f9307ca1d35a0d42767149,validation
white,3688,b34052110bae92de25cb7c2116c7d01aa7e03eddc9a389345030dcdf6f66240b,training
white,3689,4fa2dc6990d3add67c5cfb32eb5872835ae4777897245dd90ef93e243239ce6c,training
white,3690,cc971be0884bc67a4e080f81d388d2c42629dc4f574dad5c752798d062c3e5cd,training
white,3691,739704d8c8c7fc584138a1d70acdaf194e0825767d2886d25101637c80fc4aaa,validation
white,3692,a4d5faa30d5332c6c0ac30c9bc6a0072c4fcd4dc3ecd8fa5231069b86234a63f,final_evaluation
white,3693,95a381446e428442d0132eb3ef0616123e604ef132810b01fb466ccb29f45ca4,training
white,3694,aa7f619e62989eff7b67b54b13ad0668db6ea3a5931e5299bf50589fd9a50810,training
white,3695,df1546089cac87c846fa49d9f3213faa0b44c012ea42b7c33813473159b1e178,training
white,3696,c5d26cd5b85b9dafa7886a8a197adb10114b1c41c779a4b3d54d96be08304307,training
white,3697,526a58cf616d96a73d32f834ac42f24adabc75be779eaa158ad5a5f5bcd69fa9,training
white,3698,cbad98bbd39cf20b4cfc659d14d41b8477631d34cfdd6536196991fa562b182e,final_evaluation
white,3699,298e1438c1585bb9ce5efe0cbf589e9fec470727fd71cd91b65e45b8ab73ac12,training
white,3700,f3a9f81f9ee3d2fa1e1fbbdd8d3e070f51198999e4f9307ca1d35a0d42767149,validation
white,3701,dd970fa05ea619baa619a5c7b486bc83d93e1557e023cf3b1f532d439ba88069,training
white,3702,fbdbae78b39fe91474ed411abf05068c4aead1e3657dd85e60d30fc98d9ca230,training
white,3703,fc191a4e5724cc13739292a75af333d95f43ce505427e8ccc4a85ba668a4985f,final_evaluation
white,3704,fc191a4e5724cc13739292a75af333d95f43ce505427e8ccc4a85ba668a4985f,final_evaluation
white,3705,fc191a4e5724cc13739292a75af333d95f43ce505427e8ccc4a85ba668a4985f,final_evaluation
white,3706,fc191a4e5724cc13739292a75af333d95f43ce505427e8ccc4a85ba668a4985f,final_evaluation
white,3707,7017a7d7c8401fd5b1fde6a102b55420df83f92000a0dff8378188251b34b33e,validation
white,3708,e4a38860c7e4e44f0705f04b4986fb1f2599a4e539e5f44afce23e5b11fb9d02,final_evaluation
white,3709,ce53253ec7d1ba4d91a19f9d0086f1ee6685327f569a10f7b33b9e66a76d6a87,validation
white,3710,e75312e0997fb87f3ff8678d088c5710df7b64279927931165c2a2852e5495db,training
white,3711,8b6d877569d7dc0c446d48c0241c16615dfe8d1715ee2fd984d00d1554247d2e,validation
white,3712,fc191a4e5724cc13739292a75af333d95f43ce505427e8ccc4a85ba668a4985f,final_evaluation
white,3713,40e1a363af6e69c89fb69050dbe6ece0c5cef2159ee3c443c37c3fceab0d47d9,training
white,3714,5ae834532c029988afee4af1a132dcca565bf0221539e5df7f22d31da655f26b,training
white,3715,12b47e332d973a10a2ff0a1529199ad40be4b26828c18df478517cd630726534,training
white,3716,26d7bcf8fb1ae1999e148d87ad52590836c077c51e5091227382deb9c1a8e543,training
white,3717,9bb71e631a6f7ee2b100171f066de5d79c8eac41f3683e0c4a1114519a9cb3b6,final_evaluation
white,3718,c033bc61e4f36ebfdfe1e61c60765808ca27cbf036dd70a6f893f9b1b536f5ea,training
white,3719,fbdbae78b39fe91474ed411abf05068c4aead1e3657dd85e60d30fc98d9ca230,training
white,3720,35225a966f2ba6bf8c9c9d9890cc4997511a9111258043cb5a4209c62ed27c0d,training
white,3721,82e52fa139276e290ed706a9a4e4a401994d7daf6e1e2e18c64f74e11698f773,training
white,3722,a8ef22180d30047e1b503ca3fc594638e4c0c04f0b6843f67559e86be5030de9,training
white,3723,dff0e95f047254d7658c77316f29165c2e962660a041a128a8a31bfbb2144732,training
white,3724,a277e99de52a5f03fe6599ee7c5d08a6301e39c61ef849a55582eccc0da2c91d,final_evaluation
white,3725,947202c8f10587895556302dcbe4cb2d66392dbc547e0810270b920cc7b42ce6,validation
white,3726,b764a7fde06ec27ed8a78aca59eb29c2b98cd78627db637136c83ec0943edf69,training
white,3727,03b7a805cea40bb488b70c288b1c879a56759c268fd390ec40b1f607df26274a,training
white,3728,a277e99de52a5f03fe6599ee7c5d08a6301e39c61ef849a55582eccc0da2c91d,final_evaluation
white,3729,50e5e7f94dfd3a33655c09beabb4af9be56dc07b5287dc04a2ed4188f7b407f7,training
white,3730,e49c016b74410458f3f0dfcab2fa4e67e54c8322ae7b73d8e8cb5a29d897a04c,training
white,3731,3be2661fd9ba6c0e17e669d1ee74138ec137b55cd55993d59d8c5be99c22e3a4,training
white,3732,59849530db1e1d330420a60031818bde917e06543b85dd0547966f7d2fff819d,training
white,3733,e49c016b74410458f3f0dfcab2fa4e67e54c8322ae7b73d8e8cb5a29d897a04c,training
white,3734,f7d286ff61ecfb0ae364cf738a39a86327c477cff90b6d5f485f2baa7ff0a976,final_evaluation
white,3735,e4a644ea28b37013d520cc354816328b6d91d991a329619914352edc3e1ebff2,final_evaluation
white,3736,6834759fccc6f0fb05e087d8bfa302b34d315eabd25e918a13285307ac21721f,final_evaluation
white,3737,956d1feacd4c225fbc70c327bb28da7432abc1ddce0d9a7f7a92f7ddaef56619,training
white,3738,5ffe5fd8be9ab63af838d0d3d9f6376ca2c81df3436aa9ea3943ee611e0e92ff,training
white,3739,a89fa48bfbda6ac5dd612c9a553f02d96a098c701c26dcdf789099ef5b815b40,validation
white,3740,af94c21fad6c39af4e6b2d135fcf144a12287f0398cd2dc055bc0b77feb100d6,training
white,3741,af94c21fad6c39af4e6b2d135fcf144a12287f0398cd2dc055bc0b77feb100d6,training
white,3742,af94c21fad6c39af4e6b2d135fcf144a12287f0398cd2dc055bc0b77feb100d6,training
white,3743,af94c21fad6c39af4e6b2d135fcf144a12287f0398cd2dc055bc0b77feb100d6,training
white,3744,af94c21fad6c39af4e6b2d135fcf144a12287f0398cd2dc055bc0b77feb100d6,training
white,3745,af94c21fad6c39af4e6b2d135fcf144a12287f0398cd2dc055bc0b77feb100d6,training
white,3746,af94c21fad6c39af4e6b2d135fcf144a12287f0398cd2dc055bc0b77feb100d6,training
white,3747,e4a85afde3fe5adeea2344804c0925e73c0b114f77a9ca7be4ce07418c3a9e45,training
white,3748,caeb5375b0a93f08a9de8ae6be1e81cd9e1509e336fe691e112c4e3d91dd3f9a,training
white,3749,c3c3d4bd5871b7361ae6b42882155e3cadefc62188524333fabb3c1eadd2fd24,training
white,3750,ab52b2ebac563ec2a7d84990021cdf7ce74ac034e4cfdaa614d915b8e5bad4fe,training
white,3751,af94c21fad6c39af4e6b2d135fcf144a12287f0398cd2dc055bc0b77feb100d6,training
white,3752,cd3ccf2aa15ca8136af7a5aca736df4f64c87fd41466ff2767c9598b2bab4848,final_evaluation
white,3753,16fa5942ee7ee5d4b43a0ffe8b86a0a2a2920a0ecba36c08eaddc3f52f875320,final_evaluation
white,3754,07c0884364aeded47d77e81488cac1353e9928a9844a21158ecd23d66c93f482,training
white,3755,6e87d0b93e9ec4d172697e3e6e6fe7533046f0d58da541ab02e589695b79458a,final_evaluation
white,3756,20c98189fd25aef01daece7200f01d5dbb5e06c4ae3b4d4b7fedbb03dedcc71a,training
white,3757,cd3ccf2aa15ca8136af7a5aca736df4f64c87fd41466ff2767c9598b2bab4848,final_evaluation
white,3758,16fa5942ee7ee5d4b43a0ffe8b86a0a2a2920a0ecba36c08eaddc3f52f875320,final_evaluation
white,3759,07c0884364aeded47d77e81488cac1353e9928a9844a21158ecd23d66c93f482,training
white,3760,20c98189fd25aef01daece7200f01d5dbb5e06c4ae3b4d4b7fedbb03dedcc71a,training
white,3761,0eced156e3955d7e4d3849948e0ae78e21011883dd6e12d2aa0fa4ebd48b666c,training
white,3762,3ebbfe5e8ebccd68d3136158a7da85e67e630b0437fdd444196b85aebcb37d9e,validation
white,3763,04c8b4fe8c089802dcd62246a69d481887a827f14cef8f873fd542327cf40783,validation
white,3764,65ac38f53708afa0261949794e365d2fc7a8d5e8ddd30f004ef6b50734d39b46,final_evaluation
white,3765,6e87d0b93e9ec4d172697e3e6e6fe7533046f0d58da541ab02e589695b79458a,final_evaluation
white,3766,24adf2d59182bdf85310989685e909885339435effb63f69da8d92b93160be80,validation
white,3767,24adf2d59182bdf85310989685e909885339435effb63f69da8d92b93160be80,validation
white,3768,24adf2d59182bdf85310989685e909885339435effb63f69da8d92b93160be80,validation
white,3769,45ccf3ffce238eda302b321c5004492bc66967730bf5d31d6910c20a6d37152a,training
white,3770,24adf2d59182bdf85310989685e909885339435effb63f69da8d92b93160be80,validation
white,3771,6abd810c30e127cc671e5d5ea4d4bf9fdc876dcd83e59a1f5b7d7f84dd03803c,final_evaluation
white,3772,7e33480e07f3d8cbbe2468a6c3dd45ea79fecf38f8a65991c1e36c4b3ddc6f93,training
white,3773,45ccf3ffce238eda302b321c5004492bc66967730bf5d31d6910c20a6d37152a,training
white,3774,c9719680bdfb468d7b9d3ea3641e724edfb2b07534b13fc756cb84b231481855,final_evaluation
white,3775,35a00df73933ff100159a3dafb53a3d51aa85de3f11ce63004a1b795dfa1069b,validation
white,3776,0850425a53f27d3a41489eedb3d21d2e742b2dcef9b959f06b5c5dbdcd3ef8b2,training
white,3777,a7b12000e68a42470e02084970167c56a207d32c088d115f91a61addb5aef0dd,training
white,3778,0850425a53f27d3a41489eedb3d21d2e742b2dcef9b959f06b5c5dbdcd3ef8b2,training
white,3779,61ffed20368db411a4416ae33ca4167c132e6ebbed25a02b31c4395ea0cf490c,training
white,3780,6f263d6992e3ce58f9dbebd3f5c1abad99695a61648775b9aca84fd8cbb20fac,training
white,3781,35a00df73933ff100159a3dafb53a3d51aa85de3f11ce63004a1b795dfa1069b,validation
white,3782,0c90a849dc5b72ce1825afd60a098467ebdc6787c41b03f0bd172385b00601d8,training
white,3783,6bb6c46719ef49a8d353a9ebe21185ca108c3309632f7dc06a723eabc820db44,training
white,3784,ae4ee1ce9dee0ef299601beb6443d1fa90cf61567ef876ddceb5a2d9c774cd58,training
white,3785,42aaf514af4f20249990ca5ea8f5b3aebf6c52ba03c6f17ca7017822eb4ad4e3,training
white,3786,02de88b0e6248bc85b04b6d9d37378dfa671d2329f225466d0fa8bf8fdc1e815,training
white,3787,97aaa400359b603939f5192cb52443fb5094658309c9abaffce436e5c025fb50,training
white,3788,6420646c936ae289fd8e81611c4d1afbd0969f1e14b4adc96134996a83bf5063,training
white,3789,259e1cb721138ca9092848a41f2f0f1447cc0be72391b2d886ccc7096fd6b9ec,final_evaluation
white,3790,a9363c6dfc7ceb2121bed716ce8a716d7940ac80e4ffa5fa45bfc95e929310dd,training
white,3791,ae4ee1ce9dee0ef299601beb6443d1fa90cf61567ef876ddceb5a2d9c774cd58,training
white,3792,6f78153517d21ea6b91a6f7cca25a37bf972fd35f834bf5faa6b30e585aff291,training
white,3793,19c0024442870a705f80b335050fee4f7d165fc36c2790c6a1cf237a62cfb2f8,training
white,3794,b3f64a69ef4ed7b4b71624ee683062c865e742b9f2fc940e4886ca20bc36b6ef,training
white,3795,5d1d6b1c8c340971d898e69369cbd00d1d99d47922c035b9076eeaac4e76f20b,training
white,3796,42aaf514af4f20249990ca5ea8f5b3aebf6c52ba03c6f17ca7017822eb4ad4e3,training
white,3797,ba8f7f8cf60f9db3a5f2495e506b39319faa6b3a3201eda721007da8576d0663,training
white,3798,0164c4d105e29b544c917efffa16f9842a3cfe2e768814e89fae90a12be2198e,training
white,3799,bf9b9bad3afbd2f9e0be42e74223f97ad9ee6e8d7e8186c5cbc7603862f67ff2,final_evaluation
white,3800,39608c3b9ac2dd0f6981501baeb912651e95b9b830e7cabcb6545496df8ebdb2,training
white,3801,5832e7e548888352acfe981b895b2a31bb9a20a5a233547d820bfaccdbc5b27f,training
white,3802,436859c9bedb61b2f64ff719f3a8760af792ab39ab7fdfbb2a183d640bfcfcd5,training
white,3803,bf9b9bad3afbd2f9e0be42e74223f97ad9ee6e8d7e8186c5cbc7603862f67ff2,final_evaluation
white,3804,e36ae21f1a92115c1970c784946eb72feb3da4d99d9a844fbdc97850fa64b81d,training
white,3805,5832e7e548888352acfe981b895b2a31bb9a20a5a233547d820bfaccdbc5b27f,training
white,3806,436859c9bedb61b2f64ff719f3a8760af792ab39ab7fdfbb2a183d640bfcfcd5,training
white,3807,0164c4d105e29b544c917efffa16f9842a3cfe2e768814e89fae90a12be2198e,training
white,3808,5f50dbf47be9d7471818c1e604a8121ac44cacbca8e9fc8557e27a24953b7363,final_evaluation
white,3809,cc67c1827146e25fad98daabcb9d452aa3b7ddc90048930ab0eb34c17a6b87fb,training
white,3810,e36ae21f1a92115c1970c784946eb72feb3da4d99d9a844fbdc97850fa64b81d,training
white,3811,def7a98c08b85d2993d6821fc07e3e93657f1c391bdda2ec596f555152b604ac,training
white,3812,711563b14f94ef8c2795966077e91e03058d47c278dc64cdcd5992eb8a11ce3d,training
white,3813,bf9b9bad3afbd2f9e0be42e74223f97ad9ee6e8d7e8186c5cbc7603862f67ff2,final_evaluation
white,3814,39608c3b9ac2dd0f6981501baeb912651e95b9b830e7cabcb6545496df8ebdb2,training
white,3815,8c80e05137bd5e7a309e7dd0622378b7c82e187970fa6b8d64ce493afc7cdb8b,final_evaluation
white,3816,85511f5769ed0a768319cbe5075867f9aa2e4c82103836b99903978167a689bf,training
white,3817,06a60d7ed5e9014e957aba8cf3925da41475f179b6a1c57b0bc6b5a80edf0579,training
white,3818,e85e1ed4179a151a27119085acc486e6106eb1f5048bb9df0291cba7f44271e6,training
white,3819,ad5795a0bb38af56716b407be040e28a888ad01b2778dfcececa6bd8349cfa8a,training
white,3820,ad5795a0bb38af56716b407be040e28a888ad01b2778dfcececa6bd8349cfa8a,training
white,3821,453cadda2436ac38f65a21235d5e8eb9e7423258da41d0877fb8bea439217027,validation
white,3822,e867befb66151c7594aae6c77c3f538489a9f8927b1e66fd9648d3ee23601112,training
white,3823,acba4615eb611d4244af922db7fc84064240d891a8949a70306c7100455c6f5f,training
white,3824,db634d087ec682ae1c1661f0976cff33dd90158390c6c1953739c339f5c44cd9,final_evaluation
white,3825,83d0c9cb9f37f36241dc73de2fec02f22c6f33c727aed6b6788023e364129609,final_evaluation
white,3826,92e0c783b10e1d1f53cba09a585bf4c9b87bca45085809f6bb25b6268447a2c9,training
white,3827,ad5795a0bb38af56716b407be040e28a888ad01b2778dfcececa6bd8349cfa8a,training
white,3828,536e87d9ee5094f867d8d7de71bef0cccba896bc2e721f0c57e1bd687d9e0c07,training
white,3829,e85e1ed4179a151a27119085acc486e6106eb1f5048bb9df0291cba7f44271e6,training
white,3830,13e58108325ee52be3731f551417d5ff05262f6055e59171575cf48b2c043492,final_evaluation
white,3831,4642f1f10097fd15ff2ec64fb652815fd165f80848d49588a332769c1ef189a1,training
white,3832,e0c36a5224b224fa3f54c15918d503e8cd41d6c116f399d7debe4145de682ce8,training
white,3833,e0c36a5224b224fa3f54c15918d503e8cd41d6c116f399d7debe4145de682ce8,training
white,3834,029c03130dd07f5917a5e0527ffbebcdcdc4f7cae36f1d512c49f012b76c9807,validation
white,3835,c8d54d35dce16d45ae1d1692a7480bd0ee4954f699be0f68b923d5d6d78f8238,training
white,3836,a46e9b3714e8a02614621a53dcc060cc9a30de5dbdc6c4128ab4dacddea3f171,validation
white,3837,a73d030cc23fc5a40a6b284fba1570d69ea76777800906f0035323dd239e4fba,training
white,3838,a73d030cc23fc5a40a6b284fba1570d69ea76777800906f0035323dd239e4fba,training
white,3839,c8d54d35dce16d45ae1d1692a7480bd0ee4954f699be0f68b923d5d6d78f8238,training
white,3840,a46e9b3714e8a02614621a53dcc060cc9a30de5dbdc6c4128ab4dacddea3f171,validation
white,3841,04ed1ce1d5d06d0837f8d9ae114f633e0a1bec96a957a5cc9c10a02d157f59fc,training
white,3842,738a33a6a2c2bf29b9874ebea0ea600fc6a7d2b918bec8208fa9c5e90ed8d945,final_evaluation
white,3843,56784b41626de67cd1fd9f60b75948d5cb839043bfa8e2b7c90fbc8524ed2fc4,training
white,3844,6a990ec370d7e1773c1a0beef878075578f67a01ab9f9e2b9fd94739a5b7192f,validation
white,3845,04ed1ce1d5d06d0837f8d9ae114f633e0a1bec96a957a5cc9c10a02d157f59fc,training
white,3846,be595e2e8b919d688a7817bf2bc380e69eaecfba314c7e8c2f71771d09e4024e,training
white,3847,3d613ccfa9389a46b3a65e621c92ad4106f754a4565355de897cc4b962eb6afd,training
white,3848,be595e2e8b919d688a7817bf2bc380e69eaecfba314c7e8c2f71771d09e4024e,training
white,3849,7c6cb8c78ec1ed11246e643bd73e6c354d7edb5f75fada1c59376cd49e9beaac,training
white,3850,d85b6cd909ec6bbd61517b815057cd1fba94150e19db9f044dfc8d2d0891f11b,validation
white,3851,3d613ccfa9389a46b3a65e621c92ad4106f754a4565355de897cc4b962eb6afd,training
white,3852,312b39f9d27fc035e2a826cbb0eea7bf99e2d6f336cb536778ff6292c0039dd1,final_evaluation
white,3853,f92bfabd82081ea2d73e37e2de2533e8d225c0e83fef26f308d914744acbb95b,training
white,3854,5c43f5bf4154981666641fbd6c12e93b5904fedfc473496a15b70f2833137908,training
white,3855,7d4de25402520d051259afc2c4acf9655b19a5f972df2117b4e73cab5defb16d,training
white,3856,c7b3be3ccc16772642835facc42567283d924ca8b717fa206fd036c2d76c3ac4,training
white,3857,f92bfabd82081ea2d73e37e2de2533e8d225c0e83fef26f308d914744acbb95b,training
white,3858,fe612ce21b6ca4077796fab6742d188572e11eff3c652e10c57a8eaa1eb9d0d5,final_evaluation
white,3859,6aa3d06c236a9ca1589e7ac9632ad285e7fbea2bebf300a651098eb3d561670f,final_evaluation
white,3860,f5df43e6fa011d035868abffdd4793d7d0d1e66d4e735c1f7d216c56648f7548,training
white,3861,f5df43e6fa011d035868abffdd4793d7d0d1e66d4e735c1f7d216c56648f7548,training
white,3862,88f1cfc5726b7580810b5730e5f3190f2b3b3b873b7aac466394c4fed437699e,training
white,3863,4f1f6e8d7d239bd9f5e94f9849e7ed5f5aa36d03215aca54348dd08e342fa1db,validation
white,3864,4f1f6e8d7d239bd9f5e94f9849e7ed5f5aa36d03215aca54348dd08e342fa1db,validation
white,3865,c2e32ce066f115af1d436b34731d4aa6c3f5a1703abb6a581b636187e3d7085e,training
white,3866,08d5ec568c1a3057d09deff787036a7c415f1b3b50b36ffe217f948f74007c89,final_evaluation
white,3867,7f7c7b10c6cf51da6183e9354365de34d34ffa249d7b4bf45c5cecd21555f442,training
white,3868,f5df43e6fa011d035868abffdd4793d7d0d1e66d4e735c1f7d216c56648f7548,training
white,3869,9bfcdf46841380c7c566168c8d6d1a4f56d334eb7958ca14c3c7a3a292cccfe9,training
white,3870,88f1cfc5726b7580810b5730e5f3190f2b3b3b873b7aac466394c4fed437699e,training
white,3871,0090960013594979333966c13b769df3ddae805aa6b9c765e69fbead91204acd,validation
white,3872,4f1f6e8d7d239bd9f5e94f9849e7ed5f5aa36d03215aca54348dd08e342fa1db,validation
white,3873,dd156a4190b4954a48489e3da13046e05d7552d61ab19ff700bf6bf6d1ec63f6,final_evaluation
white,3874,647b6cd164d3f0009b8412538e03112c916f6dacacf4c794dcfdfe6ab756c1c0,validation
white,3875,f977b6c6672cf65f813ad0fc81fd84c360e78834e71c4840c00a3fc60411dfa2,validation
white,3876,44fecc51ed3becea0cdbda1bc7c06c32cb7780ff1cacee79848813ed7b896d2d,final_evaluation
white,3877,f28520907b77ec8eac010529dc9ec1a7e0e93f7af2fd2a1be557036f685b1a82,training
white,3878,93841d37ddadd4d5bca422271f32d9be14be80fb5e5e947b8b69c06f9f9fc3a0,validation
white,3879,9ffec5feae7521dc43ef1f909192ee956302028ca58958a8d36d3458a7dbd48b,validation
white,3880,9824a248a28df3ed5ca7824d84791cbbe28faf9bd13dd5370cea0d987c7b66c5,validation
white,3881,46184fcc26776a8d0988fc35b6aec6fde6520efb3fa2cd180a7083db6edbe9db,training
white,3882,46184fcc26776a8d0988fc35b6aec6fde6520efb3fa2cd180a7083db6edbe9db,training
white,3883,b1daed229c1db87e4fc348f58d3e383102c9778b5e50994d453c0475c65b1b9c,training
white,3884,ba1892e92c5c41ad946f80ee7017093bfb1b34d029a53145e553f8385a190e33,final_evaluation
white,3885,46184fcc26776a8d0988fc35b6aec6fde6520efb3fa2cd180a7083db6edbe9db,training
white,3886,6da322b9a98abe019b63e2b1e702567b4b4f9a01b3c96fa33f25e3d8a9cc4b0f,training
white,3887,ba1892e92c5c41ad946f80ee7017093bfb1b34d029a53145e553f8385a190e33,final_evaluation
white,3888,6da322b9a98abe019b63e2b1e702567b4b4f9a01b3c96fa33f25e3d8a9cc4b0f,training
white,3889,46184fcc26776a8d0988fc35b6aec6fde6520efb3fa2cd180a7083db6edbe9db,training
white,3890,2119f1451c73c53a633e73e88197d5092f855d175270ee3e2b9f65689f203092,training
white,3891,7d3b181460077c33e540115a787caa4e5bbab90c6f9057edae9f95c30611ce0f,validation
white,3892,b1daed229c1db87e4fc348f58d3e383102c9778b5e50994d453c0475c65b1b9c,training
white,3893,79c86839a0a62cb2d3788b2d249050fbbe0d987d214d304907983f32bc21115a,training
white,3894,b7f1385fd63edb21cae5c82a15b3771a9e4afe3179728dd55effdc277fd5a984,final_evaluation
white,3895,d0184ecb10473da1f7e91a15c996720ec6017cfec373d21a9d191e75684459f4,training
white,3896,cdf9264ace59a8c96d070d847dedaab8864e0812fe51014c463d64a51a91c899,final_evaluation
white,3897,d5a9c473207f980eba151edce90784665ce208f3e2024671b65ce94bcc55d3ee,training
white,3898,552d1683e608725d8220adeb5054c240395fef6fbef9396fefb9afdf43118506,final_evaluation
white,3899,bfb384e13319d082402fce22fee718f0aa03d669ea948750a0e3d83ac82c3ddb,training
white,3900,79c86839a0a62cb2d3788b2d249050fbbe0d987d214d304907983f32bc21115a,training
white,3901,b7f1385fd63edb21cae5c82a15b3771a9e4afe3179728dd55effdc277fd5a984,final_evaluation
white,3902,45aa978629422e0b29e8cdc3a365a64ba4bdade5eaf4a7305c0fd5dcdeb093c0,training
white,3903,54537465a69964c522d7847a587a75bdaf72e6223e613d03a3b4314e7ed012e1,training
white,3904,d9557fb54ffacd44a6e58cfb77d64ac3c6327408ef3a61affbcaf53370f8f7f0,training
white,3905,21cbc575f59f6396368ed5b6375238a5db09ae23308ee8986a7a271c252ae9d3,final_evaluation
white,3906,f152ac9c1d9e64c5c296859727593a910c1d89419a7a939581f26be92d6f88d0,final_evaluation
white,3907,f152ac9c1d9e64c5c296859727593a910c1d89419a7a939581f26be92d6f88d0,final_evaluation
white,3908,95589643bdabf4e3a72a748675d58bcd9ca39fbea133d09324a44251966ab316,training
white,3909,59bb00a76ef6e04672b305712bb7b42961d8fa16c3938cf0152fd74cc5d6bb90,training
white,3910,59bb00a76ef6e04672b305712bb7b42961d8fa16c3938cf0152fd74cc5d6bb90,training
white,3911,20221d30565d76140ae1e7ec3b149882db49a595ca682270f2a685e0d3dc2416,training
white,3912,d0715801d376fb9da91de3568d3eea0491a2c6e9d3cb0ee06bee57ce10d06a9b,training
white,3913,f152ac9c1d9e64c5c296859727593a910c1d89419a7a939581f26be92d6f88d0,final_evaluation
white,3914,c15b57ac0edf32b71856078c78e96578a670009be6910b9b7636e9c5b590f7d2,validation
white,3915,59bb00a76ef6e04672b305712bb7b42961d8fa16c3938cf0152fd74cc5d6bb90,training
white,3916,51aa96de100a89cb818f48c3e5951998557ed42aa1ea83ec116b44fb378a2883,training
white,3917,20221d30565d76140ae1e7ec3b149882db49a595ca682270f2a685e0d3dc2416,training
white,3918,cc2b944c673590023a7b115b1e0feb8fe22bfe5e37d9434da237c782b544e89b,training
white,3919,b28ce8aac8c441f6e9e73ba84c0f422a5a172f16a64ec888c4c256184bc80350,training
white,3920,3059ac5e39d621756c7c0d9bd3a9311da39dd2e431332aa85444d5b246526596,training
white,3921,8a44854afac70a48fb4cae1094f74b6a24a6a6153d89c9ee580f2bf07234b9b5,validation
white,3922,111c895f500bd42081b5607a01af4a9a90463638a21dda94d61375646a03fb07,validation
white,3923,95589643bdabf4e3a72a748675d58bcd9ca39fbea133d09324a44251966ab316,training
white,3924,8aa3b22b6ce4933e998eefefbc75ead3bd3983bf1e80e1340c3066e309045645,validation
white,3925,8aa3b22b6ce4933e998eefefbc75ead3bd3983bf1e80e1340c3066e309045645,validation
white,3926,e9f9eec24cb7eb7edc38fe34f6e71fa8bfdb2bc18deff0db875efd9b40654fcf,training
white,3927,22be0f206e2f96030fc96137e92c927fcb3ff0edee392d4e1f35e254a0033603,training
white,3928,1f4ff6af20ea7d4693bf95bdf2cb8f8173cf9a685e3bacdee622531fde74e9cb,training
white,3929,aa4128ac5a7b0a4784fb0deaa990b7a58efdb1e1b3bd51d0db4a2a06faff2e77,final_evaluation
white,3930,aa4128ac5a7b0a4784fb0deaa990b7a58efdb1e1b3bd51d0db4a2a06faff2e77,final_evaluation
white,3931,a3670c35b2e73bb6e3f9d851feeb2d516f31f9ab5c4d018304ce137d91a22adb,final_evaluation
white,3932,53e6051a3315b1aa7e9e3bcc6d1f40e520b54e761a250a0fa37a252588acc928,training
white,3933,0c88a21816b6fd1daa46e75ec67d83d962b245383b11cfb7b73c6597d4cbf4e2,training
white,3934,fe98283d6f8fd6ae6131d1b67c23f13291e771c17aa6c3a954330cce06e061ca,validation
white,3935,530caa395f48e7c1e00108eabcf40bd5ac01ec4b75664a331f79fe4e50c11fa9,training
white,3936,dc6f82b965be67b747c8cb4b6fe878173420593bdb8d9a6e7911818302ccb2dd,validation
white,3937,0f57b3374e0da0e6b43f91ce367ba0dfec3dd72b9c08a36ba72e850b46a5cf5a,training
white,3938,53fa9a43c1205c7a46aa44f37243359e50d535127348c4e17a8de538634e302a,training
white,3939,387dbd2e9947d8194556d23b77018e11902e86ed589c1ffa7d27085334cf9330,validation
white,3940,38b7852806ebcde06ee613e9fc0335d34c12cd9ceb723fb9f768959d02330323,final_evaluation
white,3941,85d95fb31f9b616279cd346e8e879cd99637400499f21d01e7a645633e19a3e2,training
white,3942,76462d99e8dde0a5b36b6343f6e84caa0101bc25a0632eb7e5e525361a12b632,final_evaluation
white,3943,13e16041dde990e3255df49f2a10e87f4790bb39908162f0e511c66d3804aa93,training
white,3944,08986901b69ab61cd255e2377f7c2f517c1e227d0459df63c1dda7f88d534a85,validation
white,3945,eae12330753332566656db77b88568d63d4a0d2d4187a7589335627c4e6d9d65,final_evaluation
white,3946,38b7852806ebcde06ee613e9fc0335d34c12cd9ceb723fb9f768959d02330323,final_evaluation
white,3947,202d8b94da922e051b76cff2314c2f91b64e17d61d8dda831df5f672b5e02a9b,training
white,3948,25360ab28baebbc4221ec2d0f47f93a89dd5c3c39c47dabbc58044c664506e97,final_evaluation
white,3949,a81815c67bb1b6472a8060bbe6078354fe517dc69c01efb769d8d09120267ebc,validation
white,3950,85d95fb31f9b616279cd346e8e879cd99637400499f21d01e7a645633e19a3e2,training
white,3951,76462d99e8dde0a5b36b6343f6e84caa0101bc25a0632eb7e5e525361a12b632,final_evaluation
white,3952,0c08f64b9344d5a44974de66fac07e907e72bf6c86c35d7c1794034bfa613f3e,training
white,3953,9f42c27aa63660d290cda2e90516f922ab40406fdbbfd3a525feb8f0d8268bcd,training
white,3954,ae19ca11afa271effce059f3a202a9e74cef86fff2116dcceeb16dfa7284e03f,training
white,3955,0c08f64b9344d5a44974de66fac07e907e72bf6c86c35d7c1794034bfa613f3e,training
white,3956,9f42c27aa63660d290cda2e90516f922ab40406fdbbfd3a525feb8f0d8268bcd,training
white,3957,7e66810b9793024d62409a8a7570aaba2be16e5be63609dfc2b045a58fff6bf3,training
white,3958,1b188706667f0518492e6753da7f90226918b9b98bd33806806f5cca36ca4816,training
white,3959,622b9173e52957cc17c55ab2c389078c242e54a11fdcbd3445c853adc7231b2a,validation
white,3960,622b9173e52957cc17c55ab2c389078c242e54a11fdcbd3445c853adc7231b2a,validation
white,3961,b64f9db9d19c3e9c12cd5f9e4780d762ea8b86b6d7045113e1b1ac274749d50a,final_evaluation
white,3962,68fa957f579f001fe273799bcc86e77f49c325f80301dcf6d443d3fcbb0f9bea,final_evaluation
white,3963,4c4ad4283a31281a75eb84d56557c6250da834ebdd15b5a516e149479bfdb589,training
white,3964,b18a9ef768c4327af6e8818d59b0af509e72019ec34971da1f69e34182a7c584,validation
white,3965,417fe013561446434dc8f60024229d3b6734dccd9bae05a0e41d02274c8f6d3f,training
white,3966,d5e4e1deecf34d4d8aaa53fb6ce3169068938c5d7b8c276b82673fb8c0f00997,validation
white,3967,5f87747651db179a0e785465f8a7d68a592fb448f2fd0c194cb5dc33316b7217,training
white,3968,0a411631fafb6c389efc87b2bd7092ed44362203cd15e83c33749fac1bea60b6,training
white,3969,797ab932bd40b58c448d4bd6efe05efaf4c5562452fdaf1d87e4a864f4057237,training
white,3970,af223c02f63ef86622c7119721900e773436eaf43e7b3fe05aafc355b910f9a5,training
white,3971,0812bbf4f10d72d908d3ef19c669732950f10bac5c9032b28a2cac35aecff1f6,training
white,3972,af223c02f63ef86622c7119721900e773436eaf43e7b3fe05aafc355b910f9a5,training
white,3973,74edb4036de61de689483ecfd3219074ff890e054e1b61f354649ca48c484e6f,validation
white,3974,0a411631fafb6c389efc87b2bd7092ed44362203cd15e83c33749fac1bea60b6,training
white,3975,797ab932bd40b58c448d4bd6efe05efaf4c5562452fdaf1d87e4a864f4057237,training
white,3976,6709d36f7791fc476122681b54b6b143f4062fbf25ade69e625237369be5eb5d,training
white,3977,a88a2d50d71954f82bcd2af103c028637dc78259f637da7d949c6ce719986ea7,training
white,3978,7672e88d1b7af1a24646f375b1cbfc53079de0e73c1254d0d22a5b4533a5e954,training
white,3979,4cb5e38bde7ea7a423340782db9ccff5c50732687aa830119db20a3b78589af1,training
white,3980,890407a8f10c6012dc4fba6af7b180683bf6b002fa146b1ce601bbcc98f63a50,training
white,3981,041a3c8893a2837854dbb63c78ae6765407e7723e27a5467f1662fbbedb26159,final_evaluation
white,3982,e615759a93bfafa3f3f7a31d3410f8e62b21631967b8a90bd55266c11f774fe5,training
white,3983,6709d36f7791fc476122681b54b6b143f4062fbf25ade69e625237369be5eb5d,training
white,3984,9fd8912673d5879c1b2804e73a629862198959fd2e31ce1aa67a8c84ae2ad88b,training
white,3985,a88a2d50d71954f82bcd2af103c028637dc78259f637da7d949c6ce719986ea7,training
white,3986,263ac0a46e3405ed83b20050d0186b57740209cfc150ce69e46b471523b3753b,validation
white,3987,263ac0a46e3405ed83b20050d0186b57740209cfc150ce69e46b471523b3753b,validation
white,3988,c3f65bac9c8ed497fefed0fbfaa14b05b71364ad86323ac5d09ce7bede1037a9,training
white,3989,e0000bc129649b535d1bf4040e2ae0c2d610372571bcf8175fdf83b31bb560df,training
white,3990,263ac0a46e3405ed83b20050d0186b57740209cfc150ce69e46b471523b3753b,validation
white,3991,c3f65bac9c8ed497fefed0fbfaa14b05b71364ad86323ac5d09ce7bede1037a9,training
white,3992,07dfec1aefb370e57bd1d70ada1f749b4a8854a6055c7f42111c15c95e83fe9c,final_evaluation
white,3993,867f4ed1aeb28ecd586820c366651cf6c1219ee8aa79db15dea170125aba54ad,training
white,3994,0548aae138a0f93f5cca883d6f94a9687b277896e33e6674f3c9d328b3828f50,training
white,3995,0548aae138a0f93f5cca883d6f94a9687b277896e33e6674f3c9d328b3828f50,training
white,3996,fc7640b1bdb92fa00c52743c48db4a2a89ca329ad639bdd1273957e3f0611875,training
white,3997,0548aae138a0f93f5cca883d6f94a9687b277896e33e6674f3c9d328b3828f50,training
white,3998,f5d27ce384ef55e253ed244024ad0597fa2c35211749b32c3db9deb04f641b7d,training
white,3999,3daa22f9ac0999bfbf0da430e4a77de56ef79acd6dcd9a838221c66617cd8fc1,training
white,4000,3daa22f9ac0999bfbf0da430e4a77de56ef79acd6dcd9a838221c66617cd8fc1,training
white,4001,3daa22f9ac0999bfbf0da430e4a77de56ef79acd6dcd9a838221c66617cd8fc1,training
white,4002,5438a49b7f1b272b5db89d6fbd95a4b53bf457745d87837fbe33156615b9b9a3,training
white,4003,1dce5b95bc736d430279866ffa73de4339cdd9473021562db94762477eb49d12,validation
white,4004,e833ee3bf878e9a49e057123f1c01a56a7bc66f153e22b2e23ef05d578ff06f9,training
white,4005,5f80121f0e8e9bd06f4ed7ff149c8b5dd7d9a4d911120a48f798d189a989b8b0,training
white,4006,e833ee3bf878e9a49e057123f1c01a56a7bc66f153e22b2e23ef05d578ff06f9,training
white,4007,c732c7dfb1a286f93156b8791e9946688a06bd5a4dfeef9f9d0231e0587e0a0e,final_evaluation
white,4008,5438a49b7f1b272b5db89d6fbd95a4b53bf457745d87837fbe33156615b9b9a3,training
white,4009,1dce5b95bc736d430279866ffa73de4339cdd9473021562db94762477eb49d12,validation
white,4010,2d8ac7b7f4d23059ff1d7dd8279afddaa5acf8902a3df9c4d8d1995af9649a7c,training
white,4011,64e418094ddbe929453e976635b6e50f9e5a050f235599d18e66ff33ff5cb4b0,training
white,4012,f5d27ce384ef55e253ed244024ad0597fa2c35211749b32c3db9deb04f641b7d,training
white,4013,3daa22f9ac0999bfbf0da430e4a77de56ef79acd6dcd9a838221c66617cd8fc1,training
white,4014,f746e2350915a51cbd5e39e95fd866585d5af262bd1b30b9a47108530a99ea1c,training
white,4015,06c7c6692835eb1f09574ea2a863fe66977f3e39adbde57ce3d6248944e3b253,training
white,4016,a98be697e016399f700fb0bb61da6c9d01cef2c32fe3c1481bf4d9f406f72e93,final_evaluation
white,4017,819627732ad56975ef40d3a7f17bc29f11c5b19331d6bbabc5960bb64ca46a5f,final_evaluation
white,4018,b67ed3853eb07d095cfcfda6846c2496ebfe131ff3ac5b488ba7b01b064ab65e,training
white,4019,4efc67ea7ec3ccc2fa2ef506826c56e7e11837188f19723d18d3904f4d016dac,final_evaluation
white,4020,a98be697e016399f700fb0bb61da6c9d01cef2c32fe3c1481bf4d9f406f72e93,final_evaluation
white,4021,c9e2a4629ec429df5a2fcc728e922fe6f43739c1444393e2ca0ab558c5c2cf21,training
white,4022,667c3198df1a433bbc6521bd2790fefc8d399392c8d52192b5652814338c319c,final_evaluation
white,4023,819627732ad56975ef40d3a7f17bc29f11c5b19331d6bbabc5960bb64ca46a5f,final_evaluation
white,4024,230013eadfae72cc6871f8c2083527460e74f26cc9ded80adf33177ca87aefd9,training
white,4025,5673553162a5e13ecd01c50ccb010c25260d188f0af7f6eae10003b96fe54de9,training
white,4026,6a3545036c421f9d811e9184bef548e5b460f55f41663ee339e6142246408263,training
white,4027,230013eadfae72cc6871f8c2083527460e74f26cc9ded80adf33177ca87aefd9,training
white,4028,21d6abbcaa5cf794ee51eb8d414714f5110c3589aae150c91c0f67f7b9f09922,training
white,4029,86794a16f94320197f9550220cb7177c6ac77201b13f62911f7c396b8e6fc465,training
white,4030,783bf09fe6c9163a1d739fc07e4754a2b91b7b1640374bc63f3f1efc838f1060,training
white,4031,9cff4a16473841f5211af49678322db90d29e673e4a0f10a28212e5595967bea,validation
white,4032,8316e602a3ad3e96d83143a57bed4c27efc2edcaea1a3edd8256ff68413e5472,training
white,4033,c214e4a1c1f3355db83a52856b1cc9d2452a239e47316a3fa22fafd5ba3ff88b,training
white,4034,3f165d00deacf502e3dc0655bfecee9fa18627b7c205728d3940317b4e667237,validation
white,4035,c214e4a1c1f3355db83a52856b1cc9d2452a239e47316a3fa22fafd5ba3ff88b,training
white,4036,ad547d24046c3e42376478a5788100c11871ab6786290c71a4faa8e9fe00476a,validation
white,4037,7d61a28c27c9d45a4fe3155f7f88828043ec321a9a6395782b467839de85ca7c,training
white,4038,1600d0b1163692e74c256936df789bc06778bc8cf83d77d7d19ff6e76336a833,validation
white,4039,8316e602a3ad3e96d83143a57bed4c27efc2edcaea1a3edd8256ff68413e5472,training
white,4040,7d495289e05dc3998019fd956378cf22adac965ba350bc9b524a9305630f2fb6,training
white,4041,098fb403d80d5b821478f192b112715cf7a1f9be7d80fbc14be8eff2f0fbc033,training
white,4042,46853a6205112efd0d3214f1c5db45ae4d4aacb6b8662c279d77c15ee9f9a1a4,training
white,4043,c508be5fdf0a9c2edeef52762c22e3bb74cccaef399baf5b9035e23a1bf943f1,final_evaluation
white,4044,c508be5fdf0a9c2edeef52762c22e3bb74cccaef399baf5b9035e23a1bf943f1,final_evaluation
white,4045,c508be5fdf0a9c2edeef52762c22e3bb74cccaef399baf5b9035e23a1bf943f1,final_evaluation
white,4046,c508be5fdf0a9c2edeef52762c22e3bb74cccaef399baf5b9035e23a1bf943f1,final_evaluation
white,4047,939654b249716c698bf77f2d1632ab5694339c2a440141068d75c7aff208b062,validation
white,4048,adce86a91e9fe18b2f1ef5cdb93112bb370e2f0c61500d5f1ecfbed633ca224d,final_evaluation
white,4049,adce86a91e9fe18b2f1ef5cdb93112bb370e2f0c61500d5f1ecfbed633ca224d,final_evaluation
white,4050,be36d8ca64cd9e2153fd8ed8f858db44403d0c3e084bf0aeb89d4d5c61baf3cb,training
white,4051,c508be5fdf0a9c2edeef52762c22e3bb74cccaef399baf5b9035e23a1bf943f1,final_evaluation
white,4052,b4cb61e5bd954d73d3d9a4cdc5840d0ca51ced3d059022d877cf9c28d3aea038,training
white,4053,46853a6205112efd0d3214f1c5db45ae4d4aacb6b8662c279d77c15ee9f9a1a4,training
white,4054,c508be5fdf0a9c2edeef52762c22e3bb74cccaef399baf5b9035e23a1bf943f1,final_evaluation
white,4055,939654b249716c698bf77f2d1632ab5694339c2a440141068d75c7aff208b062,validation
white,4056,b4cb61e5bd954d73d3d9a4cdc5840d0ca51ced3d059022d877cf9c28d3aea038,training
white,4057,111b72f7fe1a37a18cbe337854e4d128038c8eeaf2af6b13327642030124f077,training
white,4058,6d87924a919d6c2c1e4be06ee1da553f970fcfaa470b001769c067c0410936db,final_evaluation
white,4059,adce86a91e9fe18b2f1ef5cdb93112bb370e2f0c61500d5f1ecfbed633ca224d,final_evaluation
white,4060,be36d8ca64cd9e2153fd8ed8f858db44403d0c3e084bf0aeb89d4d5c61baf3cb,training
white,4061,5014d36f6844a22c2b26426ffcb5dde64cbf8d2baf78e451b48585101371bcdc,training
white,4062,5014d36f6844a22c2b26426ffcb5dde64cbf8d2baf78e451b48585101371bcdc,training
white,4063,397f550fc30647db05b5c144d14998f66016aa6ecfca7490ccaa59dd6bb91e48,training
white,4064,f4295e818474f07b8a42afa232efb94afc7c9a75a7fe84f6709cd2510fd8b02f,final_evaluation
white,4065,eb20693742ba8699662e1d62769c352cd41a4b9f3a479865ac5113b632e92af4,final_evaluation
white,4066,148ed3db0308842d9f5aa38e808eade1cc0ddb63b2c54054b6214266f9658028,training
white,4067,8f6ab0e013d9b58e2f99048a85ce8d155372773a94be56d6648107219f3fea69,final_evaluation
white,4068,d285e45b5ef890860a566d9d5b5b85db9d4fec287ba5055634fd60a05c23e7e1,training
white,4069,8f6ab0e013d9b58e2f99048a85ce8d155372773a94be56d6648107219f3fea69,final_evaluation
white,4070,4c9b21801e4f508eea1f77995b7451d9124b644841f05d6b1d4300bd41cef311,final_evaluation
white,4071,48175ee11e1b5c6a4d7d7aba071dd6f05cc3bac236b823fe99f17288d82ff70f,training
white,4072,32ceec2275f74e7e827735e4f11c257e5285a6fe02d01bdf2b47a567d91cf0b4,training
white,4073,65e77c73fbc983b1d8e07a78e14966408bb532710a594884b65d03291cb35d1c,final_evaluation
white,4074,a6b58df7f8127c632bb071d1bd6a3e37a7a9d690576e185f4ff89bff1945efdc,training
white,4075,8dfaaf5e50b76173f632eb53360a0dba6d9e62dae7ad266a7d0064e1847376cd,final_evaluation
white,4076,e3e5f75a1bf5e0c6939f1fc8eed29735a1e5f29aa60266a52a0e61c27a8e1fa0,validation
white,4077,d849b66959933a7dd8a5d60db4455dd9cfc3c90fb248a03d01460b645545b0cf,training
white,4078,1a56228c9abf3cb0060c0cc60a0b20b96c4447f82222d7712a218329368e27f1,training
white,4079,16214187064b0b82fd25d772b12c4071e1170301bfe4ec9d4386097e79a7b6e5,validation
white,4080,3062bc62db683cb08c6be0c047cd3f9d39c52de1a577c181911400e2568e80c4,final_evaluation
white,4081,97b071c077baa84adef00d289ff9fabfc5e705b890187f27f72a0969837b90f6,training
white,4082,20f3edd96a1df41563b2f8ad4501b410a0aebc2abf1c90424a49aeb9518f1e8e,final_evaluation
white,4083,5bd71fab4a99cfcc335303e251d254a231896a7c4ba6aff902aa2f3ca733ae8d,final_evaluation
white,4084,367ced4e06706a657dddc8327e0b9dc510af7ed6fbc54405a017318b016bfd74,final_evaluation
white,4085,d93549bd176ba68349cc7b87fb04c3c31e4fd78d9a575eaf3467156a58b000dc,training
white,4086,5eba18e0cef5e998cdc8556cb0d205206eacb86d1fa12c5579047e3a9a64aec8,training
white,4087,514e764277ef1190e9c7f474cebf57b811607abfc3389490f478972a30e456f0,training
white,4088,89122fbc8b67c52a8f034ceec65e97ad4cb982a182bc23f23a605e1592a29f23,training
white,4089,316fd91272653837d5bd295c41391e98f051134597d03f1d2bb5bb85099f03d0,training
white,4090,25bdb84b85b35e9d41b73f1c7de2cbb712ad395066c19bb73da25a26e7361801,training
white,4091,b5268c41d234098830669a530d8886745cc4f2b8eee1357152e18604585050cd,validation
white,4092,4fb74d090d034a64f8637c057895ae545b8701dd72f20d3ba4bc0e87242535f9,training
white,4093,5bdce0872961de3a6795477868b0e265f8c7919d4f61bad99f377d05be70bd1f,validation
white,4094,3f36462e8b3635f74b5e98fca429417cf3e990ac4cba35de252316c21f4ce9f0,validation
white,4095,1a5bf02e015286566a9291dfdca8408f07dd71e1a0afea0bc124ef9b4c0cdb1a,validation
white,4096,3f36462e8b3635f74b5e98fca429417cf3e990ac4cba35de252316c21f4ce9f0,validation
white,4097,b3562c14d7013c7aff577f372b8a5765bfacde7115d328dd7ca4b38432db87c3,training
white,4098,4fb74d090d034a64f8637c057895ae545b8701dd72f20d3ba4bc0e87242535f9,training
white,4099,640bd4dea3513539299150bd8f9df056bbb5fc29ec7cbe5df0f9bc6000b9473d,training
white,4100,5bdce0872961de3a6795477868b0e265f8c7919d4f61bad99f377d05be70bd1f,validation
white,4101,0a52e489fcc47b62c5106b44942dc097c54fe5a5d97564bd53a47c75ca94243b,validation
white,4102,67d0a45c80592d0270d6b820c4d09655c3c6e3db5416d745f97f6bc63f67c261,final_evaluation
white,4103,67d0a45c80592d0270d6b820c4d09655c3c6e3db5416d745f97f6bc63f67c261,final_evaluation
white,4104,9fa6f6380ab7d85947871f10cf63cff28cd322a9aee9fd11f7fea5a14920d396,training
white,4105,a5a8f478de2f3a164ce234ba5de68a683bb9d68fa98ffc4922522e69798f5cd2,final_evaluation
white,4106,1e00778811a285651174755d497107c7dd0980b81a19a8e4182c326f98b3701f,training
white,4107,f331e8d8aa61e9251767ef2b2cfd2fec1f32ed1f54720c798417a45b8c3f55b3,validation
white,4108,c7381828121a8c0d89f49358d755cfa475e080c5da8f399e92ef0d77b82c7d3f,validation
white,4109,98ad073e6bc67f21e76fcd63b2cb95901dfde5870d3f6e2611c77dd9b0810b36,training
white,4110,4b8ab0fb0f90d149123ee6118d1dcf737fbd53314cbd343ac03854ec6039f20c,training
white,4111,04ee936341491924cc6d517e4162b8da49dddc633e075f2b064106372d0b79fd,final_evaluation
white,4112,d43eb2ea589340ca24107473b384ecfe6deda02e14d4a77cf3f7cdd5418366da,training
white,4113,397d30193d25d3fb929da74333fb2527c66a00409e113d6e1fc3a7dbfc7427ae,training
white,4114,c69c3b2eb806d9082319d76e7bb18476316c652b01e10bece449d56f62692f81,training
white,4115,ffb50a26834f83700752a9933d65ca6650560cf6048a04c4ecabf7cc1795b9f3,training
white,4116,904f51ec9ad56c3ecc0a0700750e006c3a3d207a00ff1fdc706ad7b86ef8fa53,final_evaluation
white,4117,bb749ee55cdcf46f27e7108d53fa54d201484f5ff376196ee4f69deaadd614c0,validation
white,4118,bb749ee55cdcf46f27e7108d53fa54d201484f5ff376196ee4f69deaadd614c0,validation
white,4119,03b2aa783d605ca277038eb7d18f3e766d13deaf775309f6a4d7c4d4a275ed68,training
white,4120,f628131220fce0e93cc5165e95e266dc09e319aa4478f950c63a35db48a65913,final_evaluation
white,4121,73a6cdcc4680aa7244bfdd0c102da2f16014709a333b7da7b5e7501818894263,final_evaluation
white,4122,bd169eaf38720b7a121073870479ab6c9979d51533708eb90b7af9afecc281c7,final_evaluation
white,4123,6013fd98c03565e1552d2284faf72e56830e9ad79088c0c2d1b6d7794c4f146a,training
white,4124,ccc72672ada40e4eebc9f594b1f37ae46800a638a75688be342bb1af44ea5c22,training
white,4125,e1b5fe539c5b9878bba7d6b74304642c53b8a627fd494f944854f47129dd4cc7,training
white,4126,53c66d3601a957e44c6e96df4c460345375e4223ca8cf0360c6e8a7b7884ee5d,validation
white,4127,fb76db8d74cf2bad3e6fff44e554b37e8d91fdf714126f0417b270129ec1e522,validation
white,4128,c84f7a79e81906f80c5c6fef101e6ba3f93b85338126b4b6e8a3d7640a7890da,training
white,4129,3f339c8d41cdae8ae05ece725e4f2eb36df949c648033be4bb151e53292d2cf7,training
white,4130,7d762913452fea6fd2f60ce1fba67ef2681c7dae7d08a75805093ff69cac8063,validation
white,4131,d5bcd99484470958d5538be6d02d0fdd9ffe0cf4e67896ad6444f00436be2cb8,training
white,4132,e92f74d937e9fe9963043b1e3a2be6192e23c633207a9c0fc4fa686c6e76f17b,final_evaluation
white,4133,e92f74d937e9fe9963043b1e3a2be6192e23c633207a9c0fc4fa686c6e76f17b,final_evaluation
white,4134,594deb0e8f2a0700db799698bf5a59fd5f1d425775bb63a258afbb4705797788,training
white,4135,eaa5d258d5d4e71f4766173d258a6b473b63b6cd6990b0d3d3fa21455129364e,validation
white,4136,635a8b372d1785235105bf64bc1a4d142c9bb720bfc638062c44d1643948d09a,training
white,4137,ae6ba8b571fa2a88527143f8533c54b9b5ac5a5ee5007e4c5b323a7469950554,training
white,4138,e92f74d937e9fe9963043b1e3a2be6192e23c633207a9c0fc4fa686c6e76f17b,final_evaluation
white,4139,ddb13e8cb8498902cb0d831c0870936f61fecba9fbec8887e2926be9a486b834,final_evaluation
white,4140,8f8ccdcbc945442d8e37db27b350ddfff2211947b53ca492ca16204870219a88,training
white,4141,288bd4ff3c2d02fe4cc1b99963d0d66b3055992c48014ed4957a8f481bede6cc,validation
white,4142,288bd4ff3c2d02fe4cc1b99963d0d66b3055992c48014ed4957a8f481bede6cc,validation
white,4143,873f5d24ed734218608101131665686aed7061518cab7d42ac62f3fc736bb531,validation
white,4144,29f44134435d8d6331bd4e8b033d2e1a517e7db50f14d548f101673031ef1da3,training
white,4145,288bd4ff3c2d02fe4cc1b99963d0d66b3055992c48014ed4957a8f481bede6cc,validation
white,4146,b10642fea107d21b3033fc678be7bb9d78ef26878da8b86e5bebc1aecd664e5e,validation
white,4147,b9718743def9514405a589ede6ed2c006ff7225ddada7732e00f07d57e93d5f5,training
white,4148,8f8ccdcbc945442d8e37db27b350ddfff2211947b53ca492ca16204870219a88,training
white,4149,1bda6d4afa01c570babbc17b34e6fecbc1520ff149442aa4a1659f71e58bebb3,training
white,4150,97a52f2437967fbc87c0fb6ace2460d64327f5b0806d20ece3afcdc05aef23f3,training
white,4151,81a6093bd3b105c60bfb594300586b5bfe0091039e53519ac275f59bdaa53221,final_evaluation
white,4152,92a8ab00b11c129054ce20e36b05f397571dbdb34e3a2c37c0e79e37c22a9f87,training
white,4153,1bda6d4afa01c570babbc17b34e6fecbc1520ff149442aa4a1659f71e58bebb3,training
white,4154,65fb06b95cfd983ee3b8d3970371a517ba83aeac5e59625de1a3d247eb018381,validation
white,4155,db6e6789817f59c3401a4ea55ce6a8fa33bcc552919ca4c04dd539b886ec35bc,training
white,4156,65fb06b95cfd983ee3b8d3970371a517ba83aeac5e59625de1a3d247eb018381,validation
white,4157,85fb959e92e2a6dfdf9ddedfa9ca28223c3a3f0e2a5884f398a7a8ae14bd2608,training
white,4158,ece3fa34f176ddf8aef096d25b44c8206e4756ffe90a78541074342424ad3115,training
white,4159,ece3fa34f176ddf8aef096d25b44c8206e4756ffe90a78541074342424ad3115,training
white,4160,ece3fa34f176ddf8aef096d25b44c8206e4756ffe90a78541074342424ad3115,training
white,4161,ece3fa34f176ddf8aef096d25b44c8206e4756ffe90a78541074342424ad3115,training
white,4162,ece3fa34f176ddf8aef096d25b44c8206e4756ffe90a78541074342424ad3115,training
white,4163,ece3fa34f176ddf8aef096d25b44c8206e4756ffe90a78541074342424ad3115,training
white,4164,f27b1522ce109c78dae8df96b6b928766d3ab2f68fd2967f3823046b82581b59,final_evaluation
white,4165,b43ad7c26567e726b1428637c412bc01b469f38753b24db93b7358dff7b0e8e0,validation
white,4166,a795b8368d146e4aa5636a706b67c28a98bc04eca14ea6421969576386222bf1,training
white,4167,cc18260e75b259821a99c10f283213919f82d9e1503278c74854f5ef676082ee,training
white,4168,e83f2bd05360dd171849e502f9aa609cea374d8f730f18c7a9821089a04e596d,final_evaluation
white,4169,bd6e8237eb7c5543a4b50ba989e0c6ba9ea9332766f1f6da5a84721728f92dc6,training
white,4170,6bad96494741f9034d4c908df8bbd0d52fa14f799d411beb09a59c2336b2c9c2,training
white,4171,ece3fa34f176ddf8aef096d25b44c8206e4756ffe90a78541074342424ad3115,training
white,4172,ee3576b4dd9b7fdfa0a4032bbeffdbcf2d9d09452c02ba84cfdccaec66820d53,training
white,4173,150da58aecded23018f2ef64076175bfe5d3b2e49189900b796b4939acd0536e,validation
white,4174,a6d1b153fed1fbbb7680bac867cc286899bce15a8a2a500de952ec012ed348bf,validation
white,4175,1406e381b052b622c1d893809297ce611112ba879434603ce4ccdfeb1b456550,training
white,4176,372d61c918677a0293cc64ebddcf02256def8db6e055e13acba4c60ad8b64f2f,validation
white,4177,76bd746b7f92e9fe63fa0a203df9c36e50a79ce82427a26af9360930661fcc52,validation
white,4178,7d0e1ea55d084e40b58aeb180684c585176f1dabce9db68bb5530dc139aea1a4,training
white,4179,09dd625f11555b1ca95fb7112225e368310c7b07a775496fc5a4952fdedd3630,training
white,4180,030254de371c68e8b440da201aebd6f95718e687745868466bd901d162026bcb,validation
white,4181,fe7d12d91665761037e87c252588ab89e7133efe8af78f381b9ca9575bbfcb8b,training
white,4182,fb95790408fdd95a538a5096b24a68669173b72c302ba5af237379ea1666797a,validation
white,4183,2cd2e496e75ed20c7e115b333332ca498f5094cd37048e6dd52054bda9da7c09,training
white,4184,022f465d70c6ef608b6abb13906429097512332b815c07130c16601b6230513d,training
white,4185,a1dfad4b78caea1c57d7c863cb3faa91ce7fc3edd2752b413976960ef7212ffd,final_evaluation
white,4186,030254de371c68e8b440da201aebd6f95718e687745868466bd901d162026bcb,validation
white,4187,0182971bb33797bbc277d539b09fa18d257c1c9ebf9b883a8ae1e5d257ec1fd3,final_evaluation
white,4188,800b18c14af8e1d2c7f4a667c92c186fd4d1f4171a78bc4de521642fa79277af,training
white,4189,7b73877a94788fa7f63036b3d75cc3dba5ab2c211097618960e44aacc78b500b,training
white,4190,7fe47ebffc48406fdffcd1e55312173a0eafe2a998de034ab73476c9ac5c6192,final_evaluation
white,4191,495567e726d8646c7232ba18025fc3ee1826858a2ce8c0f6b35b419a1ae891ae,training
white,4192,beb1805ad12d88ec53cb845f6d0df2cb8c9ede7d6d73e1a2c7791e8ce11dbd40,training
white,4193,98615c301bdd94783001c94327d3a12b591929ca038948b9050b502834107586,training
white,4194,68c15d011ea787acfb40f36ffee3a1e6eb4f51bf30449b34d379b97918b6e751,training
white,4195,98615c301bdd94783001c94327d3a12b591929ca038948b9050b502834107586,training
white,4196,593bd716c5b9e0e2e48c5d2964b18ac388face013d7b851bc6f789e336e3d758,training
white,4197,92da658a15d0d1b664de192898a43e2357657303cef9caa3b1cb0ceb0bf3f524,validation
white,4198,6c689746a31954fa9992981e97a2007b6dcabb96cec87a3193fdaab18010cca8,final_evaluation
white,4199,92860d23f1555211aa41f80b1e6b88928989b45e9a55924554ad0c89899cd44d,validation
white,4200,68c15d011ea787acfb40f36ffee3a1e6eb4f51bf30449b34d379b97918b6e751,training
white,4201,2b98e819979b0636b9b4507ec881b0f718276452f90bc12c6ba35a1e6649e16e,validation
white,4202,7657e0d5150d088f64080c249b4c2e9488fb102975481a86ea9283ddd5c1ff53,training
white,4203,23439af82ba701c97a378c96c23cccedec73175506476fab60c4ede437eb15ab,training
white,4204,41d15c8f6b200fc6b833c607f1f59ee88cc48fe694f32dd0573eb6c331b1d221,training
white,4205,c38a4e5f8871b422b6f7cf4c42042070cce85d70d2f2d939e0a9129eb1bb3f08,training
white,4206,7657e0d5150d088f64080c249b4c2e9488fb102975481a86ea9283ddd5c1ff53,training
white,4207,e3c42b05ce873a0921a972e40fec84355f32a457f1693d22276399db8eb7f6c6,training
white,4208,5d017e16870303b80cfd0dc290b0b4d0ba6defc8f4b065263467b14f48e3bc6a,training
white,4209,78a4384655869d7f34e4ef868999649ac59a4ecf15d95e51ad8b72cc11be2ab8,final_evaluation
white,4210,47d07848a43da147abb0fc2baec5be46c4da83a6002a2c13e1d1b35529fef280,training
white,4211,18ec65ce9f22e1d601c8f5511d4ac9e361e2081827ac0885d3c18ab50e43f12d,final_evaluation
white,4212,e61253c48c836040b2276225609475276dd6a2ecbdd04112ba35333eab9c8a98,training
white,4213,e53aad78f1ab3a15d825cfe60ffcf0208376a28d69214a4d6efd3b4ef3169fce,training
white,4214,68ec32847afe5f89b36b0c5332b07c159f77198ef0ef0dfab008b57aa4718069,training
white,4215,9b3459feb43e062a5f6d7ce7644015912303d32e1d8c92d2909d2d41207c6581,validation
white,4216,9b3459feb43e062a5f6d7ce7644015912303d32e1d8c92d2909d2d41207c6581,validation
white,4217,9b3459feb43e062a5f6d7ce7644015912303d32e1d8c92d2909d2d41207c6581,validation
white,4218,fcfd7f40cf9ed4a57afb31c47b25ed26ad90f919e2931386c408a3859d9153af,training
white,4219,eb7eb5e1d6e574a9dfb5dc6ea9d2aec910ff90333b4d1660bb5857bb41912ac2,training
white,4220,9b3459feb43e062a5f6d7ce7644015912303d32e1d8c92d2909d2d41207c6581,validation
white,4221,1cff879b7f38297b05b04e650fb8a6d7cd46368a83ffc06ef25e360a94b7877a,training
white,4222,e92fe7dd0097916fd9e5e1770cb57eb41c83bd0689592f8715e547921e4a7e0f,validation
white,4223,fcfd7f40cf9ed4a57afb31c47b25ed26ad90f919e2931386c408a3859d9153af,training
white,4224,7c22a7c200d52d1b7241569b2b9be261f464f27905800c3ad9b6e6622e5bbc01,validation
white,4225,6d5674b94a3f1deb4e1674ab6ddad4c43ba6eb38885b15b0397106376419e7ed,validation
white,4226,038b7cfe425f5243ef55a943c7784a12b50ebf64c667aec2c015028cd22327a6,training
white,4227,5f9a311cfd2187611fac26a6ffd04e890a3b703924eeebadeabf569df2a25bcc,training
white,4228,66cd5b737e4122965b9eb1a8591d0941eb2c8bcb2374ca0156869f90182ddb6f,training
white,4229,17c026e0772f22d271856ddea5f8f41291866597d9b33265f759a4d32d46a0a6,training
white,4230,21cc98b555dc938f684871166fcf8604f0f36e2d9479ca929697b16328625792,training
white,4231,26a7999e9d3bbea28c6cb67456991c611b5be0be4513317cf082256ba2420a1c,training
white,4232,bb5101d56bb399561be6dc56612d1717fa6673728946b884d8e4defb5ff5fe95,training
white,4233,df0ce7efa69a34b573bb726dbe7e042c90d116babc942261b8e1fb2ebe33e7de,validation
white,4234,df1ed2c51866fab28fc8e06ee0410acd232cf4de027768eb76cb1d2134f6a565,validation
white,4235,a15f357611f591e395f9864a90059669f2f16f6d0f7114d181e81e9202e06c9d,validation
white,4236,defdf45c3df1d8432e83dc0f9fdbb73ed1a9e8e6dff4c999b44aea2bf2d7760f,training
white,4237,defdf45c3df1d8432e83dc0f9fdbb73ed1a9e8e6dff4c999b44aea2bf2d7760f,training
white,4238,70d8fc0eb0727b5bf1750b38d89784f8d9562d9394417d587fec0757b36149af,training
white,4239,defdf45c3df1d8432e83dc0f9fdbb73ed1a9e8e6dff4c999b44aea2bf2d7760f,training
white,4240,2db498afbb9263e9dbc71af2886de6be298dc9b7aa46bf73b96ec1c57dbe198a,training
white,4241,eb20cbfaddefd780418524522d7bf2f8e4aa5769842de929cc0daca2b2413405,final_evaluation
white,4242,1309b713fdd42d9a15d18abd170dea81e17e4c18e077449851dc99516e0fdfa9,training
white,4243,87b58354bcd6d901f3ccd37a29799dc4d6ff36c77a5b9039b640f6e261190608,validation
white,4244,ff6e9ce2e615845e3f5270117584751dcf462fe7a44e37dad0c1c34b05118db6,training
white,4245,7f1df91e83f5d020810da1de079f209c5fc6686f22179c64866713d3ae22663b,training
white,4246,a816cc91b904fb3cf27cd7e0b980907e39270981b0ce00082854fba7cc3e8860,final_evaluation
white,4247,8a3347287c51b06c5281d97c75e537a8417efb0d81e5fe2c44fc4eaf2571653b,training
white,4248,9e3697df6b197eb274520e815766b1939118fdff6183f30ca9604e562395cb45,training
white,4249,ed4a613109b798aeb043ae0314cbd28551a009ab652d8a8cf7807bbe99af90f3,training
white,4250,8ad5c36968cd04a4a386acf9419129a9062afcc71cb51849e6578eb750aef896,training
white,4251,9a32c6879b73122148f3d66399b270cc7dd517193330c24d06de5853049f3cc4,final_evaluation
white,4252,a42c283a44068412757d9586346d7701d3b77af627e38cba2c904baa1f98455f,training
white,4253,9a32c6879b73122148f3d66399b270cc7dd517193330c24d06de5853049f3cc4,final_evaluation
white,4254,213156bf46d319ff99eb79e79cd35a907746d50f3587fbb1020fe6e9b9845d9e,validation
white,4255,bdbab12430579c50703083dbba94c67d07a08d58763b543cb86c775a65d183da,training
white,4256,370d32d68380563eba9d81649d6d80cfe3535f443111f02992409bef0c8314ee,validation
white,4257,370d32d68380563eba9d81649d6d80cfe3535f443111f02992409bef0c8314ee,validation
white,4258,210eac8763027022bc22a7a434e807bbd732418f5e464e91cd5475a7ad1003a1,training
white,4259,c06e8f5e97e5ae99d927a87525d1d33e0abc1f0b0c9c09d8746fbdcaf91f7a29,training
white,4260,5ebcd1ee92e704d1952c1052fdba351043810b94ba5d961dc9dbeff2e1cc2bc5,final_evaluation
white,4261,50029e2840b19f6ed5970ee31e70f5625ec1bdff8f2296337509fe03bb028e92,training
white,4262,0b6580d021f753d14c98722e9069f8180610c2936e1c22e1673574f4f14f232f,training
white,4263,7de12bca3f507b89a427b8e0af99ccd6929e5d73b264cd45e7797966147ddde8,final_evaluation
white,4264,c73f196301caa3168f0e1eeb74e747156c57f21241949aa41bfb005a4b55fad2,validation
white,4265,3a3a9fd5fb0156bb2e985c490072e58af7b013e3a1109a24e8f1543d5a5e44ab,training
white,4266,50029e2840b19f6ed5970ee31e70f5625ec1bdff8f2296337509fe03bb028e92,training
white,4267,0b6580d021f753d14c98722e9069f8180610c2936e1c22e1673574f4f14f232f,training
white,4268,6e81b2c2599abd28e5f07b3916331d73a432afd8b9fcbf6112e48d29d75dcecb,training
white,4269,ddf6ce6ad7d681a16b777a334c7e1fb8d3ff21da16860df37014c5c96e269357,final_evaluation
white,4270,4dfbac59d76811ac93f0bea616d9c1fa3691ee72d39c54e0210bfae62d669f84,training
white,4271,b19b893818689d1fcceb38d677c29a04fbd9bf7ab6ed058de2b4266dac372865,training
white,4272,1479f057d5091b8614169951cdedc30e52eaf97ff7f3cf07666314f038bcf991,training
white,4273,41ebc92e2c263d2effc1e77064c35a8f8b26d6921915f7f7e4d0d31f37ae061b,training
white,4274,41ebc92e2c263d2effc1e77064c35a8f8b26d6921915f7f7e4d0d31f37ae061b,training
white,4275,41ebc92e2c263d2effc1e77064c35a8f8b26d6921915f7f7e4d0d31f37ae061b,training
white,4276,41ebc92e2c263d2effc1e77064c35a8f8b26d6921915f7f7e4d0d31f37ae061b,training
white,4277,927208f0f01e4514663ebfda6d0e491c6e70d19efd37d7a6e375befe8b5bf566,training
white,4278,59d9e4f512d0951ba7c71f961731b55948d0326f3d1e801e08c3a974fd5523a5,training
white,4279,22987327edcd1be2585ab12785f88eb8d322bc8f82f24dc0d35434976631d178,training
white,4280,171a0d1c0a0250c9a847eeb7cd1095f8817c8b429c35b199fd4ad69e3af7db3e,validation
white,4281,41ebc92e2c263d2effc1e77064c35a8f8b26d6921915f7f7e4d0d31f37ae061b,training
white,4282,21b7c9f4f298bdb011878173bfe1a28af9fc9bc7e3c5812c80a8ae44ad398a7f,training
white,4283,21b7c9f4f298bdb011878173bfe1a28af9fc9bc7e3c5812c80a8ae44ad398a7f,training
white,4284,9253d4e5ceb372bf72ab57d6ff0fff6d7bdf46fe3156147958e4b797e59af8d8,training
white,4285,9253d4e5ceb372bf72ab57d6ff0fff6d7bdf46fe3156147958e4b797e59af8d8,training
white,4286,9253d4e5ceb372bf72ab57d6ff0fff6d7bdf46fe3156147958e4b797e59af8d8,training
white,4287,9253d4e5ceb372bf72ab57d6ff0fff6d7bdf46fe3156147958e4b797e59af8d8,training
white,4288,167a40afd429df38493620241d930a36b0d748d65a7e1a7cfacdc554323a5a68,final_evaluation
white,4289,2ec2cb451aa0a77cf045716ac2135de29e491a91d2953c1fc3e575e0ade19512,training
white,4290,c84ce05246db0fa56d5524044589c6cef8cffdb1b968609ba6cc4e0cdccb220a,training
white,4291,21b7c9f4f298bdb011878173bfe1a28af9fc9bc7e3c5812c80a8ae44ad398a7f,training
white,4292,9c47519e8308556f1f4017ab3cc101dbe79454bbd4852e801f1762104310323a,final_evaluation
white,4293,544c06843ca41df1091cefd636ce42fdec343716b13e10413c9aa82e4ce71ca5,final_evaluation
white,4294,9c47519e8308556f1f4017ab3cc101dbe79454bbd4852e801f1762104310323a,final_evaluation
white,4295,519abf9ad500e9bfeb2582e8567e40c0af39506f26c1d3eaa761e1609a73fd18,training
white,4296,9c47519e8308556f1f4017ab3cc101dbe79454bbd4852e801f1762104310323a,final_evaluation
white,4297,544c06843ca41df1091cefd636ce42fdec343716b13e10413c9aa82e4ce71ca5,final_evaluation
white,4298,5a77c206860bae94c6ec497bbd7f6b0ef3a73ca48f766ea04d6e84b25432a68f,final_evaluation
white,4299,128167bf2281f622f9b35edbaa51770ee4ed754beb635252272238f58a5bf50c,training
white,4300,6fbaf3f546914789d93534e1daa6d962902f72682143e5ba31ed2bb917ee6e29,validation
white,4301,ccf20154cae8ade7665ba9e6f1b51cda6f93d996399cf94d27af5b8396109872,training
white,4302,ab5f0acf36503b7f12bb68b7c4cde684dc341224bbbbd1ef9c1bb70037a0c168,training
white,4303,15f5b3124e76535428545398ecd6e07e25726367858b13448505f002097fcf68,final_evaluation
white,4304,984f65f329849f9fae5f30aff73a1bd97912d441f0c49a61784f74c8185398cf,final_evaluation
white,4305,be0731f35fec3df30b6c8f7c815dc34a4491d56aaa4058684e96661d171376ea,training
white,4306,1ca0a84a6179b57f3f9bf3ce99b5d8ae6ba53f41cfd8e85bd24e4ab4353c8e5b,training
white,4307,95af8a21ef1be836ffbd5585a047b0650ff963ad9b38851d1a1c26955f9729ad,final_evaluation
white,4308,b88a5cf70798d435924372b554c255f1701cf551eed960fcb82750a2bf5d994e,training
white,4309,8fe2432e2d6719986dc7a938e46ae55c1fee0efc97abc3ac53b6e9dc4056c695,validation
white,4310,f364ac331aea17f180a2668bb6e63ca4eeda14a318d74d426fc3ccf7e73ee538,training
white,4311,db36c7211d83cdd3a604d9927c6d818b59edc27d94d7540fffee844422d675da,training
white,4312,b1ed2c39dabea221f1d21ed45932e6d61a267cba7db738efbdd22e2c4fed5e14,training
white,4313,984f65f329849f9fae5f30aff73a1bd97912d441f0c49a61784f74c8185398cf,final_evaluation
white,4314,3ed4bd35bfea5b38a3501f0b7ce76e137443c63a3693e825d05ee68f2bacb6cf,final_evaluation
white,4315,be0e7d9a68992f965280a18be03bafa4d751626b112bec24a749c42a9321c3f9,training
white,4316,4640a37a76a3a04bc2b3806e70dee83a96d724362a84c77aa532147d451f0e88,validation
white,4317,6d9d28dc352e89b74e8043b5a01b7d3341095f22fbc162e79c85f819334c24a4,final_evaluation
white,4318,e4cbcf23fe7cebc4f1e8d253959260c59fc3ecf77697173db221782406c5c346,training
white,4319,be0e7d9a68992f965280a18be03bafa4d751626b112bec24a749c42a9321c3f9,training
white,4320,4640a37a76a3a04bc2b3806e70dee83a96d724362a84c77aa532147d451f0e88,validation
white,4321,92f8bbb57a850593f1d05f624d4f80f18f770565c633e68d1038961ca788344e,validation
white,4322,1641bac6d4cd985ca0ccb8b4c3c4d5b6c69dd94d36eb20a12f9b3b4167910424,training
white,4323,e73b2238e0a71e57cb7381e47168c30f5163bfc2160ae3aeb82f4f24021d0af5,training
white,4324,b94ae6e6c109888c7d7bcfe40a8eef8493a0c8c3c6c8ce82ecaa672777dc14f3,training
white,4325,357f1e79f34b99073607be376f5374d3fb07d2f2c3a613eec539d56811ad35af,training
white,4326,d09c09a2aab3d98f8f2355cd84c1cdf2bfbe85bcf4ce18d141f529ade358614d,training
white,4327,35a0f2b3af4aead6877fe3d6f7d1610b7ff4418eba48542e8afa555f2c8d8211,validation
white,4328,d09c09a2aab3d98f8f2355cd84c1cdf2bfbe85bcf4ce18d141f529ade358614d,training
white,4329,7cddeed12e83596432dce324c5f358c6dd6c1bfa29bab2dd753941884d60de7b,training
white,4330,e6b03ff570e3165a5ef62d1100d71b7c49154b343581d2ee7bdfe810b78bc4cd,training
white,4331,d09c09a2aab3d98f8f2355cd84c1cdf2bfbe85bcf4ce18d141f529ade358614d,training
white,4332,35a0f2b3af4aead6877fe3d6f7d1610b7ff4418eba48542e8afa555f2c8d8211,validation
white,4333,cb43eba26e56a98c9d0fc0e1c82c2405c57e86979f85f44468068636d63429fb,validation
white,4334,cb43eba26e56a98c9d0fc0e1c82c2405c57e86979f85f44468068636d63429fb,validation
white,4335,cb43eba26e56a98c9d0fc0e1c82c2405c57e86979f85f44468068636d63429fb,validation
white,4336,cb43eba26e56a98c9d0fc0e1c82c2405c57e86979f85f44468068636d63429fb,validation
white,4337,cb43eba26e56a98c9d0fc0e1c82c2405c57e86979f85f44468068636d63429fb,validation
white,4338,cb43eba26e56a98c9d0fc0e1c82c2405c57e86979f85f44468068636d63429fb,validation
white,4339,cb43eba26e56a98c9d0fc0e1c82c2405c57e86979f85f44468068636d63429fb,validation
white,4340,55e7288920f72a1fe423342a5d3cbd33bda398f547cbe54c98008d9cfa12160b,training
white,4341,cb43eba26e56a98c9d0fc0e1c82c2405c57e86979f85f44468068636d63429fb,validation
white,4342,1027dcc8f4dbcdec676c40f04bc53a2aa195850cd111ad5570b6f5b2040539c7,training
white,4343,20be3960e585b5d946c054aa5147eb3893afe8ee15a737cff86227725e77a7a4,training
white,4344,a24582f57c06f0b1ea99bfca0cf3add66ead6b374ac46ef4e4ec785beedaa74e,training
white,4345,631d49eae7d14fad130f8306b8b5f62cc653adcfed5d6c9f23dd2c58ba85e9a0,final_evaluation
white,4346,b411480f779a9d3aaee1cd50bd44b9b0b5d5d0c2439a5b5c163ba29a56eb1b3b,final_evaluation
white,4347,631d49eae7d14fad130f8306b8b5f62cc653adcfed5d6c9f23dd2c58ba85e9a0,final_evaluation
white,4348,ad5dbc8db815da18916ff081755f32605e606e31ab88e994e1454ce385cf9131,training
white,4349,cda29da69edfad312a6884623eb979e28fd07451c8a576933d1d96fcbf42a000,training
white,4350,9671875ce659d5361ba2591a51c168437dd5a4e4dc0d1c365706d6de31619389,training
white,4351,5ecee8803a22658ba1a0ed5e3ee1acb643fffef8c75bf2aea9b175cf7fd90b58,training
white,4352,d0afb0222f6cabeac9391745358fe236519c4697e18af99379e3180fe9563eaa,training
white,4353,c0490e38b23231f158e96c5a9d4f88c96bc45102c86c0cc5c3e6738b909dd37a,training
white,4354,61f3989480744567e701818fde9cd8583a06583480108994d5683ea4a1dd863d,validation
white,4355,ef2b2b1b57db2e2ad6a52fc8d0b32936aa7ae2b06ec84b628ae700f6a336e91b,training
white,4356,d0afb0222f6cabeac9391745358fe236519c4697e18af99379e3180fe9563eaa,training
white,4357,f1d1e4bae28a8cc8b45d401326a1f82a45553c3746fdc38a11a4449b114aabb2,validation
white,4358,fa07a3048fc81ddf3e5f35942a9a82cee47311870d3c674b42cbc268aeea834a,training
white,4359,96b26ed09b1b60c36cd4bc59020564ef63799b9039d6bda9045421250ebf4054,training
white,4360,fc8504392d0f6c73f3e01da8553c9b6cde56de8e5d3abd0e675bd5d325bca773,validation
white,4361,c0490e38b23231f158e96c5a9d4f88c96bc45102c86c0cc5c3e6738b909dd37a,training
white,4362,86b1881ac07f7812d3890c738a955f89e5c80c3c78306a8a7163fa7f2e736314,training
white,4363,8b25938dee5f90ad9980df7cf2d859f16117ac41c51b3dc7f33703d6642ad8d9,final_evaluation
white,4364,f9138e6b75ac037efa773290a16ec445de9242428777775ea28e851b4de4a915,final_evaluation
white,4365,8d1ca74b027b3fc1ff43a143a018edd95104aa309743de29afe9af9b974ef375,training
white,4366,a5f6fef477b188aaab375bd0593300ceb3e31a0775ef647996c2c82f43a85aa2,final_evaluation
white,4367,4a1bbc3b143424976d83af70407b7db59dc6bb7032d6193c1451cb25d119f8d8,training
white,4368,f9138e6b75ac037efa773290a16ec445de9242428777775ea28e851b4de4a915,final_evaluation
white,4369,af41e56881b8a217d5f59a860e826f51c186204a84c784c6c158dc8a4ffb0ffb,training
white,4370,8d1ca74b027b3fc1ff43a143a018edd95104aa309743de29afe9af9b974ef375,training
white,4371,f1c51a1dc3c6427a34bafa574c905f56e7830026b96eb325eea8f15a8dcc8cd8,training
white,4372,494e493f35017477c94a426eed0f11e68fe4ecf7ffd8bc708120736d4f3c2409,training
white,4373,0011445f2ad335aff642ae5a763535b15edd565ebfd54bb1c54ce47db4106cec,training
white,4374,beb0d132bde59c5add76e850f9a69e92ba66ef8902cd79db220fdb32292c4522,validation
white,4375,47c42169140a43ad89174b5c54b9d44f719076cd0abc2b9ed98a222fb7b08011,training
white,4376,151f59e8ef5e6e4a6d3844699a773e0d6893b61223fc33ba85af6b7ea3dd467a,training
white,4377,1a8d2c76dac0cc0fcbfe6e35b482f4b8d727b340aca83f6501b8b1650c27a809,validation
white,4378,1de8bdd51e86389fce085466485977e1784e93262097b4a84cb86dfffcd1a414,training
white,4379,a0f561eb3d0fa33ec4e82e76fa242d38aa3b6a6681ccb622c8490b4b10725d10,validation
white,4380,1a8d2c76dac0cc0fcbfe6e35b482f4b8d727b340aca83f6501b8b1650c27a809,validation
white,4381,8a5af66449001b589fa938067ff8b442b8f160105acbc78594e4466a336f9400,training
white,4382,e0e56a188032b1a579e28a8b05e6b9f172ebbd350043acfa2daf60f7df22f27f,training
white,4383,8e46dc82b02f56b13d852fb19ea6e4fa527ff1afd5f626f19e14cfe8b9f76657,training
white,4384,1de8bdd51e86389fce085466485977e1784e93262097b4a84cb86dfffcd1a414,training
white,4385,0ba03f5a58344572de693b36d3c2d7c4fd61268e303b2cc580d9f5d64df7fa47,validation
white,4386,0ba03f5a58344572de693b36d3c2d7c4fd61268e303b2cc580d9f5d64df7fa47,validation
white,4387,f8a6c2119be3514b5ad4531a48d5c72d62d9564d4669fa0ce60be5763f948735,training
white,4388,1fea9383015c2481632e8ff03342ae32be4b7d3bf9cda34151733f3f9ace6b14,training
white,4389,07447d139e78a40a4244117c4cf411eea06b2ea1e965001bb10a3554c7cf0071,final_evaluation
white,4390,fe69bbd29b62c5073fcada6872922a19b5d42237d49018d68366f9b1638f9ff6,validation
white,4391,ad20ffb6acbef42beb7c1c0d6a8c9ec0f00563f53602f6d28a7cad7f1d21802d,final_evaluation
white,4392,fb06fb49251632a4838b87c5ca151da924ca691bb63ffd26273461c21e7082a8,training
white,4393,ad20ffb6acbef42beb7c1c0d6a8c9ec0f00563f53602f6d28a7cad7f1d21802d,final_evaluation
white,4394,439055977c846e43888061165da40e3609458fd7f3f532bed5ba918a43e1259a,training
white,4395,ef1db4ab2456c31aff632facf8a42af204a0aff64638ec6687693ae6b7e59081,final_evaluation
white,4396,d3402c460140724cfe7d5aa0e9f8921088a41cac5959907c661598102d7d8f6c,training
white,4397,8b8a5e5d1c0f653010bd32a8af5cf0e2f25c8d2e69b43301db28029ccffda07b,final_evaluation
white,4398,8b8a5e5d1c0f653010bd32a8af5cf0e2f25c8d2e69b43301db28029ccffda07b,final_evaluation
white,4399,8b8a5e5d1c0f653010bd32a8af5cf0e2f25c8d2e69b43301db28029ccffda07b,final_evaluation
white,4400,d3402c460140724cfe7d5aa0e9f8921088a41cac5959907c661598102d7d8f6c,training
white,4401,8b8a5e5d1c0f653010bd32a8af5cf0e2f25c8d2e69b43301db28029ccffda07b,final_evaluation
white,4402,352f6000fa3050994b66ac9c92cdbb7d2faa3ce77c9aa733e5e22e423a60097b,final_evaluation
white,4403,b455b97f5ed9b7c4ab5d256c397bf9246d523b2e0cbb7383a67d284b6618c080,training
white,4404,1cc58caf4484b04da520c7f35c481514d58da8d21831d94c4dc86f5c79240876,training
white,4405,70248f5c207f70b5782e32f2275c4028baa63d38832b80326162dd983d589048,training
white,4406,70248f5c207f70b5782e32f2275c4028baa63d38832b80326162dd983d589048,training
white,4407,c2e4b718d8b986a3680c97026da1c1d35dbf9e1fd39a8f334226b8ef229efb4b,training
white,4408,529fb12d3cd656e82fb5a67ca3d50d74960b7952c0565e7ef05eaceb19c3f016,final_evaluation
white,4409,d81d5a2fc633c853ea56c6faf10aef5e61d6f0f1ce97effb8705a9f92c6e7c63,training
white,4410,c2e4b718d8b986a3680c97026da1c1d35dbf9e1fd39a8f334226b8ef229efb4b,training
white,4411,1da2381ef9de827579ccb4aa18b6f0437921b124c9a5465c4ef4ead3f7eccd38,training
white,4412,b517e4a84e99e59d1a96c8957c40aded9d268ddee99278c55ade52bf170ea723,training
white,4413,0c04904ae6ffaa6b81c9470e907238fc2b627e18af78f8fd0f615a98e997e311,training
white,4414,b517e4a84e99e59d1a96c8957c40aded9d268ddee99278c55ade52bf170ea723,training
white,4415,0c04904ae6ffaa6b81c9470e907238fc2b627e18af78f8fd0f615a98e997e311,training
white,4416,da1e446c356d87ede3a6ca56bedff3dc3a1281dabd3f9a166daf9371404e9933,training
white,4417,0b6df69ee0447b8f63f468cee39fede2dcd098a2b2518d08dadeb2ca79cc08be,training
white,4418,41bc0c30c73dc99edd8ac72f98ae8d9fc193c057d631139ea19aa8cb54f9fcab,final_evaluation
white,4419,4487bc2bd40aee935f82d6772624950ec44958276614d84a7d66429c2227fa73,training
white,4420,4487bc2bd40aee935f82d6772624950ec44958276614d84a7d66429c2227fa73,training
white,4421,4487bc2bd40aee935f82d6772624950ec44958276614d84a7d66429c2227fa73,training
white,4422,4487bc2bd40aee935f82d6772624950ec44958276614d84a7d66429c2227fa73,training
white,4423,41bc0c30c73dc99edd8ac72f98ae8d9fc193c057d631139ea19aa8cb54f9fcab,final_evaluation
white,4424,41bc0c30c73dc99edd8ac72f98ae8d9fc193c057d631139ea19aa8cb54f9fcab,final_evaluation
white,4425,4487bc2bd40aee935f82d6772624950ec44958276614d84a7d66429c2227fa73,training
white,4426,a201b564c6ed3fd3b2face9b6883c2e4651d8f46d0b6fc7369fb65a6dea6cb75,validation
white,4427,12f6735533bb66de7e3a6b783227c9c9dcbc3b1b80d0a74d1184e37c4057bf89,training
white,4428,aab288a490ff53e151fa777ed0ac1f2d3e303a8f7c36848269754d5c93bc095c,training
white,4429,76bb10048d6455b6ecdfa26630fb2eb4e3e31eff40c02dc4958253be300b3256,validation
white,4430,32f3ed73c24847d3cabf24005c445cb73c4849da27cb76ffbfbfb94b09fae0ed,validation
white,4431,b7588ea4eb416ffb128723df562ba2039e3991530eb3c692be8e1ddacb1b51bb,final_evaluation
white,4432,69f528add0f42b4cf20ab7868020892fb652f8fbd3ec7a738e00f87edc429981,validation
white,4433,2374793f6773dd39135755142d48c76a077bacc5b5b50f5addc0b8b21efcaee6,validation
white,4434,95ed19ef72c69d3c4d4a48747f1867588fd9fb1e236136495c7191496b524d3f,training
white,4435,e348a46c334ea378dc8da41be95445755e160ad72acd9e213bc32eec35eff365,validation
white,4436,f676129dbae5d51c0d474aa173ee2c8064d5bd78e063e4f42f753c1b96963ad8,training
white,4437,4310e62fd3d71d8f8d268e90ee9256e6bad6715323ec21ef83d7e7a27ea2af0d,training
white,4438,83982d9ecdbd49253e7af399f8b6dc80431b3ad2cef5c58b28456753cd70aef4,training
white,4439,39c80a2780e1bc1eb9dd1d5e72ccadb0b2c4e99e04d9cf26d358e8c1a9f172c9,training
white,4440,8f058103d730d5b9df321635b336e50d40d2cd7d5e84a515b65cf27c55900c74,validation
white,4441,25b818d4561af8d931c97d33ed8e4e964ce90488bd776d80f265f5e900618146,training
white,4442,9967782fcda0b3d73e16ac00ff9c41996d3eb670f2c2016a861709d07ac3fd4f,training
white,4443,25b818d4561af8d931c97d33ed8e4e964ce90488bd776d80f265f5e900618146,training
white,4444,8f058103d730d5b9df321635b336e50d40d2cd7d5e84a515b65cf27c55900c74,validation
white,4445,4bd4f06072ca007d30ee885bc5bb4af94e39f5f59dc9d9e87178ce8e8adca44f,validation
white,4446,4bd4f06072ca007d30ee885bc5bb4af94e39f5f59dc9d9e87178ce8e8adca44f,validation
white,4447,f2526388867b77101a21cdfac3136a54995a11d158da26d3f076928fe852d80b,training
white,4448,38ce7610f9c0318fd1916b530216e27e5547c1ddf30273824badab635930be84,training
white,4449,c62171597e34213ac3cb16489519ef92cc6609d3223727475ac9b9a5a9ff534c,final_evaluation
white,4450,79dca05b1155e261e1588e8f2af995377534611f3d6c587eff8166c8c66b8d90,training
white,4451,9ed39aebc6c1f9611bde0bee7d8c3b331952046a695b19dadc53f66ba9189a6b,final_evaluation
white,4452,e8482321837c094ab1bf4bc9376f14df6cdab2a3183c0511aba6224dc819204c,training
white,4453,10bd3164989fce10087a764fe3522ad7f77214ec9928450a2decfb70823ad023,training
white,4454,38ce7610f9c0318fd1916b530216e27e5547c1ddf30273824badab635930be84,training
white,4455,7f7db73b55dc2a19adf43daf2d6838b7344ed77d6dbe8670db9d2d142712571f,training
white,4456,f5166badabe85d69c3f88c44290ccde78c986dc283fdf83c10d4114e1c1f639b,validation
white,4457,f5166badabe85d69c3f88c44290ccde78c986dc283fdf83c10d4114e1c1f639b,validation
white,4458,f5166badabe85d69c3f88c44290ccde78c986dc283fdf83c10d4114e1c1f639b,validation
white,4459,5d3ceb6e8a0b458568f8b9ad5cd46b76ac80409ac5042ee56440238df0bf12a4,training
white,4460,6eaed5a9e7556a310eb76ebb82f607063198d83a177fbef740ce2bd0b6b23645,training
white,4461,7f7db73b55dc2a19adf43daf2d6838b7344ed77d6dbe8670db9d2d142712571f,training
white,4462,d24f729a8b7a56006b7595079ab091f268151967315c3b8a899a9297d5e9214e,final_evaluation
white,4463,935e9756dc54971e87d591a7aee73eee659f6dd868e9988fac88c920baf17a80,training
white,4464,11af184b3ff3f94d40749cb4cf8aa8ce0d4be8d6b2dc49b2e642bf3cc83e2c47,training
white,4465,2240d9da2a64c594b41c5f1c3d05babf6ed5a21c0f721e51e8c9e3a73766aee4,final_evaluation
white,4466,2240d9da2a64c594b41c5f1c3d05babf6ed5a21c0f721e51e8c9e3a73766aee4,final_evaluation
white,4467,6399841cd3a6a3979d4df632d20d1c694a3f748e8ae0423c86f5aec0049ded8a,validation
white,4468,d3f1c0b7c9ecea73145fb5ce4be21d6c9a927f5371f7adb5d80918ee40de1d8f,training
white,4469,927f7b3834445f8144a401929e615fe6171cb3dc2bda75e516430b50c26ce64f,training
white,4470,1169040b58a01c5956d7c474b134aa41e9bdaa6efc4894a1b51cb7c8f8f9097c,training
white,4471,3051fa7daca534dc65a85827988f7939c6ba556f27c86dd6a960ead58766b3aa,validation
white,4472,4233de4962cee1bb04148084592b05d2a055b5b7340965955158700f6b3d7ddd,training
white,4473,7ba511a667c25bfb70713bc892d58480805ff19f8c29befa88fc2e7856e7f8b9,training
white,4474,d350dbc215c48e7c65d2b5b209069c7d6b0e45aa54d19ef61203284d0ab8606d,training
white,4475,620c6190a8cf5b40be337549dea87d29fe10014c37b6656b7e188948c1f4032e,validation
white,4476,36cdc11007f3e7418e956ed49fb6a32b16d3778c0bec4059f7ca2964eb1f5e8e,training
white,4477,d52e4cd555edbf746bf9c2ddf02c23747881e29852cc43bdf3637117a618cb2a,training
white,4478,9f5c304bec1d78b00ffef2faee36add57d905134fd5f61e110a3e42910823925,training
white,4479,9f5c304bec1d78b00ffef2faee36add57d905134fd5f61e110a3e42910823925,training
white,4480,9b35117d508d49329d00f7d17c215901ab948d662b18ccd3690579c3022ab11b,training
white,4481,80ddaeb5627481f7ea59e894108d8c488ee5b0157100f2155fca700bf48b94e4,final_evaluation
white,4482,9f5c304bec1d78b00ffef2faee36add57d905134fd5f61e110a3e42910823925,training
white,4483,41842d54857ae4c941b61d40f644828908dcacc1af44922020af91826d931ba8,validation
white,4484,60aa9c5dcb31121a3e67ba360aee197e8a621ac7db38ae50eb5be8c9dd1cd3cf,training
white,4485,045e80084864e0eb00f969e4440d032f7ab3b38cc621b438fd96da34bfdf936a,final_evaluation
white,4486,0c9f8fe454356cb8c24f8463a9e090c7f9e02ca8b7355363ae9677815a19d5e4,training
white,4487,084d8bffe4062cdff81e28ed711ac3a995d2602635cbbaf2b4199622e347fabc,validation
white,4488,e0736dfbb3dff73e247217b897a909eef7d1ab5fafbcc79af0dd24fdecdb5c82,training
white,4489,6803404bbc663703a0fabe663cd4f1ac53654e73aa8646cca8f0e149d4185bdc,final_evaluation
white,4490,6803404bbc663703a0fabe663cd4f1ac53654e73aa8646cca8f0e149d4185bdc,final_evaluation
white,4491,686def3a19c9f8fb5dc541002b605c7001ed09642d721c337584b6ff2b407997,training
white,4492,5a0a293c036a99cb1562a8939a322e52b7d83af7aa36315e14e1ee2cad090cb3,final_evaluation
white,4493,cf98ca2d3a93cebc4a9e38182f27646243e182c3221f5018a32d33abe118384c,final_evaluation
white,4494,c2fc13a7d4dc0199345cf77c3162fcd51a863ab5f48607ef1e1f15d90b1e4f8f,training
white,4495,267aa341e6f873674aaaf59ac9ab3a8a09be26aa7a842496b4fac4c655ff1f10,training
white,4496,c2526ea649e361fb7bd22e91b5337f0f6529e4d35d404ce4ea69c67dcd884020,validation
white,4497,267aa341e6f873674aaaf59ac9ab3a8a09be26aa7a842496b4fac4c655ff1f10,training
white,4498,177f6edc22f42ecb5fff75ef6fca4fc6e140a2ba7e1d60cdfac741a2c64326b5,validation
white,4499,4db54c46ec05135694e27e153443f99d552b199c9024bbccd552e51a37c6df1f,validation
white,4500,ad4b8ea36c100d3a897e759af3b2efe37597eb841ce94880b6a9e1ce9f0c568f,training
white,4501,ec1bb1df8ffd5b5fe565a709b8a33dfe0be58bd784280191bc1937aa2002e7e9,training
white,4502,5f2a984956f95227f52dbeaa331b7c960498833133855db7d514d0251139e8bd,validation
white,4503,795f63a08d055894eb00cd82c46ab6bcd9fb7986bee46807f04fcef853982509,validation
white,4504,78097085cd5e9f5cd382a63aa994ec62a6d686e15173f11004404485b2195a48,validation
white,4505,dac79d50bd1c07c9f2a70b7a43010cc7e5082ad494d8803d17bc62e80788ac4a,training
white,4506,b98a147910c472609440586896ddc628284b78fc15a6f05f460d8fbf2ca5c04b,final_evaluation
white,4507,95476a347b7470a1fb9407b447aae2356aa3c507f9b06dfaca55fde24f9e60de,training
white,4508,3838bdd5c33ee388025a15767334e21208b04bc628d6681407167410ae95b889,training
white,4509,33c36f75c2ca316a9a7c6e42380957c7ffb18b2a9767f1c83b4e155dac87f63d,training
white,4510,9e6d1270ef3ef8bfc8fc9b27a2bc2f712c23fdfa031c3ee58b45ab7edbf2bb86,training
white,4511,fcbf809025e5aa29ee328f5556406cc53889a36f3dc485915da9a71f63d86dda,training
white,4512,2de18d541394a2cfa3a23278f7ddfc550a5a043099911d4068e3fa3b26674cd0,final_evaluation
white,4513,2de18d541394a2cfa3a23278f7ddfc550a5a043099911d4068e3fa3b26674cd0,final_evaluation
white,4514,994f9701060c7dec93b4d4800e7113ab639ad0501d7e2a704130b97072ea3f47,validation
white,4515,93c0cfb038c22eda17a873c1356482973ee402e6d9ec622268dfa7aece7d565c,training
white,4516,3a57f2ac2fd043cde456c3e1b80cd7262f325aee945ee31cd2c5045a9552f725,training
white,4517,61949c37cba1e8d94151ea3a2929297a38a4f40b0999c99d72d1cf7af5b5fe4c,training
white,4518,c599d69fc3997deddfbe328d8ba37c256c4d71bc582f1f716c3a734cadc79aca,training
white,4519,f04db69e19cc32b350f1d0c8ed88a29f8011af37a54c264383fe9411c1f6daa7,training
white,4520,036af591e9e6427f831b85142a98f25776912b9686c49653b3179b053a5cd878,validation
white,4521,ff37145cacc1cd7475e7ac4a9cda1f5dee3150d5a5d1e550b1478e02156a973e,training
white,4522,1681d60bdd84c2ab32d2c4cea7a968c1e67810f547c8c06220e114673ee11108,training
white,4523,f04db69e19cc32b350f1d0c8ed88a29f8011af37a54c264383fe9411c1f6daa7,training
white,4524,fe06341783e024ceede41b78094550c58d3dc19923614f663aec40013b3be28c,training
white,4525,a764a8a0648417d911f8eb6db09782118c71d068bbe7a25e3bed0467689aa08f,training
white,4526,036af591e9e6427f831b85142a98f25776912b9686c49653b3179b053a5cd878,validation
white,4527,3a821d6806b8e7cc611433607bd5311e09a21fc56a720d14800cf4afee990c8d,training
white,4528,c599d69fc3997deddfbe328d8ba37c256c4d71bc582f1f716c3a734cadc79aca,training
white,4529,6c8f5cc6f01ba1e77d4b8ffe9703ec14970be3a198640c9a8b7e743d52445f16,final_evaluation
white,4530,f37213cf6ba40c0e42b3d0302301a4be0f61e18289b58b7340caa93b905496f7,final_evaluation
white,4531,c439de045522acc4b942d8485fb3281815f3cedcf63405407dc007d820c67482,validation
white,4532,c439de045522acc4b942d8485fb3281815f3cedcf63405407dc007d820c67482,validation
white,4533,616ab234dcc284899e8803a107db30eaa3e186a09eeb559603dce5288e24eace,training
white,4534,3a60ea27bc1c28520d0a7336e9996c757b7a3a9e84ab4c86070376a96883b1d7,validation
white,4535,cd22f17e87d88a3d4be2049161d9e5d10e5e825c9729108493c40bc0091db54d,training
white,4536,91709326988234b5f7e207adbb587b45766ed49234df5511facfd58d0341ed19,final_evaluation
white,4537,66f501969ad808f70ce3abf68289c5c18e4110ad106ee43cd9bbecabe6236960,final_evaluation
white,4538,c4b279a8d3879cb444e1bd024160f6a81d4cbf05efd98e9e7c0f4d3533cf11b9,training
white,4539,f490c83db5e84f472518ecbf9c4a534edbd0cd92551e223d3689293b9e3675a6,final_evaluation
white,4540,761d629e2736f9657d0c3a8d7e28ff9d353c73e8288f2d9c2ae41eed21464477,validation
white,4541,9405fce091774bb8e050fc7135b6c368b6c1c605cfe51a781d3c3d3e1577f22f,training
white,4542,ce6b55500a96d0ea4f0b0689a86776f2f65552affa47bb037a8e1bdf3a231b36,training
white,4543,3892e1160dac71071b4025f5b57a143133cb410c0d07145e8b7b85479d760399,final_evaluation
white,4544,3892e1160dac71071b4025f5b57a143133cb410c0d07145e8b7b85479d760399,final_evaluation
white,4545,9405fce091774bb8e050fc7135b6c368b6c1c605cfe51a781d3c3d3e1577f22f,training
white,4546,a2e340c75b4f6ef88135dc30d3189dbff625c8d953411935c4bb39a94517c3fb,training
white,4547,3e15af7bfa4806b941a1cbba3b51500e528ba83be234c7a6c46b87eff2a32a29,training
white,4548,36d69355ad36de4ce7b6036770529c1df7bcd298210767c8d82f55585a2aa843,validation
white,4549,1cc625919bdb78a17af629fb3caa4e475f7a93a815978efa5000ba29abffea07,training
white,4550,3892e1160dac71071b4025f5b57a143133cb410c0d07145e8b7b85479d760399,final_evaluation
white,4551,23efc96252b6a6959d72475a30a28de7d69188784e84669de5c5a6b200439a9a,training
white,4552,7c50f403a80e755640eeb6c7bd66d684cbc41f00294215493f057b9950a6bbda,training
white,4553,3a99aa5661a2fd649fbf4d04935e2611f30daa68ff62597dd9f79eb6f7da0fea,training
white,4554,990c9b5775f0af1991612b37d51b0a2907cae273102274b2cc642f2ff8b3d1c5,training
white,4555,ce6b55500a96d0ea4f0b0689a86776f2f65552affa47bb037a8e1bdf3a231b36,training
white,4556,1b955a51ab17f3536e4fbab73c98d45ecceee3d491adc00cae8aae9b2041e913,validation
white,4557,c24cb757d99131229c7ff2acbd5234cc7e1ed8098d49a03c37290f68762b176a,training
white,4558,212ab44783ccc67c5fdda3053622cee0500e5b82a1bbfb6054f90f15278812ee,training
white,4559,4c95dda9f2bf2cda4dbbace6dd8182fb0779f54f9d8120e2202ef386d1ad9651,final_evaluation
white,4560,70da2a0d9b787a195ed88ca612edec9c66c77d79138c9224d09dadb9a2c330ee,training
white,4561,951dd1930205a9256b5b64af212f496f43d9dc488934fd172139d1563ae847e2,training
white,4562,85c4181fe87e20d748f31c4c2f512df00760b37d215eb4fb853cdfd3b7fd1464,training
white,4563,a061a1e3e6688f07a5afce2f5ae4b8ed0b089505eea834bae317b6bff9054c88,training
white,4564,0df7a8cf73b2bfe313807ecd5d91971a6aaec9a3a27401d8829c6fe4089a6965,training
white,4565,b9574ba317368a8f09774a4337daf2926fc2059831c5646759a96ca4dd64fcd6,validation
white,4566,11902d5628e82c24b24e06c7575533797683bf22ccf4aae937350e77fb008c9a,final_evaluation
white,4567,f2bc2489214ac4aabcd9a8d82a5632e7bcc48ff0045366a7dee27983f035baa1,final_evaluation
white,4568,11902d5628e82c24b24e06c7575533797683bf22ccf4aae937350e77fb008c9a,final_evaluation
white,4569,47620c06dcb50764f574d773bf7f73adf07d6de864673f8910245a8e816feccf,training
white,4570,f46cfb4ad8bfbda3f1c2488d71e92cee3c6fcc580d52cb3a624de160f55cfc61,training
white,4571,60b6db24a10c8fa986c1f4c378a80dbca42483cc7622f576bb025bb9b25ace83,training
white,4572,f0e3ee18f3b9530b644d82cd8438dda7d685d74fc3861ac7382565fb0202410c,training
white,4573,94c05ba06bba1928896126d7b3464d4aafe1d54c28205bbbe09db0b04a0d9490,validation
white,4574,9c839d34b76a17567e2fa1d2cfc5fd169340b8f9205e94bf4b97a405a28a6bfe,training
white,4575,89a2944991d0e0bbd75beb23eed6e569e473ff6080fd0ac83789a68cd7569155,training
white,4576,0072ac8a4785ddf196cf11f207bb7541f6af5585098156fd1e16c0c923481813,validation
white,4577,715d968bbaeb42f7ac637737b4b6ecc32ec35455f9adb990d18391cdda6d1cc7,final_evaluation
white,4578,1fa897002c84cb0c39a3e32a9c7fd49347111af84809c64932b4b7eeb2ee58e4,training
white,4579,51554a09682fdaa54b2f2f2488eb58dd8439897c7cb037ea4a0bbbcebe99cf60,validation
white,4580,2c3143210ad17e5cd6783d9d62ca8ddd639d4425ab5b9a29462e1054573813f7,training
white,4581,2cf55f1412875805ab30396afe6df1697fd7ab912db7c22c259869a7cdbc2bed,final_evaluation
white,4582,2159905cf1df56519ce0d43ca4c98a8ebe2209de97a0e5b49189a89893de229e,training
white,4583,18b1c9028ce4a0b41767ccbf79eaeedec761b3969e5826d682d88454d19f4ffb,validation
white,4584,82b1e864796ef327091ddc2ee94f38adda2552423e6b45d694d60a5d44f55eb2,training
white,4585,2356f891ce8d1291fec4111891d2648ee322a203a0cb86062c017492dc9a14a4,validation
white,4586,23888506c2e4aeaac8d5c3be24e38f4e59bf2a961b9f31ac1f0b3893d5059920,final_evaluation
white,4587,1c76e7d9ad8be3cbcb45a0fc9d419fec165591e9910cddb35440e37e0da9d856,training
white,4588,aba0ad869c29ec6f744bf9a284631f2728f6bc5d8354058ab5029fb34b8274e7,validation
white,4589,16f3268cdef8de66b3cf67ba107f1e94d37ad67f5f03317a3fdd1285d47fec03,training
white,4590,1c76e7d9ad8be3cbcb45a0fc9d419fec165591e9910cddb35440e37e0da9d856,training
white,4591,cb898a4314c9890d6c5f0fbeaa468acc5074e61798462b739660bb727e5bc5a3,training
white,4592,1ffdaa883bd9c218f44e58c1d5c145e127ceaa1a8311dce1b3768df30010e21d,validation
white,4593,ef6af8943d4af3b40057d4f18f8749dc7643c50befa7d63b85a3bd430cf5bcf9,training
white,4594,b0daaad492f6f10ec3169715fe9cd9caf20faa9245e77215ad0e85ec56624805,training
white,4595,357a558613a8950e53e5431426027ab6efe9c81b03235eed9fda069b9444384e,training
white,4596,25790d69891bf3e782f807a73a8ae0f75466b5369a838f570f7530a33d93febc,validation
white,4597,741d46092e87849c9e6581c3ae373caff4567f72ad9aa225cbb8c7211d97033f,training
white,4598,9a8f047883f2e52e60baf1dde88bb7e56edf1fe7e5654fe776c88d92968ad149,validation
white,4599,b0daaad492f6f10ec3169715fe9cd9caf20faa9245e77215ad0e85ec56624805,training
white,4600,20272a489008166d9c7c73d86d48adfe9cdb4c0bae7ae44fd95dcc083537b9d0,training
white,4601,e1472db8f420e1373c6a43914b669065c554d4a8efa03fa7ca96476767764a30,training
white,4602,3dc57f75788e985ec781d3becd906835f660094ea222758212e93e5c2b961499,validation
white,4603,16cbc9b9a9499fe69b4df953c182ca21699ee5c10a7f7d04b5de481382992cc5,training
white,4604,fb84f28b8794b3f8afe04bfb14fd7428058ed0317a831166e005f4ab6edfd850,training
white,4605,6c0647848be55216769801d1434d8aaea4bd5264bed83eb8594c0fa9f1a25dac,training
white,4606,81eae36cf6f38c43c972c2d34104d062ada836475ba6839a5d57855af13a51d6,validation
white,4607,376ed88d41f8e17a8ca89f5f36e0e7ed598727c033570312538f9e43d792d441,training
white,4608,5683b2c5640065532f05495e0eb0924c3bbc6a63fe2a7edc3200d1bafb940b41,validation
white,4609,359f77f7ec00feab62740a358346d1cc6322f0893712d6112462219ef3d4ad2c,validation
white,4610,894a6dd45f59be9f5975834705a2c09cfbd18113b33f68917cf7aec10ef2d2e1,training
white,4611,dab6958fed0cbf538087ae40c7bcb82b2ff335cee8042e1e0d02ef9f535155e3,training
white,4612,e1b1f0873a9100a8a41a071e3ea03479c4e15df73f9a1313d648c8efd3fcf9fe,final_evaluation
white,4613,3fdb52d7dbaf558f4928c198375254d7ba8be5f934f11b6345c73f6ba5e9da1f,final_evaluation
white,4614,42bbc1b7241211ee0ad5dd239cfe44876c20d412dd7710d082772d5efcde1be6,training
white,4615,7060011c424d2c5c14251eb6db664e041b7029d42a9b775db3008aa475cb09f7,training
white,4616,c76c9527ba4525d1e5caf520a0f48671407904679b40e35cb42e83e7525283bd,training
white,4617,b4fdf550c987ae69a3435466ba32f26502505e4961f9fa6283f94dbb6ba858a7,training
white,4618,97de4785970651a8bd0ce21f0d22e5a1f1a4a72cdc1e8a26780f19d3a1d4cde4,training
white,4619,dc936cb0d3f48be12230276061871c4e2164310cd9a3bd88eedd342d55a45ef4,final_evaluation
white,4620,50de867559b4f9ec23b71a596053bac0042a23294df764c048ce6a82afd51e06,training
white,4621,eaae6cd69d42e7d37b30216ea6e466ea58e60535a809224182b0a06ec6743a68,final_evaluation
white,4622,4d0e2a1f64b04de7f6eb67c89f089971bc7e247f5dc875430996518e52c5c84e,training
white,4623,a6bd63652aa3e9e99fe6a117eaa7a9014a4283c6c33d7fe48cf842d7d50e451a,final_evaluation
white,4624,db17f9ca7322c10a727bf5f7d6e2ff156f4039887f9dec91cdb01661cd2e624a,final_evaluation
white,4625,ad8d3084d453b7ba1bcdde0e9518d98cab45835fba2455b13be9317ed0a3968c,training
white,4626,6e2481bd39844928464f45c3af9fe16d3f499c10feb79fb27dfcfd69728840e3,final_evaluation
white,4627,f865f2fa072ec22a9ce3eacf354d6f2c838f86e70f4cf22884fffabecd6e62b8,training
white,4628,5b46ac31ef939a4f1edfc85f79eddd35ada7f489c288215a1c96acc99d1f588e,training
white,4629,5b46ac31ef939a4f1edfc85f79eddd35ada7f489c288215a1c96acc99d1f588e,training
white,4630,0ce268c8f15dce4437335c1d92a9e94a7526850435a29a17ceb7df3d766684ae,final_evaluation
white,4631,85e9955d94efa75f2a2b9562d332b3e8c60b6b009548c4ef4b60579474548db3,validation
white,4632,8537456fc50dacbe6044bde97c4dd740e23535214abf1f4a54ff3cbbcbf7e0e9,training
white,4633,f865f2fa072ec22a9ce3eacf354d6f2c838f86e70f4cf22884fffabecd6e62b8,training
white,4634,cfd15e2c63cb9f63a6e36de6e660d9a34ca4d4373973d51f4d0eefc18511f139,training
white,4635,e9e0bbaa6f581630a961801a3b2a47dd8f45328fbeeb1911902f4ad498457fdd,training
white,4636,b67434f22703038303436196e00fe8b80dac01b87403f61e5e6c76ab3428aba2,training
white,4637,bc1b12871eeb40630dc6ebe1bd164eb35672c7f5b2bfcb634550b52589eac215,training
white,4638,d4607bdfabb051068db69bddb42a53f420d9e1a966b06312b84af3d0e46aa12f,final_evaluation
white,4639,4f4681df7e2fd5d4251384bf25f39c38942fa9b13173d5924792b7f2542dbf12,training
white,4640,83f6bd0d087dacfd50d22ae88d63e8a4668eb27464b09729e198162bbde37444,final_evaluation
white,4641,041f6ef453cb8741a2b23fa9df7f28bec11e4bc48b053619ee10eea294257edd,training
white,4642,befc36d40ac0c5644542e48a5204b24a6355f7f5996faf65172a6fbae5e3d63b,training
white,4643,536309dbc53d2ecd32eaf39823af7dc7bde501a3b783b5653b236ac5e5ee364d,training
white,4644,f084ff50ed3dda42bacd4f3820dcb97e3e1add69bcf3dafd52c73494a4869d85,validation
white,4645,00914ef7fd4dba503c3ee6642f1adf5fb78d09f86f5c8df5949c0cadaf6b9489,training
white,4646,f62cdff68179ad7b4fcb72743a20252f58a3a10806848c9f6d0a0dd54bec5a06,training
white,4647,2dda0025726d9c9634e39b3cd3a98911c90ee8a752b23c17ec3c0e5ae308e836,training
white,4648,a6ab67009afadfa53a9c0de46d7453fd56bf73ab2853cb839e9273fdfdd1837f,training
white,4649,dcce60af029ebe7bf12d05c83ed8ab898e530ed096997f95b4e05378368e9030,training
white,4650,74fe55a720373ba55c52afb65d505a9d2a18a61b7c4e8e039c388e49eb29ac2c,training
white,4651,0af8ca0980b55e257499662d160fcf255e4315077b1ba2f08ff656de55a4b49a,training
white,4652,04f7ddccf3723e96f676ed3bee79cd8ab345aadd122128f2e1aa18bd2bc90c2a,training
white,4653,4a40cf30da68b22cab94e2ed9f29a7ad219f74048d2e99ee7ac4a32be4cc0bbf,validation
white,4654,3ed6dd19aba338c45dbe55a8eec3a294cafe9fdc3c626a9c91cd459f30011d25,final_evaluation
white,4655,1dc7071fa1ac84b1c8c11eaee20fd7d8bd3c564de6f0fe145d16f9c703b9afa9,final_evaluation
white,4656,1dc7071fa1ac84b1c8c11eaee20fd7d8bd3c564de6f0fe145d16f9c703b9afa9,final_evaluation
white,4657,1dc7071fa1ac84b1c8c11eaee20fd7d8bd3c564de6f0fe145d16f9c703b9afa9,final_evaluation
white,4658,75b0772f6a83507e4b83c0db6820dc45ac4fb12cf71a9bd58a6051d794c19a47,training
white,4659,05b2afb1253a0cc1b4a807644f427112a37e5942d45b1f3189ce492fd7338e01,training
white,4660,bdf9e7807c3fd6b655a64e83d1f1d95972dae3e1c1b53cacb2083ed08390b3da,training
white,4661,c2347e977c8064512d53d1f3b256a2e4f9b68dcf1a60c46bb56f8e1d433db246,training
white,4662,640bfb3904398563f4ca00e281e68ea3823474a720079862dfef3b1ac70db99e,training
white,4663,3056cee05fa969a9bcf3f671cdbbda1b03238918aaed397034a0432f83c25b66,validation
white,4664,0daf74c34e42efd08e1d8d37b10ce1adab61a937b6a7c0beb52502c0a4c3085c,training
white,4665,aea10ce4c6c82a91733d3ab74de31b70424f79e645273199f7bface67974c2c2,final_evaluation
white,4666,3056cee05fa969a9bcf3f671cdbbda1b03238918aaed397034a0432f83c25b66,validation
white,4667,31edb6a7886954abfdb2fe10c275fdc58f69f3cc294e5b5da5c1e7864e7f7baf,validation
white,4668,9c816ddc1c8ccd9c45d5c169bd5d2703608e7620a870fcf6e0a2ee04652b65ea,final_evaluation
white,4669,054bfbe5957a69ad432ec909ab67875535c61dbceab993778971fbad3c01f8f5,validation
white,4670,6c11d60c1246cf753ae8fb4a2a2f32dfd3d8607f1db4158d15ec99e7a8c17bba,training
white,4671,2b7e785c6324addc59da8283481332cda4aa5809c503e33181a8b1ef5a5c211c,final_evaluation
white,4672,24a072ef9a2cbf99820f10469e30c1f41f2112cb7b7e7b8c68b10afafef5b45b,final_evaluation
white,4673,24a072ef9a2cbf99820f10469e30c1f41f2112cb7b7e7b8c68b10afafef5b45b,final_evaluation
white,4674,e2149ce7b4eda4c65382d3bd81a7679b5e17126db82c6bed26044228a6351e63,training
white,4675,488735ff9ef73a58799a9af182bf0684decb91fe7392cba31b8f7bf9fa950bea,training
white,4676,49e461d41e7cb2d0a6f238bde8fa7842fbc5c998fc7dae555930553b822cbb0e,final_evaluation
white,4677,26ecfd4754fc3f85d63bcc3dc2d9be8849f7afbc08e21c59fb61a7127737e7d5,training
white,4678,e2149ce7b4eda4c65382d3bd81a7679b5e17126db82c6bed26044228a6351e63,training
white,4679,2b7e785c6324addc59da8283481332cda4aa5809c503e33181a8b1ef5a5c211c,final_evaluation
white,4680,541fe31df14dadfd4bb8db9569d1726526e3adc53feecf980b30568f43c3caf5,training
white,4681,17ed11706f32cdb9addef7f50ac23217266791e9fbc3162180f9d8f24358351d,training
white,4682,c6cbe62e0f1aacf3d43558c409d6cb7344511652a9239d9bfe1edbc4e8ee93f7,training
white,4683,e70d44e1fa5a6feddb4495a32215dd62a06380daf528b8a0e85b3648bbc5c4dc,training
white,4684,8d919981e6d741de71c3cd3036a9d667a196b90b4b47df2c32c27fb4055936e7,training
white,4685,8ed7e17f4e656da1d7dcdb13299637ebf8cde1d46de2486993243ba859f89574,training
white,4686,efbbeef5868236917123590d6c674abc76d58080e17e0ac734b5e7420fd2f442,final_evaluation
white,4687,17ed11706f32cdb9addef7f50ac23217266791e9fbc3162180f9d8f24358351d,training
white,4688,b9ec0eb85c8f0999a037006350a9ab22c6e281407e911159abc4b273c0270382,training
white,4689,b9ec0eb85c8f0999a037006350a9ab22c6e281407e911159abc4b273c0270382,training
white,4690,b9ec0eb85c8f0999a037006350a9ab22c6e281407e911159abc4b273c0270382,training
white,4691,b9ec0eb85c8f0999a037006350a9ab22c6e281407e911159abc4b273c0270382,training
white,4692,f00ca668c1f20a08750fcb9bc4eca6fc742c71742c71047b073683168d743261,training
white,4693,7dab3620780491a19af34cdf68a279e8ba3ca8a243a7d447e1d9e615b208d2d7,final_evaluation
white,4694,b9ec0eb85c8f0999a037006350a9ab22c6e281407e911159abc4b273c0270382,training
white,4695,f00ca668c1f20a08750fcb9bc4eca6fc742c71742c71047b073683168d743261,training
white,4696,54e9dc20aeb882292c2dc3419f11b6beecc5ef6ed901f75275ffa9192220488d,training
white,4697,2b80564cd4a703419badae7f5e71e2c6d0b54ca5ed4ab713ebbe57e77d441f92,final_evaluation
white,4698,54e9dc20aeb882292c2dc3419f11b6beecc5ef6ed901f75275ffa9192220488d,training
white,4699,e89554e41271405351700859c8bcee531b5ae49267a8844bf815010f9b54536f,training
white,4700,b8dc45c1a7c8e4e6db57e8f2aa09790f036d46adae31fc6d5e0d9d4cf87f70c5,training
white,4701,b8dc45c1a7c8e4e6db57e8f2aa09790f036d46adae31fc6d5e0d9d4cf87f70c5,training
white,4702,687cb4d9a5b4baecfbe13705b635c5c827f9ab72e5ef745434c428aba4af1b34,validation
white,4703,687cb4d9a5b4baecfbe13705b635c5c827f9ab72e5ef745434c428aba4af1b34,validation
white,4704,da8632c8c9d4a61540225f9a2422c1f0c336ba5f6472624937d1b48f7aceb017,training
white,4705,925cfe4caa3bb8b29bd0eed2e9e118dcc372e949d243639d3e7807e0401114ef,final_evaluation
white,4706,37775495fb923d9f78579d8b800d230f3b0aa39af0d1df2e8f58dc47ad79138b,training
white,4707,ff9a290f4286746f5129e850c946310ae3ae9a19e7908e7c1d6e5116654f009b,training
white,4708,2005d838cf77816b90b9511c3ab03a33edef8c4fc6a7ca6a2d127aa68d091387,training
white,4709,9a64ad93673a5f3749cd07dee77794722e1d56cc5798ca63bda7c517e849d51b,training
white,4710,9f49b525cf507e2def00bd3ce40a265687a8daf6afafc74e37928457334aa627,final_evaluation
white,4711,46237daebd10fa7871f7260cfb608fe33575818ae20fcf05a31c95084fd9df3f,training
white,4712,4686b120e4065de0559187fc013364113d867ce934363ecc8313c486e584ae0c,training
white,4713,37775495fb923d9f78579d8b800d230f3b0aa39af0d1df2e8f58dc47ad79138b,training
white,4714,f4e6676adf56d220b8223eaa09079ba7c5b1e1e42b6ce1b13b8734261ee8f9da,training
white,4715,ff9a290f4286746f5129e850c946310ae3ae9a19e7908e7c1d6e5116654f009b,training
white,4716,2d30169bb74547b46751b9bde65865e44e6ef13a5777324cc75587f82948d3db,validation
white,4717,c8aceb0d71b0c710f2444114b58a3e9df31aac80270fcfa91de4645c2b419b57,training
white,4718,c9937f0bae1fcf991eb98da61023eadcc494b131ad533afa63294e01ce59b074,training
white,4719,69193ae42706a28faac8bbba15b668a6c6f47c6d31fa46d8b27b34278901a7c6,training
white,4720,2d30169bb74547b46751b9bde65865e44e6ef13a5777324cc75587f82948d3db,validation
white,4721,6d65bbeedefcc97103100c1e812505d0508f6c513a27bee9cc31903a5fbdcbf8,validation
white,4722,aed9f282c8235c15d5f51835ffc8c1bed192309f967d50d85e56f751db84d1f1,training
white,4723,122dcabd28d6e94169e9b098547a6958d9346b9671cba6985361dc7fca02e980,training
white,4724,f6214ce1d739db9b89e66efabefd4c850c4a691f8c291e8a6bc924e65a28f54b,final_evaluation
white,4725,aed9f282c8235c15d5f51835ffc8c1bed192309f967d50d85e56f751db84d1f1,training
white,4726,340bfc43b0a04d01fa990e28b89bf7db99a467a7fe42159e77a6f4a6a74adca9,training
white,4727,86f52329e08a3829b4e1e96ff650fd2c29ee933879698399a9d8bf73ed964627,final_evaluation
white,4728,122dcabd28d6e94169e9b098547a6958d9346b9671cba6985361dc7fca02e980,training
white,4729,25aced798cc54a79e2bb14651d845b429da149f52feffaf52e209eff0574898e,training
white,4730,c69bfa8015092f6395f83ce9e7070d23acb76ef53e7341748fdea29a37413854,validation
white,4731,accb64e583f99619c3d28f9cfd19d0dad9262d9e9478fc95d9d0c7f98c06875c,validation
white,4732,1fcbea189a35aae43ba6ce3abe52438259bc49174b748af24e3871570aeff5ba,training
white,4733,1fcbea189a35aae43ba6ce3abe52438259bc49174b748af24e3871570aeff5ba,training
white,4734,592456a8ce3dc5e7163a1306171c6dacf7530f017b0e5d157d5bb14c3b6ffffb,training
white,4735,c7deffb19b3f854dce9439a1a60fc4e0d918ffe3366a17b5aea0921929c3b48a,training
white,4736,fd133941cd27402bbec58973f4cb750d585803c7882f697859d5077fc26f6f6d,training
white,4737,2d2b96bde951f6b480cd0f5ad3bb5e0ae9889e38dbb90e74f78d35723fad78e3,validation
white,4738,c7dda0c4a71de8a0ca6d2a16253377dc1e00acf9efba7bf2e9f891c211b6cdda,final_evaluation
white,4739,11c220528075da4835eaa447fefbf2171dadf9ff8732e1206fda892dd96e6343,training
white,4740,35a8c240bdf2f887964a34c05cd18052ad18da689b648bb5ccb328358b1738f9,final_evaluation
white,4741,84d19e5ab46672929f9e269da169b1ab7ce7ec9233880b436d26cd24555c57b5,training
white,4742,9d359075e56b1ec5a777cdcac4249f59225517fff6852d906c5ef0605dadebc9,final_evaluation
white,4743,6f927aced6a25aa6f32f0e92fd9f6f3085f1c85e5666a136caa5ccfb58a4cb95,validation
white,4744,df2a4e4437004396db804123145b4bdd99f330ed3ecb77e2f3ab0f3cfc6bef91,validation
white,4745,658d6c7b4f8a469f4123df13b277dbe63b86e6acea262e045f118b06094e79fb,validation
white,4746,35303e061fda81f85b19062549f3d0c1f8cf9265fb6a6d3404e4c5449d63fece,training
white,4747,3ccc0cf39c89025fa61cc3100df7dc8f4d584fb154bba58c10bc96d50d1fcbce,training
white,4748,a4e8a8dca40a71c356a456cef3c1ef7f315b4642475f9405fa6a6f63d6e46747,training
white,4749,e660b6dfebd8660bf1952eed37f452f1c4cd81e45fe09f0151efccc3d93a4d70,final_evaluation
white,4750,02d790740b10f67ddda31d968d46c79ed48f614d2aca69bcd8e453ada46e9669,validation
white,4751,df2a4e4437004396db804123145b4bdd99f330ed3ecb77e2f3ab0f3cfc6bef91,validation
white,4752,68e3637e189ff16f7cb1433b9b1a542b9fe376d74673717a45a6a464bc4944a0,training
white,4753,7122bb2dca1829bd6006f84ebc643f9f43dcfe82a97553baf16c1bc22801ce4a,training
white,4754,3ae908af8c3694217fc4212a491844321ed4a8dda5d972a7463d38145539e437,final_evaluation
white,4755,4f344fd291fe59714fb76bbe11ebc73f6f9bf90318670c1000614ec12fa671f3,final_evaluation
white,4756,c083d5848be5494905fb7ba37d55d591b8bcf915d73bddca54f367886d16463f,final_evaluation
white,4757,d47450cfdd5597f7a37859c47bfff0e490ae2f9ffde72b223a01a92ec28c28c9,validation
white,4758,d47450cfdd5597f7a37859c47bfff0e490ae2f9ffde72b223a01a92ec28c28c9,validation
white,4759,11a1d059c9ec175c2ac7e385dc4a4b61c4b3d96b2abc2d5dfedde1d657d390f4,validation
white,4760,bf55b71bf6f3e136963ee9ddf9c3f7933798d2c4f5a766f42737ab80b3a03888,training
white,4761,bf55b71bf6f3e136963ee9ddf9c3f7933798d2c4f5a766f42737ab80b3a03888,training
white,4762,15d1aedfd36fb0fab1ce1614b5650634aee6a3b8ee7d73bb8cf57bcdf7db30ad,training
white,4763,c2f861767c7edfd4716ebea30d556ad6e3cd8bddb396d448665546a86c350caf,training
white,4764,0052f24a710f27be427d91c038fa60d4bdecf208e0a2fe741872186c9aedadb8,training
white,4765,df40c71c3143e07e8c672d7309611992743ec6315c5c927e581e34b55bdc5034,training
white,4766,48f7dd5676db39f802faf9db86218b03b32d71ce8c2852fccc9ebe4d4cc3ad37,training
white,4767,f4409471d0e08a8ffd90c2de9325f57079c9dac4b5491e264c5ce93a43f12e27,training
white,4768,13f558318f257243e4a10b06a4725a19791ea3a1e61cdd23407f8739a430263b,validation
white,4769,890107bad0e34930a3768f1914065a97f7cb3b1f71989d21f0a7f34e267b0862,validation
white,4770,890107bad0e34930a3768f1914065a97f7cb3b1f71989d21f0a7f34e267b0862,validation
white,4771,890107bad0e34930a3768f1914065a97f7cb3b1f71989d21f0a7f34e267b0862,validation
white,4772,890107bad0e34930a3768f1914065a97f7cb3b1f71989d21f0a7f34e267b0862,validation
white,4773,a4f5e31c8088caad81991f2a1f73837de78d41798054065f3109230e5e2ad2e0,training
white,4774,d51fda5a84c50175639e0bef147c556d81cddc0236c5ded55af95cd40659a9cb,validation
white,4775,127c2397a24fcbbeb7c597960f1c9afa9dea00a062a799d3b7cc2f423855ab66,training
white,4776,a346b4aa15dd92f3fa1cfeed21f75df69aa8b6ec9bbb19f59d631e3b8cd452dd,validation
white,4777,fd2a137c1a46a2e15c5c097a0af9401a68285fd15094e11c885808199bb7ed97,training
white,4778,71ea5572fc4a28851bf80b248974cca5cc153952dc3698d8ea6ea2b0befc03c4,training
white,4779,641ce645582f69814783408f05785e1735d8d2c62cc1381c5f668de8485956aa,training
white,4780,47c6b25c068790e0375e0b77f738fa7f4fe13e35c62396bc135f8ed688a1010a,final_evaluation
white,4781,d435a8c1beacba33dbcdb1fe0c7e1391814201fb75c634f52486b46adeabb6d2,training
white,4782,3ef779e93efff4cfe9858bd19926360c8429bb5c9893f093d6a42c27b5537d54,validation
white,4783,b9ee5e8e0cb5c54383e94ead0ea4db6c09bdd0ed26b205cb2847f634d71323a6,final_evaluation
white,4784,b9ee5e8e0cb5c54383e94ead0ea4db6c09bdd0ed26b205cb2847f634d71323a6,final_evaluation
white,4785,dbbb6513a6a351d4a3caf2a25ef13c764446760cb216c941e9dd29cb3a475c24,training
white,4786,b49cbeb33f0a23b7d2ce71bd1e7c2ca98a6fd34b1d69366b480a40eab78eae8a,training
white,4787,029b7b27838671d1b4e13b4e8febdd0d5d893301ad538351fbdf191ad842d850,final_evaluation
white,4788,6f70c171987bed6f39425011226e4c2dee65d3a2bdbcc2b4a83331f70a13174b,training
white,4789,dbbb6513a6a351d4a3caf2a25ef13c764446760cb216c941e9dd29cb3a475c24,training
white,4790,564ebba23602c897ca7c46f7e272016f2860f663ca2201a800751cecf527e524,training
white,4791,b2e9463156ef104a56b53ea54a1c17ddb08f711641f60924965c372affc790ea,final_evaluation
white,4792,b9ee5e8e0cb5c54383e94ead0ea4db6c09bdd0ed26b205cb2847f634d71323a6,final_evaluation
white,4793,86ade8c788db2f44fa0d53c18299433c60ce8b27122a1e6513fa09f73bf3fbbc,training
white,4794,81f403080c2be0a617b2c2713b649d6c6f69f4204a54ecd092e2bd01846a4a77,final_evaluation
white,4795,0f7adbe3e77b552c6a7afbb6175ec8253f1d048321c2f464c921205e059f63c2,training
white,4796,818afb2f83fe8f753f51fc3ab0b8ba73092336e6dadc975d8a8405140e0c8701,training
white,4797,818afb2f83fe8f753f51fc3ab0b8ba73092336e6dadc975d8a8405140e0c8701,training
white,4798,f24c588275edc21e6aa8468883325c830358f35479276658763f8ac094c31dd6,training
white,4799,3908a0f6ae1d2e214cdae6714ff03f68ba1bf29c959a0464d3b2cc52a8a2de79,training
white,4800,a6cceed7da2d90ddd9da1206c66e29d68610057b00d9ea2e32cd993bc5638069,validation
white,4801,83f6d53c22761f485db1959ec1cb6044e0579709871325f0822de833cd54111f,final_evaluation
white,4802,818afb2f83fe8f753f51fc3ab0b8ba73092336e6dadc975d8a8405140e0c8701,training
white,4803,9c3e695394ac9f1d131a4608a88e7e3f3c4f06c34a61e9a545e64eb5e9459c0a,validation
white,4804,db036b1aec5d0df7cda56f00a7f30b070c56a152c535197774b333f01534323e,training
white,4805,d743404907b8e8ff52f181cba596d1e2a4c923d4e8b201e2dd3614c880922b70,validation
white,4806,94213a301999d05c701035c3d28698729d863e9a2c6c31520449598c7e350602,validation
white,4807,21084784a81db9483fd8cc089ab57ac4b1123833be1c2103c9a20213d519a406,validation
white,4808,a99eaee044e838093428ab3ec14cfb29746015751afa041c964ef0752fa7da1d,validation
white,4809,832cd0c738726452bedf3060b9a2c163c58f6b4d9282f3890b29ee29b14d3c6d,final_evaluation
white,4810,f18d4dcdb1a9ac911fce38786cd42ac2381c228d372099690eb7fb21fd938b62,validation
white,4811,8d3c0a019e12599d954d8980302dad9634a956ba7a4f676da172abe9886a8baf,training
white,4812,b0557ad7e779a6111385292892c0395dec481e44d13b9a41335f7b2cc5ab73c3,training
white,4813,ca8f1a22f8ae44833f0555e23780a7120dea613dba3f9455e1c40560beb4d4fc,training
white,4814,0264934c2dedfdc3526ec0395871075fc88a7544fae1697cc635c1f2a150a652,training
white,4815,3feda017cf3aa72f60f975839f1ea275a07b8fbcf6139324f77edbd49dddd280,training
white,4816,5e109928bf718bd4b734265af4560075a682e1712d3868bffc9af294340f6f1e,training
white,4817,974d4fc6f10ec856291e8e1cc796b39f3fef1faa30f6ffbece11cb0597921ed7,final_evaluation
white,4818,69d25a6b10a4d7a1c851ff1f1038faba4a76974a653949ad4a2c0383e3dcc9d1,training
white,4819,749f7c238885597dac27aa0eff24752b6a6833cea6107e9d41baa457ada99b06,training
white,4820,3feda017cf3aa72f60f975839f1ea275a07b8fbcf6139324f77edbd49dddd280,training
white,4821,0264934c2dedfdc3526ec0395871075fc88a7544fae1697cc635c1f2a150a652,training
white,4822,1368b491e9f58d4f763b0ebf4d661ad53164df0acc46b76c38a9d429261c9c5c,training
white,4823,3644510c67c6022b12d7d0c012c33d9073f02de51d13fb48d3edf65243ca11df,training
white,4824,975c4ed57ade5042c418c5e21de207fc9d58b7173b6e8c461280223862e77c53,training
white,4825,cc05c41f9c27415fd293dfdf776b05e333536b1a9442e47032a52535624cf371,training
white,4826,527ffd0bdd5f17ea3faaeada7ca094577cd01d1e0404e07b69bac83e9ab3a945,training
white,4827,527ffd0bdd5f17ea3faaeada7ca094577cd01d1e0404e07b69bac83e9ab3a945,training
white,4828,94b67d3a9865c16ee5b04ac8067d87cd6baaed420f5dd8e4b2030c8bdbaf7078,final_evaluation
white,4829,cc05c41f9c27415fd293dfdf776b05e333536b1a9442e47032a52535624cf371,training
white,4830,81e83487b5d217e51fce7380811191380cc2e0e15050ad8985c779c5fc2eb05e,final_evaluation
white,4831,940f731dcbb0dd70fcc6241dc05a338f9badfc7925a51ac61ef2a36c7bf69da2,final_evaluation
white,4832,633c66100088d97affb360065a4f516bb279f80ac92e78007542d053a3ba9689,training
white,4833,1dadbd50dcb157db51f5f6c8f69f4f07ee5a27cae3f95e78850876544e2e31f0,validation
white,4834,74477fbac1fe4624a8174168b6ba6ab5ae26f223e59d642a20633911ac7ac8e9,validation
white,4835,aff8c1a02b12cc7658b33767466e639420fa522b1ac034abe38c6c934c9c3637,training
white,4836,081b4c6cfdcf058ce80ce869c23c5abcce07e799306e6b6517de43963addd444,training
white,4837,63ea17e985edebc093356cea1cb07af2d79e398ec7bf2bbcfe917bef9d0b7bb9,training
white,4838,41c076b8901ace88e78f83a673ad4aad9e9b5985571b211a022271a3d575c729,training
white,4839,4d80e5553eada9544a7f73feb9b3b6c1694177a967a55390cb7d8bd08c40b00f,training
white,4840,3b5ff7853988f9897b004aca786b742f06aa2607cd9fd20c27ad638d4e160796,training
white,4841,a5e08ebbc9ad0fe665b057801e15f996ccad00ad7c59851697af949f47e02268,validation
white,4842,d40e4ec11f8bfc9684a1d841b255f7306586daebc1b8980a1e9331388a628213,validation
white,4843,e616a38fd025417faed15f6d5c34fc31f25ab3121a8c182b6e0c24a7b33576e4,training
white,4844,35d0eaad14ef61fe51a04fd330637e0ee8c298521bc062ed01da167f875eaf62,training
white,4845,f1fd23fe964309f6dc7e2f03c5ab79a1b50ad6806ed23dde8ed092f6b9875798,final_evaluation
white,4846,66604b0014017aa051b020a90038028897128d6d98a87676fa1641e8825d5699,training
white,4847,1eaae2b02cd5c5bc2a50a4f6459938bf7ae9a899dc53cb16b741efdd2a004c02,final_evaluation
white,4848,61637f97ef754efd863f1dd13d042817ce21891f5f7c383d6f478dc4302a1bcf,validation
white,4849,2587e66fc155be5ad68bfd6997b87f7529de80863d59ecf94f897df9a06fa18a,validation
white,4850,14e059294b95c0d4b03d236c20786b3c3a559a4e10054cea4ce08d449e2734ca,training
white,4851,2587e66fc155be5ad68bfd6997b87f7529de80863d59ecf94f897df9a06fa18a,validation
white,4852,14e059294b95c0d4b03d236c20786b3c3a559a4e10054cea4ce08d449e2734ca,training
white,4853,893b4b6348162643147b8ac52441f3fb95f8a10799ebd73930e4ef099e3c9d16,training
white,4854,5c8499172aeec1b75bab4245fcbcafcbd887a1f82f74d18fdc772c931f1334cc,training
white,4855,8dcfbeded365560077b7491dba34c2b39170bc70819804a130b82d99ec2822c1,training
white,4856,b2b23e9c64ba55a4381cc33a1ca68a556d28ee4776371c6329b748b15d9ccc9e,final_evaluation
white,4857,b2b23e9c64ba55a4381cc33a1ca68a556d28ee4776371c6329b748b15d9ccc9e,final_evaluation
white,4858,546543dc6332f738bcb638018c367fc999db1bbeeff92bd030c147bc215cc760,validation
white,4859,4a082177092eb843ceab2333913fd4fff1a5b3856b3b4a8a260825ca04bb463c,final_evaluation
white,4860,f1b0c359d170414b82d04e42d9ce8f1e815c6d293bc31e9f20ec1058537ecd8e,validation
white,4861,307d7b376e4a0e68cd481a9b26555f006a18c43bfb2756221293d917269e186d,training
white,4862,c18e911f1dd1b7c40e91aa4b2e45b2155921e98e42214d4ef9ec77eb2b92284a,training
white,4863,4a1b9199274916f7a3731e6c262bae3d72a662ead30c89ac6e4739e35caabc4a,final_evaluation
white,4864,2974fefb9f38eab9e40f2c8799d0d8f4a167c02b4ffaf88f5e89e19bb8e38c86,training
white,4865,dc22d5cbf6edc9ff0fbddf91371ce26cd176a7b138912e00eb5e53f218492343,validation
white,4866,1e8459bb57bf8b06046e0d343740596ed241640c75a629802216c8a2ccbdca2a,validation
white,4867,71816324f9389d129c82eabdbae0cccb7742e1108254678e6bad97ba0579d184,training
white,4868,44e1c2085756ce36852c29b1ca27eacdccc8d8e445ae053c5de7979fb8ba21ed,training
white,4869,dcfd554a7ce160696ff521771c5421b93c2a243e791568bb19624e9b4abb36da,final_evaluation
white,4870,4d3d80ba0a8ac6450a624baa5a1c45db1395f63ef4e6b602ded1e89d39dab178,training
white,4871,81fb62bfdba2829d6378599e204a90ff7781a8bb72ce053cb629a83efb368914,training
white,4872,e5283bb13f92d027d91f0456cd029a64a54a1852fcbe4e8554a1c75148cf8447,training
white,4873,c0acdc9de3e934383701d4a9114448ffb89dad6d6553c66931a02a976feb668d,training
white,4874,36efb00e262182bd3670f8f045b47f7dff314ba93f1b196160899ca51f6fba91,training
white,4875,0e2d0772e0f368d31867465a8cd4f32022ece96660e5cb0ab4b3eaa0eff534e3,training
white,4876,6788bb344a0554e98648ec2690413bfcf627ff30f52637a4e3a1769daae0ee34,training
white,4877,e6fb7436557a2bd0bf5b1d52fe682a9f041b750779c78602123cbdb320ff418a,training
white,4878,1eaee12715c2362750e4f54c98dd5bc3adb6eabd13795f79395f30e8a9d6c60f,validation
white,4879,4900ab0b1fdeeaa49f56f08c27453e4d4330475fc02bec1c3b0cc0fed79c90ab,training
white,4880,6d551bca15447f6d47ce467631b33ba35da8e35a8c243f2145d88269f448f85b,training
white,4881,6d551bca15447f6d47ce467631b33ba35da8e35a8c243f2145d88269f448f85b,training
white,4882,eb0ed26bf5b0075135cee6c7b69963a32759552ea9b4cd660579ef493f720481,validation
white,4883,86b2bf6cf3cc778186d941d0fccddeb1b0b409b13014fbc8878d2bbeec44de03,validation
white,4884,2e6ef11e944ec336d8b66fd10d0bf70d50f94a0625bab56b1262d3e61541a824,final_evaluation
white,4885,00685b4ca6b080c0c3aaea1f466972f3641a974fc61ae5a8f5a7feaa6f1d855d,training
white,4886,332723423e2ecc02dd68530417f21d4b5824003e0623e272e491f9e46ababe84,final_evaluation
white,4887,037a217f9a66f9cdffb45fecf69e71fea5f6599a6d968055ca594b15ed25d714,training
white,4888,8bf85475f97f56446aaf56d681b28343d9e5dcafb393685398acf1a39fe96de1,training
white,4889,4b52fdf59d932c824e803b87d13383bed37456f9a1c500c6bcdd8d21a9d0c048,training
white,4890,ab5b603c09f6a7a569841a6c858d5383eec268094b600dc8ccb61f9a31c1c6bf,training
white,4891,3c32b67a32152a7dbd9c3f67d5a726218575b7a75f16202dda8a59fab1035299,validation
white,4892,2689342fc4136a659798210a0c8cb74b036805d403fc0276bdee73da068526d4,final_evaluation
white,4893,17870b622185981186d43c813d183b2015cc88c903651d4fb55d4532cec9345c,training
white,4894,abf7b320900b5d44f767ad15153ed0a2552307eadf6e0f40bbbfd4d6b4006161,final_evaluation
white,4895,10feb800d0bce5d3d1794c25f649acbda960f519b54bf20ae5a4035fa23ede73,validation
white,4896,d1788cf00cd09dc620c2e04d9a828a10031dd3cd99d4e2a285fd6ae9b8b60054,training
white,4897,73bbd0cfd1d18556217e38222d8e464aeba0c4a44a4a89a4a6602d0c1670ebf6,training
white,4898,933dbb1e18a5a6ea44c409fba1398a249e31e189246d3a4e616cc1e587807334,validation
